
 /----------------------------------------------------------------------------\
 |  yosys -- Yosys Open SYnthesis Suite                                       |
 |  Copyright (C) 2012 - 2026  Claire Xenia Wolf <claire@yosyshq.com>         |
 |  Distributed under an ISC-like license, type "license" to see terms        |
 \----------------------------------------------------------------------------/
 Yosys 0.64+215 (git sha1 54866d154, clang++ 18.1.8 -fPIC -O3)

-- Executing script file `/mnt/storage/test/zkf-vs-flopoco/artifacts/targets/ecp5-yosys/rows/flopoco_div_we8_wf17_zynq7000_native_srt_43_f300/yosys.ys' --

1. Executing GHDL.
Importing module top_flopoco_div_we8_wf17_zynq7000_native_srt_43_f300.
Importing module flopoco_div_we8_wf17_zynq7000_native_srt_43_f300_Barch.
Importing module selfunction_freq300_uid4_Barch.

2. Executing SYNTH_LATTICE pass.

2.1. Executing Verilog-2005 frontend: /mnt/storage/synth_eval/oss-cad-suite/lib/../share/yosys/lattice/cells_sim_ecp5.v
Parsing Verilog input from `/mnt/storage/synth_eval/oss-cad-suite/lib/../share/yosys/lattice/cells_sim_ecp5.v' to AST representation.
Generating RTLIL representation for module `\LUT4'.
Generating RTLIL representation for module `\$__ABC9_LUT5'.
Generating RTLIL representation for module `\$__ABC9_LUT6'.
Generating RTLIL representation for module `\$__ABC9_LUT7'.
Generating RTLIL representation for module `\L6MUX21'.
Generating RTLIL representation for module `\TRELLIS_RAM16X2'.
Generating RTLIL representation for module `\PFUMX'.
Generating RTLIL representation for module `\TRELLIS_DPR16X4'.
Generating RTLIL representation for module `\DPR16X4C'.
Generating RTLIL representation for module `\LUT2'.
Generating RTLIL representation for module `\TRELLIS_FF'.
Generating RTLIL representation for module `\TRELLIS_IO'.
Generating RTLIL representation for module `\INV'.
Generating RTLIL representation for module `\TRELLIS_COMB'.
Generating RTLIL representation for module `\VLO'.
Generating RTLIL representation for module `\VHI'.
Generating RTLIL representation for module `\FD1P3AX'.
Generating RTLIL representation for module `\FD1P3AY'.
Generating RTLIL representation for module `\FD1P3BX'.
Generating RTLIL representation for module `\FD1P3DX'.
Generating RTLIL representation for module `\FD1P3IX'.
Generating RTLIL representation for module `\FD1P3JX'.
Generating RTLIL representation for module `\FD1S3AX'.
Generating RTLIL representation for module `\FD1S3AY'.
Generating RTLIL representation for module `\FD1S3BX'.
Generating RTLIL representation for module `\FD1S3DX'.
Generating RTLIL representation for module `\FD1S3IX'.
Generating RTLIL representation for module `\FD1S3JX'.
Generating RTLIL representation for module `\IFS1P3BX'.
Generating RTLIL representation for module `\IFS1P3DX'.
Generating RTLIL representation for module `\IFS1P3IX'.
Generating RTLIL representation for module `\IFS1P3JX'.
Generating RTLIL representation for module `\OFS1P3BX'.
Generating RTLIL representation for module `\OFS1P3DX'.
Generating RTLIL representation for module `\OFS1P3IX'.
Generating RTLIL representation for module `\OFS1P3JX'.
Generating RTLIL representation for module `\IB'.
Generating RTLIL representation for module `\IBPU'.
Generating RTLIL representation for module `\IBPD'.
Generating RTLIL representation for module `\OB'.
Generating RTLIL representation for module `\OBZ'.
Generating RTLIL representation for module `\OBZPU'.
Generating RTLIL representation for module `\OBZPD'.
Generating RTLIL representation for module `\OBCO'.
Generating RTLIL representation for module `\BB'.
Generating RTLIL representation for module `\BBPU'.
Generating RTLIL representation for module `\BBPD'.
Generating RTLIL representation for module `\ILVDS'.
Generating RTLIL representation for module `\OLVDS'.
Generating RTLIL representation for module `\CCU2C'.
Generating RTLIL representation for module `\DP16KD'.
Replacing existing blackbox module `\FD1P3AX' at /mnt/storage/synth_eval/oss-cad-suite/lib/../share/yosys/lattice/cells_ff.vh:2.1-2.261.
Generating RTLIL representation for module `\FD1P3AX'.
Replacing existing blackbox module `\FD1P3AY' at /mnt/storage/synth_eval/oss-cad-suite/lib/../share/yosys/lattice/cells_ff.vh:3.1-3.261.
Generating RTLIL representation for module `\FD1P3AY'.
Replacing existing blackbox module `\FD1P3BX' at /mnt/storage/synth_eval/oss-cad-suite/lib/../share/yosys/lattice/cells_ff.vh:4.1-4.261.
Generating RTLIL representation for module `\FD1P3BX'.
Replacing existing blackbox module `\FD1P3DX' at /mnt/storage/synth_eval/oss-cad-suite/lib/../share/yosys/lattice/cells_ff.vh:5.1-5.261.
Generating RTLIL representation for module `\FD1P3DX'.
Replacing existing blackbox module `\FD1P3IX' at /mnt/storage/synth_eval/oss-cad-suite/lib/../share/yosys/lattice/cells_ff.vh:6.1-6.261.
Generating RTLIL representation for module `\FD1P3IX'.
Replacing existing blackbox module `\FD1P3JX' at /mnt/storage/synth_eval/oss-cad-suite/lib/../share/yosys/lattice/cells_ff.vh:7.1-7.261.
Generating RTLIL representation for module `\FD1P3JX'.
Replacing existing blackbox module `\FD1S3AX' at /mnt/storage/synth_eval/oss-cad-suite/lib/../share/yosys/lattice/cells_ff.vh:8.1-8.261.
Generating RTLIL representation for module `\FD1S3AX'.
Replacing existing blackbox module `\FD1S3AY' at /mnt/storage/synth_eval/oss-cad-suite/lib/../share/yosys/lattice/cells_ff.vh:9.1-9.261.
Generating RTLIL representation for module `\FD1S3AY'.
Replacing existing blackbox module `\FD1S3BX' at /mnt/storage/synth_eval/oss-cad-suite/lib/../share/yosys/lattice/cells_ff.vh:10.1-10.261.
Generating RTLIL representation for module `\FD1S3BX'.
Replacing existing blackbox module `\FD1S3DX' at /mnt/storage/synth_eval/oss-cad-suite/lib/../share/yosys/lattice/cells_ff.vh:11.1-11.261.
Generating RTLIL representation for module `\FD1S3DX'.
Replacing existing blackbox module `\FD1S3IX' at /mnt/storage/synth_eval/oss-cad-suite/lib/../share/yosys/lattice/cells_ff.vh:12.1-12.261.
Generating RTLIL representation for module `\FD1S3IX'.
Replacing existing blackbox module `\FD1S3JX' at /mnt/storage/synth_eval/oss-cad-suite/lib/../share/yosys/lattice/cells_ff.vh:13.1-13.261.
Generating RTLIL representation for module `\FD1S3JX'.
Replacing existing blackbox module `\IFS1P3BX' at /mnt/storage/synth_eval/oss-cad-suite/lib/../share/yosys/lattice/cells_ff.vh:26.1-26.301.
Generating RTLIL representation for module `\IFS1P3BX'.
Replacing existing blackbox module `\IFS1P3DX' at /mnt/storage/synth_eval/oss-cad-suite/lib/../share/yosys/lattice/cells_ff.vh:27.1-27.301.
Generating RTLIL representation for module `\IFS1P3DX'.
Replacing existing blackbox module `\IFS1P3IX' at /mnt/storage/synth_eval/oss-cad-suite/lib/../share/yosys/lattice/cells_ff.vh:28.1-28.301.
Generating RTLIL representation for module `\IFS1P3IX'.
Replacing existing blackbox module `\IFS1P3JX' at /mnt/storage/synth_eval/oss-cad-suite/lib/../share/yosys/lattice/cells_ff.vh:29.1-29.301.
Generating RTLIL representation for module `\IFS1P3JX'.
Replacing existing blackbox module `\OFS1P3BX' at /mnt/storage/synth_eval/oss-cad-suite/lib/../share/yosys/lattice/cells_ff.vh:31.1-31.302.
Generating RTLIL representation for module `\OFS1P3BX'.
Replacing existing blackbox module `\OFS1P3DX' at /mnt/storage/synth_eval/oss-cad-suite/lib/../share/yosys/lattice/cells_ff.vh:32.1-32.302.
Generating RTLIL representation for module `\OFS1P3DX'.
Replacing existing blackbox module `\OFS1P3IX' at /mnt/storage/synth_eval/oss-cad-suite/lib/../share/yosys/lattice/cells_ff.vh:33.1-33.302.
Generating RTLIL representation for module `\OFS1P3IX'.
Replacing existing blackbox module `\OFS1P3JX' at /mnt/storage/synth_eval/oss-cad-suite/lib/../share/yosys/lattice/cells_ff.vh:34.1-34.302.
Generating RTLIL representation for module `\OFS1P3JX'.
Replacing existing blackbox module `\IB' at /mnt/storage/synth_eval/oss-cad-suite/lib/../share/yosys/lattice/cells_io.vh:2.1-2.157.
Generating RTLIL representation for module `\IB'.
Replacing existing blackbox module `\IBPU' at /mnt/storage/synth_eval/oss-cad-suite/lib/../share/yosys/lattice/cells_io.vh:3.1-3.157.
Generating RTLIL representation for module `\IBPU'.
Replacing existing blackbox module `\IBPD' at /mnt/storage/synth_eval/oss-cad-suite/lib/../share/yosys/lattice/cells_io.vh:4.1-4.157.
Generating RTLIL representation for module `\IBPD'.
Replacing existing blackbox module `\OB' at /mnt/storage/synth_eval/oss-cad-suite/lib/../share/yosys/lattice/cells_io.vh:5.1-5.157.
Generating RTLIL representation for module `\OB'.
Replacing existing blackbox module `\OBZ' at /mnt/storage/synth_eval/oss-cad-suite/lib/../share/yosys/lattice/cells_io.vh:6.1-6.164.
Generating RTLIL representation for module `\OBZ'.
Replacing existing blackbox module `\OBZPU' at /mnt/storage/synth_eval/oss-cad-suite/lib/../share/yosys/lattice/cells_io.vh:7.1-7.164.
Generating RTLIL representation for module `\OBZPU'.
Replacing existing blackbox module `\OBZPD' at /mnt/storage/synth_eval/oss-cad-suite/lib/../share/yosys/lattice/cells_io.vh:8.1-8.164.
Generating RTLIL representation for module `\OBZPD'.
Replacing existing blackbox module `\OBCO' at /mnt/storage/synth_eval/oss-cad-suite/lib/../share/yosys/lattice/cells_io.vh:9.1-9.90.
Generating RTLIL representation for module `\OBCO'.
Replacing existing blackbox module `\BB' at /mnt/storage/synth_eval/oss-cad-suite/lib/../share/yosys/lattice/cells_io.vh:10.1-10.179.
Generating RTLIL representation for module `\BB'.
Replacing existing blackbox module `\BBPU' at /mnt/storage/synth_eval/oss-cad-suite/lib/../share/yosys/lattice/cells_io.vh:11.1-11.179.
Generating RTLIL representation for module `\BBPU'.
Replacing existing blackbox module `\BBPD' at /mnt/storage/synth_eval/oss-cad-suite/lib/../share/yosys/lattice/cells_io.vh:12.1-12.179.
Generating RTLIL representation for module `\BBPD'.
Replacing existing blackbox module `\ILVDS' at /mnt/storage/synth_eval/oss-cad-suite/lib/../share/yosys/lattice/cells_io.vh:13.1-13.139.
Generating RTLIL representation for module `\ILVDS'.
Replacing existing blackbox module `\OLVDS' at /mnt/storage/synth_eval/oss-cad-suite/lib/../share/yosys/lattice/cells_io.vh:14.1-14.146.
Generating RTLIL representation for module `\OLVDS'.
Successfully finished Verilog frontend.

2.2. Executing Verilog-2005 frontend: /mnt/storage/synth_eval/oss-cad-suite/lib/../share/yosys/lattice/cells_bb_ecp5.v
Parsing Verilog input from `/mnt/storage/synth_eval/oss-cad-suite/lib/../share/yosys/lattice/cells_bb_ecp5.v' to AST representation.
Generating RTLIL representation for module `\GSR'.
Generating RTLIL representation for module `\PUR'.
Generating RTLIL representation for module `\SGSR'.
Generating RTLIL representation for module `\PDPW16KD'.
Generating RTLIL representation for module `\MULT18X18D'.
Generating RTLIL representation for module `\ALU54B'.
Generating RTLIL representation for module `\CLKDIVF'.
Generating RTLIL representation for module `\PCSCLKDIV'.
Generating RTLIL representation for module `\DCSC'.
Generating RTLIL representation for module `\DCCA'.
Generating RTLIL representation for module `\ECLKSYNCB'.
Generating RTLIL representation for module `\ECLKBRIDGECS'.
Generating RTLIL representation for module `\DELAYF'.
Generating RTLIL representation for module `\DELAYG'.
Generating RTLIL representation for module `\USRMCLK'.
Generating RTLIL representation for module `\DQSBUFM'.
Generating RTLIL representation for module `\DDRDLLA'.
Generating RTLIL representation for module `\DLLDELD'.
Generating RTLIL representation for module `\IDDRX1F'.
Generating RTLIL representation for module `\IDDRX2F'.
Generating RTLIL representation for module `\IDDR71B'.
Generating RTLIL representation for module `\IDDRX2DQA'.
Generating RTLIL representation for module `\ODDRX1F'.
Generating RTLIL representation for module `\ODDRX2F'.
Generating RTLIL representation for module `\ODDR71B'.
Generating RTLIL representation for module `\OSHX2A'.
Generating RTLIL representation for module `\TSHX2DQA'.
Generating RTLIL representation for module `\TSHX2DQSA'.
Generating RTLIL representation for module `\ODDRX2DQA'.
Generating RTLIL representation for module `\ODDRX2DQSB'.
Generating RTLIL representation for module `\EHXPLLL'.
Generating RTLIL representation for module `\DTR'.
Generating RTLIL representation for module `\OSCG'.
Generating RTLIL representation for module `\EXTREFB'.
Generating RTLIL representation for module `\JTAGG'.
Generating RTLIL representation for module `\DCUA'.
Successfully finished Verilog frontend.

2.3. Executing HIERARCHY pass (managing design hierarchy).

2.3.1. Analyzing design hierarchy..
Top module:  \top_flopoco_div_we8_wf17_zynq7000_native_srt_43_f300
Used module:     \flopoco_div_we8_wf17_zynq7000_native_srt_43_f300_Barch
Used module:         \selfunction_freq300_uid4_Barch

2.3.2. Analyzing design hierarchy..
Top module:  \top_flopoco_div_we8_wf17_zynq7000_native_srt_43_f300
Used module:     \flopoco_div_we8_wf17_zynq7000_native_srt_43_f300_Barch
Used module:         \selfunction_freq300_uid4_Barch
Removed 0 unused modules.

2.4. Executing PROC pass (convert processes to netlists).

2.4.1. Executing PROC_CLEAN pass (remove empty switches from decision trees).
Cleaned up 0 empty switches.

2.4.2. Executing PROC_RMDEAD pass (remove dead branches from decision trees).
Removed a total of 0 dead cases.

2.4.3. Executing PROC_PRUNE pass (remove redundant assignments in processes).
Removed 0 redundant assignments.
Promoted 0 assignments to connections.

2.4.4. Executing PROC_INIT pass (extract init attributes).

2.4.5. Executing PROC_ARST pass (detect async resets in processes).

2.4.6. Executing PROC_ROM pass (convert switches to ROMs).
Converted 0 switches.

2.4.7. Executing PROC_MUX pass (convert decision trees to multiplexers).

2.4.8. Executing PROC_DLATCH pass (convert process syncs to latches).

2.4.9. Executing PROC_DFF pass (convert process syncs to FFs).

2.4.10. Executing PROC_MEMWR pass (convert process memory writes to cells).

2.4.11. Executing PROC_CLEAN pass (remove empty switches from decision trees).
Cleaned up 0 empty switches.

2.4.12. Executing OPT_EXPR pass (perform const folding).
Optimizing module selfunction_freq300_uid4_Barch.
<suppressed ~1 debug messages>
Optimizing module flopoco_div_we8_wf17_zynq7000_native_srt_43_f300_Barch.
<suppressed ~10 debug messages>
Optimizing module top_flopoco_div_we8_wf17_zynq7000_native_srt_43_f300.

2.5. Executing CHECK pass (checking for obvious problems).
Checking module selfunction_freq300_uid4_Barch...
Checking module flopoco_div_we8_wf17_zynq7000_native_srt_43_f300_Barch...
Checking module top_flopoco_div_we8_wf17_zynq7000_native_srt_43_f300...
Found and reported 0 problems.

2.6. Executing FLATTEN pass (flatten design).
Deleting now unused module selfunction_freq300_uid4_Barch.
Deleting now unused module flopoco_div_we8_wf17_zynq7000_native_srt_43_f300_Barch.
<suppressed ~11 debug messages>

2.7. Executing TRIBUF pass.

2.8. Executing DEMINOUT pass (demote inout ports to input or output).

2.9. Executing OPT_EXPR pass (perform const folding).
Optimizing module top_flopoco_div_we8_wf17_zynq7000_native_srt_43_f300.

2.10. Executing OPT_CLEAN pass (remove unused cells and wires).
Finding unused cells or wires in module \top_flopoco_div_we8_wf17_zynq7000_native_srt_43_f300..
Removed 0 unused cells and 318 unused wires.
<suppressed ~1 debug messages>

2.11. Executing CHECK pass (checking for obvious problems).
Checking module top_flopoco_div_we8_wf17_zynq7000_native_srt_43_f300...
Found and reported 0 problems.

2.12. Executing OPT pass (performing simple optimizations).

2.12.1. Executing OPT_EXPR pass (perform const folding).
Optimizing module top_flopoco_div_we8_wf17_zynq7000_native_srt_43_f300.
<suppressed ~28 debug messages>

2.12.2. Executing OPT_MERGE pass (detect identical cells).
Finding identical cells in module `\top_flopoco_div_we8_wf17_zynq7000_native_srt_43_f300'.
Computing hashes of 745 cells of `\top_flopoco_div_we8_wf17_zynq7000_native_srt_43_f300'.
Finding duplicate cells in `\top_flopoco_div_we8_wf17_zynq7000_native_srt_43_f300'.
Removed a total of 0 cells.

2.12.3. Executing OPT_MUXTREE pass (detect dead branches in mux trees).
Running muxtree optimizer on module \top_flopoco_div_we8_wf17_zynq7000_native_srt_43_f300..
  Creating internal representation of mux trees.
  Evaluating internal representation of mux trees.
  Analyzing evaluation results.
    dead port 2/33 on $pmux \u_dut.selfunctiontable10.:1197.
    dead port 3/33 on $pmux \u_dut.selfunctiontable10.:1197.
    dead port 4/33 on $pmux \u_dut.selfunctiontable10.:1197.
    dead port 9/33 on $pmux \u_dut.selfunctiontable10.:1197.
    dead port 10/33 on $pmux \u_dut.selfunctiontable10.:1197.
    dead port 11/33 on $pmux \u_dut.selfunctiontable10.:1197.
    dead port 12/33 on $pmux \u_dut.selfunctiontable10.:1197.
    dead port 13/33 on $pmux \u_dut.selfunctiontable10.:1197.
    dead port 14/33 on $pmux \u_dut.selfunctiontable10.:1197.
    dead port 15/33 on $pmux \u_dut.selfunctiontable10.:1197.
    dead port 16/33 on $pmux \u_dut.selfunctiontable10.:1197.
    dead port 17/33 on $pmux \u_dut.selfunctiontable10.:1197.
    dead port 18/33 on $pmux \u_dut.selfunctiontable10.:1197.
    dead port 19/33 on $pmux \u_dut.selfunctiontable10.:1197.
    dead port 20/33 on $pmux \u_dut.selfunctiontable10.:1197.
    dead port 21/33 on $pmux \u_dut.selfunctiontable10.:1197.
    dead port 22/33 on $pmux \u_dut.selfunctiontable10.:1197.
    dead port 23/33 on $pmux \u_dut.selfunctiontable10.:1197.
    dead port 24/33 on $pmux \u_dut.selfunctiontable10.:1197.
    dead port 25/33 on $pmux \u_dut.selfunctiontable10.:1197.
    dead port 26/33 on $pmux \u_dut.selfunctiontable10.:1197.
    dead port 27/33 on $pmux \u_dut.selfunctiontable10.:1197.
    dead port 28/33 on $pmux \u_dut.selfunctiontable10.:1197.
    dead port 29/33 on $pmux \u_dut.selfunctiontable10.:1197.
    dead port 30/33 on $pmux \u_dut.selfunctiontable10.:1197.
    dead port 31/33 on $pmux \u_dut.selfunctiontable10.:1197.
    dead port 32/33 on $pmux \u_dut.selfunctiontable10.:1197.
Removed 27 multiplexer ports.
<suppressed ~68 debug messages>

2.12.4. Executing OPT_REDUCE pass (consolidate $*mux and $reduce_* inputs).
  Optimizing cells in module \top_flopoco_div_we8_wf17_zynq7000_native_srt_43_f300.
    New ctrl vector for $pmux cell \u_dut.:372: $flatten\u_dut.$auto$ghdl.cc:862:import_module$32
    New ctrl vector for $pmux cell \u_dut.:413: $flatten\u_dut.$auto$ghdl.cc:862:import_module$47
    New ctrl vector for $pmux cell \u_dut.:454: $flatten\u_dut.$auto$ghdl.cc:862:import_module$62
    New ctrl vector for $pmux cell \u_dut.:495: $flatten\u_dut.$auto$ghdl.cc:862:import_module$77
    New ctrl vector for $pmux cell \u_dut.:536: $flatten\u_dut.$auto$ghdl.cc:862:import_module$92
    New ctrl vector for $pmux cell \u_dut.:577: $flatten\u_dut.$auto$ghdl.cc:862:import_module$107
    New ctrl vector for $pmux cell \u_dut.:618: $flatten\u_dut.$auto$ghdl.cc:862:import_module$122
    New ctrl vector for $pmux cell \u_dut.:659: $flatten\u_dut.$auto$ghdl.cc:862:import_module$137
    New ctrl vector for $pmux cell \u_dut.:700: $flatten\u_dut.$auto$ghdl.cc:862:import_module$152
    New ctrl vector for $pmux cell \u_dut.:741: $flatten\u_dut.$auto$ghdl.cc:862:import_module$167
    New ctrl vector for $pmux cell \u_dut.:830: $flatten\u_dut.$auto$ghdl.cc:862:import_module$177
    New ctrl vector for $pmux cell \u_dut.selfunctiontable10.:1197: { $flatten\u_dut.\selfunctiontable10.$auto$ghdl.cc:862:import_module$443 $auto$opt_reduce.cc:135:opt_pmux$713 $flatten\u_dut.\selfunctiontable10.$auto$ghdl.cc:862:import_module$448 $flatten\u_dut.\selfunctiontable10.$auto$ghdl.cc:862:import_module$449 }
    New ctrl vector for $pmux cell \u_dut.selfunctiontable9.:1197: { $auto$opt_reduce.cc:135:opt_pmux$727 $auto$opt_reduce.cc:135:opt_pmux$725 $auto$opt_reduce.cc:135:opt_pmux$723 $auto$opt_reduce.cc:135:opt_pmux$721 $auto$opt_reduce.cc:135:opt_pmux$719 $auto$opt_reduce.cc:135:opt_pmux$717 $auto$opt_reduce.cc:135:opt_pmux$715 }
    New ctrl vector for $pmux cell \u_dut.selfunctiontable8.:1197: { $auto$opt_reduce.cc:135:opt_pmux$741 $auto$opt_reduce.cc:135:opt_pmux$739 $auto$opt_reduce.cc:135:opt_pmux$737 $auto$opt_reduce.cc:135:opt_pmux$735 $auto$opt_reduce.cc:135:opt_pmux$733 $auto$opt_reduce.cc:135:opt_pmux$731 $auto$opt_reduce.cc:135:opt_pmux$729 }
    New ctrl vector for $pmux cell \u_dut.selfunctiontable7.:1197: { $auto$opt_reduce.cc:135:opt_pmux$755 $auto$opt_reduce.cc:135:opt_pmux$753 $auto$opt_reduce.cc:135:opt_pmux$751 $auto$opt_reduce.cc:135:opt_pmux$749 $auto$opt_reduce.cc:135:opt_pmux$747 $auto$opt_reduce.cc:135:opt_pmux$745 $auto$opt_reduce.cc:135:opt_pmux$743 }
    New ctrl vector for $pmux cell \u_dut.selfunctiontable6.:1197: { $auto$opt_reduce.cc:135:opt_pmux$769 $auto$opt_reduce.cc:135:opt_pmux$767 $auto$opt_reduce.cc:135:opt_pmux$765 $auto$opt_reduce.cc:135:opt_pmux$763 $auto$opt_reduce.cc:135:opt_pmux$761 $auto$opt_reduce.cc:135:opt_pmux$759 $auto$opt_reduce.cc:135:opt_pmux$757 }
    New ctrl vector for $pmux cell \u_dut.selfunctiontable5.:1197: { $auto$opt_reduce.cc:135:opt_pmux$783 $auto$opt_reduce.cc:135:opt_pmux$781 $auto$opt_reduce.cc:135:opt_pmux$779 $auto$opt_reduce.cc:135:opt_pmux$777 $auto$opt_reduce.cc:135:opt_pmux$775 $auto$opt_reduce.cc:135:opt_pmux$773 $auto$opt_reduce.cc:135:opt_pmux$771 }
    New ctrl vector for $pmux cell \u_dut.selfunctiontable4.:1197: { $auto$opt_reduce.cc:135:opt_pmux$797 $auto$opt_reduce.cc:135:opt_pmux$795 $auto$opt_reduce.cc:135:opt_pmux$793 $auto$opt_reduce.cc:135:opt_pmux$791 $auto$opt_reduce.cc:135:opt_pmux$789 $auto$opt_reduce.cc:135:opt_pmux$787 $auto$opt_reduce.cc:135:opt_pmux$785 }
    New ctrl vector for $pmux cell \u_dut.selfunctiontable3.:1197: { $auto$opt_reduce.cc:135:opt_pmux$811 $auto$opt_reduce.cc:135:opt_pmux$809 $auto$opt_reduce.cc:135:opt_pmux$807 $auto$opt_reduce.cc:135:opt_pmux$805 $auto$opt_reduce.cc:135:opt_pmux$803 $auto$opt_reduce.cc:135:opt_pmux$801 $auto$opt_reduce.cc:135:opt_pmux$799 }
    New ctrl vector for $pmux cell \u_dut.selfunctiontable2.:1197: { $auto$opt_reduce.cc:135:opt_pmux$825 $auto$opt_reduce.cc:135:opt_pmux$823 $auto$opt_reduce.cc:135:opt_pmux$821 $auto$opt_reduce.cc:135:opt_pmux$819 $auto$opt_reduce.cc:135:opt_pmux$817 $auto$opt_reduce.cc:135:opt_pmux$815 $auto$opt_reduce.cc:135:opt_pmux$813 }
    New ctrl vector for $pmux cell \u_dut.selfunctiontable1.:1197: { $auto$opt_reduce.cc:135:opt_pmux$839 $auto$opt_reduce.cc:135:opt_pmux$837 $auto$opt_reduce.cc:135:opt_pmux$835 $auto$opt_reduce.cc:135:opt_pmux$833 $auto$opt_reduce.cc:135:opt_pmux$831 $auto$opt_reduce.cc:135:opt_pmux$829 $auto$opt_reduce.cc:135:opt_pmux$827 }
  Optimizing cells in module \top_flopoco_div_we8_wf17_zynq7000_native_srt_43_f300.
Performed a total of 21 changes.

2.12.5. Executing OPT_MERGE pass (detect identical cells).
Finding identical cells in module `\top_flopoco_div_we8_wf17_zynq7000_native_srt_43_f300'.
Computing hashes of 809 cells of `\top_flopoco_div_we8_wf17_zynq7000_native_srt_43_f300'.
Finding duplicate cells in `\top_flopoco_div_we8_wf17_zynq7000_native_srt_43_f300'.
Removed a total of 0 cells.

2.12.6. Executing OPT_DFF pass (perform DFF optimizations).
Setting constant 1-bit at position 17 on u_dut.:882 ($dff) from module top_flopoco_div_we8_wf17_zynq7000_native_srt_43_f300.
Setting constant 0-bit at position 0 on u_dut.:910 ($dff) from module top_flopoco_div_we8_wf17_zynq7000_native_srt_43_f300.
Setting constant 1-bit at position 18 on u_dut.:910 ($dff) from module top_flopoco_div_we8_wf17_zynq7000_native_srt_43_f300.
Setting constant 0-bit at position 19 on u_dut.:910 ($dff) from module top_flopoco_div_we8_wf17_zynq7000_native_srt_43_f300.
Setting constant 0-bit at position 20 on u_dut.:910 ($dff) from module top_flopoco_div_we8_wf17_zynq7000_native_srt_43_f300.
Setting constant 0-bit at position 0 on u_dut.:912 ($dff) from module top_flopoco_div_we8_wf17_zynq7000_native_srt_43_f300.
Setting constant 0-bit at position 1 on u_dut.:912 ($dff) from module top_flopoco_div_we8_wf17_zynq7000_native_srt_43_f300.
Setting constant 0-bit at position 0 on u_dut.:917 ($dff) from module top_flopoco_div_we8_wf17_zynq7000_native_srt_43_f300.
Setting constant 0-bit at position 1 on u_dut.:917 ($dff) from module top_flopoco_div_we8_wf17_zynq7000_native_srt_43_f300.
Setting constant 0-bit at position 0 on u_dut.:919 ($dff) from module top_flopoco_div_we8_wf17_zynq7000_native_srt_43_f300.
Setting constant 0-bit at position 1 on u_dut.:919 ($dff) from module top_flopoco_div_we8_wf17_zynq7000_native_srt_43_f300.
Setting constant 0-bit at position 0 on u_dut.:924 ($dff) from module top_flopoco_div_we8_wf17_zynq7000_native_srt_43_f300.
Setting constant 0-bit at position 1 on u_dut.:924 ($dff) from module top_flopoco_div_we8_wf17_zynq7000_native_srt_43_f300.
Setting constant 0-bit at position 0 on u_dut.:926 ($dff) from module top_flopoco_div_we8_wf17_zynq7000_native_srt_43_f300.
Setting constant 0-bit at position 1 on u_dut.:926 ($dff) from module top_flopoco_div_we8_wf17_zynq7000_native_srt_43_f300.
Setting constant 0-bit at position 0 on u_dut.:931 ($dff) from module top_flopoco_div_we8_wf17_zynq7000_native_srt_43_f300.
Setting constant 0-bit at position 1 on u_dut.:931 ($dff) from module top_flopoco_div_we8_wf17_zynq7000_native_srt_43_f300.
Setting constant 0-bit at position 0 on u_dut.:933 ($dff) from module top_flopoco_div_we8_wf17_zynq7000_native_srt_43_f300.
Setting constant 0-bit at position 1 on u_dut.:933 ($dff) from module top_flopoco_div_we8_wf17_zynq7000_native_srt_43_f300.
Setting constant 0-bit at position 0 on u_dut.:938 ($dff) from module top_flopoco_div_we8_wf17_zynq7000_native_srt_43_f300.
Setting constant 0-bit at position 1 on u_dut.:938 ($dff) from module top_flopoco_div_we8_wf17_zynq7000_native_srt_43_f300.
Setting constant 0-bit at position 0 on u_dut.:940 ($dff) from module top_flopoco_div_we8_wf17_zynq7000_native_srt_43_f300.
Setting constant 0-bit at position 1 on u_dut.:940 ($dff) from module top_flopoco_div_we8_wf17_zynq7000_native_srt_43_f300.
Setting constant 0-bit at position 0 on u_dut.:959 ($dff) from module top_flopoco_div_we8_wf17_zynq7000_native_srt_43_f300.
Setting constant 0-bit at position 0 on u_dut.:986 ($dff) from module top_flopoco_div_we8_wf17_zynq7000_native_srt_43_f300.
Setting constant 0-bit at position 0 on u_dut.:1010 ($dff) from module top_flopoco_div_we8_wf17_zynq7000_native_srt_43_f300.
Setting constant 0-bit at position 0 on u_dut.:1031 ($dff) from module top_flopoco_div_we8_wf17_zynq7000_native_srt_43_f300.
Setting constant 0-bit at position 0 on u_dut.:1049 ($dff) from module top_flopoco_div_we8_wf17_zynq7000_native_srt_43_f300.
Setting constant 0-bit at position 0 on u_dut.:1064 ($dff) from module top_flopoco_div_we8_wf17_zynq7000_native_srt_43_f300.
Setting constant 0-bit at position 0 on u_dut.:1076 ($dff) from module top_flopoco_div_we8_wf17_zynq7000_native_srt_43_f300.
Setting constant 0-bit at position 0 on u_dut.:1085 ($dff) from module top_flopoco_div_we8_wf17_zynq7000_native_srt_43_f300.
Setting constant 0-bit at position 0 on u_dut.:1091 ($dff) from module top_flopoco_div_we8_wf17_zynq7000_native_srt_43_f300.
Setting constant 0-bit at position 0 on u_dut.:1094 ($dff) from module top_flopoco_div_we8_wf17_zynq7000_native_srt_43_f300.

2.12.7. Executing OPT_CLEAN pass (remove unused cells and wires).
Finding unused cells or wires in module \top_flopoco_div_we8_wf17_zynq7000_native_srt_43_f300..
Removed 0 unused cells and 27 unused wires.
<suppressed ~1 debug messages>

2.12.8. Executing OPT_EXPR pass (perform const folding).
Optimizing module top_flopoco_div_we8_wf17_zynq7000_native_srt_43_f300.
<suppressed ~10 debug messages>

2.12.9. Rerunning OPT passes. (Maybe there is more to do..)

2.12.10. Executing OPT_MUXTREE pass (detect dead branches in mux trees).
Running muxtree optimizer on module \top_flopoco_div_we8_wf17_zynq7000_native_srt_43_f300..
  Creating internal representation of mux trees.
  Evaluating internal representation of mux trees.
  Analyzing evaluation results.
Removed 0 multiplexer ports.
<suppressed ~68 debug messages>

2.12.11. Executing OPT_REDUCE pass (consolidate $*mux and $reduce_* inputs).
  Optimizing cells in module \top_flopoco_div_we8_wf17_zynq7000_native_srt_43_f300.
Performed a total of 0 changes.

2.12.12. Executing OPT_MERGE pass (detect identical cells).
Finding identical cells in module `\top_flopoco_div_we8_wf17_zynq7000_native_srt_43_f300'.
Computing hashes of 809 cells of `\top_flopoco_div_we8_wf17_zynq7000_native_srt_43_f300'.
Finding duplicate cells in `\top_flopoco_div_we8_wf17_zynq7000_native_srt_43_f300'.
Removed a total of 0 cells.

2.12.13. Executing OPT_DFF pass (perform DFF optimizations).
Setting constant 1-bit at position 17 on u_dut.:883 ($dff) from module top_flopoco_div_we8_wf17_zynq7000_native_srt_43_f300.
Setting constant 0-bit at position 0 on u_dut.:913 ($dff) from module top_flopoco_div_we8_wf17_zynq7000_native_srt_43_f300.
Setting constant 0-bit at position 1 on u_dut.:913 ($dff) from module top_flopoco_div_we8_wf17_zynq7000_native_srt_43_f300.
Setting constant 0-bit at position 0 on u_dut.:920 ($dff) from module top_flopoco_div_we8_wf17_zynq7000_native_srt_43_f300.
Setting constant 0-bit at position 1 on u_dut.:920 ($dff) from module top_flopoco_div_we8_wf17_zynq7000_native_srt_43_f300.
Setting constant 0-bit at position 0 on u_dut.:927 ($dff) from module top_flopoco_div_we8_wf17_zynq7000_native_srt_43_f300.
Setting constant 0-bit at position 1 on u_dut.:927 ($dff) from module top_flopoco_div_we8_wf17_zynq7000_native_srt_43_f300.
Setting constant 0-bit at position 0 on u_dut.:934 ($dff) from module top_flopoco_div_we8_wf17_zynq7000_native_srt_43_f300.
Setting constant 0-bit at position 1 on u_dut.:934 ($dff) from module top_flopoco_div_we8_wf17_zynq7000_native_srt_43_f300.
Setting constant 0-bit at position 0 on u_dut.:941 ($dff) from module top_flopoco_div_we8_wf17_zynq7000_native_srt_43_f300.
Setting constant 0-bit at position 1 on u_dut.:941 ($dff) from module top_flopoco_div_we8_wf17_zynq7000_native_srt_43_f300.
Setting constant 0-bit at position 0 on u_dut.:960 ($dff) from module top_flopoco_div_we8_wf17_zynq7000_native_srt_43_f300.
Setting constant 0-bit at position 0 on u_dut.:987 ($dff) from module top_flopoco_div_we8_wf17_zynq7000_native_srt_43_f300.
Setting constant 0-bit at position 0 on u_dut.:1011 ($dff) from module top_flopoco_div_we8_wf17_zynq7000_native_srt_43_f300.
Setting constant 0-bit at position 0 on u_dut.:1032 ($dff) from module top_flopoco_div_we8_wf17_zynq7000_native_srt_43_f300.
Setting constant 0-bit at position 0 on u_dut.:1050 ($dff) from module top_flopoco_div_we8_wf17_zynq7000_native_srt_43_f300.
Setting constant 0-bit at position 0 on u_dut.:1065 ($dff) from module top_flopoco_div_we8_wf17_zynq7000_native_srt_43_f300.
Setting constant 0-bit at position 0 on u_dut.:1077 ($dff) from module top_flopoco_div_we8_wf17_zynq7000_native_srt_43_f300.
Setting constant 0-bit at position 0 on u_dut.:1086 ($dff) from module top_flopoco_div_we8_wf17_zynq7000_native_srt_43_f300.
Setting constant 0-bit at position 0 on u_dut.:1092 ($dff) from module top_flopoco_div_we8_wf17_zynq7000_native_srt_43_f300.
Setting constant 0-bit at position 1 on u_dut.:1097 ($dff) from module top_flopoco_div_we8_wf17_zynq7000_native_srt_43_f300.

2.12.14. Executing OPT_CLEAN pass (remove unused cells and wires).
Finding unused cells or wires in module \top_flopoco_div_we8_wf17_zynq7000_native_srt_43_f300..
Removed 10 unused cells and 10 unused wires.
<suppressed ~11 debug messages>

2.12.15. Executing OPT_EXPR pass (perform const folding).
Optimizing module top_flopoco_div_we8_wf17_zynq7000_native_srt_43_f300.

2.12.16. Rerunning OPT passes. (Maybe there is more to do..)

2.12.17. Executing OPT_MUXTREE pass (detect dead branches in mux trees).
Running muxtree optimizer on module \top_flopoco_div_we8_wf17_zynq7000_native_srt_43_f300..
  Creating internal representation of mux trees.
  Evaluating internal representation of mux trees.
  Analyzing evaluation results.
Removed 0 multiplexer ports.
<suppressed ~68 debug messages>

2.12.18. Executing OPT_REDUCE pass (consolidate $*mux and $reduce_* inputs).
  Optimizing cells in module \top_flopoco_div_we8_wf17_zynq7000_native_srt_43_f300.
Performed a total of 0 changes.

2.12.19. Executing OPT_MERGE pass (detect identical cells).
Finding identical cells in module `\top_flopoco_div_we8_wf17_zynq7000_native_srt_43_f300'.
Computing hashes of 799 cells of `\top_flopoco_div_we8_wf17_zynq7000_native_srt_43_f300'.
Finding duplicate cells in `\top_flopoco_div_we8_wf17_zynq7000_native_srt_43_f300'.
Removed a total of 0 cells.

2.12.20. Executing OPT_DFF pass (perform DFF optimizations).
Setting constant 1-bit at position 17 on u_dut.:884 ($dff) from module top_flopoco_div_we8_wf17_zynq7000_native_srt_43_f300.
Setting constant 0-bit at position 0 on u_dut.:961 ($dff) from module top_flopoco_div_we8_wf17_zynq7000_native_srt_43_f300.
Setting constant 0-bit at position 0 on u_dut.:988 ($dff) from module top_flopoco_div_we8_wf17_zynq7000_native_srt_43_f300.
Setting constant 0-bit at position 0 on u_dut.:1012 ($dff) from module top_flopoco_div_we8_wf17_zynq7000_native_srt_43_f300.
Setting constant 0-bit at position 0 on u_dut.:1033 ($dff) from module top_flopoco_div_we8_wf17_zynq7000_native_srt_43_f300.
Setting constant 0-bit at position 0 on u_dut.:1051 ($dff) from module top_flopoco_div_we8_wf17_zynq7000_native_srt_43_f300.
Setting constant 0-bit at position 0 on u_dut.:1066 ($dff) from module top_flopoco_div_we8_wf17_zynq7000_native_srt_43_f300.
Setting constant 0-bit at position 0 on u_dut.:1078 ($dff) from module top_flopoco_div_we8_wf17_zynq7000_native_srt_43_f300.
Setting constant 0-bit at position 0 on u_dut.:1087 ($dff) from module top_flopoco_div_we8_wf17_zynq7000_native_srt_43_f300.
Setting constant 0-bit at position 0 on u_dut.:1093 ($dff) from module top_flopoco_div_we8_wf17_zynq7000_native_srt_43_f300.

2.12.21. Executing OPT_CLEAN pass (remove unused cells and wires).
Finding unused cells or wires in module \top_flopoco_div_we8_wf17_zynq7000_native_srt_43_f300..

2.12.22. Executing OPT_EXPR pass (perform const folding).
Optimizing module top_flopoco_div_we8_wf17_zynq7000_native_srt_43_f300.

2.12.23. Rerunning OPT passes. (Maybe there is more to do..)

2.12.24. Executing OPT_MUXTREE pass (detect dead branches in mux trees).
Running muxtree optimizer on module \top_flopoco_div_we8_wf17_zynq7000_native_srt_43_f300..
  Creating internal representation of mux trees.
  Evaluating internal representation of mux trees.
  Analyzing evaluation results.
Removed 0 multiplexer ports.
<suppressed ~68 debug messages>

2.12.25. Executing OPT_REDUCE pass (consolidate $*mux and $reduce_* inputs).
  Optimizing cells in module \top_flopoco_div_we8_wf17_zynq7000_native_srt_43_f300.
Performed a total of 0 changes.

2.12.26. Executing OPT_MERGE pass (detect identical cells).
Finding identical cells in module `\top_flopoco_div_we8_wf17_zynq7000_native_srt_43_f300'.
Computing hashes of 799 cells of `\top_flopoco_div_we8_wf17_zynq7000_native_srt_43_f300'.
Finding duplicate cells in `\top_flopoco_div_we8_wf17_zynq7000_native_srt_43_f300'.
Removed a total of 0 cells.

2.12.27. Executing OPT_DFF pass (perform DFF optimizations).
Setting constant 0-bit at position 2 on $auto$ff.cc:337:slice$876 ($dff) from module top_flopoco_div_we8_wf17_zynq7000_native_srt_43_f300.
Setting constant 1-bit at position 17 on u_dut.:885 ($dff) from module top_flopoco_div_we8_wf17_zynq7000_native_srt_43_f300.
Setting constant 0-bit at position 0 on u_dut.:962 ($dff) from module top_flopoco_div_we8_wf17_zynq7000_native_srt_43_f300.
Setting constant 0-bit at position 0 on u_dut.:989 ($dff) from module top_flopoco_div_we8_wf17_zynq7000_native_srt_43_f300.
Setting constant 0-bit at position 0 on u_dut.:1013 ($dff) from module top_flopoco_div_we8_wf17_zynq7000_native_srt_43_f300.
Setting constant 0-bit at position 0 on u_dut.:1034 ($dff) from module top_flopoco_div_we8_wf17_zynq7000_native_srt_43_f300.
Setting constant 0-bit at position 0 on u_dut.:1052 ($dff) from module top_flopoco_div_we8_wf17_zynq7000_native_srt_43_f300.
Setting constant 0-bit at position 0 on u_dut.:1067 ($dff) from module top_flopoco_div_we8_wf17_zynq7000_native_srt_43_f300.
Setting constant 0-bit at position 0 on u_dut.:1079 ($dff) from module top_flopoco_div_we8_wf17_zynq7000_native_srt_43_f300.
Setting constant 0-bit at position 0 on u_dut.:1088 ($dff) from module top_flopoco_div_we8_wf17_zynq7000_native_srt_43_f300.

2.12.28. Executing OPT_CLEAN pass (remove unused cells and wires).
Finding unused cells or wires in module \top_flopoco_div_we8_wf17_zynq7000_native_srt_43_f300..

2.12.29. Executing OPT_EXPR pass (perform const folding).
Optimizing module top_flopoco_div_we8_wf17_zynq7000_native_srt_43_f300.

2.12.30. Rerunning OPT passes. (Maybe there is more to do..)

2.12.31. Executing OPT_MUXTREE pass (detect dead branches in mux trees).
Running muxtree optimizer on module \top_flopoco_div_we8_wf17_zynq7000_native_srt_43_f300..
  Creating internal representation of mux trees.
  Evaluating internal representation of mux trees.
  Analyzing evaluation results.
Removed 0 multiplexer ports.
<suppressed ~68 debug messages>

2.12.32. Executing OPT_REDUCE pass (consolidate $*mux and $reduce_* inputs).
  Optimizing cells in module \top_flopoco_div_we8_wf17_zynq7000_native_srt_43_f300.
Performed a total of 0 changes.

2.12.33. Executing OPT_MERGE pass (detect identical cells).
Finding identical cells in module `\top_flopoco_div_we8_wf17_zynq7000_native_srt_43_f300'.
Computing hashes of 799 cells of `\top_flopoco_div_we8_wf17_zynq7000_native_srt_43_f300'.
Finding duplicate cells in `\top_flopoco_div_we8_wf17_zynq7000_native_srt_43_f300'.
Removed a total of 0 cells.

2.12.34. Executing OPT_DFF pass (perform DFF optimizations).
Setting constant 0-bit at position 3 on $auto$ff.cc:337:slice$887 ($dff) from module top_flopoco_div_we8_wf17_zynq7000_native_srt_43_f300.
Setting constant 1-bit at position 17 on u_dut.:886 ($dff) from module top_flopoco_div_we8_wf17_zynq7000_native_srt_43_f300.
Setting constant 0-bit at position 0 on u_dut.:963 ($dff) from module top_flopoco_div_we8_wf17_zynq7000_native_srt_43_f300.
Setting constant 0-bit at position 0 on u_dut.:990 ($dff) from module top_flopoco_div_we8_wf17_zynq7000_native_srt_43_f300.
Setting constant 0-bit at position 0 on u_dut.:1014 ($dff) from module top_flopoco_div_we8_wf17_zynq7000_native_srt_43_f300.
Setting constant 0-bit at position 0 on u_dut.:1035 ($dff) from module top_flopoco_div_we8_wf17_zynq7000_native_srt_43_f300.
Setting constant 0-bit at position 0 on u_dut.:1053 ($dff) from module top_flopoco_div_we8_wf17_zynq7000_native_srt_43_f300.
Setting constant 0-bit at position 0 on u_dut.:1068 ($dff) from module top_flopoco_div_we8_wf17_zynq7000_native_srt_43_f300.
Setting constant 0-bit at position 0 on u_dut.:1080 ($dff) from module top_flopoco_div_we8_wf17_zynq7000_native_srt_43_f300.

2.12.35. Executing OPT_CLEAN pass (remove unused cells and wires).
Finding unused cells or wires in module \top_flopoco_div_we8_wf17_zynq7000_native_srt_43_f300..

2.12.36. Executing OPT_EXPR pass (perform const folding).
Optimizing module top_flopoco_div_we8_wf17_zynq7000_native_srt_43_f300.

2.12.37. Rerunning OPT passes. (Maybe there is more to do..)

2.12.38. Executing OPT_MUXTREE pass (detect dead branches in mux trees).
Running muxtree optimizer on module \top_flopoco_div_we8_wf17_zynq7000_native_srt_43_f300..
  Creating internal representation of mux trees.
  Evaluating internal representation of mux trees.
  Analyzing evaluation results.
Removed 0 multiplexer ports.
<suppressed ~68 debug messages>

2.12.39. Executing OPT_REDUCE pass (consolidate $*mux and $reduce_* inputs).
  Optimizing cells in module \top_flopoco_div_we8_wf17_zynq7000_native_srt_43_f300.
Performed a total of 0 changes.

2.12.40. Executing OPT_MERGE pass (detect identical cells).
Finding identical cells in module `\top_flopoco_div_we8_wf17_zynq7000_native_srt_43_f300'.
Computing hashes of 799 cells of `\top_flopoco_div_we8_wf17_zynq7000_native_srt_43_f300'.
Finding duplicate cells in `\top_flopoco_div_we8_wf17_zynq7000_native_srt_43_f300'.
Removed a total of 0 cells.

2.12.41. Executing OPT_DFF pass (perform DFF optimizations).
Setting constant 1-bit at position 17 on u_dut.:887 ($dff) from module top_flopoco_div_we8_wf17_zynq7000_native_srt_43_f300.
Setting constant 0-bit at position 0 on u_dut.:964 ($dff) from module top_flopoco_div_we8_wf17_zynq7000_native_srt_43_f300.
Setting constant 0-bit at position 0 on u_dut.:991 ($dff) from module top_flopoco_div_we8_wf17_zynq7000_native_srt_43_f300.
Setting constant 0-bit at position 0 on u_dut.:1015 ($dff) from module top_flopoco_div_we8_wf17_zynq7000_native_srt_43_f300.
Setting constant 0-bit at position 0 on u_dut.:1036 ($dff) from module top_flopoco_div_we8_wf17_zynq7000_native_srt_43_f300.
Setting constant 0-bit at position 0 on u_dut.:1054 ($dff) from module top_flopoco_div_we8_wf17_zynq7000_native_srt_43_f300.
Setting constant 0-bit at position 0 on u_dut.:1069 ($dff) from module top_flopoco_div_we8_wf17_zynq7000_native_srt_43_f300.
Setting constant 0-bit at position 0 on u_dut.:1081 ($dff) from module top_flopoco_div_we8_wf17_zynq7000_native_srt_43_f300.

2.12.42. Executing OPT_CLEAN pass (remove unused cells and wires).
Finding unused cells or wires in module \top_flopoco_div_we8_wf17_zynq7000_native_srt_43_f300..

2.12.43. Executing OPT_EXPR pass (perform const folding).
Optimizing module top_flopoco_div_we8_wf17_zynq7000_native_srt_43_f300.

2.12.44. Rerunning OPT passes. (Maybe there is more to do..)

2.12.45. Executing OPT_MUXTREE pass (detect dead branches in mux trees).
Running muxtree optimizer on module \top_flopoco_div_we8_wf17_zynq7000_native_srt_43_f300..
  Creating internal representation of mux trees.
  Evaluating internal representation of mux trees.
  Analyzing evaluation results.
Removed 0 multiplexer ports.
<suppressed ~68 debug messages>

2.12.46. Executing OPT_REDUCE pass (consolidate $*mux and $reduce_* inputs).
  Optimizing cells in module \top_flopoco_div_we8_wf17_zynq7000_native_srt_43_f300.
Performed a total of 0 changes.

2.12.47. Executing OPT_MERGE pass (detect identical cells).
Finding identical cells in module `\top_flopoco_div_we8_wf17_zynq7000_native_srt_43_f300'.
Computing hashes of 799 cells of `\top_flopoco_div_we8_wf17_zynq7000_native_srt_43_f300'.
Finding duplicate cells in `\top_flopoco_div_we8_wf17_zynq7000_native_srt_43_f300'.
Removed a total of 0 cells.

2.12.48. Executing OPT_DFF pass (perform DFF optimizations).
Setting constant 0-bit at position 4 on $auto$ff.cc:337:slice$897 ($dff) from module top_flopoco_div_we8_wf17_zynq7000_native_srt_43_f300.
Setting constant 1-bit at position 17 on u_dut.:888 ($dff) from module top_flopoco_div_we8_wf17_zynq7000_native_srt_43_f300.
Setting constant 0-bit at position 0 on u_dut.:965 ($dff) from module top_flopoco_div_we8_wf17_zynq7000_native_srt_43_f300.
Setting constant 0-bit at position 0 on u_dut.:992 ($dff) from module top_flopoco_div_we8_wf17_zynq7000_native_srt_43_f300.
Setting constant 0-bit at position 0 on u_dut.:1016 ($dff) from module top_flopoco_div_we8_wf17_zynq7000_native_srt_43_f300.
Setting constant 0-bit at position 0 on u_dut.:1037 ($dff) from module top_flopoco_div_we8_wf17_zynq7000_native_srt_43_f300.
Setting constant 0-bit at position 0 on u_dut.:1055 ($dff) from module top_flopoco_div_we8_wf17_zynq7000_native_srt_43_f300.
Setting constant 0-bit at position 0 on u_dut.:1070 ($dff) from module top_flopoco_div_we8_wf17_zynq7000_native_srt_43_f300.

2.12.49. Executing OPT_CLEAN pass (remove unused cells and wires).
Finding unused cells or wires in module \top_flopoco_div_we8_wf17_zynq7000_native_srt_43_f300..

2.12.50. Executing OPT_EXPR pass (perform const folding).
Optimizing module top_flopoco_div_we8_wf17_zynq7000_native_srt_43_f300.

2.12.51. Rerunning OPT passes. (Maybe there is more to do..)

2.12.52. Executing OPT_MUXTREE pass (detect dead branches in mux trees).
Running muxtree optimizer on module \top_flopoco_div_we8_wf17_zynq7000_native_srt_43_f300..
  Creating internal representation of mux trees.
  Evaluating internal representation of mux trees.
  Analyzing evaluation results.
Removed 0 multiplexer ports.
<suppressed ~68 debug messages>

2.12.53. Executing OPT_REDUCE pass (consolidate $*mux and $reduce_* inputs).
  Optimizing cells in module \top_flopoco_div_we8_wf17_zynq7000_native_srt_43_f300.
Performed a total of 0 changes.

2.12.54. Executing OPT_MERGE pass (detect identical cells).
Finding identical cells in module `\top_flopoco_div_we8_wf17_zynq7000_native_srt_43_f300'.
Computing hashes of 799 cells of `\top_flopoco_div_we8_wf17_zynq7000_native_srt_43_f300'.
Finding duplicate cells in `\top_flopoco_div_we8_wf17_zynq7000_native_srt_43_f300'.
Removed a total of 0 cells.

2.12.55. Executing OPT_DFF pass (perform DFF optimizations).
Setting constant 0-bit at position 5 on $auto$ff.cc:337:slice$914 ($dff) from module top_flopoco_div_we8_wf17_zynq7000_native_srt_43_f300.
Setting constant 1-bit at position 17 on u_dut.:889 ($dff) from module top_flopoco_div_we8_wf17_zynq7000_native_srt_43_f300.
Setting constant 0-bit at position 0 on u_dut.:966 ($dff) from module top_flopoco_div_we8_wf17_zynq7000_native_srt_43_f300.
Setting constant 0-bit at position 0 on u_dut.:993 ($dff) from module top_flopoco_div_we8_wf17_zynq7000_native_srt_43_f300.
Setting constant 0-bit at position 0 on u_dut.:1017 ($dff) from module top_flopoco_div_we8_wf17_zynq7000_native_srt_43_f300.
Setting constant 0-bit at position 0 on u_dut.:1038 ($dff) from module top_flopoco_div_we8_wf17_zynq7000_native_srt_43_f300.
Setting constant 0-bit at position 0 on u_dut.:1056 ($dff) from module top_flopoco_div_we8_wf17_zynq7000_native_srt_43_f300.

2.12.56. Executing OPT_CLEAN pass (remove unused cells and wires).
Finding unused cells or wires in module \top_flopoco_div_we8_wf17_zynq7000_native_srt_43_f300..

2.12.57. Executing OPT_EXPR pass (perform const folding).
Optimizing module top_flopoco_div_we8_wf17_zynq7000_native_srt_43_f300.

2.12.58. Rerunning OPT passes. (Maybe there is more to do..)

2.12.59. Executing OPT_MUXTREE pass (detect dead branches in mux trees).
Running muxtree optimizer on module \top_flopoco_div_we8_wf17_zynq7000_native_srt_43_f300..
  Creating internal representation of mux trees.
  Evaluating internal representation of mux trees.
  Analyzing evaluation results.
Removed 0 multiplexer ports.
<suppressed ~68 debug messages>

2.12.60. Executing OPT_REDUCE pass (consolidate $*mux and $reduce_* inputs).
  Optimizing cells in module \top_flopoco_div_we8_wf17_zynq7000_native_srt_43_f300.
Performed a total of 0 changes.

2.12.61. Executing OPT_MERGE pass (detect identical cells).
Finding identical cells in module `\top_flopoco_div_we8_wf17_zynq7000_native_srt_43_f300'.
Computing hashes of 799 cells of `\top_flopoco_div_we8_wf17_zynq7000_native_srt_43_f300'.
Finding duplicate cells in `\top_flopoco_div_we8_wf17_zynq7000_native_srt_43_f300'.
Removed a total of 0 cells.

2.12.62. Executing OPT_DFF pass (perform DFF optimizations).
Setting constant 1-bit at position 17 on u_dut.:890 ($dff) from module top_flopoco_div_we8_wf17_zynq7000_native_srt_43_f300.
Setting constant 0-bit at position 0 on u_dut.:967 ($dff) from module top_flopoco_div_we8_wf17_zynq7000_native_srt_43_f300.
Setting constant 0-bit at position 0 on u_dut.:994 ($dff) from module top_flopoco_div_we8_wf17_zynq7000_native_srt_43_f300.
Setting constant 0-bit at position 0 on u_dut.:1018 ($dff) from module top_flopoco_div_we8_wf17_zynq7000_native_srt_43_f300.
Setting constant 0-bit at position 0 on u_dut.:1039 ($dff) from module top_flopoco_div_we8_wf17_zynq7000_native_srt_43_f300.
Setting constant 0-bit at position 0 on u_dut.:1057 ($dff) from module top_flopoco_div_we8_wf17_zynq7000_native_srt_43_f300.

2.12.63. Executing OPT_CLEAN pass (remove unused cells and wires).
Finding unused cells or wires in module \top_flopoco_div_we8_wf17_zynq7000_native_srt_43_f300..

2.12.64. Executing OPT_EXPR pass (perform const folding).
Optimizing module top_flopoco_div_we8_wf17_zynq7000_native_srt_43_f300.

2.12.65. Rerunning OPT passes. (Maybe there is more to do..)

2.12.66. Executing OPT_MUXTREE pass (detect dead branches in mux trees).
Running muxtree optimizer on module \top_flopoco_div_we8_wf17_zynq7000_native_srt_43_f300..
  Creating internal representation of mux trees.
  Evaluating internal representation of mux trees.
  Analyzing evaluation results.
Removed 0 multiplexer ports.
<suppressed ~68 debug messages>

2.12.67. Executing OPT_REDUCE pass (consolidate $*mux and $reduce_* inputs).
  Optimizing cells in module \top_flopoco_div_we8_wf17_zynq7000_native_srt_43_f300.
Performed a total of 0 changes.

2.12.68. Executing OPT_MERGE pass (detect identical cells).
Finding identical cells in module `\top_flopoco_div_we8_wf17_zynq7000_native_srt_43_f300'.
Computing hashes of 799 cells of `\top_flopoco_div_we8_wf17_zynq7000_native_srt_43_f300'.
Finding duplicate cells in `\top_flopoco_div_we8_wf17_zynq7000_native_srt_43_f300'.
Removed a total of 0 cells.

2.12.69. Executing OPT_DFF pass (perform DFF optimizations).
Setting constant 0-bit at position 6 on $auto$ff.cc:337:slice$922 ($dff) from module top_flopoco_div_we8_wf17_zynq7000_native_srt_43_f300.
Setting constant 1-bit at position 17 on u_dut.:891 ($dff) from module top_flopoco_div_we8_wf17_zynq7000_native_srt_43_f300.
Setting constant 0-bit at position 0 on u_dut.:968 ($dff) from module top_flopoco_div_we8_wf17_zynq7000_native_srt_43_f300.
Setting constant 0-bit at position 0 on u_dut.:995 ($dff) from module top_flopoco_div_we8_wf17_zynq7000_native_srt_43_f300.
Setting constant 0-bit at position 0 on u_dut.:1019 ($dff) from module top_flopoco_div_we8_wf17_zynq7000_native_srt_43_f300.
Setting constant 0-bit at position 0 on u_dut.:1040 ($dff) from module top_flopoco_div_we8_wf17_zynq7000_native_srt_43_f300.

2.12.70. Executing OPT_CLEAN pass (remove unused cells and wires).
Finding unused cells or wires in module \top_flopoco_div_we8_wf17_zynq7000_native_srt_43_f300..

2.12.71. Executing OPT_EXPR pass (perform const folding).
Optimizing module top_flopoco_div_we8_wf17_zynq7000_native_srt_43_f300.

2.12.72. Rerunning OPT passes. (Maybe there is more to do..)

2.12.73. Executing OPT_MUXTREE pass (detect dead branches in mux trees).
Running muxtree optimizer on module \top_flopoco_div_we8_wf17_zynq7000_native_srt_43_f300..
  Creating internal representation of mux trees.
  Evaluating internal representation of mux trees.
  Analyzing evaluation results.
Removed 0 multiplexer ports.
<suppressed ~68 debug messages>

2.12.74. Executing OPT_REDUCE pass (consolidate $*mux and $reduce_* inputs).
  Optimizing cells in module \top_flopoco_div_we8_wf17_zynq7000_native_srt_43_f300.
Performed a total of 0 changes.

2.12.75. Executing OPT_MERGE pass (detect identical cells).
Finding identical cells in module `\top_flopoco_div_we8_wf17_zynq7000_native_srt_43_f300'.
Computing hashes of 799 cells of `\top_flopoco_div_we8_wf17_zynq7000_native_srt_43_f300'.
Finding duplicate cells in `\top_flopoco_div_we8_wf17_zynq7000_native_srt_43_f300'.
Removed a total of 0 cells.

2.12.76. Executing OPT_DFF pass (perform DFF optimizations).
Setting constant 0-bit at position 7 on $auto$ff.cc:337:slice$935 ($dff) from module top_flopoco_div_we8_wf17_zynq7000_native_srt_43_f300.
Setting constant 1-bit at position 17 on u_dut.:892 ($dff) from module top_flopoco_div_we8_wf17_zynq7000_native_srt_43_f300.
Setting constant 0-bit at position 0 on u_dut.:969 ($dff) from module top_flopoco_div_we8_wf17_zynq7000_native_srt_43_f300.
Setting constant 0-bit at position 0 on u_dut.:996 ($dff) from module top_flopoco_div_we8_wf17_zynq7000_native_srt_43_f300.
Setting constant 0-bit at position 0 on u_dut.:1020 ($dff) from module top_flopoco_div_we8_wf17_zynq7000_native_srt_43_f300.

2.12.77. Executing OPT_CLEAN pass (remove unused cells and wires).
Finding unused cells or wires in module \top_flopoco_div_we8_wf17_zynq7000_native_srt_43_f300..

2.12.78. Executing OPT_EXPR pass (perform const folding).
Optimizing module top_flopoco_div_we8_wf17_zynq7000_native_srt_43_f300.

2.12.79. Rerunning OPT passes. (Maybe there is more to do..)

2.12.80. Executing OPT_MUXTREE pass (detect dead branches in mux trees).
Running muxtree optimizer on module \top_flopoco_div_we8_wf17_zynq7000_native_srt_43_f300..
  Creating internal representation of mux trees.
  Evaluating internal representation of mux trees.
  Analyzing evaluation results.
Removed 0 multiplexer ports.
<suppressed ~68 debug messages>

2.12.81. Executing OPT_REDUCE pass (consolidate $*mux and $reduce_* inputs).
  Optimizing cells in module \top_flopoco_div_we8_wf17_zynq7000_native_srt_43_f300.
Performed a total of 0 changes.

2.12.82. Executing OPT_MERGE pass (detect identical cells).
Finding identical cells in module `\top_flopoco_div_we8_wf17_zynq7000_native_srt_43_f300'.
Computing hashes of 799 cells of `\top_flopoco_div_we8_wf17_zynq7000_native_srt_43_f300'.
Finding duplicate cells in `\top_flopoco_div_we8_wf17_zynq7000_native_srt_43_f300'.
Removed a total of 0 cells.

2.12.83. Executing OPT_DFF pass (perform DFF optimizations).
Setting constant 1-bit at position 17 on u_dut.:893 ($dff) from module top_flopoco_div_we8_wf17_zynq7000_native_srt_43_f300.
Setting constant 0-bit at position 0 on u_dut.:970 ($dff) from module top_flopoco_div_we8_wf17_zynq7000_native_srt_43_f300.
Setting constant 0-bit at position 0 on u_dut.:997 ($dff) from module top_flopoco_div_we8_wf17_zynq7000_native_srt_43_f300.
Setting constant 0-bit at position 0 on u_dut.:1021 ($dff) from module top_flopoco_div_we8_wf17_zynq7000_native_srt_43_f300.

2.12.84. Executing OPT_CLEAN pass (remove unused cells and wires).
Finding unused cells or wires in module \top_flopoco_div_we8_wf17_zynq7000_native_srt_43_f300..

2.12.85. Executing OPT_EXPR pass (perform const folding).
Optimizing module top_flopoco_div_we8_wf17_zynq7000_native_srt_43_f300.

2.12.86. Rerunning OPT passes. (Maybe there is more to do..)

2.12.87. Executing OPT_MUXTREE pass (detect dead branches in mux trees).
Running muxtree optimizer on module \top_flopoco_div_we8_wf17_zynq7000_native_srt_43_f300..
  Creating internal representation of mux trees.
  Evaluating internal representation of mux trees.
  Analyzing evaluation results.
Removed 0 multiplexer ports.
<suppressed ~68 debug messages>

2.12.88. Executing OPT_REDUCE pass (consolidate $*mux and $reduce_* inputs).
  Optimizing cells in module \top_flopoco_div_we8_wf17_zynq7000_native_srt_43_f300.
Performed a total of 0 changes.

2.12.89. Executing OPT_MERGE pass (detect identical cells).
Finding identical cells in module `\top_flopoco_div_we8_wf17_zynq7000_native_srt_43_f300'.
Computing hashes of 799 cells of `\top_flopoco_div_we8_wf17_zynq7000_native_srt_43_f300'.
Finding duplicate cells in `\top_flopoco_div_we8_wf17_zynq7000_native_srt_43_f300'.
Removed a total of 0 cells.

2.12.90. Executing OPT_DFF pass (perform DFF optimizations).
Setting constant 0-bit at position 8 on $auto$ff.cc:337:slice$941 ($dff) from module top_flopoco_div_we8_wf17_zynq7000_native_srt_43_f300.
Setting constant 1-bit at position 17 on u_dut.:894 ($dff) from module top_flopoco_div_we8_wf17_zynq7000_native_srt_43_f300.
Setting constant 0-bit at position 0 on u_dut.:971 ($dff) from module top_flopoco_div_we8_wf17_zynq7000_native_srt_43_f300.
Setting constant 0-bit at position 0 on u_dut.:998 ($dff) from module top_flopoco_div_we8_wf17_zynq7000_native_srt_43_f300.

2.12.91. Executing OPT_CLEAN pass (remove unused cells and wires).
Finding unused cells or wires in module \top_flopoco_div_we8_wf17_zynq7000_native_srt_43_f300..

2.12.92. Executing OPT_EXPR pass (perform const folding).
Optimizing module top_flopoco_div_we8_wf17_zynq7000_native_srt_43_f300.

2.12.93. Rerunning OPT passes. (Maybe there is more to do..)

2.12.94. Executing OPT_MUXTREE pass (detect dead branches in mux trees).
Running muxtree optimizer on module \top_flopoco_div_we8_wf17_zynq7000_native_srt_43_f300..
  Creating internal representation of mux trees.
  Evaluating internal representation of mux trees.
  Analyzing evaluation results.
Removed 0 multiplexer ports.
<suppressed ~68 debug messages>

2.12.95. Executing OPT_REDUCE pass (consolidate $*mux and $reduce_* inputs).
  Optimizing cells in module \top_flopoco_div_we8_wf17_zynq7000_native_srt_43_f300.
Performed a total of 0 changes.

2.12.96. Executing OPT_MERGE pass (detect identical cells).
Finding identical cells in module `\top_flopoco_div_we8_wf17_zynq7000_native_srt_43_f300'.
Computing hashes of 799 cells of `\top_flopoco_div_we8_wf17_zynq7000_native_srt_43_f300'.
Finding duplicate cells in `\top_flopoco_div_we8_wf17_zynq7000_native_srt_43_f300'.
Removed a total of 0 cells.

2.12.97. Executing OPT_DFF pass (perform DFF optimizations).
Setting constant 0-bit at position 9 on $auto$ff.cc:337:slice$950 ($dff) from module top_flopoco_div_we8_wf17_zynq7000_native_srt_43_f300.
Setting constant 1-bit at position 17 on u_dut.:895 ($dff) from module top_flopoco_div_we8_wf17_zynq7000_native_srt_43_f300.
Setting constant 0-bit at position 0 on u_dut.:972 ($dff) from module top_flopoco_div_we8_wf17_zynq7000_native_srt_43_f300.

2.12.98. Executing OPT_CLEAN pass (remove unused cells and wires).
Finding unused cells or wires in module \top_flopoco_div_we8_wf17_zynq7000_native_srt_43_f300..

2.12.99. Executing OPT_EXPR pass (perform const folding).
Optimizing module top_flopoco_div_we8_wf17_zynq7000_native_srt_43_f300.

2.12.100. Rerunning OPT passes. (Maybe there is more to do..)

2.12.101. Executing OPT_MUXTREE pass (detect dead branches in mux trees).
Running muxtree optimizer on module \top_flopoco_div_we8_wf17_zynq7000_native_srt_43_f300..
  Creating internal representation of mux trees.
  Evaluating internal representation of mux trees.
  Analyzing evaluation results.
Removed 0 multiplexer ports.
<suppressed ~68 debug messages>

2.12.102. Executing OPT_REDUCE pass (consolidate $*mux and $reduce_* inputs).
  Optimizing cells in module \top_flopoco_div_we8_wf17_zynq7000_native_srt_43_f300.
Performed a total of 0 changes.

2.12.103. Executing OPT_MERGE pass (detect identical cells).
Finding identical cells in module `\top_flopoco_div_we8_wf17_zynq7000_native_srt_43_f300'.
Computing hashes of 799 cells of `\top_flopoco_div_we8_wf17_zynq7000_native_srt_43_f300'.
Finding duplicate cells in `\top_flopoco_div_we8_wf17_zynq7000_native_srt_43_f300'.
Removed a total of 0 cells.

2.12.104. Executing OPT_DFF pass (perform DFF optimizations).
Setting constant 0-bit at position 0 on u_dut.:973 ($dff) from module top_flopoco_div_we8_wf17_zynq7000_native_srt_43_f300.

2.12.105. Executing OPT_CLEAN pass (remove unused cells and wires).
Finding unused cells or wires in module \top_flopoco_div_we8_wf17_zynq7000_native_srt_43_f300..
Removed 15 unused cells and 0 unused wires.
<suppressed ~15 debug messages>

2.12.106. Executing OPT_EXPR pass (perform const folding).
Optimizing module top_flopoco_div_we8_wf17_zynq7000_native_srt_43_f300.

2.12.107. Rerunning OPT passes. (Maybe there is more to do..)

2.12.108. Executing OPT_MUXTREE pass (detect dead branches in mux trees).
Running muxtree optimizer on module \top_flopoco_div_we8_wf17_zynq7000_native_srt_43_f300..
  Creating internal representation of mux trees.
  Evaluating internal representation of mux trees.
  Analyzing evaluation results.
Removed 0 multiplexer ports.
<suppressed ~68 debug messages>

2.12.109. Executing OPT_REDUCE pass (consolidate $*mux and $reduce_* inputs).
  Optimizing cells in module \top_flopoco_div_we8_wf17_zynq7000_native_srt_43_f300.
Performed a total of 0 changes.

2.12.110. Executing OPT_MERGE pass (detect identical cells).
Finding identical cells in module `\top_flopoco_div_we8_wf17_zynq7000_native_srt_43_f300'.
Computing hashes of 784 cells of `\top_flopoco_div_we8_wf17_zynq7000_native_srt_43_f300'.
Finding duplicate cells in `\top_flopoco_div_we8_wf17_zynq7000_native_srt_43_f300'.
Removed a total of 0 cells.

2.12.111. Executing OPT_DFF pass (perform DFF optimizations).
Setting constant 0-bit at position 10 on $auto$ff.cc:337:slice$954 ($dff) from module top_flopoco_div_we8_wf17_zynq7000_native_srt_43_f300.

2.12.112. Executing OPT_CLEAN pass (remove unused cells and wires).
Finding unused cells or wires in module \top_flopoco_div_we8_wf17_zynq7000_native_srt_43_f300..

2.12.113. Executing OPT_EXPR pass (perform const folding).
Optimizing module top_flopoco_div_we8_wf17_zynq7000_native_srt_43_f300.

2.12.114. Rerunning OPT passes. (Maybe there is more to do..)

2.12.115. Executing OPT_MUXTREE pass (detect dead branches in mux trees).
Running muxtree optimizer on module \top_flopoco_div_we8_wf17_zynq7000_native_srt_43_f300..
  Creating internal representation of mux trees.
  Evaluating internal representation of mux trees.
  Analyzing evaluation results.
Removed 0 multiplexer ports.
<suppressed ~68 debug messages>

2.12.116. Executing OPT_REDUCE pass (consolidate $*mux and $reduce_* inputs).
  Optimizing cells in module \top_flopoco_div_we8_wf17_zynq7000_native_srt_43_f300.
Performed a total of 0 changes.

2.12.117. Executing OPT_MERGE pass (detect identical cells).
Finding identical cells in module `\top_flopoco_div_we8_wf17_zynq7000_native_srt_43_f300'.
Computing hashes of 784 cells of `\top_flopoco_div_we8_wf17_zynq7000_native_srt_43_f300'.
Finding duplicate cells in `\top_flopoco_div_we8_wf17_zynq7000_native_srt_43_f300'.
Removed a total of 0 cells.

2.12.118. Executing OPT_DFF pass (perform DFF optimizations).

2.12.119. Executing OPT_CLEAN pass (remove unused cells and wires).
Finding unused cells or wires in module \top_flopoco_div_we8_wf17_zynq7000_native_srt_43_f300..

2.12.120. Executing OPT_EXPR pass (perform const folding).
Optimizing module top_flopoco_div_we8_wf17_zynq7000_native_srt_43_f300.

2.12.121. Finished fast OPT passes. (There is nothing left to do.)

2.13. Executing FSM pass (extract and optimize FSM).

2.13.1. Executing FSM_DETECT pass (finding FSMs in design).
Not marking top_flopoco_div_we8_wf17_zynq7000_native_srt_43_f300.u_dut.qp4_d1 as FSM state register:
    Users of register don't seem to benefit from recoding.
Not marking top_flopoco_div_we8_wf17_zynq7000_native_srt_43_f300.u_dut.qp2_d1 as FSM state register:
    Users of register don't seem to benefit from recoding.
Not marking top_flopoco_div_we8_wf17_zynq7000_native_srt_43_f300.u_dut.qp6_d1 as FSM state register:
    Users of register don't seem to benefit from recoding.
Not marking top_flopoco_div_we8_wf17_zynq7000_native_srt_43_f300.u_dut.qp8_d1 as FSM state register:
    Users of register don't seem to benefit from recoding.
Not marking top_flopoco_div_we8_wf17_zynq7000_native_srt_43_f300.u_dut.qp10_d1 as FSM state register:
    Users of register don't seem to benefit from recoding.
Not marking top_flopoco_div_we8_wf17_zynq7000_native_srt_43_f300.u_dut.q1 as FSM state register:
    Users of register don't seem to benefit from recoding.
Not marking top_flopoco_div_we8_wf17_zynq7000_native_srt_43_f300.u_dut.q2_d1 as FSM state register:
    Users of register don't seem to benefit from recoding.
Not marking top_flopoco_div_we8_wf17_zynq7000_native_srt_43_f300.u_dut.q3 as FSM state register:
    Users of register don't seem to benefit from recoding.
Not marking top_flopoco_div_we8_wf17_zynq7000_native_srt_43_f300.u_dut.q4_d1 as FSM state register:
    Users of register don't seem to benefit from recoding.
Not marking top_flopoco_div_we8_wf17_zynq7000_native_srt_43_f300.u_dut.q5 as FSM state register:
    Users of register don't seem to benefit from recoding.
Not marking top_flopoco_div_we8_wf17_zynq7000_native_srt_43_f300.u_dut.q6_d1 as FSM state register:
    Users of register don't seem to benefit from recoding.
Not marking top_flopoco_div_we8_wf17_zynq7000_native_srt_43_f300.u_dut.q7 as FSM state register:
    Users of register don't seem to benefit from recoding.
Not marking top_flopoco_div_we8_wf17_zynq7000_native_srt_43_f300.u_dut.q8_d1 as FSM state register:
    Users of register don't seem to benefit from recoding.
Not marking top_flopoco_div_we8_wf17_zynq7000_native_srt_43_f300.u_dut.q9 as FSM state register:
    Users of register don't seem to benefit from recoding.
Not marking top_flopoco_div_we8_wf17_zynq7000_native_srt_43_f300.u_dut.q10_d1 as FSM state register:
    Users of register don't seem to benefit from recoding.
Not marking top_flopoco_div_we8_wf17_zynq7000_native_srt_43_f300.u_dut.exnr0_d1 as FSM state register:
    Users of register don't seem to benefit from recoding.

2.13.2. Executing FSM_EXTRACT pass (extracting FSM from design).

2.13.3. Executing FSM_OPT pass (simple optimizations of FSMs).

2.13.4. Executing OPT_CLEAN pass (remove unused cells and wires).
Finding unused cells or wires in module \top_flopoco_div_we8_wf17_zynq7000_native_srt_43_f300..

2.13.5. Executing FSM_OPT pass (simple optimizations of FSMs).

2.13.6. Executing FSM_RECODE pass (re-assigning FSM state encoding).

2.13.7. Executing FSM_INFO pass (dumping all available information on FSM cells).

2.13.8. Executing FSM_MAP pass (mapping FSMs to basic logic).

2.14. Executing OPT pass (performing simple optimizations).

2.14.1. Executing OPT_EXPR pass (perform const folding).
Optimizing module top_flopoco_div_we8_wf17_zynq7000_native_srt_43_f300.

2.14.2. Executing OPT_MERGE pass (detect identical cells).
Finding identical cells in module `\top_flopoco_div_we8_wf17_zynq7000_native_srt_43_f300'.
Computing hashes of 784 cells of `\top_flopoco_div_we8_wf17_zynq7000_native_srt_43_f300'.
Finding duplicate cells in `\top_flopoco_div_we8_wf17_zynq7000_native_srt_43_f300'.
Removed a total of 0 cells.

2.14.3. Executing OPT_MUXTREE pass (detect dead branches in mux trees).
Running muxtree optimizer on module \top_flopoco_div_we8_wf17_zynq7000_native_srt_43_f300..
  Creating internal representation of mux trees.
  Evaluating internal representation of mux trees.
  Analyzing evaluation results.
Removed 0 multiplexer ports.
<suppressed ~68 debug messages>

2.14.4. Executing OPT_REDUCE pass (consolidate $*mux and $reduce_* inputs).
  Optimizing cells in module \top_flopoco_div_we8_wf17_zynq7000_native_srt_43_f300.
Performed a total of 0 changes.

2.14.5. Executing OPT_MERGE pass (detect identical cells).
Finding identical cells in module `\top_flopoco_div_we8_wf17_zynq7000_native_srt_43_f300'.
Computing hashes of 784 cells of `\top_flopoco_div_we8_wf17_zynq7000_native_srt_43_f300'.
Finding duplicate cells in `\top_flopoco_div_we8_wf17_zynq7000_native_srt_43_f300'.
Removed a total of 0 cells.

2.14.6. Executing OPT_DFF pass (perform DFF optimizations).

2.14.7. Executing OPT_CLEAN pass (remove unused cells and wires).
Finding unused cells or wires in module \top_flopoco_div_we8_wf17_zynq7000_native_srt_43_f300..

2.14.8. Executing OPT_EXPR pass (perform const folding).
Optimizing module top_flopoco_div_we8_wf17_zynq7000_native_srt_43_f300.

2.14.9. Finished fast OPT passes. (There is nothing left to do.)

2.15. Executing WREDUCE pass (reducing word size of cells).
Removed top 4 bits (of 5) from port B of cell top_flopoco_div_we8_wf17_zynq7000_native_srt_43_f300.u_dut.selfunctiontable1.:1104 ($eq).
Removed top 3 bits (of 5) from port B of cell top_flopoco_div_we8_wf17_zynq7000_native_srt_43_f300.u_dut.selfunctiontable1.:1107 ($eq).
Removed top 3 bits (of 5) from port B of cell top_flopoco_div_we8_wf17_zynq7000_native_srt_43_f300.u_dut.selfunctiontable1.:1110 ($eq).
Removed top 2 bits (of 5) from port B of cell top_flopoco_div_we8_wf17_zynq7000_native_srt_43_f300.u_dut.selfunctiontable1.:1113 ($eq).
Removed top 2 bits (of 5) from port B of cell top_flopoco_div_we8_wf17_zynq7000_native_srt_43_f300.u_dut.selfunctiontable1.:1116 ($eq).
Removed top 2 bits (of 5) from port B of cell top_flopoco_div_we8_wf17_zynq7000_native_srt_43_f300.u_dut.selfunctiontable1.:1119 ($eq).
Removed top 2 bits (of 5) from port B of cell top_flopoco_div_we8_wf17_zynq7000_native_srt_43_f300.u_dut.selfunctiontable1.:1122 ($eq).
Removed top 1 bits (of 5) from port B of cell top_flopoco_div_we8_wf17_zynq7000_native_srt_43_f300.u_dut.selfunctiontable1.:1125 ($eq).
Removed top 1 bits (of 5) from port B of cell top_flopoco_div_we8_wf17_zynq7000_native_srt_43_f300.u_dut.selfunctiontable1.:1128 ($eq).
Removed top 1 bits (of 5) from port B of cell top_flopoco_div_we8_wf17_zynq7000_native_srt_43_f300.u_dut.selfunctiontable1.:1131 ($eq).
Removed top 1 bits (of 5) from port B of cell top_flopoco_div_we8_wf17_zynq7000_native_srt_43_f300.u_dut.selfunctiontable1.:1134 ($eq).
Removed top 1 bits (of 5) from port B of cell top_flopoco_div_we8_wf17_zynq7000_native_srt_43_f300.u_dut.selfunctiontable1.:1137 ($eq).
Removed top 1 bits (of 5) from port B of cell top_flopoco_div_we8_wf17_zynq7000_native_srt_43_f300.u_dut.selfunctiontable1.:1140 ($eq).
Removed top 1 bits (of 5) from port B of cell top_flopoco_div_we8_wf17_zynq7000_native_srt_43_f300.u_dut.selfunctiontable1.:1143 ($eq).
Removed top 1 bits (of 5) from port B of cell top_flopoco_div_we8_wf17_zynq7000_native_srt_43_f300.u_dut.selfunctiontable1.:1146 ($eq).
Removed top 4 bits (of 5) from port B of cell top_flopoco_div_we8_wf17_zynq7000_native_srt_43_f300.u_dut.selfunctiontable2.:1104 ($eq).
Removed top 3 bits (of 5) from port B of cell top_flopoco_div_we8_wf17_zynq7000_native_srt_43_f300.u_dut.selfunctiontable2.:1107 ($eq).
Removed top 3 bits (of 5) from port B of cell top_flopoco_div_we8_wf17_zynq7000_native_srt_43_f300.u_dut.selfunctiontable2.:1110 ($eq).
Removed top 2 bits (of 5) from port B of cell top_flopoco_div_we8_wf17_zynq7000_native_srt_43_f300.u_dut.selfunctiontable2.:1113 ($eq).
Removed top 2 bits (of 5) from port B of cell top_flopoco_div_we8_wf17_zynq7000_native_srt_43_f300.u_dut.selfunctiontable2.:1116 ($eq).
Removed top 2 bits (of 5) from port B of cell top_flopoco_div_we8_wf17_zynq7000_native_srt_43_f300.u_dut.selfunctiontable2.:1119 ($eq).
Removed top 2 bits (of 5) from port B of cell top_flopoco_div_we8_wf17_zynq7000_native_srt_43_f300.u_dut.selfunctiontable2.:1122 ($eq).
Removed top 1 bits (of 5) from port B of cell top_flopoco_div_we8_wf17_zynq7000_native_srt_43_f300.u_dut.selfunctiontable2.:1125 ($eq).
Removed top 1 bits (of 5) from port B of cell top_flopoco_div_we8_wf17_zynq7000_native_srt_43_f300.u_dut.selfunctiontable2.:1128 ($eq).
Removed top 1 bits (of 5) from port B of cell top_flopoco_div_we8_wf17_zynq7000_native_srt_43_f300.u_dut.selfunctiontable2.:1131 ($eq).
Removed top 1 bits (of 5) from port B of cell top_flopoco_div_we8_wf17_zynq7000_native_srt_43_f300.u_dut.selfunctiontable2.:1134 ($eq).
Removed top 1 bits (of 5) from port B of cell top_flopoco_div_we8_wf17_zynq7000_native_srt_43_f300.u_dut.selfunctiontable2.:1137 ($eq).
Removed top 1 bits (of 5) from port B of cell top_flopoco_div_we8_wf17_zynq7000_native_srt_43_f300.u_dut.selfunctiontable2.:1140 ($eq).
Removed top 1 bits (of 5) from port B of cell top_flopoco_div_we8_wf17_zynq7000_native_srt_43_f300.u_dut.selfunctiontable2.:1143 ($eq).
Removed top 1 bits (of 5) from port B of cell top_flopoco_div_we8_wf17_zynq7000_native_srt_43_f300.u_dut.selfunctiontable2.:1146 ($eq).
Removed top 4 bits (of 5) from port B of cell top_flopoco_div_we8_wf17_zynq7000_native_srt_43_f300.u_dut.selfunctiontable3.:1104 ($eq).
Removed top 3 bits (of 5) from port B of cell top_flopoco_div_we8_wf17_zynq7000_native_srt_43_f300.u_dut.selfunctiontable3.:1107 ($eq).
Removed top 3 bits (of 5) from port B of cell top_flopoco_div_we8_wf17_zynq7000_native_srt_43_f300.u_dut.selfunctiontable3.:1110 ($eq).
Removed top 2 bits (of 5) from port B of cell top_flopoco_div_we8_wf17_zynq7000_native_srt_43_f300.u_dut.selfunctiontable3.:1113 ($eq).
Removed top 2 bits (of 5) from port B of cell top_flopoco_div_we8_wf17_zynq7000_native_srt_43_f300.u_dut.selfunctiontable3.:1116 ($eq).
Removed top 2 bits (of 5) from port B of cell top_flopoco_div_we8_wf17_zynq7000_native_srt_43_f300.u_dut.selfunctiontable3.:1119 ($eq).
Removed top 2 bits (of 5) from port B of cell top_flopoco_div_we8_wf17_zynq7000_native_srt_43_f300.u_dut.selfunctiontable3.:1122 ($eq).
Removed top 1 bits (of 5) from port B of cell top_flopoco_div_we8_wf17_zynq7000_native_srt_43_f300.u_dut.selfunctiontable3.:1125 ($eq).
Removed top 1 bits (of 5) from port B of cell top_flopoco_div_we8_wf17_zynq7000_native_srt_43_f300.u_dut.selfunctiontable3.:1128 ($eq).
Removed top 1 bits (of 5) from port B of cell top_flopoco_div_we8_wf17_zynq7000_native_srt_43_f300.u_dut.selfunctiontable3.:1131 ($eq).
Removed top 1 bits (of 5) from port B of cell top_flopoco_div_we8_wf17_zynq7000_native_srt_43_f300.u_dut.selfunctiontable3.:1134 ($eq).
Removed top 1 bits (of 5) from port B of cell top_flopoco_div_we8_wf17_zynq7000_native_srt_43_f300.u_dut.selfunctiontable3.:1137 ($eq).
Removed top 1 bits (of 5) from port B of cell top_flopoco_div_we8_wf17_zynq7000_native_srt_43_f300.u_dut.selfunctiontable3.:1140 ($eq).
Removed top 1 bits (of 5) from port B of cell top_flopoco_div_we8_wf17_zynq7000_native_srt_43_f300.u_dut.selfunctiontable3.:1143 ($eq).
Removed top 1 bits (of 5) from port B of cell top_flopoco_div_we8_wf17_zynq7000_native_srt_43_f300.u_dut.selfunctiontable3.:1146 ($eq).
Removed top 4 bits (of 5) from port B of cell top_flopoco_div_we8_wf17_zynq7000_native_srt_43_f300.u_dut.selfunctiontable4.:1104 ($eq).
Removed top 3 bits (of 5) from port B of cell top_flopoco_div_we8_wf17_zynq7000_native_srt_43_f300.u_dut.selfunctiontable4.:1107 ($eq).
Removed top 3 bits (of 5) from port B of cell top_flopoco_div_we8_wf17_zynq7000_native_srt_43_f300.u_dut.selfunctiontable4.:1110 ($eq).
Removed top 2 bits (of 5) from port B of cell top_flopoco_div_we8_wf17_zynq7000_native_srt_43_f300.u_dut.selfunctiontable4.:1113 ($eq).
Removed top 2 bits (of 5) from port B of cell top_flopoco_div_we8_wf17_zynq7000_native_srt_43_f300.u_dut.selfunctiontable4.:1116 ($eq).
Removed top 2 bits (of 5) from port B of cell top_flopoco_div_we8_wf17_zynq7000_native_srt_43_f300.u_dut.selfunctiontable4.:1119 ($eq).
Removed top 2 bits (of 5) from port B of cell top_flopoco_div_we8_wf17_zynq7000_native_srt_43_f300.u_dut.selfunctiontable4.:1122 ($eq).
Removed top 1 bits (of 5) from port B of cell top_flopoco_div_we8_wf17_zynq7000_native_srt_43_f300.u_dut.selfunctiontable4.:1125 ($eq).
Removed top 1 bits (of 5) from port B of cell top_flopoco_div_we8_wf17_zynq7000_native_srt_43_f300.u_dut.selfunctiontable4.:1128 ($eq).
Removed top 1 bits (of 5) from port B of cell top_flopoco_div_we8_wf17_zynq7000_native_srt_43_f300.u_dut.selfunctiontable4.:1131 ($eq).
Removed top 1 bits (of 5) from port B of cell top_flopoco_div_we8_wf17_zynq7000_native_srt_43_f300.u_dut.selfunctiontable4.:1134 ($eq).
Removed top 1 bits (of 5) from port B of cell top_flopoco_div_we8_wf17_zynq7000_native_srt_43_f300.u_dut.selfunctiontable4.:1137 ($eq).
Removed top 1 bits (of 5) from port B of cell top_flopoco_div_we8_wf17_zynq7000_native_srt_43_f300.u_dut.selfunctiontable4.:1140 ($eq).
Removed top 1 bits (of 5) from port B of cell top_flopoco_div_we8_wf17_zynq7000_native_srt_43_f300.u_dut.selfunctiontable4.:1143 ($eq).
Removed top 1 bits (of 5) from port B of cell top_flopoco_div_we8_wf17_zynq7000_native_srt_43_f300.u_dut.selfunctiontable4.:1146 ($eq).
Removed top 4 bits (of 5) from port B of cell top_flopoco_div_we8_wf17_zynq7000_native_srt_43_f300.u_dut.selfunctiontable5.:1104 ($eq).
Removed top 3 bits (of 5) from port B of cell top_flopoco_div_we8_wf17_zynq7000_native_srt_43_f300.u_dut.selfunctiontable5.:1107 ($eq).
Removed top 3 bits (of 5) from port B of cell top_flopoco_div_we8_wf17_zynq7000_native_srt_43_f300.u_dut.selfunctiontable5.:1110 ($eq).
Removed top 2 bits (of 5) from port B of cell top_flopoco_div_we8_wf17_zynq7000_native_srt_43_f300.u_dut.selfunctiontable5.:1113 ($eq).
Removed top 2 bits (of 5) from port B of cell top_flopoco_div_we8_wf17_zynq7000_native_srt_43_f300.u_dut.selfunctiontable5.:1116 ($eq).
Removed top 2 bits (of 5) from port B of cell top_flopoco_div_we8_wf17_zynq7000_native_srt_43_f300.u_dut.selfunctiontable5.:1119 ($eq).
Removed top 2 bits (of 5) from port B of cell top_flopoco_div_we8_wf17_zynq7000_native_srt_43_f300.u_dut.selfunctiontable5.:1122 ($eq).
Removed top 1 bits (of 5) from port B of cell top_flopoco_div_we8_wf17_zynq7000_native_srt_43_f300.u_dut.selfunctiontable5.:1125 ($eq).
Removed top 1 bits (of 5) from port B of cell top_flopoco_div_we8_wf17_zynq7000_native_srt_43_f300.u_dut.selfunctiontable5.:1128 ($eq).
Removed top 1 bits (of 5) from port B of cell top_flopoco_div_we8_wf17_zynq7000_native_srt_43_f300.u_dut.selfunctiontable5.:1131 ($eq).
Removed top 1 bits (of 5) from port B of cell top_flopoco_div_we8_wf17_zynq7000_native_srt_43_f300.u_dut.selfunctiontable5.:1134 ($eq).
Removed top 1 bits (of 5) from port B of cell top_flopoco_div_we8_wf17_zynq7000_native_srt_43_f300.u_dut.selfunctiontable5.:1137 ($eq).
Removed top 1 bits (of 5) from port B of cell top_flopoco_div_we8_wf17_zynq7000_native_srt_43_f300.u_dut.selfunctiontable5.:1140 ($eq).
Removed top 1 bits (of 5) from port B of cell top_flopoco_div_we8_wf17_zynq7000_native_srt_43_f300.u_dut.selfunctiontable5.:1143 ($eq).
Removed top 1 bits (of 5) from port B of cell top_flopoco_div_we8_wf17_zynq7000_native_srt_43_f300.u_dut.selfunctiontable5.:1146 ($eq).
Removed top 4 bits (of 5) from port B of cell top_flopoco_div_we8_wf17_zynq7000_native_srt_43_f300.u_dut.selfunctiontable6.:1104 ($eq).
Removed top 3 bits (of 5) from port B of cell top_flopoco_div_we8_wf17_zynq7000_native_srt_43_f300.u_dut.selfunctiontable6.:1107 ($eq).
Removed top 3 bits (of 5) from port B of cell top_flopoco_div_we8_wf17_zynq7000_native_srt_43_f300.u_dut.selfunctiontable6.:1110 ($eq).
Removed top 2 bits (of 5) from port B of cell top_flopoco_div_we8_wf17_zynq7000_native_srt_43_f300.u_dut.selfunctiontable6.:1113 ($eq).
Removed top 2 bits (of 5) from port B of cell top_flopoco_div_we8_wf17_zynq7000_native_srt_43_f300.u_dut.selfunctiontable6.:1116 ($eq).
Removed top 2 bits (of 5) from port B of cell top_flopoco_div_we8_wf17_zynq7000_native_srt_43_f300.u_dut.selfunctiontable6.:1119 ($eq).
Removed top 2 bits (of 5) from port B of cell top_flopoco_div_we8_wf17_zynq7000_native_srt_43_f300.u_dut.selfunctiontable6.:1122 ($eq).
Removed top 1 bits (of 5) from port B of cell top_flopoco_div_we8_wf17_zynq7000_native_srt_43_f300.u_dut.selfunctiontable6.:1125 ($eq).
Removed top 1 bits (of 5) from port B of cell top_flopoco_div_we8_wf17_zynq7000_native_srt_43_f300.u_dut.selfunctiontable6.:1128 ($eq).
Removed top 1 bits (of 5) from port B of cell top_flopoco_div_we8_wf17_zynq7000_native_srt_43_f300.u_dut.selfunctiontable6.:1131 ($eq).
Removed top 1 bits (of 5) from port B of cell top_flopoco_div_we8_wf17_zynq7000_native_srt_43_f300.u_dut.selfunctiontable6.:1134 ($eq).
Removed top 1 bits (of 5) from port B of cell top_flopoco_div_we8_wf17_zynq7000_native_srt_43_f300.u_dut.selfunctiontable6.:1137 ($eq).
Removed top 1 bits (of 5) from port B of cell top_flopoco_div_we8_wf17_zynq7000_native_srt_43_f300.u_dut.selfunctiontable6.:1140 ($eq).
Removed top 1 bits (of 5) from port B of cell top_flopoco_div_we8_wf17_zynq7000_native_srt_43_f300.u_dut.selfunctiontable6.:1143 ($eq).
Removed top 1 bits (of 5) from port B of cell top_flopoco_div_we8_wf17_zynq7000_native_srt_43_f300.u_dut.selfunctiontable6.:1146 ($eq).
Removed top 4 bits (of 5) from port B of cell top_flopoco_div_we8_wf17_zynq7000_native_srt_43_f300.u_dut.selfunctiontable7.:1104 ($eq).
Removed top 3 bits (of 5) from port B of cell top_flopoco_div_we8_wf17_zynq7000_native_srt_43_f300.u_dut.selfunctiontable7.:1107 ($eq).
Removed top 3 bits (of 5) from port B of cell top_flopoco_div_we8_wf17_zynq7000_native_srt_43_f300.u_dut.selfunctiontable7.:1110 ($eq).
Removed top 2 bits (of 5) from port B of cell top_flopoco_div_we8_wf17_zynq7000_native_srt_43_f300.u_dut.selfunctiontable7.:1113 ($eq).
Removed top 2 bits (of 5) from port B of cell top_flopoco_div_we8_wf17_zynq7000_native_srt_43_f300.u_dut.selfunctiontable7.:1116 ($eq).
Removed top 2 bits (of 5) from port B of cell top_flopoco_div_we8_wf17_zynq7000_native_srt_43_f300.u_dut.selfunctiontable7.:1119 ($eq).
Removed top 2 bits (of 5) from port B of cell top_flopoco_div_we8_wf17_zynq7000_native_srt_43_f300.u_dut.selfunctiontable7.:1122 ($eq).
Removed top 1 bits (of 5) from port B of cell top_flopoco_div_we8_wf17_zynq7000_native_srt_43_f300.u_dut.selfunctiontable7.:1125 ($eq).
Removed top 1 bits (of 5) from port B of cell top_flopoco_div_we8_wf17_zynq7000_native_srt_43_f300.u_dut.selfunctiontable7.:1128 ($eq).
Removed top 1 bits (of 5) from port B of cell top_flopoco_div_we8_wf17_zynq7000_native_srt_43_f300.u_dut.selfunctiontable7.:1131 ($eq).
Removed top 1 bits (of 5) from port B of cell top_flopoco_div_we8_wf17_zynq7000_native_srt_43_f300.u_dut.selfunctiontable7.:1134 ($eq).
Removed top 1 bits (of 5) from port B of cell top_flopoco_div_we8_wf17_zynq7000_native_srt_43_f300.u_dut.selfunctiontable7.:1137 ($eq).
Removed top 1 bits (of 5) from port B of cell top_flopoco_div_we8_wf17_zynq7000_native_srt_43_f300.u_dut.selfunctiontable7.:1140 ($eq).
Removed top 1 bits (of 5) from port B of cell top_flopoco_div_we8_wf17_zynq7000_native_srt_43_f300.u_dut.selfunctiontable7.:1143 ($eq).
Removed top 1 bits (of 5) from port B of cell top_flopoco_div_we8_wf17_zynq7000_native_srt_43_f300.u_dut.selfunctiontable7.:1146 ($eq).
Removed top 4 bits (of 5) from port B of cell top_flopoco_div_we8_wf17_zynq7000_native_srt_43_f300.u_dut.selfunctiontable8.:1104 ($eq).
Removed top 3 bits (of 5) from port B of cell top_flopoco_div_we8_wf17_zynq7000_native_srt_43_f300.u_dut.selfunctiontable8.:1107 ($eq).
Removed top 3 bits (of 5) from port B of cell top_flopoco_div_we8_wf17_zynq7000_native_srt_43_f300.u_dut.selfunctiontable8.:1110 ($eq).
Removed top 2 bits (of 5) from port B of cell top_flopoco_div_we8_wf17_zynq7000_native_srt_43_f300.u_dut.selfunctiontable8.:1113 ($eq).
Removed top 2 bits (of 5) from port B of cell top_flopoco_div_we8_wf17_zynq7000_native_srt_43_f300.u_dut.selfunctiontable8.:1116 ($eq).
Removed top 2 bits (of 5) from port B of cell top_flopoco_div_we8_wf17_zynq7000_native_srt_43_f300.u_dut.selfunctiontable8.:1119 ($eq).
Removed top 2 bits (of 5) from port B of cell top_flopoco_div_we8_wf17_zynq7000_native_srt_43_f300.u_dut.selfunctiontable8.:1122 ($eq).
Removed top 1 bits (of 5) from port B of cell top_flopoco_div_we8_wf17_zynq7000_native_srt_43_f300.u_dut.selfunctiontable8.:1125 ($eq).
Removed top 1 bits (of 5) from port B of cell top_flopoco_div_we8_wf17_zynq7000_native_srt_43_f300.u_dut.selfunctiontable8.:1128 ($eq).
Removed top 1 bits (of 5) from port B of cell top_flopoco_div_we8_wf17_zynq7000_native_srt_43_f300.u_dut.selfunctiontable8.:1131 ($eq).
Removed top 1 bits (of 5) from port B of cell top_flopoco_div_we8_wf17_zynq7000_native_srt_43_f300.u_dut.selfunctiontable8.:1134 ($eq).
Removed top 1 bits (of 5) from port B of cell top_flopoco_div_we8_wf17_zynq7000_native_srt_43_f300.u_dut.selfunctiontable8.:1137 ($eq).
Removed top 1 bits (of 5) from port B of cell top_flopoco_div_we8_wf17_zynq7000_native_srt_43_f300.u_dut.selfunctiontable8.:1140 ($eq).
Removed top 1 bits (of 5) from port B of cell top_flopoco_div_we8_wf17_zynq7000_native_srt_43_f300.u_dut.selfunctiontable8.:1143 ($eq).
Removed top 1 bits (of 5) from port B of cell top_flopoco_div_we8_wf17_zynq7000_native_srt_43_f300.u_dut.selfunctiontable8.:1146 ($eq).
Removed top 4 bits (of 5) from port B of cell top_flopoco_div_we8_wf17_zynq7000_native_srt_43_f300.u_dut.selfunctiontable9.:1104 ($eq).
Removed top 3 bits (of 5) from port B of cell top_flopoco_div_we8_wf17_zynq7000_native_srt_43_f300.u_dut.selfunctiontable9.:1107 ($eq).
Removed top 3 bits (of 5) from port B of cell top_flopoco_div_we8_wf17_zynq7000_native_srt_43_f300.u_dut.selfunctiontable9.:1110 ($eq).
Removed top 2 bits (of 5) from port B of cell top_flopoco_div_we8_wf17_zynq7000_native_srt_43_f300.u_dut.selfunctiontable9.:1113 ($eq).
Removed top 2 bits (of 5) from port B of cell top_flopoco_div_we8_wf17_zynq7000_native_srt_43_f300.u_dut.selfunctiontable9.:1116 ($eq).
Removed top 2 bits (of 5) from port B of cell top_flopoco_div_we8_wf17_zynq7000_native_srt_43_f300.u_dut.selfunctiontable9.:1119 ($eq).
Removed top 2 bits (of 5) from port B of cell top_flopoco_div_we8_wf17_zynq7000_native_srt_43_f300.u_dut.selfunctiontable9.:1122 ($eq).
Removed top 1 bits (of 5) from port B of cell top_flopoco_div_we8_wf17_zynq7000_native_srt_43_f300.u_dut.selfunctiontable9.:1125 ($eq).
Removed top 1 bits (of 5) from port B of cell top_flopoco_div_we8_wf17_zynq7000_native_srt_43_f300.u_dut.selfunctiontable9.:1128 ($eq).
Removed top 1 bits (of 5) from port B of cell top_flopoco_div_we8_wf17_zynq7000_native_srt_43_f300.u_dut.selfunctiontable9.:1131 ($eq).
Removed top 1 bits (of 5) from port B of cell top_flopoco_div_we8_wf17_zynq7000_native_srt_43_f300.u_dut.selfunctiontable9.:1134 ($eq).
Removed top 1 bits (of 5) from port B of cell top_flopoco_div_we8_wf17_zynq7000_native_srt_43_f300.u_dut.selfunctiontable9.:1137 ($eq).
Removed top 1 bits (of 5) from port B of cell top_flopoco_div_we8_wf17_zynq7000_native_srt_43_f300.u_dut.selfunctiontable9.:1140 ($eq).
Removed top 1 bits (of 5) from port B of cell top_flopoco_div_we8_wf17_zynq7000_native_srt_43_f300.u_dut.selfunctiontable9.:1143 ($eq).
Removed top 1 bits (of 5) from port B of cell top_flopoco_div_we8_wf17_zynq7000_native_srt_43_f300.u_dut.selfunctiontable9.:1146 ($eq).
Removed top 1 bits (of 2) from port B of cell top_flopoco_div_we8_wf17_zynq7000_native_srt_43_f300.u_dut.selfunctiontable10.:1116 ($eq).
Removed top 1 bits (of 2) from port B of cell top_flopoco_div_we8_wf17_zynq7000_native_srt_43_f300.u_dut.:829 ($eq).
Removed top 1 bits (of 2) from port B of cell top_flopoco_div_we8_wf17_zynq7000_native_srt_43_f300.u_dut.:825 ($eq).
Removed top 26 bits (of 27) from port B of cell top_flopoco_div_we8_wf17_zynq7000_native_srt_43_f300.u_dut.:818 ($add).
Removed top 3 bits (of 10) from port B of cell top_flopoco_div_we8_wf17_zynq7000_native_srt_43_f300.u_dut.:813 ($add).
Removed top 1 bits (of 20) from port B of cell top_flopoco_div_we8_wf17_zynq7000_native_srt_43_f300.u_dut.:804 ($sub).
Removed top 2 bits (of 21) from mux cell top_flopoco_div_we8_wf17_zynq7000_native_srt_43_f300.u_dut.:741 ($mux).
Removed top 2 bits (of 21) from port Y of cell top_flopoco_div_we8_wf17_zynq7000_native_srt_43_f300.u_dut.:740 ($add).
Removed top 2 bits (of 21) from port A of cell top_flopoco_div_we8_wf17_zynq7000_native_srt_43_f300.u_dut.:740 ($add).
Removed top 2 bits (of 21) from port B of cell top_flopoco_div_we8_wf17_zynq7000_native_srt_43_f300.u_dut.:740 ($add).
Removed top 2 bits (of 21) from port Y of cell top_flopoco_div_we8_wf17_zynq7000_native_srt_43_f300.u_dut.:737 ($sub).
Removed top 2 bits (of 21) from port A of cell top_flopoco_div_we8_wf17_zynq7000_native_srt_43_f300.u_dut.:737 ($sub).
Removed top 2 bits (of 21) from port B of cell top_flopoco_div_we8_wf17_zynq7000_native_srt_43_f300.u_dut.:737 ($sub).
Removed top 2 bits (of 21) from mux cell top_flopoco_div_we8_wf17_zynq7000_native_srt_43_f300.u_dut.:735 ($pmux).
Removed top 1 bits (of 3) from port B of cell top_flopoco_div_we8_wf17_zynq7000_native_srt_43_f300.u_dut.:729 ($eq).
Removed top 1 bits (of 3) from port B of cell top_flopoco_div_we8_wf17_zynq7000_native_srt_43_f300.u_dut.:722 ($eq).
Removed top 2 bits (of 3) from port B of cell top_flopoco_div_we8_wf17_zynq7000_native_srt_43_f300.u_dut.:713 ($eq).
Removed top 2 bits (of 21) from mux cell top_flopoco_div_we8_wf17_zynq7000_native_srt_43_f300.u_dut.:700 ($mux).
Removed top 2 bits (of 21) from port Y of cell top_flopoco_div_we8_wf17_zynq7000_native_srt_43_f300.u_dut.:699 ($add).
Removed top 2 bits (of 21) from port A of cell top_flopoco_div_we8_wf17_zynq7000_native_srt_43_f300.u_dut.:699 ($add).
Removed top 2 bits (of 21) from port B of cell top_flopoco_div_we8_wf17_zynq7000_native_srt_43_f300.u_dut.:699 ($add).
Removed top 2 bits (of 21) from port Y of cell top_flopoco_div_we8_wf17_zynq7000_native_srt_43_f300.u_dut.:696 ($sub).
Removed top 2 bits (of 21) from port A of cell top_flopoco_div_we8_wf17_zynq7000_native_srt_43_f300.u_dut.:696 ($sub).
Removed top 2 bits (of 21) from port B of cell top_flopoco_div_we8_wf17_zynq7000_native_srt_43_f300.u_dut.:696 ($sub).
Removed top 2 bits (of 21) from mux cell top_flopoco_div_we8_wf17_zynq7000_native_srt_43_f300.u_dut.:694 ($pmux).
Removed top 1 bits (of 3) from port B of cell top_flopoco_div_we8_wf17_zynq7000_native_srt_43_f300.u_dut.:688 ($eq).
Removed top 1 bits (of 3) from port B of cell top_flopoco_div_we8_wf17_zynq7000_native_srt_43_f300.u_dut.:681 ($eq).
Removed top 2 bits (of 3) from port B of cell top_flopoco_div_we8_wf17_zynq7000_native_srt_43_f300.u_dut.:672 ($eq).
Removed top 2 bits (of 21) from mux cell top_flopoco_div_we8_wf17_zynq7000_native_srt_43_f300.u_dut.:659 ($mux).
Removed top 2 bits (of 21) from port Y of cell top_flopoco_div_we8_wf17_zynq7000_native_srt_43_f300.u_dut.:658 ($add).
Removed top 2 bits (of 21) from port A of cell top_flopoco_div_we8_wf17_zynq7000_native_srt_43_f300.u_dut.:658 ($add).
Removed top 2 bits (of 21) from port B of cell top_flopoco_div_we8_wf17_zynq7000_native_srt_43_f300.u_dut.:658 ($add).
Removed top 2 bits (of 21) from port Y of cell top_flopoco_div_we8_wf17_zynq7000_native_srt_43_f300.u_dut.:655 ($sub).
Removed top 2 bits (of 21) from port A of cell top_flopoco_div_we8_wf17_zynq7000_native_srt_43_f300.u_dut.:655 ($sub).
Removed top 2 bits (of 21) from port B of cell top_flopoco_div_we8_wf17_zynq7000_native_srt_43_f300.u_dut.:655 ($sub).
Removed top 2 bits (of 21) from mux cell top_flopoco_div_we8_wf17_zynq7000_native_srt_43_f300.u_dut.:653 ($pmux).
Removed top 1 bits (of 3) from port B of cell top_flopoco_div_we8_wf17_zynq7000_native_srt_43_f300.u_dut.:647 ($eq).
Removed top 1 bits (of 3) from port B of cell top_flopoco_div_we8_wf17_zynq7000_native_srt_43_f300.u_dut.:640 ($eq).
Removed top 2 bits (of 3) from port B of cell top_flopoco_div_we8_wf17_zynq7000_native_srt_43_f300.u_dut.:631 ($eq).
Removed top 2 bits (of 21) from mux cell top_flopoco_div_we8_wf17_zynq7000_native_srt_43_f300.u_dut.:618 ($mux).
Removed top 2 bits (of 21) from port Y of cell top_flopoco_div_we8_wf17_zynq7000_native_srt_43_f300.u_dut.:617 ($add).
Removed top 2 bits (of 21) from port A of cell top_flopoco_div_we8_wf17_zynq7000_native_srt_43_f300.u_dut.:617 ($add).
Removed top 2 bits (of 21) from port B of cell top_flopoco_div_we8_wf17_zynq7000_native_srt_43_f300.u_dut.:617 ($add).
Removed top 2 bits (of 21) from port Y of cell top_flopoco_div_we8_wf17_zynq7000_native_srt_43_f300.u_dut.:614 ($sub).
Removed top 2 bits (of 21) from port A of cell top_flopoco_div_we8_wf17_zynq7000_native_srt_43_f300.u_dut.:614 ($sub).
Removed top 2 bits (of 21) from port B of cell top_flopoco_div_we8_wf17_zynq7000_native_srt_43_f300.u_dut.:614 ($sub).
Removed top 2 bits (of 21) from mux cell top_flopoco_div_we8_wf17_zynq7000_native_srt_43_f300.u_dut.:612 ($pmux).
Removed top 1 bits (of 3) from port B of cell top_flopoco_div_we8_wf17_zynq7000_native_srt_43_f300.u_dut.:606 ($eq).
Removed top 1 bits (of 3) from port B of cell top_flopoco_div_we8_wf17_zynq7000_native_srt_43_f300.u_dut.:599 ($eq).
Removed top 2 bits (of 3) from port B of cell top_flopoco_div_we8_wf17_zynq7000_native_srt_43_f300.u_dut.:590 ($eq).
Removed top 2 bits (of 21) from mux cell top_flopoco_div_we8_wf17_zynq7000_native_srt_43_f300.u_dut.:577 ($mux).
Removed top 2 bits (of 21) from port Y of cell top_flopoco_div_we8_wf17_zynq7000_native_srt_43_f300.u_dut.:576 ($add).
Removed top 2 bits (of 21) from port A of cell top_flopoco_div_we8_wf17_zynq7000_native_srt_43_f300.u_dut.:576 ($add).
Removed top 2 bits (of 21) from port B of cell top_flopoco_div_we8_wf17_zynq7000_native_srt_43_f300.u_dut.:576 ($add).
Removed top 2 bits (of 21) from port Y of cell top_flopoco_div_we8_wf17_zynq7000_native_srt_43_f300.u_dut.:573 ($sub).
Removed top 2 bits (of 21) from port A of cell top_flopoco_div_we8_wf17_zynq7000_native_srt_43_f300.u_dut.:573 ($sub).
Removed top 2 bits (of 21) from port B of cell top_flopoco_div_we8_wf17_zynq7000_native_srt_43_f300.u_dut.:573 ($sub).
Removed top 2 bits (of 21) from mux cell top_flopoco_div_we8_wf17_zynq7000_native_srt_43_f300.u_dut.:571 ($pmux).
Removed top 1 bits (of 3) from port B of cell top_flopoco_div_we8_wf17_zynq7000_native_srt_43_f300.u_dut.:565 ($eq).
Removed top 1 bits (of 3) from port B of cell top_flopoco_div_we8_wf17_zynq7000_native_srt_43_f300.u_dut.:558 ($eq).
Removed top 2 bits (of 3) from port B of cell top_flopoco_div_we8_wf17_zynq7000_native_srt_43_f300.u_dut.:549 ($eq).
Removed top 2 bits (of 21) from mux cell top_flopoco_div_we8_wf17_zynq7000_native_srt_43_f300.u_dut.:536 ($mux).
Removed top 2 bits (of 21) from port Y of cell top_flopoco_div_we8_wf17_zynq7000_native_srt_43_f300.u_dut.:535 ($add).
Removed top 2 bits (of 21) from port A of cell top_flopoco_div_we8_wf17_zynq7000_native_srt_43_f300.u_dut.:535 ($add).
Removed top 2 bits (of 21) from port B of cell top_flopoco_div_we8_wf17_zynq7000_native_srt_43_f300.u_dut.:535 ($add).
Removed top 2 bits (of 21) from port Y of cell top_flopoco_div_we8_wf17_zynq7000_native_srt_43_f300.u_dut.:532 ($sub).
Removed top 2 bits (of 21) from port A of cell top_flopoco_div_we8_wf17_zynq7000_native_srt_43_f300.u_dut.:532 ($sub).
Removed top 2 bits (of 21) from port B of cell top_flopoco_div_we8_wf17_zynq7000_native_srt_43_f300.u_dut.:532 ($sub).
Removed top 2 bits (of 21) from mux cell top_flopoco_div_we8_wf17_zynq7000_native_srt_43_f300.u_dut.:530 ($pmux).
Removed top 1 bits (of 3) from port B of cell top_flopoco_div_we8_wf17_zynq7000_native_srt_43_f300.u_dut.:524 ($eq).
Removed top 1 bits (of 3) from port B of cell top_flopoco_div_we8_wf17_zynq7000_native_srt_43_f300.u_dut.:517 ($eq).
Removed top 2 bits (of 3) from port B of cell top_flopoco_div_we8_wf17_zynq7000_native_srt_43_f300.u_dut.:508 ($eq).
Removed top 2 bits (of 21) from mux cell top_flopoco_div_we8_wf17_zynq7000_native_srt_43_f300.u_dut.:495 ($mux).
Removed top 2 bits (of 21) from port Y of cell top_flopoco_div_we8_wf17_zynq7000_native_srt_43_f300.u_dut.:494 ($add).
Removed top 2 bits (of 21) from port A of cell top_flopoco_div_we8_wf17_zynq7000_native_srt_43_f300.u_dut.:494 ($add).
Removed top 2 bits (of 21) from port B of cell top_flopoco_div_we8_wf17_zynq7000_native_srt_43_f300.u_dut.:494 ($add).
Removed top 2 bits (of 21) from port Y of cell top_flopoco_div_we8_wf17_zynq7000_native_srt_43_f300.u_dut.:491 ($sub).
Removed top 2 bits (of 21) from port A of cell top_flopoco_div_we8_wf17_zynq7000_native_srt_43_f300.u_dut.:491 ($sub).
Removed top 2 bits (of 21) from port B of cell top_flopoco_div_we8_wf17_zynq7000_native_srt_43_f300.u_dut.:491 ($sub).
Removed top 2 bits (of 21) from mux cell top_flopoco_div_we8_wf17_zynq7000_native_srt_43_f300.u_dut.:489 ($pmux).
Removed top 1 bits (of 3) from port B of cell top_flopoco_div_we8_wf17_zynq7000_native_srt_43_f300.u_dut.:483 ($eq).
Removed top 1 bits (of 3) from port B of cell top_flopoco_div_we8_wf17_zynq7000_native_srt_43_f300.u_dut.:476 ($eq).
Removed top 2 bits (of 3) from port B of cell top_flopoco_div_we8_wf17_zynq7000_native_srt_43_f300.u_dut.:467 ($eq).
Removed top 2 bits (of 21) from mux cell top_flopoco_div_we8_wf17_zynq7000_native_srt_43_f300.u_dut.:454 ($mux).
Removed top 2 bits (of 21) from port Y of cell top_flopoco_div_we8_wf17_zynq7000_native_srt_43_f300.u_dut.:453 ($add).
Removed top 2 bits (of 21) from port A of cell top_flopoco_div_we8_wf17_zynq7000_native_srt_43_f300.u_dut.:453 ($add).
Removed top 2 bits (of 21) from port B of cell top_flopoco_div_we8_wf17_zynq7000_native_srt_43_f300.u_dut.:453 ($add).
Removed top 2 bits (of 21) from port Y of cell top_flopoco_div_we8_wf17_zynq7000_native_srt_43_f300.u_dut.:450 ($sub).
Removed top 2 bits (of 21) from port A of cell top_flopoco_div_we8_wf17_zynq7000_native_srt_43_f300.u_dut.:450 ($sub).
Removed top 2 bits (of 21) from port B of cell top_flopoco_div_we8_wf17_zynq7000_native_srt_43_f300.u_dut.:450 ($sub).
Removed top 2 bits (of 21) from mux cell top_flopoco_div_we8_wf17_zynq7000_native_srt_43_f300.u_dut.:448 ($pmux).
Removed top 1 bits (of 3) from port B of cell top_flopoco_div_we8_wf17_zynq7000_native_srt_43_f300.u_dut.:442 ($eq).
Removed top 1 bits (of 3) from port B of cell top_flopoco_div_we8_wf17_zynq7000_native_srt_43_f300.u_dut.:435 ($eq).
Removed top 2 bits (of 3) from port B of cell top_flopoco_div_we8_wf17_zynq7000_native_srt_43_f300.u_dut.:426 ($eq).
Removed top 2 bits (of 21) from mux cell top_flopoco_div_we8_wf17_zynq7000_native_srt_43_f300.u_dut.:413 ($mux).
Removed top 2 bits (of 21) from port Y of cell top_flopoco_div_we8_wf17_zynq7000_native_srt_43_f300.u_dut.:412 ($add).
Removed top 2 bits (of 21) from port A of cell top_flopoco_div_we8_wf17_zynq7000_native_srt_43_f300.u_dut.:412 ($add).
Removed top 2 bits (of 21) from port B of cell top_flopoco_div_we8_wf17_zynq7000_native_srt_43_f300.u_dut.:412 ($add).
Removed top 2 bits (of 21) from port Y of cell top_flopoco_div_we8_wf17_zynq7000_native_srt_43_f300.u_dut.:409 ($sub).
Removed top 2 bits (of 21) from port A of cell top_flopoco_div_we8_wf17_zynq7000_native_srt_43_f300.u_dut.:409 ($sub).
Removed top 2 bits (of 21) from port B of cell top_flopoco_div_we8_wf17_zynq7000_native_srt_43_f300.u_dut.:409 ($sub).
Removed top 2 bits (of 21) from mux cell top_flopoco_div_we8_wf17_zynq7000_native_srt_43_f300.u_dut.:407 ($pmux).
Removed top 1 bits (of 3) from port B of cell top_flopoco_div_we8_wf17_zynq7000_native_srt_43_f300.u_dut.:401 ($eq).
Removed top 1 bits (of 3) from port B of cell top_flopoco_div_we8_wf17_zynq7000_native_srt_43_f300.u_dut.:394 ($eq).
Removed top 2 bits (of 3) from port B of cell top_flopoco_div_we8_wf17_zynq7000_native_srt_43_f300.u_dut.:385 ($eq).
Removed top 2 bits (of 21) from mux cell top_flopoco_div_we8_wf17_zynq7000_native_srt_43_f300.u_dut.:372 ($mux).
Removed top 2 bits (of 21) from port A of cell top_flopoco_div_we8_wf17_zynq7000_native_srt_43_f300.u_dut.:371 ($add).
Removed top 2 bits (of 21) from port Y of cell top_flopoco_div_we8_wf17_zynq7000_native_srt_43_f300.u_dut.:371 ($add).
Removed top 2 bits (of 21) from port B of cell top_flopoco_div_we8_wf17_zynq7000_native_srt_43_f300.u_dut.:371 ($add).
Removed top 2 bits (of 21) from port A of cell top_flopoco_div_we8_wf17_zynq7000_native_srt_43_f300.u_dut.:368 ($sub).
Removed top 2 bits (of 21) from port Y of cell top_flopoco_div_we8_wf17_zynq7000_native_srt_43_f300.u_dut.:368 ($sub).
Removed top 2 bits (of 21) from port B of cell top_flopoco_div_we8_wf17_zynq7000_native_srt_43_f300.u_dut.:368 ($sub).
Removed top 2 bits (of 21) from mux cell top_flopoco_div_we8_wf17_zynq7000_native_srt_43_f300.u_dut.:366 ($pmux).
Removed top 1 bits (of 3) from port B of cell top_flopoco_div_we8_wf17_zynq7000_native_srt_43_f300.u_dut.:360 ($eq).
Removed top 1 bits (of 3) from port B of cell top_flopoco_div_we8_wf17_zynq7000_native_srt_43_f300.u_dut.:353 ($eq).
Removed top 2 bits (of 3) from port B of cell top_flopoco_div_we8_wf17_zynq7000_native_srt_43_f300.u_dut.:344 ($eq).
Removed top 1 bits (of 19) from port A of cell top_flopoco_div_we8_wf17_zynq7000_native_srt_43_f300.u_dut.:330 ($add).
Removed top 1 bits (of 4) from port B of cell top_flopoco_div_we8_wf17_zynq7000_native_srt_43_f300.u_dut.:314 ($eq).
Removed top 1 bits (of 4) from port B of cell top_flopoco_div_we8_wf17_zynq7000_native_srt_43_f300.u_dut.:310 ($eq).
Removed top 2 bits (of 4) from port B of cell top_flopoco_div_we8_wf17_zynq7000_native_srt_43_f300.u_dut.:307 ($eq).
Removed top 3 bits (of 4) from port B of cell top_flopoco_div_we8_wf17_zynq7000_native_srt_43_f300.u_dut.:305 ($eq).
Removed top 1 bits (of 4) from port B of cell top_flopoco_div_we8_wf17_zynq7000_native_srt_43_f300.u_dut.:302 ($eq).
Removed top 2 bits (of 10) from port A of cell top_flopoco_div_we8_wf17_zynq7000_native_srt_43_f300.u_dut.:293 ($sub).
Removed top 2 bits (of 10) from port B of cell top_flopoco_div_we8_wf17_zynq7000_native_srt_43_f300.u_dut.:293 ($sub).
Removed top 1 bits (of 10) from port Y of cell top_flopoco_div_we8_wf17_zynq7000_native_srt_43_f300.u_dut.:293 ($sub).
Removed top 2 bits (of 19) from FF cell top_flopoco_div_we8_wf17_zynq7000_native_srt_43_f300.$auto$ff.cc:337:slice$866 ($dff).
Removed top 2 bits (of 19) from FF cell top_flopoco_div_we8_wf17_zynq7000_native_srt_43_f300.$auto$ff.cc:337:slice$865 ($dff).
Removed top 2 bits (of 19) from FF cell top_flopoco_div_we8_wf17_zynq7000_native_srt_43_f300.$auto$ff.cc:337:slice$864 ($dff).
Removed top 2 bits (of 19) from FF cell top_flopoco_div_we8_wf17_zynq7000_native_srt_43_f300.$auto$ff.cc:337:slice$863 ($dff).
Removed top 2 bits (of 19) from FF cell top_flopoco_div_we8_wf17_zynq7000_native_srt_43_f300.$auto$ff.cc:337:slice$862 ($dff).
Removed top 2 bits (of 19) from FF cell top_flopoco_div_we8_wf17_zynq7000_native_srt_43_f300.$auto$ff.cc:337:slice$849 ($dff).
Removed top 2 bits (of 19) from FF cell top_flopoco_div_we8_wf17_zynq7000_native_srt_43_f300.$auto$ff.cc:337:slice$847 ($dff).
Removed top 2 bits (of 19) from FF cell top_flopoco_div_we8_wf17_zynq7000_native_srt_43_f300.$auto$ff.cc:337:slice$845 ($dff).
Removed top 2 bits (of 19) from FF cell top_flopoco_div_we8_wf17_zynq7000_native_srt_43_f300.$auto$ff.cc:337:slice$843 ($dff).
Removed top 2 bits (of 21) from FF cell top_flopoco_div_we8_wf17_zynq7000_native_srt_43_f300.u_dut.:944 ($dff).
Removed top 2 bits (of 21) from FF cell top_flopoco_div_we8_wf17_zynq7000_native_srt_43_f300.u_dut.:937 ($dff).
Removed top 2 bits (of 21) from FF cell top_flopoco_div_we8_wf17_zynq7000_native_srt_43_f300.u_dut.:930 ($dff).
Removed top 2 bits (of 21) from FF cell top_flopoco_div_we8_wf17_zynq7000_native_srt_43_f300.u_dut.:923 ($dff).
Removed top 2 bits (of 21) from FF cell top_flopoco_div_we8_wf17_zynq7000_native_srt_43_f300.u_dut.:916 ($dff).
Removed top 2 bits (of 19) from FF cell top_flopoco_div_we8_wf17_zynq7000_native_srt_43_f300.$auto$ff.cc:337:slice$850 ($dff).
Removed top 2 bits (of 19) from FF cell top_flopoco_div_we8_wf17_zynq7000_native_srt_43_f300.$auto$ff.cc:337:slice$848 ($dff).
Removed top 2 bits (of 19) from FF cell top_flopoco_div_we8_wf17_zynq7000_native_srt_43_f300.$auto$ff.cc:337:slice$846 ($dff).
Removed top 2 bits (of 19) from FF cell top_flopoco_div_we8_wf17_zynq7000_native_srt_43_f300.$auto$ff.cc:337:slice$844 ($dff).
Removed top 2 bits (of 19) from FF cell top_flopoco_div_we8_wf17_zynq7000_native_srt_43_f300.$auto$ff.cc:337:slice$842 ($dff).
Removed top 2 bits (of 21) from wire top_flopoco_div_we8_wf17_zynq7000_native_srt_43_f300.$flatten\u_dut.$auto$ghdl.cc:862:import_module$31.
Removed top 2 bits (of 21) from wire top_flopoco_div_we8_wf17_zynq7000_native_srt_43_f300.$flatten\u_dut.$auto$ghdl.cc:862:import_module$33.
Removed top 2 bits (of 21) from wire top_flopoco_div_we8_wf17_zynq7000_native_srt_43_f300.$flatten\u_dut.$auto$ghdl.cc:862:import_module$46.
Removed top 2 bits (of 21) from wire top_flopoco_div_we8_wf17_zynq7000_native_srt_43_f300.$flatten\u_dut.$auto$ghdl.cc:862:import_module$48.
Removed top 2 bits (of 21) from wire top_flopoco_div_we8_wf17_zynq7000_native_srt_43_f300.$flatten\u_dut.$auto$ghdl.cc:862:import_module$61.
Removed top 2 bits (of 21) from wire top_flopoco_div_we8_wf17_zynq7000_native_srt_43_f300.$flatten\u_dut.$auto$ghdl.cc:862:import_module$63.
Removed top 2 bits (of 21) from wire top_flopoco_div_we8_wf17_zynq7000_native_srt_43_f300.$flatten\u_dut.$auto$ghdl.cc:862:import_module$76.
Removed top 2 bits (of 21) from wire top_flopoco_div_we8_wf17_zynq7000_native_srt_43_f300.$flatten\u_dut.$auto$ghdl.cc:862:import_module$78.
Removed top 2 bits (of 21) from wire top_flopoco_div_we8_wf17_zynq7000_native_srt_43_f300.$flatten\u_dut.$auto$ghdl.cc:862:import_module$91.
Removed top 2 bits (of 21) from wire top_flopoco_div_we8_wf17_zynq7000_native_srt_43_f300.$flatten\u_dut.$auto$ghdl.cc:862:import_module$93.
Removed top 2 bits (of 21) from wire top_flopoco_div_we8_wf17_zynq7000_native_srt_43_f300.$flatten\u_dut.$auto$ghdl.cc:862:import_module$106.
Removed top 2 bits (of 21) from wire top_flopoco_div_we8_wf17_zynq7000_native_srt_43_f300.$flatten\u_dut.$auto$ghdl.cc:862:import_module$108.
Removed top 2 bits (of 21) from wire top_flopoco_div_we8_wf17_zynq7000_native_srt_43_f300.$flatten\u_dut.$auto$ghdl.cc:862:import_module$121.
Removed top 2 bits (of 21) from wire top_flopoco_div_we8_wf17_zynq7000_native_srt_43_f300.$flatten\u_dut.$auto$ghdl.cc:862:import_module$123.
Removed top 2 bits (of 21) from wire top_flopoco_div_we8_wf17_zynq7000_native_srt_43_f300.$flatten\u_dut.$auto$ghdl.cc:862:import_module$136.
Removed top 2 bits (of 21) from wire top_flopoco_div_we8_wf17_zynq7000_native_srt_43_f300.$flatten\u_dut.$auto$ghdl.cc:862:import_module$138.
Removed top 2 bits (of 21) from wire top_flopoco_div_we8_wf17_zynq7000_native_srt_43_f300.$flatten\u_dut.$auto$ghdl.cc:862:import_module$151.
Removed top 2 bits (of 21) from wire top_flopoco_div_we8_wf17_zynq7000_native_srt_43_f300.$flatten\u_dut.$auto$ghdl.cc:862:import_module$153.
Removed top 2 bits (of 21) from wire top_flopoco_div_we8_wf17_zynq7000_native_srt_43_f300.$flatten\u_dut.$auto$ghdl.cc:862:import_module$166.
Removed top 2 bits (of 21) from wire top_flopoco_div_we8_wf17_zynq7000_native_srt_43_f300.$flatten\u_dut.$auto$ghdl.cc:862:import_module$168.

2.16. Executing PEEPOPT pass (run peephole optimizers).

2.17. Executing OPT_CLEAN pass (remove unused cells and wires).
Finding unused cells or wires in module \top_flopoco_div_we8_wf17_zynq7000_native_srt_43_f300..
Removed 0 unused cells and 20 unused wires.
<suppressed ~1 debug messages>

2.18. Executing SHARE pass (SAT-based resource sharing).

2.19. Executing TECHMAP pass (map to technology primitives).

2.19.1. Executing Verilog-2005 frontend: /mnt/storage/synth_eval/oss-cad-suite/lib/../share/yosys/cmp2lut.v
Parsing Verilog input from `/mnt/storage/synth_eval/oss-cad-suite/lib/../share/yosys/cmp2lut.v' to AST representation.
Generating RTLIL representation for module `\_90_lut_cmp_'.
Successfully finished Verilog frontend.

2.19.2. Continuing TECHMAP pass.
No more expansions possible.
<suppressed ~6 debug messages>

2.20. Executing OPT_EXPR pass (perform const folding).
Optimizing module top_flopoco_div_we8_wf17_zynq7000_native_srt_43_f300.

2.21. Executing OPT_CLEAN pass (remove unused cells and wires).
Finding unused cells or wires in module \top_flopoco_div_we8_wf17_zynq7000_native_srt_43_f300..

2.22. Executing TECHMAP pass (map to technology primitives).

2.22.1. Executing Verilog-2005 frontend: /mnt/storage/synth_eval/oss-cad-suite/lib/../share/yosys/mul2dsp.v
Parsing Verilog input from `/mnt/storage/synth_eval/oss-cad-suite/lib/../share/yosys/mul2dsp.v' to AST representation.
Generating RTLIL representation for module `\_80_mul'.
Generating RTLIL representation for module `\_90_soft_mul'.
Successfully finished Verilog frontend.

2.22.2. Continuing TECHMAP pass.
No more expansions possible.
<suppressed ~4 debug messages>

2.23. Executing TECHMAP pass (map to technology primitives).

2.23.1. Executing Verilog-2005 frontend: /mnt/storage/synth_eval/oss-cad-suite/lib/../share/yosys/lattice/dsp_map_18x18.v
Parsing Verilog input from `/mnt/storage/synth_eval/oss-cad-suite/lib/../share/yosys/lattice/dsp_map_18x18.v' to AST representation.
Generating RTLIL representation for module `$__MUL18X18'.
Successfully finished Verilog frontend.

2.23.2. Continuing TECHMAP pass.
No more expansions possible.
<suppressed ~3 debug messages>

2.24. Executing ALUMACC pass (create $alu and $macc cells).
Extracting $alu and $macc cells in module top_flopoco_div_we8_wf17_zynq7000_native_srt_43_f300:
  creating $macc model for u_dut.:371 ($add).
  creating $macc model for u_dut.:409 ($sub).
  creating $macc model for u_dut.:412 ($add).
  creating $macc model for u_dut.:450 ($sub).
  creating $macc model for u_dut.:453 ($add).
  creating $macc model for u_dut.:491 ($sub).
  creating $macc model for u_dut.:494 ($add).
  creating $macc model for u_dut.:532 ($sub).
  creating $macc model for u_dut.:535 ($add).
  creating $macc model for u_dut.:573 ($sub).
  creating $macc model for u_dut.:576 ($add).
  creating $macc model for u_dut.:614 ($sub).
  creating $macc model for u_dut.:617 ($add).
  creating $macc model for u_dut.:655 ($sub).
  creating $macc model for u_dut.:658 ($add).
  creating $macc model for u_dut.:696 ($sub).
  creating $macc model for u_dut.:699 ($add).
  creating $macc model for u_dut.:737 ($sub).
  creating $macc model for u_dut.:740 ($add).
  creating $macc model for u_dut.:804 ($sub).
  creating $macc model for u_dut.:813 ($add).
  creating $macc model for u_dut.:818 ($add).
  creating $macc model for u_dut.:368 ($sub).
  creating $macc model for u_dut.:330 ($add).
  creating $macc model for u_dut.:293 ($sub).
  creating $alu model for $macc u_dut.:293.
  creating $alu model for $macc u_dut.:330.
  creating $alu model for $macc u_dut.:368.
  creating $alu model for $macc u_dut.:818.
  creating $alu model for $macc u_dut.:813.
  creating $alu model for $macc u_dut.:804.
  creating $alu model for $macc u_dut.:740.
  creating $alu model for $macc u_dut.:737.
  creating $alu model for $macc u_dut.:699.
  creating $alu model for $macc u_dut.:696.
  creating $alu model for $macc u_dut.:658.
  creating $alu model for $macc u_dut.:655.
  creating $alu model for $macc u_dut.:617.
  creating $alu model for $macc u_dut.:614.
  creating $alu model for $macc u_dut.:576.
  creating $alu model for $macc u_dut.:573.
  creating $alu model for $macc u_dut.:535.
  creating $alu model for $macc u_dut.:532.
  creating $alu model for $macc u_dut.:494.
  creating $alu model for $macc u_dut.:491.
  creating $alu model for $macc u_dut.:453.
  creating $alu model for $macc u_dut.:450.
  creating $alu model for $macc u_dut.:412.
  creating $alu model for $macc u_dut.:409.
  creating $alu model for $macc u_dut.:371.
  creating $alu cell for u_dut.:409: $auto$alumacc.cc:512:replace_alu$980
  creating $alu cell for u_dut.:412: $auto$alumacc.cc:512:replace_alu$983
  creating $alu cell for u_dut.:450: $auto$alumacc.cc:512:replace_alu$986
  creating $alu cell for u_dut.:453: $auto$alumacc.cc:512:replace_alu$989
  creating $alu cell for u_dut.:491: $auto$alumacc.cc:512:replace_alu$992
  creating $alu cell for u_dut.:494: $auto$alumacc.cc:512:replace_alu$995
  creating $alu cell for u_dut.:532: $auto$alumacc.cc:512:replace_alu$998
  creating $alu cell for u_dut.:535: $auto$alumacc.cc:512:replace_alu$1001
  creating $alu cell for u_dut.:573: $auto$alumacc.cc:512:replace_alu$1004
  creating $alu cell for u_dut.:576: $auto$alumacc.cc:512:replace_alu$1007
  creating $alu cell for u_dut.:614: $auto$alumacc.cc:512:replace_alu$1010
  creating $alu cell for u_dut.:617: $auto$alumacc.cc:512:replace_alu$1013
  creating $alu cell for u_dut.:655: $auto$alumacc.cc:512:replace_alu$1016
  creating $alu cell for u_dut.:658: $auto$alumacc.cc:512:replace_alu$1019
  creating $alu cell for u_dut.:696: $auto$alumacc.cc:512:replace_alu$1022
  creating $alu cell for u_dut.:699: $auto$alumacc.cc:512:replace_alu$1025
  creating $alu cell for u_dut.:737: $auto$alumacc.cc:512:replace_alu$1028
  creating $alu cell for u_dut.:740: $auto$alumacc.cc:512:replace_alu$1031
  creating $alu cell for u_dut.:804: $auto$alumacc.cc:512:replace_alu$1034
  creating $alu cell for u_dut.:813: $auto$alumacc.cc:512:replace_alu$1037
  creating $alu cell for u_dut.:818: $auto$alumacc.cc:512:replace_alu$1040
  creating $alu cell for u_dut.:371: $auto$alumacc.cc:512:replace_alu$1043
  creating $alu cell for u_dut.:368: $auto$alumacc.cc:512:replace_alu$1046
  creating $alu cell for u_dut.:330: $auto$alumacc.cc:512:replace_alu$1049
  creating $alu cell for u_dut.:293: $auto$alumacc.cc:512:replace_alu$1052
  created 25 $alu and 0 $macc cells.

2.25. Executing OPT pass (performing simple optimizations).

2.25.1. Executing OPT_EXPR pass (perform const folding).
Optimizing module top_flopoco_div_we8_wf17_zynq7000_native_srt_43_f300.

2.25.2. Executing OPT_MERGE pass (detect identical cells).
Finding identical cells in module `\top_flopoco_div_we8_wf17_zynq7000_native_srt_43_f300'.
Computing hashes of 784 cells of `\top_flopoco_div_we8_wf17_zynq7000_native_srt_43_f300'.
Finding duplicate cells in `\top_flopoco_div_we8_wf17_zynq7000_native_srt_43_f300'.
Removed a total of 0 cells.

2.25.3. Executing OPT_MUXTREE pass (detect dead branches in mux trees).
Running muxtree optimizer on module \top_flopoco_div_we8_wf17_zynq7000_native_srt_43_f300..
  Creating internal representation of mux trees.
  Evaluating internal representation of mux trees.
  Analyzing evaluation results.
Removed 0 multiplexer ports.
<suppressed ~68 debug messages>

2.25.4. Executing OPT_REDUCE pass (consolidate $*mux and $reduce_* inputs).
  Optimizing cells in module \top_flopoco_div_we8_wf17_zynq7000_native_srt_43_f300.
Performed a total of 0 changes.

2.25.5. Executing OPT_MERGE pass (detect identical cells).
Finding identical cells in module `\top_flopoco_div_we8_wf17_zynq7000_native_srt_43_f300'.
Computing hashes of 784 cells of `\top_flopoco_div_we8_wf17_zynq7000_native_srt_43_f300'.
Finding duplicate cells in `\top_flopoco_div_we8_wf17_zynq7000_native_srt_43_f300'.
Removed a total of 0 cells.

2.25.6. Executing OPT_DFF pass (perform DFF optimizations).

2.25.7. Executing OPT_CLEAN pass (remove unused cells and wires).
Finding unused cells or wires in module \top_flopoco_div_we8_wf17_zynq7000_native_srt_43_f300..

2.25.8. Executing OPT_EXPR pass (perform const folding).
Optimizing module top_flopoco_div_we8_wf17_zynq7000_native_srt_43_f300.

2.25.9. Finished fast OPT passes. (There is nothing left to do.)

2.26. Executing MEMORY pass.

2.26.1. Executing OPT_MEM pass (optimize memories).
Performed a total of 0 transformations.

2.26.2. Executing OPT_MEM_PRIORITY pass (removing unnecessary memory write priority relations).
Performed a total of 0 transformations.

2.26.3. Executing OPT_MEM_FEEDBACK pass (finding memory read-to-write feedback paths).

2.26.4. Executing MEMORY_BMUX2ROM pass (converting muxes to ROMs).

2.26.5. Executing MEMORY_DFF pass (merging $dff cells to $memrd).

2.26.6. Executing OPT_CLEAN pass (remove unused cells and wires).
Finding unused cells or wires in module \top_flopoco_div_we8_wf17_zynq7000_native_srt_43_f300..

2.26.7. Executing MEMORY_SHARE pass (consolidating $memrd/$memwr cells).

2.26.8. Executing OPT_MEM_WIDEN pass (optimize memories where all ports are wide).
Performed a total of 0 transformations.

2.26.9. Executing OPT_CLEAN pass (remove unused cells and wires).
Finding unused cells or wires in module \top_flopoco_div_we8_wf17_zynq7000_native_srt_43_f300..

2.26.10. Executing MEMORY_COLLECT pass (generating $mem cells).

2.27. Executing OPT_CLEAN pass (remove unused cells and wires).
Finding unused cells or wires in module \top_flopoco_div_we8_wf17_zynq7000_native_srt_43_f300..

2.28. Executing MEMORY_LIBMAP pass (mapping memories to cells).

2.29. Executing TECHMAP pass (map to technology primitives).

2.29.1. Executing Verilog-2005 frontend: /mnt/storage/synth_eval/oss-cad-suite/lib/../share/yosys/lattice/lutrams_map_trellis.v
Parsing Verilog input from `/mnt/storage/synth_eval/oss-cad-suite/lib/../share/yosys/lattice/lutrams_map_trellis.v' to AST representation.
Generating RTLIL representation for module `$__TRELLIS_DPR16X4_'.
Successfully finished Verilog frontend.

2.29.2. Executing Verilog-2005 frontend: /mnt/storage/synth_eval/oss-cad-suite/lib/../share/yosys/lattice/brams_map_16kd.v
Parsing Verilog input from `/mnt/storage/synth_eval/oss-cad-suite/lib/../share/yosys/lattice/brams_map_16kd.v' to AST representation.
Generating RTLIL representation for module `$__DP16KD_'.
Generating RTLIL representation for module `$__PDPW16KD_'.
Successfully finished Verilog frontend.

2.29.3. Continuing TECHMAP pass.
No more expansions possible.
<suppressed ~5 debug messages>

2.30. Executing OPT pass (performing simple optimizations).

2.30.1. Executing OPT_EXPR pass (perform const folding).
Optimizing module top_flopoco_div_we8_wf17_zynq7000_native_srt_43_f300.
<suppressed ~64 debug messages>

2.30.2. Executing OPT_MERGE pass (detect identical cells).
Finding identical cells in module `\top_flopoco_div_we8_wf17_zynq7000_native_srt_43_f300'.
Computing hashes of 783 cells of `\top_flopoco_div_we8_wf17_zynq7000_native_srt_43_f300'.
Finding duplicate cells in `\top_flopoco_div_we8_wf17_zynq7000_native_srt_43_f300'.
Removed a total of 0 cells.

2.30.3. Executing OPT_DFF pass (perform DFF optimizations).

2.30.4. Executing OPT_CLEAN pass (remove unused cells and wires).
Finding unused cells or wires in module \top_flopoco_div_we8_wf17_zynq7000_native_srt_43_f300..
Removed 27 unused cells and 28 unused wires.
<suppressed ~28 debug messages>

2.30.5. Finished fast OPT passes.

2.31. Executing MEMORY_MAP pass (converting memories to logic and flip-flops).

2.32. Executing OPT pass (performing simple optimizations).

2.32.1. Executing OPT_EXPR pass (perform const folding).
Optimizing module top_flopoco_div_we8_wf17_zynq7000_native_srt_43_f300.

2.32.2. Executing OPT_MERGE pass (detect identical cells).
Finding identical cells in module `\top_flopoco_div_we8_wf17_zynq7000_native_srt_43_f300'.
Computing hashes of 756 cells of `\top_flopoco_div_we8_wf17_zynq7000_native_srt_43_f300'.
Finding duplicate cells in `\top_flopoco_div_we8_wf17_zynq7000_native_srt_43_f300'.
Removed a total of 0 cells.

2.32.3. Executing OPT_MUXTREE pass (detect dead branches in mux trees).
Running muxtree optimizer on module \top_flopoco_div_we8_wf17_zynq7000_native_srt_43_f300..
  Creating internal representation of mux trees.
  Evaluating internal representation of mux trees.
  Analyzing evaluation results.
Removed 0 multiplexer ports.
<suppressed ~68 debug messages>

2.32.4. Executing OPT_REDUCE pass (consolidate $*mux and $reduce_* inputs).
  Optimizing cells in module \top_flopoco_div_we8_wf17_zynq7000_native_srt_43_f300.
    Consolidated identical input bits for $pmux cell \u_dut.selfunctiontable10.:1197:
      Old ports: A=3'000, B=9'010001011, Y=\u_dut.q10
      New ports: A=2'00, B=6'100111, Y=\u_dut.q10 [1:0]
      New connections: \u_dut.q10 [2] = 1'0
  Optimizing cells in module \top_flopoco_div_we8_wf17_zynq7000_native_srt_43_f300.
Performed a total of 1 changes.

2.32.5. Executing OPT_MERGE pass (detect identical cells).
Finding identical cells in module `\top_flopoco_div_we8_wf17_zynq7000_native_srt_43_f300'.
Computing hashes of 756 cells of `\top_flopoco_div_we8_wf17_zynq7000_native_srt_43_f300'.
Finding duplicate cells in `\top_flopoco_div_we8_wf17_zynq7000_native_srt_43_f300'.
Removed a total of 0 cells.

2.32.6. Executing OPT_DFF pass (perform DFF optimizations).

2.32.7. Executing OPT_CLEAN pass (remove unused cells and wires).
Finding unused cells or wires in module \top_flopoco_div_we8_wf17_zynq7000_native_srt_43_f300..

2.32.8. Executing OPT_EXPR pass (perform const folding).
Optimizing module top_flopoco_div_we8_wf17_zynq7000_native_srt_43_f300.

2.32.9. Rerunning OPT passes. (Maybe there is more to do..)

2.32.10. Executing OPT_MUXTREE pass (detect dead branches in mux trees).
Running muxtree optimizer on module \top_flopoco_div_we8_wf17_zynq7000_native_srt_43_f300..
  Creating internal representation of mux trees.
  Evaluating internal representation of mux trees.
  Analyzing evaluation results.
Removed 0 multiplexer ports.
<suppressed ~68 debug messages>

2.32.11. Executing OPT_REDUCE pass (consolidate $*mux and $reduce_* inputs).
  Optimizing cells in module \top_flopoco_div_we8_wf17_zynq7000_native_srt_43_f300.
Performed a total of 0 changes.

2.32.12. Executing OPT_MERGE pass (detect identical cells).
Finding identical cells in module `\top_flopoco_div_we8_wf17_zynq7000_native_srt_43_f300'.
Computing hashes of 756 cells of `\top_flopoco_div_we8_wf17_zynq7000_native_srt_43_f300'.
Finding duplicate cells in `\top_flopoco_div_we8_wf17_zynq7000_native_srt_43_f300'.
Removed a total of 0 cells.

2.32.13. Executing OPT_DFF pass (perform DFF optimizations).
Setting constant 0-bit at position 2 on u_dut.:911 ($dff) from module top_flopoco_div_we8_wf17_zynq7000_native_srt_43_f300.

2.32.14. Executing OPT_CLEAN pass (remove unused cells and wires).
Finding unused cells or wires in module \top_flopoco_div_we8_wf17_zynq7000_native_srt_43_f300..

2.32.15. Executing OPT_EXPR pass (perform const folding).
Optimizing module top_flopoco_div_we8_wf17_zynq7000_native_srt_43_f300.
<suppressed ~7 debug messages>

2.32.16. Rerunning OPT passes. (Maybe there is more to do..)

2.32.17. Executing OPT_MUXTREE pass (detect dead branches in mux trees).
Running muxtree optimizer on module \top_flopoco_div_we8_wf17_zynq7000_native_srt_43_f300..
  Creating internal representation of mux trees.
  Evaluating internal representation of mux trees.
  Analyzing evaluation results.
Removed 0 multiplexer ports.
<suppressed ~66 debug messages>

2.32.18. Executing OPT_REDUCE pass (consolidate $*mux and $reduce_* inputs).
  Optimizing cells in module \top_flopoco_div_we8_wf17_zynq7000_native_srt_43_f300.
Performed a total of 0 changes.

2.32.19. Executing OPT_MERGE pass (detect identical cells).
Finding identical cells in module `\top_flopoco_div_we8_wf17_zynq7000_native_srt_43_f300'.
Computing hashes of 749 cells of `\top_flopoco_div_we8_wf17_zynq7000_native_srt_43_f300'.
Finding duplicate cells in `\top_flopoco_div_we8_wf17_zynq7000_native_srt_43_f300'.
Computing hashes of 748 cells of `\top_flopoco_div_we8_wf17_zynq7000_native_srt_43_f300'.
Finding duplicate cells in `\top_flopoco_div_we8_wf17_zynq7000_native_srt_43_f300'.
<suppressed ~3 debug messages>
Removed a total of 1 cells.

2.32.20. Executing OPT_DFF pass (perform DFF optimizations).

2.32.21. Executing OPT_CLEAN pass (remove unused cells and wires).
Finding unused cells or wires in module \top_flopoco_div_we8_wf17_zynq7000_native_srt_43_f300..
Removed 1 unused cells and 10 unused wires.
<suppressed ~2 debug messages>

2.32.22. Executing OPT_EXPR pass (perform const folding).
Optimizing module top_flopoco_div_we8_wf17_zynq7000_native_srt_43_f300.

2.32.23. Rerunning OPT passes. (Maybe there is more to do..)

2.32.24. Executing OPT_MUXTREE pass (detect dead branches in mux trees).
Running muxtree optimizer on module \top_flopoco_div_we8_wf17_zynq7000_native_srt_43_f300..
  Creating internal representation of mux trees.
  Evaluating internal representation of mux trees.
  Analyzing evaluation results.
Removed 0 multiplexer ports.
<suppressed ~66 debug messages>

2.32.25. Executing OPT_REDUCE pass (consolidate $*mux and $reduce_* inputs).
  Optimizing cells in module \top_flopoco_div_we8_wf17_zynq7000_native_srt_43_f300.
Performed a total of 0 changes.

2.32.26. Executing OPT_MERGE pass (detect identical cells).
Finding identical cells in module `\top_flopoco_div_we8_wf17_zynq7000_native_srt_43_f300'.
Computing hashes of 747 cells of `\top_flopoco_div_we8_wf17_zynq7000_native_srt_43_f300'.
Finding duplicate cells in `\top_flopoco_div_we8_wf17_zynq7000_native_srt_43_f300'.
Removed a total of 0 cells.

2.32.27. Executing OPT_DFF pass (perform DFF optimizations).

2.32.28. Executing OPT_CLEAN pass (remove unused cells and wires).
Finding unused cells or wires in module \top_flopoco_div_we8_wf17_zynq7000_native_srt_43_f300..

2.32.29. Executing OPT_EXPR pass (perform const folding).
Optimizing module top_flopoco_div_we8_wf17_zynq7000_native_srt_43_f300.

2.32.30. Finished fast OPT passes. (There is nothing left to do.)

2.33. Executing TECHMAP pass (map to technology primitives).

2.33.1. Executing Verilog-2005 frontend: /mnt/storage/synth_eval/oss-cad-suite/lib/../share/yosys/techmap.v
Parsing Verilog input from `/mnt/storage/synth_eval/oss-cad-suite/lib/../share/yosys/techmap.v' to AST representation.
Generating RTLIL representation for module `\_90_simplemap_bool_ops'.
Generating RTLIL representation for module `\_90_simplemap_reduce_ops'.
Generating RTLIL representation for module `\_90_simplemap_logic_ops'.
Generating RTLIL representation for module `\_90_simplemap_compare_ops'.
Generating RTLIL representation for module `\_90_simplemap_various'.
Generating RTLIL representation for module `\_90_simplemap_registers'.
Generating RTLIL representation for module `\_90_shift_ops_shr_shl_sshl_sshr'.
Generating RTLIL representation for module `\_90_shift_shiftx'.
Generating RTLIL representation for module `\_90_fa'.
Generating RTLIL representation for module `\_90_lcu_brent_kung'.
Generating RTLIL representation for module `\_90_alu'.
Generating RTLIL representation for module `\_90_macc'.
Generating RTLIL representation for module `\_90_alumacc'.
Generating RTLIL representation for module `$__div_mod_u'.
Generating RTLIL representation for module `$__div_mod_trunc'.
Generating RTLIL representation for module `\_90_div'.
Generating RTLIL representation for module `\_90_mod'.
Generating RTLIL representation for module `$__div_mod_floor'.
Generating RTLIL representation for module `\_90_divfloor'.
Generating RTLIL representation for module `\_90_modfloor'.
Generating RTLIL representation for module `\_90_pow'.
Generating RTLIL representation for module `\_90_demux'.
Generating RTLIL representation for module `\_90_lut'.
Generating RTLIL representation for module `$connect'.
Generating RTLIL representation for module `$input_port'.
Successfully finished Verilog frontend.

2.33.2. Executing Verilog-2005 frontend: /mnt/storage/synth_eval/oss-cad-suite/lib/../share/yosys/lattice/arith_map_ccu2c.v
Parsing Verilog input from `/mnt/storage/synth_eval/oss-cad-suite/lib/../share/yosys/lattice/arith_map_ccu2c.v' to AST representation.
Generating RTLIL representation for module `\_80_ccu2c_alu'.
Successfully finished Verilog frontend.

2.33.3. Continuing TECHMAP pass.
Using template $paramod$4ccbe221165818e15f326ddee3d1183c7924e12f\_80_ccu2c_alu for cells of type $alu.
Using template $paramod$e46c3cc4a33948ccfa92964f3db3af07997be555\_80_ccu2c_alu for cells of type $alu.
Using template $paramod$4e6ee5eb737cf7428f8e246e911ae1dac9ae2979\_80_ccu2c_alu for cells of type $alu.
Using template $paramod$37400008cc205e0c50b9fe312675dfa6c38df87d\_80_ccu2c_alu for cells of type $alu.
Using template $paramod$2d591d76303cd5065d50f216288bb81e81f2927d\_80_ccu2c_alu for cells of type $alu.
Using template $paramod$956e79e8f8c5e64be7438155ae50a966e615cb04\_80_ccu2c_alu for cells of type $alu.
Using template $paramod$3bb72ad0665cdca279bbc49ed6a39f403f16497f\_80_ccu2c_alu for cells of type $alu.
Using extmapper simplemap for cells of type $dff.
Using extmapper simplemap for cells of type $reduce_or.
Using extmapper simplemap for cells of type $eq.
Using extmapper simplemap for cells of type $pmux.
Using extmapper simplemap for cells of type $logic_not.
Using extmapper simplemap for cells of type $mux.
Using extmapper simplemap for cells of type $or.
Using extmapper simplemap for cells of type $xor.
Using extmapper simplemap for cells of type $logic_or.
Using extmapper simplemap for cells of type $logic_and.
Using extmapper simplemap for cells of type $pos.
Using extmapper simplemap for cells of type $not.
No more expansions possible.
<suppressed ~2004 debug messages>

2.34. Executing OPT pass (performing simple optimizations).

2.34.1. Executing OPT_EXPR pass (perform const folding).
Optimizing module top_flopoco_div_we8_wf17_zynq7000_native_srt_43_f300.
<suppressed ~2562 debug messages>

2.34.2. Executing OPT_MERGE pass (detect identical cells).
Finding identical cells in module `\top_flopoco_div_we8_wf17_zynq7000_native_srt_43_f300'.
Computing hashes of 7323 cells of `\top_flopoco_div_we8_wf17_zynq7000_native_srt_43_f300'.
Finding duplicate cells in `\top_flopoco_div_we8_wf17_zynq7000_native_srt_43_f300'.
Computing hashes of 6255 cells of `\top_flopoco_div_we8_wf17_zynq7000_native_srt_43_f300'.
Finding duplicate cells in `\top_flopoco_div_we8_wf17_zynq7000_native_srt_43_f300'.
Computing hashes of 5851 cells of `\top_flopoco_div_we8_wf17_zynq7000_native_srt_43_f300'.
Finding duplicate cells in `\top_flopoco_div_we8_wf17_zynq7000_native_srt_43_f300'.
Computing hashes of 5723 cells of `\top_flopoco_div_we8_wf17_zynq7000_native_srt_43_f300'.
Finding duplicate cells in `\top_flopoco_div_we8_wf17_zynq7000_native_srt_43_f300'.
Computing hashes of 5721 cells of `\top_flopoco_div_we8_wf17_zynq7000_native_srt_43_f300'.
Finding duplicate cells in `\top_flopoco_div_we8_wf17_zynq7000_native_srt_43_f300'.
Computing hashes of 5719 cells of `\top_flopoco_div_we8_wf17_zynq7000_native_srt_43_f300'.
Finding duplicate cells in `\top_flopoco_div_we8_wf17_zynq7000_native_srt_43_f300'.
Computing hashes of 5717 cells of `\top_flopoco_div_we8_wf17_zynq7000_native_srt_43_f300'.
Finding duplicate cells in `\top_flopoco_div_we8_wf17_zynq7000_native_srt_43_f300'.
Computing hashes of 5715 cells of `\top_flopoco_div_we8_wf17_zynq7000_native_srt_43_f300'.
Finding duplicate cells in `\top_flopoco_div_we8_wf17_zynq7000_native_srt_43_f300'.
Computing hashes of 5713 cells of `\top_flopoco_div_we8_wf17_zynq7000_native_srt_43_f300'.
Finding duplicate cells in `\top_flopoco_div_we8_wf17_zynq7000_native_srt_43_f300'.
Computing hashes of 5711 cells of `\top_flopoco_div_we8_wf17_zynq7000_native_srt_43_f300'.
Finding duplicate cells in `\top_flopoco_div_we8_wf17_zynq7000_native_srt_43_f300'.
Computing hashes of 5709 cells of `\top_flopoco_div_we8_wf17_zynq7000_native_srt_43_f300'.
Finding duplicate cells in `\top_flopoco_div_we8_wf17_zynq7000_native_srt_43_f300'.
Computing hashes of 5707 cells of `\top_flopoco_div_we8_wf17_zynq7000_native_srt_43_f300'.
Finding duplicate cells in `\top_flopoco_div_we8_wf17_zynq7000_native_srt_43_f300'.
Computing hashes of 5705 cells of `\top_flopoco_div_we8_wf17_zynq7000_native_srt_43_f300'.
Finding duplicate cells in `\top_flopoco_div_we8_wf17_zynq7000_native_srt_43_f300'.
Computing hashes of 5703 cells of `\top_flopoco_div_we8_wf17_zynq7000_native_srt_43_f300'.
Finding duplicate cells in `\top_flopoco_div_we8_wf17_zynq7000_native_srt_43_f300'.
Computing hashes of 5701 cells of `\top_flopoco_div_we8_wf17_zynq7000_native_srt_43_f300'.
Finding duplicate cells in `\top_flopoco_div_we8_wf17_zynq7000_native_srt_43_f300'.
Computing hashes of 5700 cells of `\top_flopoco_div_we8_wf17_zynq7000_native_srt_43_f300'.
Finding duplicate cells in `\top_flopoco_div_we8_wf17_zynq7000_native_srt_43_f300'.
Computing hashes of 5699 cells of `\top_flopoco_div_we8_wf17_zynq7000_native_srt_43_f300'.
Finding duplicate cells in `\top_flopoco_div_we8_wf17_zynq7000_native_srt_43_f300'.
Computing hashes of 5698 cells of `\top_flopoco_div_we8_wf17_zynq7000_native_srt_43_f300'.
Finding duplicate cells in `\top_flopoco_div_we8_wf17_zynq7000_native_srt_43_f300'.
<suppressed ~4875 debug messages>
Removed a total of 1625 cells.

2.34.3. Executing OPT_DFF pass (perform DFF optimizations).
Adding SRST signal on $auto$ff.cc:337:slice$8293 ($_DFF_P_) from module top_flopoco_div_we8_wf17_zynq7000_native_srt_43_f300 (D = $auto$simplemap.cc:189:logic_reduce$8111, Q = \u_dut.qp10_d1 [1], rval = 1'0).
Adding SRST signal on $auto$ff.cc:337:slice$8312 ($_DFF_P_) from module top_flopoco_div_we8_wf17_zynq7000_native_srt_43_f300 (D = $auto$simplemap.cc:189:logic_reduce$9178, Q = \u_dut.absq1d_d1 [18], rval = 1'0).
Adding SRST signal on $auto$ff.cc:337:slice$8315 ($_DFF_P_) from module top_flopoco_div_we8_wf17_zynq7000_native_srt_43_f300 (D = $auto$simplemap.cc:189:logic_reduce$3164, Q = \u_dut.q1 [2], rval = 1'0).
Adding SRST signal on $auto$ff.cc:337:slice$8321 ($_DFF_P_) from module top_flopoco_div_we8_wf17_zynq7000_native_srt_43_f300 (D = $auto$simplemap.cc:189:logic_reduce$3775, Q = \u_dut.q2_d1 [2], rval = 1'0).
Adding SRST signal on $auto$ff.cc:337:slice$8340 ($_DFF_P_) from module top_flopoco_div_we8_wf17_zynq7000_native_srt_43_f300 (D = $auto$simplemap.cc:189:logic_reduce$9804, Q = \u_dut.absq3d_d1 [18], rval = 1'0).
Adding SRST signal on $auto$ff.cc:337:slice$8343 ($_DFF_P_) from module top_flopoco_div_we8_wf17_zynq7000_native_srt_43_f300 (D = $auto$simplemap.cc:189:logic_reduce$4386, Q = \u_dut.q3 [2], rval = 1'0).
Adding SRST signal on $auto$ff.cc:337:slice$8349 ($_DFF_P_) from module top_flopoco_div_we8_wf17_zynq7000_native_srt_43_f300 (D = $auto$simplemap.cc:189:logic_reduce$4997, Q = \u_dut.q4_d1 [2], rval = 1'0).
Adding SRST signal on $auto$ff.cc:337:slice$8368 ($_DFF_P_) from module top_flopoco_div_we8_wf17_zynq7000_native_srt_43_f300 (D = $auto$simplemap.cc:189:logic_reduce$10430, Q = \u_dut.absq5d_d1 [18], rval = 1'0).
Adding SRST signal on $auto$ff.cc:337:slice$8371 ($_DFF_P_) from module top_flopoco_div_we8_wf17_zynq7000_native_srt_43_f300 (D = $auto$simplemap.cc:189:logic_reduce$5608, Q = \u_dut.q5 [2], rval = 1'0).
Adding SRST signal on $auto$ff.cc:337:slice$8377 ($_DFF_P_) from module top_flopoco_div_we8_wf17_zynq7000_native_srt_43_f300 (D = $auto$simplemap.cc:189:logic_reduce$6219, Q = \u_dut.q6_d1 [2], rval = 1'0).
Adding SRST signal on $auto$ff.cc:337:slice$8396 ($_DFF_P_) from module top_flopoco_div_we8_wf17_zynq7000_native_srt_43_f300 (D = $auto$simplemap.cc:189:logic_reduce$11056, Q = \u_dut.absq7d_d1 [18], rval = 1'0).
Adding SRST signal on $auto$ff.cc:337:slice$8399 ($_DFF_P_) from module top_flopoco_div_we8_wf17_zynq7000_native_srt_43_f300 (D = $auto$simplemap.cc:189:logic_reduce$6830, Q = \u_dut.q7 [2], rval = 1'0).
Adding SRST signal on $auto$ff.cc:337:slice$8405 ($_DFF_P_) from module top_flopoco_div_we8_wf17_zynq7000_native_srt_43_f300 (D = $auto$simplemap.cc:189:logic_reduce$7441, Q = \u_dut.q8_d1 [2], rval = 1'0).
Adding SRST signal on $auto$ff.cc:337:slice$8424 ($_DFF_P_) from module top_flopoco_div_we8_wf17_zynq7000_native_srt_43_f300 (D = $auto$simplemap.cc:189:logic_reduce$11682, Q = \u_dut.absq9d_d1 [18], rval = 1'0).
Adding SRST signal on $auto$ff.cc:337:slice$8427 ($_DFF_P_) from module top_flopoco_div_we8_wf17_zynq7000_native_srt_43_f300 (D = $auto$simplemap.cc:189:logic_reduce$8052, Q = \u_dut.q9 [2], rval = 1'0).
Adding SRST signal on $auto$ff.cc:337:slice$8728 ($_DFF_P_) from module top_flopoco_div_we8_wf17_zynq7000_native_srt_43_f300 (D = $auto$simplemap.cc:189:logic_reduce$12032, Q = \u_dut.exnr0_d1 [1], rval = 1'1).
Adding SRST signal on $auto$ff.cc:337:slice$8359 ($_DFF_P_) from module top_flopoco_div_we8_wf17_zynq7000_native_srt_43_f300 (D = $auto$simplemap.cc:189:logic_reduce$10331, Q = \u_dut.absq5d_d1 [9], rval = 1'0).
Adding SRST signal on $auto$ff.cc:337:slice$8360 ($_DFF_P_) from module top_flopoco_div_we8_wf17_zynq7000_native_srt_43_f300 (D = $auto$simplemap.cc:189:logic_reduce$10342, Q = \u_dut.absq5d_d1 [10], rval = 1'0).
Adding SRST signal on $auto$ff.cc:337:slice$8361 ($_DFF_P_) from module top_flopoco_div_we8_wf17_zynq7000_native_srt_43_f300 (D = $auto$simplemap.cc:189:logic_reduce$10353, Q = \u_dut.absq5d_d1 [11], rval = 1'0).
Adding SRST signal on $auto$ff.cc:337:slice$8363 ($_DFF_P_) from module top_flopoco_div_we8_wf17_zynq7000_native_srt_43_f300 (D = $auto$simplemap.cc:189:logic_reduce$10375, Q = \u_dut.absq5d_d1 [13], rval = 1'0).
Adding SRST signal on $auto$ff.cc:337:slice$8365 ($_DFF_P_) from module top_flopoco_div_we8_wf17_zynq7000_native_srt_43_f300 (D = $auto$simplemap.cc:189:logic_reduce$10397, Q = \u_dut.absq5d_d1 [15], rval = 1'0).
Adding SRST signal on $auto$ff.cc:337:slice$8367 ($_DFF_P_) from module top_flopoco_div_we8_wf17_zynq7000_native_srt_43_f300 (D = $auto$simplemap.cc:189:logic_reduce$10419, Q = \u_dut.absq5d_d1 [17], rval = 1'0).
Adding SRST signal on $auto$ff.cc:337:slice$8370 ($_DFF_P_) from module top_flopoco_div_we8_wf17_zynq7000_native_srt_43_f300 (D = $auto$simplemap.cc:189:logic_reduce$5587, Q = \u_dut.q5 [1], rval = 1'0).
Adding SRST signal on $auto$ff.cc:337:slice$8376 ($_DFF_P_) from module top_flopoco_div_we8_wf17_zynq7000_native_srt_43_f300 (D = $auto$simplemap.cc:189:logic_reduce$6198, Q = \u_dut.q6_d1 [1], rval = 1'0).
Adding SRST signal on $auto$ff.cc:337:slice$8379 ($_DFF_P_) from module top_flopoco_div_we8_wf17_zynq7000_native_srt_43_f300 (D = $auto$simplemap.cc:189:logic_reduce$10869, Q = \u_dut.absq7d_d1 [1], rval = 1'0).
Adding SRST signal on $auto$ff.cc:337:slice$8381 ($_DFF_P_) from module top_flopoco_div_we8_wf17_zynq7000_native_srt_43_f300 (D = $auto$simplemap.cc:189:logic_reduce$10891, Q = \u_dut.absq7d_d1 [3], rval = 1'0).
Adding SRST signal on $auto$ff.cc:337:slice$8383 ($_DFF_P_) from module top_flopoco_div_we8_wf17_zynq7000_native_srt_43_f300 (D = $auto$simplemap.cc:189:logic_reduce$10913, Q = \u_dut.absq7d_d1 [5], rval = 1'0).
Adding SRST signal on $auto$ff.cc:337:slice$8385 ($_DFF_P_) from module top_flopoco_div_we8_wf17_zynq7000_native_srt_43_f300 (D = $auto$simplemap.cc:189:logic_reduce$10935, Q = \u_dut.absq7d_d1 [7], rval = 1'0).
Adding SRST signal on $auto$ff.cc:337:slice$8387 ($_DFF_P_) from module top_flopoco_div_we8_wf17_zynq7000_native_srt_43_f300 (D = $auto$simplemap.cc:189:logic_reduce$10957, Q = \u_dut.absq7d_d1 [9], rval = 1'0).
Adding SRST signal on $auto$ff.cc:337:slice$8358 ($_DFF_P_) from module top_flopoco_div_we8_wf17_zynq7000_native_srt_43_f300 (D = $auto$simplemap.cc:189:logic_reduce$10320, Q = \u_dut.absq5d_d1 [8], rval = 1'0).
Adding SRST signal on $auto$ff.cc:337:slice$8362 ($_DFF_P_) from module top_flopoco_div_we8_wf17_zynq7000_native_srt_43_f300 (D = $auto$simplemap.cc:189:logic_reduce$10364, Q = \u_dut.absq5d_d1 [12], rval = 1'0).
Adding SRST signal on $auto$ff.cc:337:slice$8364 ($_DFF_P_) from module top_flopoco_div_we8_wf17_zynq7000_native_srt_43_f300 (D = $auto$simplemap.cc:189:logic_reduce$10386, Q = \u_dut.absq5d_d1 [14], rval = 1'0).
Adding SRST signal on $auto$ff.cc:337:slice$8366 ($_DFF_P_) from module top_flopoco_div_we8_wf17_zynq7000_native_srt_43_f300 (D = $auto$simplemap.cc:189:logic_reduce$10408, Q = \u_dut.absq5d_d1 [16], rval = 1'0).
Adding SRST signal on $auto$ff.cc:337:slice$8369 ($_DFF_P_) from module top_flopoco_div_we8_wf17_zynq7000_native_srt_43_f300 (D = $auto$simplemap.cc:189:logic_reduce$5566, Q = \u_dut.q5 [0], rval = 1'0).
Adding SRST signal on $auto$ff.cc:337:slice$8375 ($_DFF_P_) from module top_flopoco_div_we8_wf17_zynq7000_native_srt_43_f300 (D = $auto$simplemap.cc:189:logic_reduce$6177, Q = \u_dut.q6_d1 [0], rval = 1'0).
Adding SRST signal on $auto$ff.cc:337:slice$8378 ($_DFF_P_) from module top_flopoco_div_we8_wf17_zynq7000_native_srt_43_f300 (D = $auto$simplemap.cc:189:logic_reduce$10858, Q = \u_dut.absq7d_d1 [0], rval = 1'0).
Adding SRST signal on $auto$ff.cc:337:slice$8380 ($_DFF_P_) from module top_flopoco_div_we8_wf17_zynq7000_native_srt_43_f300 (D = $auto$simplemap.cc:189:logic_reduce$10880, Q = \u_dut.absq7d_d1 [2], rval = 1'0).
Adding SRST signal on $auto$ff.cc:337:slice$8382 ($_DFF_P_) from module top_flopoco_div_we8_wf17_zynq7000_native_srt_43_f300 (D = $auto$simplemap.cc:189:logic_reduce$10902, Q = \u_dut.absq7d_d1 [4], rval = 1'0).
Adding SRST signal on $auto$ff.cc:337:slice$8384 ($_DFF_P_) from module top_flopoco_div_we8_wf17_zynq7000_native_srt_43_f300 (D = $auto$simplemap.cc:189:logic_reduce$10924, Q = \u_dut.absq7d_d1 [6], rval = 1'0).
Adding SRST signal on $auto$ff.cc:337:slice$8386 ($_DFF_P_) from module top_flopoco_div_we8_wf17_zynq7000_native_srt_43_f300 (D = $auto$simplemap.cc:189:logic_reduce$10946, Q = \u_dut.absq7d_d1 [8], rval = 1'0).
Adding SRST signal on $auto$ff.cc:337:slice$8388 ($_DFF_P_) from module top_flopoco_div_we8_wf17_zynq7000_native_srt_43_f300 (D = $auto$simplemap.cc:189:logic_reduce$10968, Q = \u_dut.absq7d_d1 [10], rval = 1'0).
Adding SRST signal on $auto$ff.cc:337:slice$8389 ($_DFF_P_) from module top_flopoco_div_we8_wf17_zynq7000_native_srt_43_f300 (D = $auto$simplemap.cc:189:logic_reduce$10979, Q = \u_dut.absq7d_d1 [11], rval = 1'0).
Adding SRST signal on $auto$ff.cc:337:slice$8390 ($_DFF_P_) from module top_flopoco_div_we8_wf17_zynq7000_native_srt_43_f300 (D = $auto$simplemap.cc:189:logic_reduce$10990, Q = \u_dut.absq7d_d1 [12], rval = 1'0).
Adding SRST signal on $auto$ff.cc:337:slice$8391 ($_DFF_P_) from module top_flopoco_div_we8_wf17_zynq7000_native_srt_43_f300 (D = $auto$simplemap.cc:189:logic_reduce$11001, Q = \u_dut.absq7d_d1 [13], rval = 1'0).
Adding SRST signal on $auto$ff.cc:337:slice$8392 ($_DFF_P_) from module top_flopoco_div_we8_wf17_zynq7000_native_srt_43_f300 (D = $auto$simplemap.cc:189:logic_reduce$11012, Q = \u_dut.absq7d_d1 [14], rval = 1'0).
Adding SRST signal on $auto$ff.cc:337:slice$8393 ($_DFF_P_) from module top_flopoco_div_we8_wf17_zynq7000_native_srt_43_f300 (D = $auto$simplemap.cc:189:logic_reduce$11023, Q = \u_dut.absq7d_d1 [15], rval = 1'0).
Adding SRST signal on $auto$ff.cc:337:slice$8394 ($_DFF_P_) from module top_flopoco_div_we8_wf17_zynq7000_native_srt_43_f300 (D = $auto$simplemap.cc:189:logic_reduce$11034, Q = \u_dut.absq7d_d1 [16], rval = 1'0).
Adding SRST signal on $auto$ff.cc:337:slice$8395 ($_DFF_P_) from module top_flopoco_div_we8_wf17_zynq7000_native_srt_43_f300 (D = $auto$simplemap.cc:189:logic_reduce$11045, Q = \u_dut.absq7d_d1 [17], rval = 1'0).
Adding SRST signal on $auto$ff.cc:337:slice$8397 ($_DFF_P_) from module top_flopoco_div_we8_wf17_zynq7000_native_srt_43_f300 (D = $auto$simplemap.cc:189:logic_reduce$6788, Q = \u_dut.q7 [0], rval = 1'0).
Adding SRST signal on $auto$ff.cc:337:slice$8398 ($_DFF_P_) from module top_flopoco_div_we8_wf17_zynq7000_native_srt_43_f300 (D = $auto$simplemap.cc:189:logic_reduce$6809, Q = \u_dut.q7 [1], rval = 1'0).
Adding SRST signal on $auto$ff.cc:337:slice$8403 ($_DFF_P_) from module top_flopoco_div_we8_wf17_zynq7000_native_srt_43_f300 (D = $auto$simplemap.cc:189:logic_reduce$7399, Q = \u_dut.q8_d1 [0], rval = 1'0).
Adding SRST signal on $auto$ff.cc:337:slice$8404 ($_DFF_P_) from module top_flopoco_div_we8_wf17_zynq7000_native_srt_43_f300 (D = $auto$simplemap.cc:189:logic_reduce$7420, Q = \u_dut.q8_d1 [1], rval = 1'0).
Adding SRST signal on $auto$ff.cc:337:slice$8406 ($_DFF_P_) from module top_flopoco_div_we8_wf17_zynq7000_native_srt_43_f300 (D = $auto$simplemap.cc:189:logic_reduce$11484, Q = \u_dut.absq9d_d1 [0], rval = 1'0).
Adding SRST signal on $auto$ff.cc:337:slice$8407 ($_DFF_P_) from module top_flopoco_div_we8_wf17_zynq7000_native_srt_43_f300 (D = $auto$simplemap.cc:189:logic_reduce$11495, Q = \u_dut.absq9d_d1 [1], rval = 1'0).
Adding SRST signal on $auto$ff.cc:337:slice$8408 ($_DFF_P_) from module top_flopoco_div_we8_wf17_zynq7000_native_srt_43_f300 (D = $auto$simplemap.cc:189:logic_reduce$11506, Q = \u_dut.absq9d_d1 [2], rval = 1'0).
Adding SRST signal on $auto$ff.cc:337:slice$8409 ($_DFF_P_) from module top_flopoco_div_we8_wf17_zynq7000_native_srt_43_f300 (D = $auto$simplemap.cc:189:logic_reduce$11517, Q = \u_dut.absq9d_d1 [3], rval = 1'0).
Adding SRST signal on $auto$ff.cc:337:slice$8410 ($_DFF_P_) from module top_flopoco_div_we8_wf17_zynq7000_native_srt_43_f300 (D = $auto$simplemap.cc:189:logic_reduce$11528, Q = \u_dut.absq9d_d1 [4], rval = 1'0).
Adding SRST signal on $auto$ff.cc:337:slice$8411 ($_DFF_P_) from module top_flopoco_div_we8_wf17_zynq7000_native_srt_43_f300 (D = $auto$simplemap.cc:189:logic_reduce$11539, Q = \u_dut.absq9d_d1 [5], rval = 1'0).
Adding SRST signal on $auto$ff.cc:337:slice$8412 ($_DFF_P_) from module top_flopoco_div_we8_wf17_zynq7000_native_srt_43_f300 (D = $auto$simplemap.cc:189:logic_reduce$11550, Q = \u_dut.absq9d_d1 [6], rval = 1'0).
Adding SRST signal on $auto$ff.cc:337:slice$8413 ($_DFF_P_) from module top_flopoco_div_we8_wf17_zynq7000_native_srt_43_f300 (D = $auto$simplemap.cc:189:logic_reduce$11561, Q = \u_dut.absq9d_d1 [7], rval = 1'0).
Adding SRST signal on $auto$ff.cc:337:slice$8414 ($_DFF_P_) from module top_flopoco_div_we8_wf17_zynq7000_native_srt_43_f300 (D = $auto$simplemap.cc:189:logic_reduce$11572, Q = \u_dut.absq9d_d1 [8], rval = 1'0).
Adding SRST signal on $auto$ff.cc:337:slice$8415 ($_DFF_P_) from module top_flopoco_div_we8_wf17_zynq7000_native_srt_43_f300 (D = $auto$simplemap.cc:189:logic_reduce$11583, Q = \u_dut.absq9d_d1 [9], rval = 1'0).
Adding SRST signal on $auto$ff.cc:337:slice$8416 ($_DFF_P_) from module top_flopoco_div_we8_wf17_zynq7000_native_srt_43_f300 (D = $auto$simplemap.cc:189:logic_reduce$11594, Q = \u_dut.absq9d_d1 [10], rval = 1'0).
Adding SRST signal on $auto$ff.cc:337:slice$8417 ($_DFF_P_) from module top_flopoco_div_we8_wf17_zynq7000_native_srt_43_f300 (D = $auto$simplemap.cc:189:logic_reduce$11605, Q = \u_dut.absq9d_d1 [11], rval = 1'0).
Adding SRST signal on $auto$ff.cc:337:slice$8418 ($_DFF_P_) from module top_flopoco_div_we8_wf17_zynq7000_native_srt_43_f300 (D = $auto$simplemap.cc:189:logic_reduce$11616, Q = \u_dut.absq9d_d1 [12], rval = 1'0).
Adding SRST signal on $auto$ff.cc:337:slice$8419 ($_DFF_P_) from module top_flopoco_div_we8_wf17_zynq7000_native_srt_43_f300 (D = $auto$simplemap.cc:189:logic_reduce$11627, Q = \u_dut.absq9d_d1 [13], rval = 1'0).
Adding SRST signal on $auto$ff.cc:337:slice$8420 ($_DFF_P_) from module top_flopoco_div_we8_wf17_zynq7000_native_srt_43_f300 (D = $auto$simplemap.cc:189:logic_reduce$11638, Q = \u_dut.absq9d_d1 [14], rval = 1'0).
Adding SRST signal on $auto$ff.cc:337:slice$8421 ($_DFF_P_) from module top_flopoco_div_we8_wf17_zynq7000_native_srt_43_f300 (D = $auto$simplemap.cc:189:logic_reduce$11649, Q = \u_dut.absq9d_d1 [15], rval = 1'0).
Adding SRST signal on $auto$ff.cc:337:slice$8422 ($_DFF_P_) from module top_flopoco_div_we8_wf17_zynq7000_native_srt_43_f300 (D = $auto$simplemap.cc:189:logic_reduce$11660, Q = \u_dut.absq9d_d1 [16], rval = 1'0).
Adding SRST signal on $auto$ff.cc:337:slice$8423 ($_DFF_P_) from module top_flopoco_div_we8_wf17_zynq7000_native_srt_43_f300 (D = $auto$simplemap.cc:189:logic_reduce$11671, Q = \u_dut.absq9d_d1 [17], rval = 1'0).
Adding SRST signal on $auto$ff.cc:337:slice$8425 ($_DFF_P_) from module top_flopoco_div_we8_wf17_zynq7000_native_srt_43_f300 (D = $auto$simplemap.cc:189:logic_reduce$8010, Q = \u_dut.q9 [0], rval = 1'0).
Adding SRST signal on $auto$ff.cc:337:slice$8426 ($_DFF_P_) from module top_flopoco_div_we8_wf17_zynq7000_native_srt_43_f300 (D = $auto$simplemap.cc:189:logic_reduce$8031, Q = \u_dut.q9 [1], rval = 1'0).
Adding SRST signal on $auto$ff.cc:337:slice$8727 ($_DFF_P_) from module top_flopoco_div_we8_wf17_zynq7000_native_srt_43_f300 (D = $auto$simplemap.cc:189:logic_reduce$12021, Q = \u_dut.exnr0_d1 [0], rval = 1'1).
Adding SRST signal on $auto$ff.cc:337:slice$8292 ($_DFF_P_) from module top_flopoco_div_we8_wf17_zynq7000_native_srt_43_f300 (D = $auto$simplemap.cc:189:logic_reduce$8100, Q = \u_dut.qp10_d1 [0], rval = 1'0).
Adding SRST signal on $auto$ff.cc:337:slice$8294 ($_DFF_P_) from module top_flopoco_div_we8_wf17_zynq7000_native_srt_43_f300 (D = $auto$simplemap.cc:189:logic_reduce$8980, Q = \u_dut.absq1d_d1 [0], rval = 1'0).
Adding SRST signal on $auto$ff.cc:337:slice$8295 ($_DFF_P_) from module top_flopoco_div_we8_wf17_zynq7000_native_srt_43_f300 (D = $auto$simplemap.cc:189:logic_reduce$8991, Q = \u_dut.absq1d_d1 [1], rval = 1'0).
Adding SRST signal on $auto$ff.cc:337:slice$8296 ($_DFF_P_) from module top_flopoco_div_we8_wf17_zynq7000_native_srt_43_f300 (D = $auto$simplemap.cc:189:logic_reduce$9002, Q = \u_dut.absq1d_d1 [2], rval = 1'0).
Adding SRST signal on $auto$ff.cc:337:slice$8297 ($_DFF_P_) from module top_flopoco_div_we8_wf17_zynq7000_native_srt_43_f300 (D = $auto$simplemap.cc:189:logic_reduce$9013, Q = \u_dut.absq1d_d1 [3], rval = 1'0).
Adding SRST signal on $auto$ff.cc:337:slice$8298 ($_DFF_P_) from module top_flopoco_div_we8_wf17_zynq7000_native_srt_43_f300 (D = $auto$simplemap.cc:189:logic_reduce$9024, Q = \u_dut.absq1d_d1 [4], rval = 1'0).
Adding SRST signal on $auto$ff.cc:337:slice$8299 ($_DFF_P_) from module top_flopoco_div_we8_wf17_zynq7000_native_srt_43_f300 (D = $auto$simplemap.cc:189:logic_reduce$9035, Q = \u_dut.absq1d_d1 [5], rval = 1'0).
Adding SRST signal on $auto$ff.cc:337:slice$8300 ($_DFF_P_) from module top_flopoco_div_we8_wf17_zynq7000_native_srt_43_f300 (D = $auto$simplemap.cc:189:logic_reduce$9046, Q = \u_dut.absq1d_d1 [6], rval = 1'0).
Adding SRST signal on $auto$ff.cc:337:slice$8301 ($_DFF_P_) from module top_flopoco_div_we8_wf17_zynq7000_native_srt_43_f300 (D = $auto$simplemap.cc:189:logic_reduce$9057, Q = \u_dut.absq1d_d1 [7], rval = 1'0).
Adding SRST signal on $auto$ff.cc:337:slice$8302 ($_DFF_P_) from module top_flopoco_div_we8_wf17_zynq7000_native_srt_43_f300 (D = $auto$simplemap.cc:189:logic_reduce$9068, Q = \u_dut.absq1d_d1 [8], rval = 1'0).
Adding SRST signal on $auto$ff.cc:337:slice$8303 ($_DFF_P_) from module top_flopoco_div_we8_wf17_zynq7000_native_srt_43_f300 (D = $auto$simplemap.cc:189:logic_reduce$9079, Q = \u_dut.absq1d_d1 [9], rval = 1'0).
Adding SRST signal on $auto$ff.cc:337:slice$8304 ($_DFF_P_) from module top_flopoco_div_we8_wf17_zynq7000_native_srt_43_f300 (D = $auto$simplemap.cc:189:logic_reduce$9090, Q = \u_dut.absq1d_d1 [10], rval = 1'0).
Adding SRST signal on $auto$ff.cc:337:slice$8305 ($_DFF_P_) from module top_flopoco_div_we8_wf17_zynq7000_native_srt_43_f300 (D = $auto$simplemap.cc:189:logic_reduce$9101, Q = \u_dut.absq1d_d1 [11], rval = 1'0).
Adding SRST signal on $auto$ff.cc:337:slice$8306 ($_DFF_P_) from module top_flopoco_div_we8_wf17_zynq7000_native_srt_43_f300 (D = $auto$simplemap.cc:189:logic_reduce$9112, Q = \u_dut.absq1d_d1 [12], rval = 1'0).
Adding SRST signal on $auto$ff.cc:337:slice$8307 ($_DFF_P_) from module top_flopoco_div_we8_wf17_zynq7000_native_srt_43_f300 (D = $auto$simplemap.cc:189:logic_reduce$9123, Q = \u_dut.absq1d_d1 [13], rval = 1'0).
Adding SRST signal on $auto$ff.cc:337:slice$8308 ($_DFF_P_) from module top_flopoco_div_we8_wf17_zynq7000_native_srt_43_f300 (D = $auto$simplemap.cc:189:logic_reduce$9134, Q = \u_dut.absq1d_d1 [14], rval = 1'0).
Adding SRST signal on $auto$ff.cc:337:slice$8309 ($_DFF_P_) from module top_flopoco_div_we8_wf17_zynq7000_native_srt_43_f300 (D = $auto$simplemap.cc:189:logic_reduce$9145, Q = \u_dut.absq1d_d1 [15], rval = 1'0).
Adding SRST signal on $auto$ff.cc:337:slice$8310 ($_DFF_P_) from module top_flopoco_div_we8_wf17_zynq7000_native_srt_43_f300 (D = $auto$simplemap.cc:189:logic_reduce$9156, Q = \u_dut.absq1d_d1 [16], rval = 1'0).
Adding SRST signal on $auto$ff.cc:337:slice$8311 ($_DFF_P_) from module top_flopoco_div_we8_wf17_zynq7000_native_srt_43_f300 (D = $auto$simplemap.cc:189:logic_reduce$9167, Q = \u_dut.absq1d_d1 [17], rval = 1'0).
Adding SRST signal on $auto$ff.cc:337:slice$8313 ($_DFF_P_) from module top_flopoco_div_we8_wf17_zynq7000_native_srt_43_f300 (D = $auto$simplemap.cc:189:logic_reduce$3122, Q = \u_dut.q1 [0], rval = 1'0).
Adding SRST signal on $auto$ff.cc:337:slice$8314 ($_DFF_P_) from module top_flopoco_div_we8_wf17_zynq7000_native_srt_43_f300 (D = $auto$simplemap.cc:189:logic_reduce$3143, Q = \u_dut.q1 [1], rval = 1'0).
Adding SRST signal on $auto$ff.cc:337:slice$8319 ($_DFF_P_) from module top_flopoco_div_we8_wf17_zynq7000_native_srt_43_f300 (D = $auto$simplemap.cc:189:logic_reduce$3733, Q = \u_dut.q2_d1 [0], rval = 1'0).
Adding SRST signal on $auto$ff.cc:337:slice$8320 ($_DFF_P_) from module top_flopoco_div_we8_wf17_zynq7000_native_srt_43_f300 (D = $auto$simplemap.cc:189:logic_reduce$3754, Q = \u_dut.q2_d1 [1], rval = 1'0).
Adding SRST signal on $auto$ff.cc:337:slice$8322 ($_DFF_P_) from module top_flopoco_div_we8_wf17_zynq7000_native_srt_43_f300 (D = $auto$simplemap.cc:189:logic_reduce$9606, Q = \u_dut.absq3d_d1 [0], rval = 1'0).
Adding SRST signal on $auto$ff.cc:337:slice$8323 ($_DFF_P_) from module top_flopoco_div_we8_wf17_zynq7000_native_srt_43_f300 (D = $auto$simplemap.cc:189:logic_reduce$9617, Q = \u_dut.absq3d_d1 [1], rval = 1'0).
Adding SRST signal on $auto$ff.cc:337:slice$8324 ($_DFF_P_) from module top_flopoco_div_we8_wf17_zynq7000_native_srt_43_f300 (D = $auto$simplemap.cc:189:logic_reduce$9628, Q = \u_dut.absq3d_d1 [2], rval = 1'0).
Adding SRST signal on $auto$ff.cc:337:slice$8325 ($_DFF_P_) from module top_flopoco_div_we8_wf17_zynq7000_native_srt_43_f300 (D = $auto$simplemap.cc:189:logic_reduce$9639, Q = \u_dut.absq3d_d1 [3], rval = 1'0).
Adding SRST signal on $auto$ff.cc:337:slice$8326 ($_DFF_P_) from module top_flopoco_div_we8_wf17_zynq7000_native_srt_43_f300 (D = $auto$simplemap.cc:189:logic_reduce$9650, Q = \u_dut.absq3d_d1 [4], rval = 1'0).
Adding SRST signal on $auto$ff.cc:337:slice$8327 ($_DFF_P_) from module top_flopoco_div_we8_wf17_zynq7000_native_srt_43_f300 (D = $auto$simplemap.cc:189:logic_reduce$9661, Q = \u_dut.absq3d_d1 [5], rval = 1'0).
Adding SRST signal on $auto$ff.cc:337:slice$8328 ($_DFF_P_) from module top_flopoco_div_we8_wf17_zynq7000_native_srt_43_f300 (D = $auto$simplemap.cc:189:logic_reduce$9672, Q = \u_dut.absq3d_d1 [6], rval = 1'0).
Adding SRST signal on $auto$ff.cc:337:slice$8329 ($_DFF_P_) from module top_flopoco_div_we8_wf17_zynq7000_native_srt_43_f300 (D = $auto$simplemap.cc:189:logic_reduce$9683, Q = \u_dut.absq3d_d1 [7], rval = 1'0).
Adding SRST signal on $auto$ff.cc:337:slice$8330 ($_DFF_P_) from module top_flopoco_div_we8_wf17_zynq7000_native_srt_43_f300 (D = $auto$simplemap.cc:189:logic_reduce$9694, Q = \u_dut.absq3d_d1 [8], rval = 1'0).
Adding SRST signal on $auto$ff.cc:337:slice$8331 ($_DFF_P_) from module top_flopoco_div_we8_wf17_zynq7000_native_srt_43_f300 (D = $auto$simplemap.cc:189:logic_reduce$9705, Q = \u_dut.absq3d_d1 [9], rval = 1'0).
Adding SRST signal on $auto$ff.cc:337:slice$8332 ($_DFF_P_) from module top_flopoco_div_we8_wf17_zynq7000_native_srt_43_f300 (D = $auto$simplemap.cc:189:logic_reduce$9716, Q = \u_dut.absq3d_d1 [10], rval = 1'0).
Adding SRST signal on $auto$ff.cc:337:slice$8333 ($_DFF_P_) from module top_flopoco_div_we8_wf17_zynq7000_native_srt_43_f300 (D = $auto$simplemap.cc:189:logic_reduce$9727, Q = \u_dut.absq3d_d1 [11], rval = 1'0).
Adding SRST signal on $auto$ff.cc:337:slice$8334 ($_DFF_P_) from module top_flopoco_div_we8_wf17_zynq7000_native_srt_43_f300 (D = $auto$simplemap.cc:189:logic_reduce$9738, Q = \u_dut.absq3d_d1 [12], rval = 1'0).
Adding SRST signal on $auto$ff.cc:337:slice$8335 ($_DFF_P_) from module top_flopoco_div_we8_wf17_zynq7000_native_srt_43_f300 (D = $auto$simplemap.cc:189:logic_reduce$9749, Q = \u_dut.absq3d_d1 [13], rval = 1'0).
Adding SRST signal on $auto$ff.cc:337:slice$8336 ($_DFF_P_) from module top_flopoco_div_we8_wf17_zynq7000_native_srt_43_f300 (D = $auto$simplemap.cc:189:logic_reduce$9760, Q = \u_dut.absq3d_d1 [14], rval = 1'0).
Adding SRST signal on $auto$ff.cc:337:slice$8337 ($_DFF_P_) from module top_flopoco_div_we8_wf17_zynq7000_native_srt_43_f300 (D = $auto$simplemap.cc:189:logic_reduce$9771, Q = \u_dut.absq3d_d1 [15], rval = 1'0).
Adding SRST signal on $auto$ff.cc:337:slice$8338 ($_DFF_P_) from module top_flopoco_div_we8_wf17_zynq7000_native_srt_43_f300 (D = $auto$simplemap.cc:189:logic_reduce$9782, Q = \u_dut.absq3d_d1 [16], rval = 1'0).
Adding SRST signal on $auto$ff.cc:337:slice$8339 ($_DFF_P_) from module top_flopoco_div_we8_wf17_zynq7000_native_srt_43_f300 (D = $auto$simplemap.cc:189:logic_reduce$9793, Q = \u_dut.absq3d_d1 [17], rval = 1'0).
Adding SRST signal on $auto$ff.cc:337:slice$8341 ($_DFF_P_) from module top_flopoco_div_we8_wf17_zynq7000_native_srt_43_f300 (D = $auto$simplemap.cc:189:logic_reduce$4344, Q = \u_dut.q3 [0], rval = 1'0).
Adding SRST signal on $auto$ff.cc:337:slice$8342 ($_DFF_P_) from module top_flopoco_div_we8_wf17_zynq7000_native_srt_43_f300 (D = $auto$simplemap.cc:189:logic_reduce$4365, Q = \u_dut.q3 [1], rval = 1'0).
Adding SRST signal on $auto$ff.cc:337:slice$8347 ($_DFF_P_) from module top_flopoco_div_we8_wf17_zynq7000_native_srt_43_f300 (D = $auto$simplemap.cc:189:logic_reduce$4955, Q = \u_dut.q4_d1 [0], rval = 1'0).
Adding SRST signal on $auto$ff.cc:337:slice$8348 ($_DFF_P_) from module top_flopoco_div_we8_wf17_zynq7000_native_srt_43_f300 (D = $auto$simplemap.cc:189:logic_reduce$4976, Q = \u_dut.q4_d1 [1], rval = 1'0).
Adding SRST signal on $auto$ff.cc:337:slice$8350 ($_DFF_P_) from module top_flopoco_div_we8_wf17_zynq7000_native_srt_43_f300 (D = $auto$simplemap.cc:189:logic_reduce$10232, Q = \u_dut.absq5d_d1 [0], rval = 1'0).
Adding SRST signal on $auto$ff.cc:337:slice$8351 ($_DFF_P_) from module top_flopoco_div_we8_wf17_zynq7000_native_srt_43_f300 (D = $auto$simplemap.cc:189:logic_reduce$10243, Q = \u_dut.absq5d_d1 [1], rval = 1'0).
Adding SRST signal on $auto$ff.cc:337:slice$8352 ($_DFF_P_) from module top_flopoco_div_we8_wf17_zynq7000_native_srt_43_f300 (D = $auto$simplemap.cc:189:logic_reduce$10254, Q = \u_dut.absq5d_d1 [2], rval = 1'0).
Adding SRST signal on $auto$ff.cc:337:slice$8353 ($_DFF_P_) from module top_flopoco_div_we8_wf17_zynq7000_native_srt_43_f300 (D = $auto$simplemap.cc:189:logic_reduce$10265, Q = \u_dut.absq5d_d1 [3], rval = 1'0).
Adding SRST signal on $auto$ff.cc:337:slice$8354 ($_DFF_P_) from module top_flopoco_div_we8_wf17_zynq7000_native_srt_43_f300 (D = $auto$simplemap.cc:189:logic_reduce$10276, Q = \u_dut.absq5d_d1 [4], rval = 1'0).
Adding SRST signal on $auto$ff.cc:337:slice$8355 ($_DFF_P_) from module top_flopoco_div_we8_wf17_zynq7000_native_srt_43_f300 (D = $auto$simplemap.cc:189:logic_reduce$10287, Q = \u_dut.absq5d_d1 [5], rval = 1'0).
Adding SRST signal on $auto$ff.cc:337:slice$8356 ($_DFF_P_) from module top_flopoco_div_we8_wf17_zynq7000_native_srt_43_f300 (D = $auto$simplemap.cc:189:logic_reduce$10298, Q = \u_dut.absq5d_d1 [6], rval = 1'0).
Adding SRST signal on $auto$ff.cc:337:slice$8357 ($_DFF_P_) from module top_flopoco_div_we8_wf17_zynq7000_native_srt_43_f300 (D = $auto$simplemap.cc:189:logic_reduce$10309, Q = \u_dut.absq5d_d1 [7], rval = 1'0).

2.34.4. Executing OPT_CLEAN pass (remove unused cells and wires).
Finding unused cells or wires in module \top_flopoco_div_we8_wf17_zynq7000_native_srt_43_f300..
Removed 1543 unused cells and 3576 unused wires.
<suppressed ~1598 debug messages>

2.34.5. Rerunning OPT passes. (Removed registers in this run.)

2.34.6. Executing OPT_EXPR pass (perform const folding).
Optimizing module top_flopoco_div_we8_wf17_zynq7000_native_srt_43_f300.

2.34.7. Executing OPT_MERGE pass (detect identical cells).
Finding identical cells in module `\top_flopoco_div_we8_wf17_zynq7000_native_srt_43_f300'.
Computing hashes of 4155 cells of `\top_flopoco_div_we8_wf17_zynq7000_native_srt_43_f300'.
Finding duplicate cells in `\top_flopoco_div_we8_wf17_zynq7000_native_srt_43_f300'.
Removed a total of 0 cells.

2.34.8. Executing OPT_DFF pass (perform DFF optimizations).

2.34.9. Executing OPT_CLEAN pass (remove unused cells and wires).
Finding unused cells or wires in module \top_flopoco_div_we8_wf17_zynq7000_native_srt_43_f300..

2.34.10. Finished fast OPT passes.

2.35. Executing ABC pass (technology mapping using ABC).

2.35.1. Summary of detected clock domains:
  11 cells in clk={ }, en={ }, arst={ }, srst={ }
  154 cells in clk=\clk, en={ }, arst={ }, srst=!$auto$simplemap.cc:189:logic_reduce$3713
  131 cells in clk=\clk, en={ }, arst={ }, srst=!$auto$simplemap.cc:189:logic_reduce$3102
  131 cells in clk=\clk, en={ }, arst={ }, srst=!$auto$simplemap.cc:189:logic_reduce$4324
  15 cells in clk=\clk, en={ }, arst={ }, srst=!$auto$simplemap.cc:189:logic_reduce$8090
  74 cells in clk=\clk, en={ }, arst={ }, srst=!$auto$simplemap.cc:189:logic_reduce$8970
  74 cells in clk=\clk, en={ }, arst={ }, srst=!$auto$simplemap.cc:189:logic_reduce$10222
  131 cells in clk=\clk, en={ }, arst={ }, srst=!$auto$simplemap.cc:189:logic_reduce$5546
  154 cells in clk=\clk, en={ }, arst={ }, srst=!$auto$simplemap.cc:189:logic_reduce$6157
  68 cells in clk=\clk, en={ }, arst={ }, srst=!$auto$simplemap.cc:189:logic_reduce$10848
  131 cells in clk=\clk, en={ }, arst={ }, srst=!$auto$simplemap.cc:189:logic_reduce$6768
  154 cells in clk=\clk, en={ }, arst={ }, srst=!$auto$simplemap.cc:189:logic_reduce$7379
  74 cells in clk=\clk, en={ }, arst={ }, srst=!$auto$simplemap.cc:189:logic_reduce$9596
  58 cells in clk=\clk, en={ }, arst={ }, srst=!$auto$simplemap.cc:189:logic_reduce$11474
  134 cells in clk=\clk, en={ }, arst={ }, srst=!$auto$simplemap.cc:189:logic_reduce$7990
  154 cells in clk=\clk, en={ }, arst={ }, srst=!$auto$simplemap.cc:189:logic_reduce$4935
  22 cells in clk=\clk, en={ }, arst={ }, srst=!$auto$simplemap.cc:189:logic_reduce$12011
  2485 cells in clk=\clk, en={ }, arst={ }, srst={ }

2.35.2. Extracting gate netlist of module `\top_flopoco_div_we8_wf17_zynq7000_native_srt_43_f300' to `<abc-temp-dir>/input.blif'..
No matching clock domain found. Not extracting any FF cells.

2.35.3. Extracting gate netlist of module `\top_flopoco_div_we8_wf17_zynq7000_native_srt_43_f300' to `<abc-temp-dir>/input.blif'..
Found matching posedge clock domain: \clk, synchronously reset by !$auto$simplemap.cc:189:logic_reduce$3713

2.35.3.1. Executed ABC.
Extracted 0 gates and 0 wires to a netlist network with 0 inputs and 0 outputs.
Don't call ABC as there is nothing to map.
Removing temp directory.

2.35.4. Extracting gate netlist of module `\top_flopoco_div_we8_wf17_zynq7000_native_srt_43_f300' to `<abc-temp-dir>/input.blif'..
Found matching posedge clock domain: \clk, synchronously reset by !$auto$simplemap.cc:189:logic_reduce$3102

2.35.5. Extracting gate netlist of module `\top_flopoco_div_we8_wf17_zynq7000_native_srt_43_f300' to `<abc-temp-dir>/input.blif'..
Found matching posedge clock domain: \clk, synchronously reset by !$auto$simplemap.cc:189:logic_reduce$4324

2.35.6. Extracting gate netlist of module `\top_flopoco_div_we8_wf17_zynq7000_native_srt_43_f300' to `<abc-temp-dir>/input.blif'..
Found matching posedge clock domain: \clk, synchronously reset by !$auto$simplemap.cc:189:logic_reduce$8090

2.35.7. Extracting gate netlist of module `\top_flopoco_div_we8_wf17_zynq7000_native_srt_43_f300' to `<abc-temp-dir>/input.blif'..
Found matching posedge clock domain: \clk, synchronously reset by !$auto$simplemap.cc:189:logic_reduce$8970

2.35.8. Extracting gate netlist of module `\top_flopoco_div_we8_wf17_zynq7000_native_srt_43_f300' to `<abc-temp-dir>/input.blif'..
Found matching posedge clock domain: \clk, synchronously reset by !$auto$simplemap.cc:189:logic_reduce$10222

2.35.9. Extracting gate netlist of module `\top_flopoco_div_we8_wf17_zynq7000_native_srt_43_f300' to `<abc-temp-dir>/input.blif'..
Found matching posedge clock domain: \clk, synchronously reset by !$auto$simplemap.cc:189:logic_reduce$5546

2.35.10. Extracting gate netlist of module `\top_flopoco_div_we8_wf17_zynq7000_native_srt_43_f300' to `<abc-temp-dir>/input.blif'..
Found matching posedge clock domain: \clk, synchronously reset by !$auto$simplemap.cc:189:logic_reduce$6157

2.35.11. Extracting gate netlist of module `\top_flopoco_div_we8_wf17_zynq7000_native_srt_43_f300' to `<abc-temp-dir>/input.blif'..
Found matching posedge clock domain: \clk, synchronously reset by !$auto$simplemap.cc:189:logic_reduce$10848

2.35.12. Extracting gate netlist of module `\top_flopoco_div_we8_wf17_zynq7000_native_srt_43_f300' to `<abc-temp-dir>/input.blif'..
Found matching posedge clock domain: \clk, synchronously reset by !$auto$simplemap.cc:189:logic_reduce$6768

2.35.13. Extracting gate netlist of module `\top_flopoco_div_we8_wf17_zynq7000_native_srt_43_f300' to `<abc-temp-dir>/input.blif'..
Found matching posedge clock domain: \clk, synchronously reset by !$auto$simplemap.cc:189:logic_reduce$7379

2.35.14. Extracting gate netlist of module `\top_flopoco_div_we8_wf17_zynq7000_native_srt_43_f300' to `<abc-temp-dir>/input.blif'..
Found matching posedge clock domain: \clk, synchronously reset by !$auto$simplemap.cc:189:logic_reduce$9596

2.35.15. Extracting gate netlist of module `\top_flopoco_div_we8_wf17_zynq7000_native_srt_43_f300' to `<abc-temp-dir>/input.blif'..
Found matching posedge clock domain: \clk, synchronously reset by !$auto$simplemap.cc:189:logic_reduce$11474

2.35.16. Extracting gate netlist of module `\top_flopoco_div_we8_wf17_zynq7000_native_srt_43_f300' to `<abc-temp-dir>/input.blif'..
Found matching posedge clock domain: \clk, synchronously reset by !$auto$simplemap.cc:189:logic_reduce$7990

2.35.17. Extracting gate netlist of module `\top_flopoco_div_we8_wf17_zynq7000_native_srt_43_f300' to `<abc-temp-dir>/input.blif'..
Found matching posedge clock domain: \clk, synchronously reset by !$auto$simplemap.cc:189:logic_reduce$4935

2.35.18. Extracting gate netlist of module `\top_flopoco_div_we8_wf17_zynq7000_native_srt_43_f300' to `<abc-temp-dir>/input.blif'..
Found matching posedge clock domain: \clk, synchronously reset by !$auto$simplemap.cc:189:logic_reduce$12011

2.35.19. Extracting gate netlist of module `\top_flopoco_div_we8_wf17_zynq7000_native_srt_43_f300' to `<abc-temp-dir>/input.blif'..
Found matching posedge clock domain: \clk

2.35.19.1. Executed ABC.
Extracted 154 gates and 203 wires to a netlist network with 48 inputs and 31 outputs.
Running ABC script: <abc-temp-dir>/abc.script
ABC: UC Berkeley, ABC 1.01 (compiled May 12 2026 04:40:36)
ABC: abc 01> empty
ABC: abc 01> source <abc-temp-dir>/abc.script
ABC: + read_blif <abc-temp-dir>/input.blif 
ABC: + read_library <abc-temp-dir>/stdcells.genlib 
ABC: + strash 
ABC: + &get -n 
ABC: + &fraig -x 
ABC: + &put 
ABC: + scorr 
ABC: + dc2 
ABC: + dretime 
ABC: + retime -o -D 1 
ABC: + strash 
ABC: + &get -n 
ABC: + &dch -f 
ABC: + &nf -D 1 
ABC: + &put 
ABC: + write_blif <abc-temp-dir>/output.blif 
ABC: 
ABC: YOSYS_ABC_DONE 

2.35.19.2. Re-integrating ABC results.
ABC RESULTS:               AND cells:       14
ABC RESULTS:            ANDNOT cells:        2
ABC RESULTS:               BUF cells:        3
ABC RESULTS:               DFF cells:        3
ABC RESULTS:               MUX cells:       18
ABC RESULTS:              NAND cells:       11
ABC RESULTS:               NOR cells:        1
ABC RESULTS:               NOT cells:        1
ABC RESULTS:                OR cells:       11
ABC RESULTS:             ORNOT cells:        8
ABC RESULTS:        internal signals:      124
ABC RESULTS:           input signals:       48
ABC RESULTS:          output signals:       31
Removing temp directory.

2.35.19.1. Executed ABC.
Extracted 131 gates and 139 wires to a netlist network with 8 inputs and 11 outputs.
Running ABC script: <abc-temp-dir>/abc.script
ABC: UC Berkeley, ABC 1.01 (compiled May 12 2026 04:40:36)
ABC: abc 01> empty
ABC: abc 01> source <abc-temp-dir>/abc.script
ABC: + read_blif <abc-temp-dir>/input.blif 
ABC: + read_library <abc-temp-dir>/stdcells.genlib 
ABC: + strash 
ABC: + &get -n 
ABC: + &fraig -x 
ABC: + &put 
ABC: + scorr 
ABC: + dc2 
ABC: + dretime 
ABC: + retime -o -D 1 
ABC: + strash 
ABC: + &get -n 
ABC: + &dch -f 
ABC: + &nf -D 1 
ABC: + &put 
ABC: + write_blif <abc-temp-dir>/output.blif 
ABC: 
ABC: YOSYS_ABC_DONE 

2.35.19.2. Re-integrating ABC results.
ABC RESULTS:               AND cells:       10
ABC RESULTS:            ANDNOT cells:        3
ABC RESULTS:               BUF cells:        3
ABC RESULTS:               DFF cells:        3
ABC RESULTS:               MUX cells:        1
ABC RESULTS:              NAND cells:        9
ABC RESULTS:               NOR cells:        1
ABC RESULTS:               NOT cells:        1
ABC RESULTS:                OR cells:        8
ABC RESULTS:             ORNOT cells:        8
ABC RESULTS:        internal signals:      120
ABC RESULTS:           input signals:        8
ABC RESULTS:          output signals:       11
Removing temp directory.

2.35.19.1. Executed ABC.
Extracted 131 gates and 139 wires to a netlist network with 8 inputs and 11 outputs.
Running ABC script: <abc-temp-dir>/abc.script
ABC: UC Berkeley, ABC 1.01 (compiled May 12 2026 04:40:36)
ABC: abc 01> empty
ABC: abc 01> source <abc-temp-dir>/abc.script
ABC: + read_blif <abc-temp-dir>/input.blif 
ABC: + read_library <abc-temp-dir>/stdcells.genlib 
ABC: + strash 
ABC: + &get -n 
ABC: + &fraig -x 
ABC: + &put 
ABC: + scorr 
ABC: + dc2 
ABC: + dretime 
ABC: + retime -o -D 1 
ABC: + strash 
ABC: + &get -n 
ABC: + &dch -f 
ABC: + &nf -D 1 
ABC: + &put 
ABC: + write_blif <abc-temp-dir>/output.blif 
ABC: 
ABC: YOSYS_ABC_DONE 

2.35.19.2. Re-integrating ABC results.
ABC RESULTS:               AND cells:       10
ABC RESULTS:            ANDNOT cells:        3
ABC RESULTS:               BUF cells:        3
ABC RESULTS:               DFF cells:        3
ABC RESULTS:               MUX cells:        1
ABC RESULTS:              NAND cells:        9
ABC RESULTS:               NOR cells:        1
ABC RESULTS:               NOT cells:        1
ABC RESULTS:                OR cells:        8
ABC RESULTS:             ORNOT cells:        8
ABC RESULTS:        internal signals:      120
ABC RESULTS:           input signals:        8
ABC RESULTS:          output signals:       11
Removing temp directory.

2.35.19.1. Executed ABC.
Extracted 15 gates and 20 wires to a netlist network with 5 inputs and 7 outputs.
Running ABC script: <abc-temp-dir>/abc.script
ABC: UC Berkeley, ABC 1.01 (compiled May 12 2026 04:40:36)
ABC: abc 01> empty
ABC: abc 01> source <abc-temp-dir>/abc.script
ABC: + read_blif <abc-temp-dir>/input.blif 
ABC: + read_library <abc-temp-dir>/stdcells.genlib 
ABC: + strash 
ABC: + &get -n 
ABC: + &fraig -x 
ABC: + &put 
ABC: + scorr 
ABC: + dc2 
ABC: + dretime 
ABC: + retime -o -D 1 
ABC: + strash 
ABC: + &get -n 
ABC: + &dch -f 
ABC: + &nf -D 1 
ABC: + &put 
ABC: + write_blif <abc-temp-dir>/output.blif 
ABC: 
ABC: YOSYS_ABC_DONE 

2.35.19.2. Re-integrating ABC results.
ABC RESULTS:               AND cells:        1
ABC RESULTS:               BUF cells:        2
ABC RESULTS:               DFF cells:        2
ABC RESULTS:              NAND cells:        2
ABC RESULTS:               NOT cells:        3
ABC RESULTS:                OR cells:        2
ABC RESULTS:             ORNOT cells:        2
ABC RESULTS:        internal signals:        8
ABC RESULTS:           input signals:        5
ABC RESULTS:          output signals:        7
Removing temp directory.

2.35.19.1. Executed ABC.
Extracted 57 gates and 113 wires to a netlist network with 56 inputs and 20 outputs.
Running ABC script: <abc-temp-dir>/abc.script
ABC: UC Berkeley, ABC 1.01 (compiled May 12 2026 04:40:36)
ABC: abc 01> empty
ABC: abc 01> source <abc-temp-dir>/abc.script
ABC: + read_blif <abc-temp-dir>/input.blif 
ABC: + read_library <abc-temp-dir>/stdcells.genlib 
ABC: + strash 
ABC: + &get -n 
ABC: + &fraig -x 
ABC: + &put 
ABC: + scorr 
ABC: + dc2 
ABC: + dretime 
ABC: + retime -o -D 1 
ABC: + strash 
ABC: + &get -n 
ABC: + &dch -f 
ABC: + &nf -D 1 
ABC: + &put 
ABC: + write_blif <abc-temp-dir>/output.blif 
ABC: 
ABC: YOSYS_ABC_DONE 

2.35.19.2. Re-integrating ABC results.
ABC RESULTS:               BUF cells:       19
ABC RESULTS:               DFF cells:       19
ABC RESULTS:                OR cells:       38
ABC RESULTS:        internal signals:       37
ABC RESULTS:           input signals:       56
ABC RESULTS:          output signals:       20
Removing temp directory.

2.35.19.1. Executed ABC.
Extracted 57 gates and 113 wires to a netlist network with 56 inputs and 20 outputs.
Running ABC script: <abc-temp-dir>/abc.script
ABC: UC Berkeley, ABC 1.01 (compiled May 12 2026 04:40:36)
ABC: abc 01> empty
ABC: abc 01> source <abc-temp-dir>/abc.script
ABC: + read_blif <abc-temp-dir>/input.blif 
ABC: + read_library <abc-temp-dir>/stdcells.genlib 
ABC: + strash 
ABC: + &get -n 
ABC: + &fraig -x 
ABC: + &put 
ABC: + scorr 
ABC: + dc2 
ABC: + dretime 
ABC: + retime -o -D 1 
ABC: + strash 
ABC: + &get -n 
ABC: + &dch -f 
ABC: + &nf -D 1 
ABC: + &put 
ABC: + write_blif <abc-temp-dir>/output.blif 
ABC: 
ABC: YOSYS_ABC_DONE 

2.35.19.2. Re-integrating ABC results.
ABC RESULTS:               BUF cells:       19
ABC RESULTS:               DFF cells:       19
ABC RESULTS:                OR cells:       38
ABC RESULTS:        internal signals:       37
ABC RESULTS:           input signals:       56
ABC RESULTS:          output signals:       20
Removing temp directory.

2.35.19.1. Executed ABC.
Extracted 131 gates and 139 wires to a netlist network with 8 inputs and 11 outputs.
Running ABC script: <abc-temp-dir>/abc.script
ABC: UC Berkeley, ABC 1.01 (compiled May 12 2026 04:40:36)
ABC: abc 01> empty
ABC: abc 01> source <abc-temp-dir>/abc.script
ABC: + read_blif <abc-temp-dir>/input.blif 
ABC: + read_library <abc-temp-dir>/stdcells.genlib 
ABC: + strash 
ABC: + &get -n 
ABC: + &fraig -x 
ABC: + &put 
ABC: + scorr 
ABC: + dc2 
ABC: + dretime 
ABC: + retime -o -D 1 
ABC: + strash 
ABC: + &get -n 
ABC: + &dch -f 
ABC: + &nf -D 1 
ABC: + &put 
ABC: + write_blif <abc-temp-dir>/output.blif 
ABC: 
ABC: YOSYS_ABC_DONE 

2.35.19.2. Re-integrating ABC results.
ABC RESULTS:               AND cells:       10
ABC RESULTS:            ANDNOT cells:        3
ABC RESULTS:               BUF cells:        3
ABC RESULTS:               DFF cells:        3
ABC RESULTS:               MUX cells:        1
ABC RESULTS:              NAND cells:        9
ABC RESULTS:               NOR cells:        1
ABC RESULTS:               NOT cells:        1
ABC RESULTS:                OR cells:        8
ABC RESULTS:             ORNOT cells:        8
ABC RESULTS:        internal signals:      120
ABC RESULTS:           input signals:        8
ABC RESULTS:          output signals:       11
Removing temp directory.

2.35.19.1. Executed ABC.
Extracted 154 gates and 203 wires to a netlist network with 48 inputs and 31 outputs.
Running ABC script: <abc-temp-dir>/abc.script
ABC: empty
ABC: abc 10> source <abc-temp-dir>/abc.script
ABC: + read_blif <abc-temp-dir>/input.blif 
ABC: + read_library <abc-temp-dir>/stdcells.genlib 
ABC: + strash 
ABC: + &get -n 
ABC: + &fraig -x 
ABC: + &put 
ABC: + scorr 
ABC: + dc2 
ABC: + dretime 
ABC: + retime -o -D 1 
ABC: + strash 
ABC: + &get -n 
ABC: + &dch -f 
ABC: + &nf -D 1 
ABC: + &put 
ABC: + write_blif <abc-temp-dir>/output.blif 
ABC: 
ABC: YOSYS_ABC_DONE 

2.35.19.2. Re-integrating ABC results.
ABC RESULTS:               AND cells:       14
ABC RESULTS:            ANDNOT cells:        2
ABC RESULTS:               BUF cells:        3
ABC RESULTS:               DFF cells:        3
ABC RESULTS:               MUX cells:       18
ABC RESULTS:              NAND cells:       11
ABC RESULTS:               NOR cells:        1
ABC RESULTS:               NOT cells:        1
ABC RESULTS:                OR cells:       11
ABC RESULTS:             ORNOT cells:        8
ABC RESULTS:        internal signals:      124
ABC RESULTS:           input signals:       48
ABC RESULTS:          output signals:       31
Removing temp directory.

2.35.19.1. Executed ABC.
Extracted 57 gates and 113 wires to a netlist network with 56 inputs and 20 outputs.
Running ABC script: <abc-temp-dir>/abc.script
ABC: empty
ABC: abc 10> source <abc-temp-dir>/abc.script
ABC: + read_blif <abc-temp-dir>/input.blif 
ABC: + read_library <abc-temp-dir>/stdcells.genlib 
ABC: + strash 
ABC: + &get -n 
ABC: + &fraig -x 
ABC: + &put 
ABC: + scorr 
ABC: + dc2 
ABC: + dretime 
ABC: + retime -o -D 1 
ABC: + strash 
ABC: + &get -n 
ABC: + &dch -f 
ABC: + &nf -D 1 
ABC: + &put 
ABC: + write_blif <abc-temp-dir>/output.blif 
ABC: 
ABC: YOSYS_ABC_DONE 

2.35.19.2. Re-integrating ABC results.
ABC RESULTS:               BUF cells:       19
ABC RESULTS:               DFF cells:       19
ABC RESULTS:                OR cells:       38
ABC RESULTS:        internal signals:       37
ABC RESULTS:           input signals:       56
ABC RESULTS:          output signals:       20
Removing temp directory.

2.35.19.1. Executed ABC.
Extracted 131 gates and 139 wires to a netlist network with 8 inputs and 11 outputs.
Running ABC script: <abc-temp-dir>/abc.script
ABC: empty
ABC: abc 10> source <abc-temp-dir>/abc.script
ABC: + read_blif <abc-temp-dir>/input.blif 
ABC: + read_library <abc-temp-dir>/stdcells.genlib 
ABC: + strash 
ABC: + &get -n 
ABC: + &fraig -x 
ABC: + &put 
ABC: + scorr 
ABC: + dc2 
ABC: + dretime 
ABC: + retime -o -D 1 
ABC: + strash 
ABC: + &get -n 
ABC: + &dch -f 
ABC: + &nf -D 1 
ABC: + &put 
ABC: + write_blif <abc-temp-dir>/output.blif 
ABC: 
ABC: YOSYS_ABC_DONE 

2.35.19.2. Re-integrating ABC results.
ABC RESULTS:               AND cells:       10
ABC RESULTS:            ANDNOT cells:        3
ABC RESULTS:               BUF cells:        3
ABC RESULTS:               DFF cells:        3
ABC RESULTS:               MUX cells:        1
ABC RESULTS:              NAND cells:        9
ABC RESULTS:               NOR cells:        1
ABC RESULTS:               NOT cells:        1
ABC RESULTS:                OR cells:        8
ABC RESULTS:             ORNOT cells:        8
ABC RESULTS:        internal signals:      120
ABC RESULTS:           input signals:        8
ABC RESULTS:          output signals:       11
Removing temp directory.

2.35.19.1. Executed ABC.
Extracted 154 gates and 203 wires to a netlist network with 48 inputs and 31 outputs.
Running ABC script: <abc-temp-dir>/abc.script
ABC: empty
ABC: abc 19> source <abc-temp-dir>/abc.script
ABC: + read_blif <abc-temp-dir>/input.blif 
ABC: + read_library <abc-temp-dir>/stdcells.genlib 
ABC: + strash 
ABC: + &get -n 
ABC: + &fraig -x 
ABC: + &put 
ABC: + scorr 
ABC: + dc2 
ABC: + dretime 
ABC: + retime -o -D 1 
ABC: + strash 
ABC: + &get -n 
ABC: + &dch -f 
ABC: + &nf -D 1 
ABC: + &put 
ABC: + write_blif <abc-temp-dir>/output.blif 
ABC: 
ABC: YOSYS_ABC_DONE 

2.35.19.2. Re-integrating ABC results.
ABC RESULTS:               AND cells:       14
ABC RESULTS:            ANDNOT cells:        2
ABC RESULTS:               BUF cells:        3
ABC RESULTS:               DFF cells:        3
ABC RESULTS:               MUX cells:       18
ABC RESULTS:              NAND cells:       11
ABC RESULTS:               NOR cells:        1
ABC RESULTS:               NOT cells:        1
ABC RESULTS:                OR cells:       11
ABC RESULTS:             ORNOT cells:        8
ABC RESULTS:        internal signals:      124
ABC RESULTS:           input signals:       48
ABC RESULTS:          output signals:       31
Removing temp directory.

2.35.19.1. Executed ABC.
Extracted 57 gates and 113 wires to a netlist network with 56 inputs and 20 outputs.
Running ABC script: <abc-temp-dir>/abc.script
ABC: empty
ABC: abc 19> source <abc-temp-dir>/abc.script
ABC: + read_blif <abc-temp-dir>/input.blif 
ABC: + read_library <abc-temp-dir>/stdcells.genlib 
ABC: + strash 
ABC: + &get -n 
ABC: + &fraig -x 
ABC: + &put 
ABC: + scorr 
ABC: + dc2 
ABC: + dretime 
ABC: + retime -o -D 1 
ABC: + strash 
ABC: + &get -n 
ABC: + &dch -f 
ABC: + &nf -D 1 
ABC: + &put 
ABC: + write_blif <abc-temp-dir>/output.blif 
ABC: 
ABC: YOSYS_ABC_DONE 

2.35.19.2. Re-integrating ABC results.
ABC RESULTS:               BUF cells:       19
ABC RESULTS:               DFF cells:       19
ABC RESULTS:                OR cells:       38
ABC RESULTS:        internal signals:       37
ABC RESULTS:           input signals:       56
ABC RESULTS:          output signals:       20
Removing temp directory.

2.35.19.1. Executed ABC.
Extracted 57 gates and 113 wires to a netlist network with 56 inputs and 20 outputs.
Running ABC script: <abc-temp-dir>/abc.script
ABC: empty
ABC: abc 19> source <abc-temp-dir>/abc.script
ABC: + read_blif <abc-temp-dir>/input.blif 
ABC: + read_library <abc-temp-dir>/stdcells.genlib 
ABC: + strash 
ABC: + &get -n 
ABC: + &fraig -x 
ABC: + &put 
ABC: + scorr 
ABC: + dc2 
ABC: + dretime 
ABC: + retime -o -D 1 
ABC: + strash 
ABC: + &get -n 
ABC: + &dch -f 
ABC: + &nf -D 1 
ABC: + &put 
ABC: + write_blif <abc-temp-dir>/output.blif 
ABC: 
ABC: YOSYS_ABC_DONE 

2.35.19.2. Re-integrating ABC results.
ABC RESULTS:               BUF cells:       19
ABC RESULTS:               DFF cells:       19
ABC RESULTS:                OR cells:       38
ABC RESULTS:        internal signals:       37
ABC RESULTS:           input signals:       56
ABC RESULTS:          output signals:       20
Removing temp directory.

2.35.19.1. Executed ABC.
Extracted 133 gates and 145 wires to a netlist network with 11 inputs and 12 outputs.
Running ABC script: <abc-temp-dir>/abc.script
ABC: empty
ABC: abc 10> source <abc-temp-dir>/abc.script
ABC: + read_blif <abc-temp-dir>/input.blif 
ABC: + read_library <abc-temp-dir>/stdcells.genlib 
ABC: + strash 
ABC: + &get -n 
ABC: + &fraig -x 
ABC: + &put 
ABC: + scorr 
ABC: + dc2 
ABC: + dretime 
ABC: + retime -o -D 1 
ABC: + strash 
ABC: + &get -n 
ABC: + &dch -f 
ABC: + &nf -D 1 
ABC: + &put 
ABC: + write_blif <abc-temp-dir>/output.blif 
ABC: 
ABC: YOSYS_ABC_DONE 

2.35.19.2. Re-integrating ABC results.
ABC RESULTS:               AND cells:       11
ABC RESULTS:            ANDNOT cells:        3
ABC RESULTS:               BUF cells:        3
ABC RESULTS:               DFF cells:        3
ABC RESULTS:               MUX cells:        1
ABC RESULTS:              NAND cells:        9
ABC RESULTS:               NOR cells:        1
ABC RESULTS:               NOT cells:        1
ABC RESULTS:                OR cells:        9
ABC RESULTS:             ORNOT cells:        8
ABC RESULTS:        internal signals:      122
ABC RESULTS:           input signals:       11
ABC RESULTS:          output signals:       12
Removing temp directory.

2.35.19.1. Executed ABC.
Extracted 154 gates and 203 wires to a netlist network with 48 inputs and 31 outputs.
Running ABC script: <abc-temp-dir>/abc.script
ABC: empty
ABC: abc 28> source <abc-temp-dir>/abc.script
ABC: + read_blif <abc-temp-dir>/input.blif 
ABC: + read_library <abc-temp-dir>/stdcells.genlib 
ABC: + strash 
ABC: + &get -n 
ABC: + &fraig -x 
ABC: + &put 
ABC: + scorr 
ABC: + dc2 
ABC: + dretime 
ABC: + retime -o -D 1 
ABC: + strash 
ABC: + &get -n 
ABC: + &dch -f 
ABC: + &nf -D 1 
ABC: + &put 
ABC: + write_blif <abc-temp-dir>/output.blif 
ABC: 
ABC: YOSYS_ABC_DONE 

2.35.19.2. Re-integrating ABC results.
ABC RESULTS:               AND cells:       14
ABC RESULTS:            ANDNOT cells:        2
ABC RESULTS:               BUF cells:        3
ABC RESULTS:               DFF cells:        3
ABC RESULTS:               MUX cells:       18
ABC RESULTS:              NAND cells:       11
ABC RESULTS:               NOR cells:        1
ABC RESULTS:               NOT cells:        1
ABC RESULTS:                OR cells:       11
ABC RESULTS:             ORNOT cells:        8
ABC RESULTS:        internal signals:      124
ABC RESULTS:           input signals:       48
ABC RESULTS:          output signals:       31
Removing temp directory.

2.35.19.1. Executed ABC.
Extracted 22 gates and 28 wires to a netlist network with 6 inputs and 3 outputs.
Running ABC script: <abc-temp-dir>/abc.script
ABC: empty
ABC: abc 10> source <abc-temp-dir>/abc.script
ABC: + read_blif <abc-temp-dir>/input.blif 
ABC: + read_library <abc-temp-dir>/stdcells.genlib 
ABC: + strash 
ABC: + &get -n 
ABC: + &fraig -x 
ABC: + &put 
ABC: + scorr 
ABC: + dc2 
ABC: + dretime 
ABC: + retime -o -D 1 
ABC: + strash 
ABC: + &get -n 
ABC: + &dch -f 
ABC: + &nf -D 1 
ABC: + &put 
ABC: + write_blif <abc-temp-dir>/output.blif 
ABC: 
ABC: YOSYS_ABC_DONE 

2.35.19.2. Re-integrating ABC results.
ABC RESULTS:               AND cells:        2
ABC RESULTS:               DFF cells:        2
ABC RESULTS:              NAND cells:        4
ABC RESULTS:               NOT cells:        2
ABC RESULTS:                OR cells:        3
ABC RESULTS:        internal signals:       19
ABC RESULTS:           input signals:        6
ABC RESULTS:          output signals:        3
Removing temp directory.

2.35.19.1. Executed ABC.
Extracted 2325 gates and 2797 wires to a netlist network with 471 inputs and 771 outputs.
Running ABC script: <abc-temp-dir>/abc.script
ABC: empty
ABC: abc 37> source <abc-temp-dir>/abc.script
ABC: + read_blif <abc-temp-dir>/input.blif 
ABC: + read_library <abc-temp-dir>/stdcells.genlib 
ABC: + strash 
ABC: + &get -n 
ABC: Warning: 1260 registers in this network have don't-care init values.
ABC: The don't-care are assumed to be 0. The result may not verify.
ABC: Use command "print_latch" to see the init values of registers.
ABC: Use command "zero" to convert or "init" to change the values.
ABC: + &fraig -x 
ABC: + &put 
ABC: + scorr 
ABC: + dc2 
ABC: + dretime 
ABC: + retime -o -D 1 
ABC: + strash 
ABC: + &get -n 
ABC: + &dch -f 
ABC: + &nf -D 1 
ABC: + &put 
ABC: + write_blif <abc-temp-dir>/output.blif 
ABC: 
ABC: YOSYS_ABC_DONE 

2.35.19.2. Re-integrating ABC results.
ABC RESULTS:               AND cells:      369
ABC RESULTS:            ANDNOT cells:        7
ABC RESULTS:               BUF cells:     1477
ABC RESULTS:               DFF cells:     1260
ABC RESULTS:               MUX cells:      111
ABC RESULTS:              NAND cells:      318
ABC RESULTS:               NOR cells:        2
ABC RESULTS:               NOT cells:       21
ABC RESULTS:                OR cells:       53
ABC RESULTS:             ORNOT cells:       44
ABC RESULTS:               XOR cells:        1
ABC RESULTS:        internal signals:     1555
ABC RESULTS:           input signals:      471
ABC RESULTS:          output signals:      771
Removing temp directory.
Removing global temp directory.

2.36. Executing OPT_CLEAN pass (remove unused cells and wires).
Finding unused cells or wires in module \top_flopoco_div_we8_wf17_zynq7000_native_srt_43_f300..
Removed 0 unused cells and 5461 unused wires.
<suppressed ~95 debug messages>

2.37. Executing DFFLEGALIZE pass (convert FFs to types supported by the target).

2.38. Executing OPT_MERGE pass (detect identical cells).
Finding identical cells in module `\top_flopoco_div_we8_wf17_zynq7000_native_srt_43_f300'.
Computing hashes of 3355 cells of `\top_flopoco_div_we8_wf17_zynq7000_native_srt_43_f300'.
Finding duplicate cells in `\top_flopoco_div_we8_wf17_zynq7000_native_srt_43_f300'.
Computing hashes of 3233 cells of `\top_flopoco_div_we8_wf17_zynq7000_native_srt_43_f300'.
Finding duplicate cells in `\top_flopoco_div_we8_wf17_zynq7000_native_srt_43_f300'.
<suppressed ~366 debug messages>
Removed a total of 122 cells.

2.39. Executing TECHMAP pass (map to technology primitives).

2.39.1. Executing Verilog-2005 frontend: /mnt/storage/synth_eval/oss-cad-suite/lib/../share/yosys/lattice/cells_map_trellis.v
Parsing Verilog input from `/mnt/storage/synth_eval/oss-cad-suite/lib/../share/yosys/lattice/cells_map_trellis.v' to AST representation.
Generating RTLIL representation for module `$_DFF_N_'.
Generating RTLIL representation for module `$_DFF_P_'.
Generating RTLIL representation for module `$_DFFE_NN_'.
Generating RTLIL representation for module `$_DFFE_PN_'.
Generating RTLIL representation for module `$_DFFE_NP_'.
Generating RTLIL representation for module `$_DFFE_PP_'.
Generating RTLIL representation for module `$_DFF_NP0_'.
Generating RTLIL representation for module `$_DFF_NP1_'.
Generating RTLIL representation for module `$_DFF_PP0_'.
Generating RTLIL representation for module `$_DFF_PP1_'.
Generating RTLIL representation for module `$_SDFF_NP0_'.
Generating RTLIL representation for module `$_SDFF_NP1_'.
Generating RTLIL representation for module `$_SDFF_PP0_'.
Generating RTLIL representation for module `$_SDFF_PP1_'.
Generating RTLIL representation for module `$_DFFE_NP0P_'.
Generating RTLIL representation for module `$_DFFE_NP1P_'.
Generating RTLIL representation for module `$_DFFE_PP0P_'.
Generating RTLIL representation for module `$_DFFE_PP1P_'.
Generating RTLIL representation for module `$_DFFE_NP0N_'.
Generating RTLIL representation for module `$_DFFE_NP1N_'.
Generating RTLIL representation for module `$_DFFE_PP0N_'.
Generating RTLIL representation for module `$_DFFE_PP1N_'.
Generating RTLIL representation for module `$_SDFFE_NP0P_'.
Generating RTLIL representation for module `$_SDFFE_NP1P_'.
Generating RTLIL representation for module `$_SDFFE_PP0P_'.
Generating RTLIL representation for module `$_SDFFE_PP1P_'.
Generating RTLIL representation for module `$_SDFFE_NP0N_'.
Generating RTLIL representation for module `$_SDFFE_NP1N_'.
Generating RTLIL representation for module `$_SDFFE_PP0N_'.
Generating RTLIL representation for module `$_SDFFE_PP1N_'.
Generating RTLIL representation for module `$_ALDFF_NP_'.
Generating RTLIL representation for module `$_ALDFF_PP_'.
Generating RTLIL representation for module `$_ALDFFE_NPN_'.
Generating RTLIL representation for module `$_ALDFFE_NPP_'.
Generating RTLIL representation for module `$_ALDFFE_PPN_'.
Generating RTLIL representation for module `$_ALDFFE_PPP_'.
Generating RTLIL representation for module `\FD1P3AX'.
Generating RTLIL representation for module `\FD1P3AY'.
Generating RTLIL representation for module `\FD1P3BX'.
Generating RTLIL representation for module `\FD1P3DX'.
Generating RTLIL representation for module `\FD1P3IX'.
Generating RTLIL representation for module `\FD1P3JX'.
Generating RTLIL representation for module `\FD1S3AX'.
Generating RTLIL representation for module `\FD1S3AY'.
Generating RTLIL representation for module `\FD1S3BX'.
Generating RTLIL representation for module `\FD1S3DX'.
Generating RTLIL representation for module `\FD1S3IX'.
Generating RTLIL representation for module `\FD1S3JX'.
Generating RTLIL representation for module `\IFS1P3BX'.
Generating RTLIL representation for module `\IFS1P3DX'.
Generating RTLIL representation for module `\IFS1P3IX'.
Generating RTLIL representation for module `\IFS1P3JX'.
Generating RTLIL representation for module `\OFS1P3BX'.
Generating RTLIL representation for module `\OFS1P3DX'.
Generating RTLIL representation for module `\OFS1P3IX'.
Generating RTLIL representation for module `\OFS1P3JX'.
Generating RTLIL representation for module `\IB'.
Generating RTLIL representation for module `\IBPU'.
Generating RTLIL representation for module `\IBPD'.
Generating RTLIL representation for module `\OB'.
Generating RTLIL representation for module `\OBZ'.
Generating RTLIL representation for module `\OBZPU'.
Generating RTLIL representation for module `\OBZPD'.
Generating RTLIL representation for module `\OBCO'.
Generating RTLIL representation for module `\BB'.
Generating RTLIL representation for module `\BBPU'.
Generating RTLIL representation for module `\BBPD'.
Generating RTLIL representation for module `\ILVDS'.
Generating RTLIL representation for module `\OLVDS'.
Successfully finished Verilog frontend.

2.39.2. Continuing TECHMAP pass.
Using template $_SDFF_PP0_ for cells of type $_SDFF_PP0_.
Using template $paramod$_DFF_P_\_TECHMAP_WIREINIT_Q_=1'x for cells of type $_DFF_P_.
No more expansions possible.
<suppressed ~1468 debug messages>

2.40. Executing OPT_EXPR pass (perform const folding).
Optimizing module top_flopoco_div_we8_wf17_zynq7000_native_srt_43_f300.
<suppressed ~898 debug messages>

2.41. Executing SIMPLEMAP pass (map simple cells to gate primitives).

2.42. Executing LATTICE_GSR pass (implement FF init values).
Handling GSR in top_flopoco_div_we8_wf17_zynq7000_native_srt_43_f300.

2.43. Executing ATTRMVCP pass (move or copy attributes).

2.44. Executing OPT_CLEAN pass (remove unused cells and wires).
Finding unused cells or wires in module \top_flopoco_div_we8_wf17_zynq7000_native_srt_43_f300..
Removed 0 unused cells and 5792 unused wires.
<suppressed ~1 debug messages>

2.45. Executing ABC pass (technology mapping using ABC).

2.45.1. Extracting gate netlist of module `\top_flopoco_div_we8_wf17_zynq7000_native_srt_43_f300' to `<abc-temp-dir>/input.blif'..

2.45.1.1. Executed ABC.
Extracted 1612 gates and 2336 wires to a netlist network with 724 inputs and 397 outputs.
Running ABC script: <abc-temp-dir>/abc.script
ABC: UC Berkeley, ABC 1.01 (compiled May 12 2026 04:40:36)
ABC: abc 01> empty
ABC: abc 01> source <abc-temp-dir>/abc.script
ABC: + read_blif <abc-temp-dir>/input.blif 
ABC: + read_library <abc-temp-dir>/stdcells.genlib 
ABC: + strash 
ABC: + &get -n 
ABC: + &fraig -x 
ABC: + &put 
ABC: + scorr 
ABC: Warning: The network is combinational (run "fraig" or "fraig_sweep").
ABC: + dc2 
ABC: + dretime 
ABC: + strash 
ABC: + &get -n 
ABC: + &dch -f 
ABC: + &nf 
ABC: + &put 
ABC: + write_blif <abc-temp-dir>/output.blif 
ABC: 
ABC: YOSYS_ABC_DONE 

2.45.1.2. Re-integrating ABC results.
ABC RESULTS:               AND cells:      244
ABC RESULTS:            ANDNOT cells:       57
ABC RESULTS:               BUF cells:        1
ABC RESULTS:               MUX cells:      197
ABC RESULTS:              NAND cells:      723
ABC RESULTS:               NOR cells:       15
ABC RESULTS:               NOT cells:        9
ABC RESULTS:                OR cells:       47
ABC RESULTS:             ORNOT cells:       25
ABC RESULTS:              XNOR cells:        1
ABC RESULTS:               XOR cells:        2
ABC RESULTS:              ZERO cells:        1
ABC RESULTS:        internal signals:     1215
ABC RESULTS:           input signals:      724
ABC RESULTS:          output signals:      397
Removing temp directory.
Removing global temp directory.

2.46. Executing TECHMAP pass (map to technology primitives).

2.46.1. Executing Verilog-2005 frontend: /mnt/storage/synth_eval/oss-cad-suite/lib/../share/yosys/lattice/latches_map.v
Parsing Verilog input from `/mnt/storage/synth_eval/oss-cad-suite/lib/../share/yosys/lattice/latches_map.v' to AST representation.
Generating RTLIL representation for module `$_DLATCH_N_'.
Generating RTLIL representation for module `$_DLATCH_P_'.
Successfully finished Verilog frontend.

2.46.2. Continuing TECHMAP pass.
No more expansions possible.
<suppressed ~4 debug messages>

2.47. Executing ABC pass (technology mapping using ABC).

2.47.1. Summary of detected clock domains:
  2941 cells in clk={ }, en={ }, arst={ }, srst={ }

2.47.2. Extracting gate netlist of module `\top_flopoco_div_we8_wf17_zynq7000_native_srt_43_f300' to `<abc-temp-dir>/input.blif'..
No matching clock domain found. Not extracting any FF cells.

2.47.2.1. Executed ABC.
Extracted 1320 gates and 2044 wires to a netlist network with 724 inputs and 395 outputs.
Running ABC script: <abc-temp-dir>/abc.script
ABC: UC Berkeley, ABC 1.01 (compiled May 12 2026 04:40:36)
ABC: abc 01> empty
ABC: abc 01> source <abc-temp-dir>/abc.script
ABC: + read_blif <abc-temp-dir>/input.blif 
ABC: + read_lut <abc-temp-dir>/lutdefs.txt 
ABC: + strash 
ABC: + &get -n 
ABC: + &fraig -x 
ABC: + &put 
ABC: + scorr 
ABC: Warning: The network is combinational (run "fraig" or "fraig_sweep").
ABC: + dc2 
ABC: + dretime 
ABC: + strash 
ABC: + dch -f 
ABC: + if 
ABC: + mfs2 
ABC: + dress <abc-temp-dir>/input.blif 
ABC: Total number of equiv classes                =     603.
ABC: Participating nodes from both networks       =    1211.
ABC: Participating nodes from the first network   =     602. (  99.83 % of nodes)
ABC: Participating nodes from the second network  =     609. ( 101.00 % of nodes)
ABC: Node pairs (any polarity)                    =     602. (  99.83 % of names can be moved)
ABC: Node pairs (same polarity)                   =     397. (  65.84 % of names can be moved)
ABC: Total runtime =     0.02 sec
ABC: + write_blif <abc-temp-dir>/output.blif 
ABC: 
ABC: YOSYS_ABC_DONE 

2.47.2.2. Re-integrating ABC results.
ABC RESULTS:              $lut cells:      602
ABC RESULTS:        internal signals:      925
ABC RESULTS:           input signals:      724
ABC RESULTS:          output signals:      395
Removing temp directory.
Removing global temp directory.
Removed 0 unused cells and 4366 unused wires.

2.48. Executing TECHMAP pass (map to technology primitives).

2.48.1. Executing Verilog-2005 frontend: /mnt/storage/synth_eval/oss-cad-suite/lib/../share/yosys/lattice/cells_map_trellis.v
Parsing Verilog input from `/mnt/storage/synth_eval/oss-cad-suite/lib/../share/yosys/lattice/cells_map_trellis.v' to AST representation.
Generating RTLIL representation for module `$_DFF_N_'.
Generating RTLIL representation for module `$_DFF_P_'.
Generating RTLIL representation for module `$_DFFE_NN_'.
Generating RTLIL representation for module `$_DFFE_PN_'.
Generating RTLIL representation for module `$_DFFE_NP_'.
Generating RTLIL representation for module `$_DFFE_PP_'.
Generating RTLIL representation for module `$_DFF_NP0_'.
Generating RTLIL representation for module `$_DFF_NP1_'.
Generating RTLIL representation for module `$_DFF_PP0_'.
Generating RTLIL representation for module `$_DFF_PP1_'.
Generating RTLIL representation for module `$_SDFF_NP0_'.
Generating RTLIL representation for module `$_SDFF_NP1_'.
Generating RTLIL representation for module `$_SDFF_PP0_'.
Generating RTLIL representation for module `$_SDFF_PP1_'.
Generating RTLIL representation for module `$_DFFE_NP0P_'.
Generating RTLIL representation for module `$_DFFE_NP1P_'.
Generating RTLIL representation for module `$_DFFE_PP0P_'.
Generating RTLIL representation for module `$_DFFE_PP1P_'.
Generating RTLIL representation for module `$_DFFE_NP0N_'.
Generating RTLIL representation for module `$_DFFE_NP1N_'.
Generating RTLIL representation for module `$_DFFE_PP0N_'.
Generating RTLIL representation for module `$_DFFE_PP1N_'.
Generating RTLIL representation for module `$_SDFFE_NP0P_'.
Generating RTLIL representation for module `$_SDFFE_NP1P_'.
Generating RTLIL representation for module `$_SDFFE_PP0P_'.
Generating RTLIL representation for module `$_SDFFE_PP1P_'.
Generating RTLIL representation for module `$_SDFFE_NP0N_'.
Generating RTLIL representation for module `$_SDFFE_NP1N_'.
Generating RTLIL representation for module `$_SDFFE_PP0N_'.
Generating RTLIL representation for module `$_SDFFE_PP1N_'.
Generating RTLIL representation for module `$_ALDFF_NP_'.
Generating RTLIL representation for module `$_ALDFF_PP_'.
Generating RTLIL representation for module `$_ALDFFE_NPN_'.
Generating RTLIL representation for module `$_ALDFFE_NPP_'.
Generating RTLIL representation for module `$_ALDFFE_PPN_'.
Generating RTLIL representation for module `$_ALDFFE_PPP_'.
Generating RTLIL representation for module `\FD1P3AX'.
Generating RTLIL representation for module `\FD1P3AY'.
Generating RTLIL representation for module `\FD1P3BX'.
Generating RTLIL representation for module `\FD1P3DX'.
Generating RTLIL representation for module `\FD1P3IX'.
Generating RTLIL representation for module `\FD1P3JX'.
Generating RTLIL representation for module `\FD1S3AX'.
Generating RTLIL representation for module `\FD1S3AY'.
Generating RTLIL representation for module `\FD1S3BX'.
Generating RTLIL representation for module `\FD1S3DX'.
Generating RTLIL representation for module `\FD1S3IX'.
Generating RTLIL representation for module `\FD1S3JX'.
Generating RTLIL representation for module `\IFS1P3BX'.
Generating RTLIL representation for module `\IFS1P3DX'.
Generating RTLIL representation for module `\IFS1P3IX'.
Generating RTLIL representation for module `\IFS1P3JX'.
Generating RTLIL representation for module `\OFS1P3BX'.
Generating RTLIL representation for module `\OFS1P3DX'.
Generating RTLIL representation for module `\OFS1P3IX'.
Generating RTLIL representation for module `\OFS1P3JX'.
Generating RTLIL representation for module `\IB'.
Generating RTLIL representation for module `\IBPU'.
Generating RTLIL representation for module `\IBPD'.
Generating RTLIL representation for module `\OB'.
Generating RTLIL representation for module `\OBZ'.
Generating RTLIL representation for module `\OBZPU'.
Generating RTLIL representation for module `\OBZPD'.
Generating RTLIL representation for module `\OBCO'.
Generating RTLIL representation for module `\BB'.
Generating RTLIL representation for module `\BBPU'.
Generating RTLIL representation for module `\BBPD'.
Generating RTLIL representation for module `\ILVDS'.
Generating RTLIL representation for module `\OLVDS'.
Generating RTLIL representation for module `$lut'.
Successfully finished Verilog frontend.

2.48.2. Continuing TECHMAP pass.
Using template $paramod$lut\WIDTH=32'00000000000000000000000000000001\LUT=2'01 for cells of type $lut.
Using template $paramod$lut\WIDTH=32'00000000000000000000000000000011\LUT=8'10101100 for cells of type $lut.
Using template $paramod$lut\WIDTH=32'00000000000000000000000000000011\LUT=8'11001010 for cells of type $lut.
Using template $paramod$beb16923b749bcf1bf97cb198031dc060c226848$lut for cells of type $lut.
Using template $paramod$lut\WIDTH=32'00000000000000000000000000000010\LUT=4'1000 for cells of type $lut.
Using template $paramod$lut\WIDTH=32'00000000000000000000000000000011\LUT=8'01000000 for cells of type $lut.
Using template $paramod$lut\WIDTH=32'00000000000000000000000000000011\LUT=8'01101111 for cells of type $lut.
Using template $paramod$lut\WIDTH=32'00000000000000000000000000000011\LUT=8'10011111 for cells of type $lut.
Using template $paramod$231cf45c2c424956aca6d1d68743dca0dae3ca9d$lut for cells of type $lut.
Using template $paramod$8b784f7b375cfd031818b86d5fd23c41d7cf423d$lut for cells of type $lut.
Using template $paramod$df196ed0a1da5c4a58c5e08a1dac304fd3fccaab$lut for cells of type $lut.
Using template $paramod$ad823946862e656cf7f96d606b18b8f972dc6d6c$lut for cells of type $lut.
Using template $paramod$82072a36b9c9b01d9541d6d1c23cb0011bad2655$lut for cells of type $lut.
Using template $paramod$4972722c284f07fee673f7cb99e6a36ce4a244f0$lut for cells of type $lut.
Using template $paramod$de3d8c0ac9a85f776878d56395b6e0bf04ae72e7$lut for cells of type $lut.
Using template $paramod$55e27d9a23b37244e89d2c12b74084b39ba4b63b$lut for cells of type $lut.
Using template $paramod$04b674496422df8889c01c3744b94097628ccfbc$lut for cells of type $lut.
Using template $paramod$lut\WIDTH=32'00000000000000000000000000000010\LUT=4'0110 for cells of type $lut.
Using template $paramod$d4fae2c0d9ad2966369cd4e39b81c71bcd1327c9$lut for cells of type $lut.
Using template $paramod$e6447c4f4fa96ac028aa33e0232bb0d525cc64a5$lut for cells of type $lut.
Using template $paramod$18b36052d36cf72729de86cdac9ca94acc9d989c$lut for cells of type $lut.
Using template $paramod$fe9a0158d0352193457c4f5b6282ac86d35fb3ee$lut for cells of type $lut.
Using template $paramod$lut\WIDTH=32'00000000000000000000000000000011\LUT=8'00110101 for cells of type $lut.
Using template $paramod$48c2d995d333c5b9d42facb9548c03a51150a5fd$lut for cells of type $lut.
Using template $paramod$6e238df02989b317f10820a22773676e71120644$lut for cells of type $lut.
Using template $paramod$85b779ce5ab505dbf25e5e046fb43ca2b76b878b$lut for cells of type $lut.
Using template $paramod$bd1a6e9584a1daf4e7e6c849f69c71729b77378b$lut for cells of type $lut.
Using template $paramod$lut\WIDTH=32'00000000000000000000000000000011\LUT=8'11111110 for cells of type $lut.
Using template $paramod$d4ccf8999a95bf3e7b64a8655548aad0397bccfb$lut for cells of type $lut.
Using template $paramod$813bf2578af92d28aa10e846d79ab2d4ce0b53df$lut for cells of type $lut.
Using template $paramod$658b9ed803f0d3d335616d3858b53e0a2522f1e8$lut for cells of type $lut.
Using template $paramod$lut\WIDTH=32'00000000000000000000000000000011\LUT=8'10110000 for cells of type $lut.
Using template $paramod$f7be8d64f9b53002dacbcda837640c86d2fa831b$lut for cells of type $lut.
Using template $paramod$lut\WIDTH=32'00000000000000000000000000000010\LUT=4'0001 for cells of type $lut.
Using template $paramod$892f09c166ac66d081a83c58c4c973fa8f6776c4$lut for cells of type $lut.
Using template $paramod$lut\WIDTH=32'00000000000000000000000000000011\LUT=8'00010000 for cells of type $lut.
Using template $paramod$lut\WIDTH=32'00000000000000000000000000000011\LUT=8'01010011 for cells of type $lut.
Using template $paramod$lut\WIDTH=32'00000000000000000000000000000010\LUT=4'1011 for cells of type $lut.
No more expansions possible.
<suppressed ~1168 debug messages>

2.49. Executing OPT_LUT_INS pass (discard unused LUT inputs).
Optimizing LUTs in top_flopoco_div_we8_wf17_zynq7000_native_srt_43_f300.
  Optimizing lut $abc$23784$auto$blifparse.cc:557:parse_blif$23834.genblk1.genblk1.genblk1.genblk1.genblk1.lut1 (4 -> 0)
  Optimizing lut $abc$23784$auto$blifparse.cc:557:parse_blif$23880.genblk1.genblk1.genblk1.genblk1.genblk1.lut1 (4 -> 0)
  Optimizing lut $abc$23784$auto$blifparse.cc:557:parse_blif$24206.genblk1.genblk1.genblk1.genblk1.genblk1.lut1 (4 -> 0)
  Optimizing lut $abc$23784$auto$blifparse.cc:557:parse_blif$24237.genblk1.genblk1.genblk1.genblk1.genblk1.lut1 (4 -> 0)
  Optimizing lut $abc$23784$auto$blifparse.cc:557:parse_blif$24270.genblk1.genblk1.genblk1.genblk1.genblk1.lut1 (4 -> 0)
  Optimizing lut $abc$23784$auto$blifparse.cc:557:parse_blif$24349.genblk1.genblk1.genblk1.genblk1.genblk1.lut1 (4 -> 0)
  Optimizing lut $abc$23784$auto$blifparse.cc:557:parse_blif$24354.genblk1.genblk1.genblk1.genblk1.genblk1.lut1 (4 -> 3)
  Optimizing lut $abc$23784$auto$blifparse.cc:557:parse_blif$24355.genblk1.genblk1.genblk1.genblk1.genblk1.lut1 (4 -> 3)
  Optimizing lut $abc$23784$auto$blifparse.cc:557:parse_blif$24356.genblk1.genblk1.genblk1.genblk1.genblk1.lut1 (4 -> 3)
  Optimizing lut $abc$23784$auto$blifparse.cc:557:parse_blif$24357.genblk1.genblk1.genblk1.genblk1.genblk1.lut1 (4 -> 3)
  Optimizing lut $abc$23784$auto$blifparse.cc:557:parse_blif$24358.genblk1.genblk1.genblk1.genblk1.genblk1.lut1 (4 -> 3)
  Optimizing lut $abc$23784$auto$blifparse.cc:557:parse_blif$24359.genblk1.genblk1.genblk1.genblk1.genblk1.lut1 (4 -> 3)
  Optimizing lut $abc$23784$auto$blifparse.cc:557:parse_blif$24360.genblk1.genblk1.genblk1.genblk1.genblk1.lut1 (4 -> 3)
  Optimizing lut $abc$23784$auto$blifparse.cc:557:parse_blif$24361.genblk1.genblk1.genblk1.genblk1.genblk1.lut1 (4 -> 3)
  Optimizing lut $abc$23784$auto$blifparse.cc:557:parse_blif$24362.genblk1.genblk1.genblk1.genblk1.genblk1.lut1 (4 -> 3)
  Optimizing lut $abc$23784$auto$blifparse.cc:557:parse_blif$24363.genblk1.genblk1.genblk1.genblk1.genblk1.lut1 (4 -> 3)
  Optimizing lut $abc$23784$auto$blifparse.cc:557:parse_blif$24364.genblk1.genblk1.genblk1.genblk1.genblk1.lut1 (4 -> 3)
  Optimizing lut $abc$23784$auto$blifparse.cc:557:parse_blif$24365.genblk1.genblk1.genblk1.genblk1.genblk1.lut1 (4 -> 3)
  Optimizing lut $abc$23784$auto$blifparse.cc:557:parse_blif$24366.genblk1.genblk1.genblk1.genblk1.genblk1.lut1 (4 -> 3)
  Optimizing lut $abc$23784$auto$blifparse.cc:557:parse_blif$23808.genblk1.genblk1.genblk1.genblk1.genblk1.lut1 (4 -> 3)
  Optimizing lut $abc$23784$auto$blifparse.cc:557:parse_blif$23808.genblk1.genblk1.genblk1.genblk1.genblk1.lut0 (4 -> 1)
  Optimizing lut $abc$23784$auto$blifparse.cc:557:parse_blif$23829.genblk1.genblk1.genblk1.genblk1.genblk1.lut1 (4 -> 0)
  Optimizing lut $abc$23784$auto$blifparse.cc:557:parse_blif$23833.genblk1.genblk1.genblk1.genblk1.genblk1.lut1 (4 -> 3)
  Optimizing lut $abc$23784$auto$blifparse.cc:557:parse_blif$23833.genblk1.genblk1.genblk1.genblk1.genblk1.lut0 (4 -> 2)
  Optimizing lut $abc$23784$auto$blifparse.cc:557:parse_blif$23836.genblk1.genblk1.genblk1.genblk1.genblk1.lut1 (4 -> 0)
  Optimizing lut $abc$23784$auto$blifparse.cc:557:parse_blif$23838.genblk1.genblk1.genblk1.genblk1.genblk1.lut1 (4 -> 0)
  Optimizing lut $abc$23784$auto$blifparse.cc:557:parse_blif$23840.genblk1.genblk1.genblk1.genblk1.genblk1.lut1 (4 -> 0)
  Optimizing lut $abc$23784$auto$blifparse.cc:557:parse_blif$23843.genblk1.genblk1.genblk1.genblk1.genblk1.lut1 (4 -> 0)
  Optimizing lut $abc$23784$auto$blifparse.cc:557:parse_blif$23845.genblk1.genblk1.genblk1.genblk1.genblk1.lut1 (4 -> 0)
  Optimizing lut $abc$23784$auto$blifparse.cc:557:parse_blif$23847.genblk1.genblk1.genblk1.genblk1.genblk1.lut1 (4 -> 0)
  Optimizing lut $abc$23784$auto$blifparse.cc:557:parse_blif$23849.genblk1.genblk1.genblk1.genblk1.genblk1.lut1 (4 -> 0)
  Optimizing lut $abc$23784$auto$blifparse.cc:557:parse_blif$23851.genblk1.genblk1.genblk1.genblk1.genblk1.lut1 (4 -> 0)
  Optimizing lut $abc$23784$auto$blifparse.cc:557:parse_blif$23853.genblk1.genblk1.genblk1.genblk1.genblk1.lut1 (4 -> 0)
  Optimizing lut $abc$23784$auto$blifparse.cc:557:parse_blif$23855.genblk1.genblk1.genblk1.genblk1.genblk1.lut1 (4 -> 0)
  Optimizing lut $abc$23784$auto$blifparse.cc:557:parse_blif$23857.genblk1.genblk1.genblk1.genblk1.genblk1.lut1 (4 -> 0)
  Optimizing lut $abc$23784$auto$blifparse.cc:557:parse_blif$23859.genblk1.genblk1.genblk1.genblk1.genblk1.lut1 (4 -> 0)
  Optimizing lut $abc$23784$auto$blifparse.cc:557:parse_blif$23861.genblk1.genblk1.genblk1.genblk1.genblk1.lut1 (4 -> 0)
  Optimizing lut $abc$23784$auto$blifparse.cc:557:parse_blif$23863.genblk1.genblk1.genblk1.genblk1.genblk1.lut1 (4 -> 0)
  Optimizing lut $abc$23784$auto$blifparse.cc:557:parse_blif$23867.genblk1.genblk1.genblk1.genblk1.genblk1.lut1 (4 -> 0)
  Optimizing lut $abc$23784$auto$blifparse.cc:557:parse_blif$23871.genblk1.genblk1.genblk1.genblk1.genblk1.lut1 (4 -> 0)
  Optimizing lut $abc$23784$auto$blifparse.cc:557:parse_blif$23873.genblk1.genblk1.genblk1.genblk1.genblk1.lut1 (4 -> 0)
  Optimizing lut $abc$23784$auto$blifparse.cc:557:parse_blif$23875.genblk1.genblk1.genblk1.genblk1.genblk1.lut1 (4 -> 0)
  Optimizing lut $abc$23784$auto$blifparse.cc:557:parse_blif$23877.genblk1.genblk1.genblk1.genblk1.genblk1.lut1 (4 -> 0)
  Optimizing lut $abc$23784$auto$blifparse.cc:557:parse_blif$23879.genblk1.genblk1.genblk1.genblk1.genblk1.lut1 (4 -> 3)
  Optimizing lut $abc$23784$auto$blifparse.cc:557:parse_blif$23879.genblk1.genblk1.genblk1.genblk1.genblk1.lut0 (4 -> 2)
  Optimizing lut $abc$23784$auto$blifparse.cc:557:parse_blif$23882.genblk1.genblk1.genblk1.genblk1.genblk1.lut1 (4 -> 0)
  Optimizing lut $abc$23784$auto$blifparse.cc:557:parse_blif$23884.genblk1.genblk1.genblk1.genblk1.genblk1.lut1 (4 -> 0)
  Optimizing lut $abc$23784$auto$blifparse.cc:557:parse_blif$23886.genblk1.genblk1.genblk1.genblk1.genblk1.lut1 (4 -> 0)
  Optimizing lut $abc$23784$auto$blifparse.cc:557:parse_blif$23888.genblk1.genblk1.genblk1.genblk1.genblk1.lut1 (4 -> 0)
  Optimizing lut $abc$23784$auto$blifparse.cc:557:parse_blif$23890.genblk1.genblk1.genblk1.genblk1.genblk1.lut1 (4 -> 0)
  Optimizing lut $abc$23784$auto$blifparse.cc:557:parse_blif$23892.genblk1.genblk1.genblk1.genblk1.genblk1.lut1 (4 -> 0)
  Optimizing lut $abc$23784$auto$blifparse.cc:557:parse_blif$23895.genblk1.genblk1.genblk1.genblk1.genblk1.lut1 (4 -> 0)
  Optimizing lut $abc$23784$auto$blifparse.cc:557:parse_blif$23897.genblk1.genblk1.genblk1.genblk1.genblk1.lut1 (4 -> 0)
  Optimizing lut $abc$23784$auto$blifparse.cc:557:parse_blif$23899.genblk1.genblk1.genblk1.genblk1.genblk1.lut1 (4 -> 0)
  Optimizing lut $abc$23784$auto$blifparse.cc:557:parse_blif$23901.genblk1.genblk1.genblk1.genblk1.genblk1.lut1 (4 -> 0)
  Optimizing lut $abc$23784$auto$blifparse.cc:557:parse_blif$23938.genblk1.genblk1.genblk1.genblk1.genblk1.lut1 (4 -> 2)
  Optimizing lut $abc$23784$auto$blifparse.cc:557:parse_blif$23933.genblk1.genblk1.genblk1.genblk1.genblk1.lut1 (4 -> 3)
  Optimizing lut $abc$23784$auto$blifparse.cc:557:parse_blif$23933.genblk1.genblk1.genblk1.genblk1.genblk1.lut0 (4 -> 1)
  Optimizing lut $abc$23784$auto$blifparse.cc:557:parse_blif$23938.genblk1.genblk1.genblk1.genblk1.genblk1.lut0 (4 -> 2)
  Optimizing lut $abc$23784$auto$blifparse.cc:557:parse_blif$23940.genblk1.genblk1.genblk1.genblk1.genblk1.lut1 (4 -> 0)
  Optimizing lut $abc$23784$auto$blifparse.cc:557:parse_blif$23944.genblk1.genblk1.genblk1.genblk1.genblk1.lut1 (4 -> 0)
  Optimizing lut $abc$23784$auto$blifparse.cc:557:parse_blif$23946.genblk1.genblk1.genblk1.genblk1.genblk1.lut1 (4 -> 0)
  Optimizing lut $abc$23784$auto$blifparse.cc:557:parse_blif$23948.genblk1.genblk1.genblk1.genblk1.genblk1.lut1 (4 -> 0)
  Optimizing lut $abc$23784$auto$blifparse.cc:557:parse_blif$23950.genblk1.genblk1.genblk1.genblk1.genblk1.lut1 (4 -> 0)
  Optimizing lut $abc$23784$auto$blifparse.cc:557:parse_blif$23953.genblk1.genblk1.genblk1.genblk1.genblk1.lut1 (4 -> 0)
  Optimizing lut $abc$23784$auto$blifparse.cc:557:parse_blif$23955.genblk1.genblk1.genblk1.genblk1.genblk1.lut1 (4 -> 0)
  Optimizing lut $abc$23784$auto$blifparse.cc:557:parse_blif$23957.genblk1.genblk1.genblk1.genblk1.genblk1.lut1 (4 -> 0)
  Optimizing lut $abc$23784$auto$blifparse.cc:557:parse_blif$23959.genblk1.genblk1.genblk1.genblk1.genblk1.lut1 (4 -> 0)
  Optimizing lut $abc$23784$auto$blifparse.cc:557:parse_blif$23961.genblk1.genblk1.genblk1.genblk1.genblk1.lut1 (4 -> 0)
  Optimizing lut $abc$23784$auto$blifparse.cc:557:parse_blif$23963.genblk1.genblk1.genblk1.genblk1.genblk1.lut1 (4 -> 0)
  Optimizing lut $abc$23784$auto$blifparse.cc:557:parse_blif$23965.genblk1.genblk1.genblk1.genblk1.genblk1.lut1 (4 -> 0)
  Optimizing lut $abc$23784$auto$blifparse.cc:557:parse_blif$23967.genblk1.genblk1.genblk1.genblk1.genblk1.lut1 (4 -> 0)
  Optimizing lut $abc$23784$auto$blifparse.cc:557:parse_blif$23969.genblk1.genblk1.genblk1.genblk1.genblk1.lut1 (4 -> 0)
  Optimizing lut $abc$23784$auto$blifparse.cc:557:parse_blif$23971.genblk1.genblk1.genblk1.genblk1.genblk1.lut1 (4 -> 0)
  Optimizing lut $abc$23784$auto$blifparse.cc:557:parse_blif$23973.genblk1.genblk1.genblk1.genblk1.genblk1.lut1 (4 -> 0)
  Optimizing lut $abc$23784$auto$blifparse.cc:557:parse_blif$23975.genblk1.genblk1.genblk1.genblk1.genblk1.lut1 (4 -> 3)
  Optimizing lut $abc$23784$auto$blifparse.cc:557:parse_blif$23975.genblk1.genblk1.genblk1.genblk1.genblk1.lut0 (4 -> 2)
  Optimizing lut $abc$23784$auto$blifparse.cc:557:parse_blif$23997.genblk1.genblk1.genblk1.genblk1.genblk1.lut1 (4 -> 3)
  Optimizing lut $abc$23784$auto$blifparse.cc:557:parse_blif$23997.genblk1.genblk1.genblk1.genblk1.genblk1.lut0 (4 -> 1)
  Optimizing lut $abc$23784$auto$blifparse.cc:557:parse_blif$24034.genblk1.genblk1.genblk1.genblk1.genblk1.lut1 (4 -> 3)
  Optimizing lut $abc$23784$auto$blifparse.cc:557:parse_blif$24034.genblk1.genblk1.genblk1.genblk1.genblk1.lut0 (4 -> 2)
  Optimizing lut $abc$23784$auto$blifparse.cc:557:parse_blif$24066.genblk1.genblk1.genblk1.genblk1.genblk1.lut1 (4 -> 0)
  Optimizing lut $abc$23784$auto$blifparse.cc:557:parse_blif$24070.genblk1.genblk1.genblk1.genblk1.genblk1.lut1 (4 -> 0)
  Optimizing lut $abc$23784$auto$blifparse.cc:557:parse_blif$24072.genblk1.genblk1.genblk1.genblk1.genblk1.lut1 (4 -> 0)
  Optimizing lut $abc$23784$auto$blifparse.cc:557:parse_blif$24074.genblk1.genblk1.genblk1.genblk1.genblk1.lut1 (4 -> 0)
  Optimizing lut $abc$23784$auto$blifparse.cc:557:parse_blif$24076.genblk1.genblk1.genblk1.genblk1.genblk1.lut1 (4 -> 0)
  Optimizing lut $abc$23784$auto$blifparse.cc:557:parse_blif$24078.genblk1.genblk1.genblk1.genblk1.genblk1.lut1 (4 -> 0)
  Optimizing lut $abc$23784$auto$blifparse.cc:557:parse_blif$24080.genblk1.genblk1.genblk1.genblk1.genblk1.lut1 (4 -> 0)
  Optimizing lut $abc$23784$auto$blifparse.cc:557:parse_blif$24082.genblk1.genblk1.genblk1.genblk1.genblk1.lut1 (4 -> 0)
  Optimizing lut $abc$23784$auto$blifparse.cc:557:parse_blif$24084.genblk1.genblk1.genblk1.genblk1.genblk1.lut1 (4 -> 0)
  Optimizing lut $abc$23784$auto$blifparse.cc:557:parse_blif$24086.genblk1.genblk1.genblk1.genblk1.genblk1.lut1 (4 -> 0)
  Optimizing lut $abc$23784$auto$blifparse.cc:557:parse_blif$24088.genblk1.genblk1.genblk1.genblk1.genblk1.lut1 (4 -> 0)
  Optimizing lut $abc$23784$auto$blifparse.cc:557:parse_blif$24090.genblk1.genblk1.genblk1.genblk1.genblk1.lut1 (4 -> 0)
  Optimizing lut $abc$23784$auto$blifparse.cc:557:parse_blif$24092.genblk1.genblk1.genblk1.genblk1.genblk1.lut1 (4 -> 0)
  Optimizing lut $abc$23784$auto$blifparse.cc:557:parse_blif$24094.genblk1.genblk1.genblk1.genblk1.genblk1.lut1 (4 -> 0)
  Optimizing lut $abc$23784$auto$blifparse.cc:557:parse_blif$24096.genblk1.genblk1.genblk1.genblk1.genblk1.lut1 (4 -> 0)
  Optimizing lut $abc$23784$auto$blifparse.cc:557:parse_blif$24098.genblk1.genblk1.genblk1.genblk1.genblk1.lut1 (4 -> 0)
  Optimizing lut $abc$23784$auto$blifparse.cc:557:parse_blif$24100.genblk1.genblk1.genblk1.genblk1.genblk1.lut1 (4 -> 3)
  Optimizing lut $abc$23784$auto$blifparse.cc:557:parse_blif$24100.genblk1.genblk1.genblk1.genblk1.genblk1.lut0 (4 -> 2)
  Optimizing lut $abc$23784$auto$blifparse.cc:557:parse_blif$24128.genblk1.genblk1.genblk1.genblk1.genblk1.lut1 (4 -> 3)
  Optimizing lut $abc$23784$auto$blifparse.cc:557:parse_blif$24128.genblk1.genblk1.genblk1.genblk1.genblk1.lut0 (4 -> 1)
  Optimizing lut $abc$23784$auto$blifparse.cc:557:parse_blif$24205.genblk1.genblk1.genblk1.genblk1.genblk1.lut1 (4 -> 3)
  Optimizing lut $abc$23784$auto$blifparse.cc:557:parse_blif$24205.genblk1.genblk1.genblk1.genblk1.genblk1.lut0 (4 -> 2)
  Optimizing lut $abc$23784$auto$blifparse.cc:557:parse_blif$24210.genblk1.genblk1.genblk1.genblk1.genblk1.lut1 (4 -> 0)
  Optimizing lut $abc$23784$auto$blifparse.cc:557:parse_blif$24212.genblk1.genblk1.genblk1.genblk1.genblk1.lut1 (4 -> 0)
  Optimizing lut $abc$23784$auto$blifparse.cc:557:parse_blif$24214.genblk1.genblk1.genblk1.genblk1.genblk1.lut1 (4 -> 0)
  Optimizing lut $abc$23784$auto$blifparse.cc:557:parse_blif$24216.genblk1.genblk1.genblk1.genblk1.genblk1.lut1 (4 -> 0)
  Optimizing lut $abc$23784$auto$blifparse.cc:557:parse_blif$24218.genblk1.genblk1.genblk1.genblk1.genblk1.lut1 (4 -> 0)
  Optimizing lut $abc$23784$auto$blifparse.cc:557:parse_blif$24220.genblk1.genblk1.genblk1.genblk1.genblk1.lut1 (4 -> 0)
  Optimizing lut $abc$23784$auto$blifparse.cc:557:parse_blif$24222.genblk1.genblk1.genblk1.genblk1.genblk1.lut1 (4 -> 0)
  Optimizing lut $abc$23784$auto$blifparse.cc:557:parse_blif$24224.genblk1.genblk1.genblk1.genblk1.genblk1.lut1 (4 -> 0)
  Optimizing lut $abc$23784$auto$blifparse.cc:557:parse_blif$24226.genblk1.genblk1.genblk1.genblk1.genblk1.lut1 (4 -> 0)
  Optimizing lut $abc$23784$auto$blifparse.cc:557:parse_blif$24228.genblk1.genblk1.genblk1.genblk1.genblk1.lut1 (4 -> 0)
  Optimizing lut $abc$23784$auto$blifparse.cc:557:parse_blif$24230.genblk1.genblk1.genblk1.genblk1.genblk1.lut1 (4 -> 0)
  Optimizing lut $abc$23784$auto$blifparse.cc:557:parse_blif$24232.genblk1.genblk1.genblk1.genblk1.genblk1.lut1 (4 -> 0)
  Optimizing lut $abc$23784$auto$blifparse.cc:557:parse_blif$24234.genblk1.genblk1.genblk1.genblk1.genblk1.lut1 (4 -> 0)
  Optimizing lut $abc$23784$auto$blifparse.cc:557:parse_blif$24236.genblk1.genblk1.genblk1.genblk1.genblk1.lut1 (4 -> 3)
  Optimizing lut $abc$23784$auto$blifparse.cc:557:parse_blif$24236.genblk1.genblk1.genblk1.genblk1.genblk1.lut0 (4 -> 2)
  Optimizing lut $abc$23784$auto$blifparse.cc:557:parse_blif$24239.genblk1.genblk1.genblk1.genblk1.genblk1.lut1 (4 -> 0)
  Optimizing lut $abc$23784$auto$blifparse.cc:557:parse_blif$24243.genblk1.genblk1.genblk1.genblk1.genblk1.lut1 (4 -> 0)
  Optimizing lut $abc$23784$auto$blifparse.cc:557:parse_blif$24245.genblk1.genblk1.genblk1.genblk1.genblk1.lut1 (4 -> 0)
  Optimizing lut $abc$23784$auto$blifparse.cc:557:parse_blif$24247.genblk1.genblk1.genblk1.genblk1.genblk1.lut1 (4 -> 0)
  Optimizing lut $abc$23784$auto$blifparse.cc:557:parse_blif$24249.genblk1.genblk1.genblk1.genblk1.genblk1.lut1 (4 -> 0)
  Optimizing lut $abc$23784$auto$blifparse.cc:557:parse_blif$24251.genblk1.genblk1.genblk1.genblk1.genblk1.lut1 (4 -> 0)
  Optimizing lut $abc$23784$auto$blifparse.cc:557:parse_blif$24253.genblk1.genblk1.genblk1.genblk1.genblk1.lut1 (4 -> 0)
  Optimizing lut $abc$23784$auto$blifparse.cc:557:parse_blif$24255.genblk1.genblk1.genblk1.genblk1.genblk1.lut1 (4 -> 0)
  Optimizing lut $abc$23784$auto$blifparse.cc:557:parse_blif$24257.genblk1.genblk1.genblk1.genblk1.genblk1.lut1 (4 -> 0)
  Optimizing lut $abc$23784$auto$blifparse.cc:557:parse_blif$24259.genblk1.genblk1.genblk1.genblk1.genblk1.lut1 (4 -> 0)
  Optimizing lut $abc$23784$auto$blifparse.cc:557:parse_blif$24261.genblk1.genblk1.genblk1.genblk1.genblk1.lut1 (4 -> 0)
  Optimizing lut $abc$23784$auto$blifparse.cc:557:parse_blif$24263.genblk1.genblk1.genblk1.genblk1.genblk1.lut1 (4 -> 0)
  Optimizing lut $abc$23784$auto$blifparse.cc:557:parse_blif$24265.genblk1.genblk1.genblk1.genblk1.genblk1.lut1 (4 -> 0)
  Optimizing lut $abc$23784$auto$blifparse.cc:557:parse_blif$24267.genblk1.genblk1.genblk1.genblk1.genblk1.lut1 (4 -> 0)
  Optimizing lut $abc$23784$auto$blifparse.cc:557:parse_blif$24269.genblk1.genblk1.genblk1.genblk1.genblk1.lut1 (4 -> 3)
  Optimizing lut $abc$23784$auto$blifparse.cc:557:parse_blif$24269.genblk1.genblk1.genblk1.genblk1.genblk1.lut0 (4 -> 2)
  Optimizing lut $abc$23784$auto$blifparse.cc:557:parse_blif$24273.genblk1.genblk1.genblk1.genblk1.genblk1.lut0 (4 -> 0)
  Optimizing lut $abc$23784$auto$blifparse.cc:557:parse_blif$24314.genblk1.genblk1.genblk1.genblk1.genblk1.lut1 (4 -> 3)
  Optimizing lut $abc$23784$auto$blifparse.cc:557:parse_blif$24314.genblk1.genblk1.genblk1.genblk1.genblk1.lut0 (4 -> 2)
  Optimizing lut $abc$23784$auto$blifparse.cc:557:parse_blif$24318.genblk1.genblk1.genblk1.genblk1.genblk1.lut1 (4 -> 0)
  Optimizing lut $abc$23784$auto$blifparse.cc:557:parse_blif$24322.genblk1.genblk1.genblk1.genblk1.genblk1.lut1 (4 -> 0)
  Optimizing lut $abc$23784$auto$blifparse.cc:557:parse_blif$24324.genblk1.genblk1.genblk1.genblk1.genblk1.lut1 (4 -> 0)
  Optimizing lut $abc$23784$auto$blifparse.cc:557:parse_blif$24326.genblk1.genblk1.genblk1.genblk1.genblk1.lut1 (4 -> 0)
  Optimizing lut $abc$23784$auto$blifparse.cc:557:parse_blif$24328.genblk1.genblk1.genblk1.genblk1.genblk1.lut1 (4 -> 0)
  Optimizing lut $abc$23784$auto$blifparse.cc:557:parse_blif$24330.genblk1.genblk1.genblk1.genblk1.genblk1.lut1 (4 -> 0)
  Optimizing lut $abc$23784$auto$blifparse.cc:557:parse_blif$24332.genblk1.genblk1.genblk1.genblk1.genblk1.lut1 (4 -> 0)
  Optimizing lut $abc$23784$auto$blifparse.cc:557:parse_blif$24334.genblk1.genblk1.genblk1.genblk1.genblk1.lut1 (4 -> 0)
  Optimizing lut $abc$23784$auto$blifparse.cc:557:parse_blif$24336.genblk1.genblk1.genblk1.genblk1.genblk1.lut1 (4 -> 0)
  Optimizing lut $abc$23784$auto$blifparse.cc:557:parse_blif$24338.genblk1.genblk1.genblk1.genblk1.genblk1.lut1 (4 -> 0)
  Optimizing lut $abc$23784$auto$blifparse.cc:557:parse_blif$24340.genblk1.genblk1.genblk1.genblk1.genblk1.lut1 (4 -> 0)
  Optimizing lut $abc$23784$auto$blifparse.cc:557:parse_blif$24342.genblk1.genblk1.genblk1.genblk1.genblk1.lut1 (4 -> 0)
  Optimizing lut $abc$23784$auto$blifparse.cc:557:parse_blif$24344.genblk1.genblk1.genblk1.genblk1.genblk1.lut1 (4 -> 0)
  Optimizing lut $abc$23784$auto$blifparse.cc:557:parse_blif$24346.genblk1.genblk1.genblk1.genblk1.genblk1.lut1 (4 -> 0)
  Optimizing lut $abc$23784$auto$blifparse.cc:557:parse_blif$24348.genblk1.genblk1.genblk1.genblk1.genblk1.lut1 (4 -> 3)
  Optimizing lut $abc$23784$auto$blifparse.cc:557:parse_blif$24348.genblk1.genblk1.genblk1.genblk1.genblk1.lut0 (4 -> 2)
  Optimizing lut $abc$23784$auto$blifparse.cc:557:parse_blif$24351.genblk1.genblk1.genblk1.genblk1.genblk1.lut1 (4 -> 3)
  Optimizing lut $abc$23784$auto$blifparse.cc:557:parse_blif$24351.genblk1.genblk1.genblk1.genblk1.genblk1.lut0 (4 -> 2)
  Optimizing lut $abc$23784$auto$blifparse.cc:557:parse_blif$24353.genblk1.genblk1.genblk1.genblk1.genblk1.lut1 (4 -> 3)
  Optimizing lut $abc$23784$auto$blifparse.cc:557:parse_blif$24353.genblk1.genblk1.genblk1.genblk1.genblk1.lut0 (4 -> 2)
  Optimizing lut $abc$23784$auto$blifparse.cc:557:parse_blif$24354.genblk1.genblk1.genblk1.genblk1.genblk1.lut0 (4 -> 2)
  Optimizing lut $abc$23784$auto$blifparse.cc:557:parse_blif$24355.genblk1.genblk1.genblk1.genblk1.genblk1.lut0 (4 -> 2)
  Optimizing lut $abc$23784$auto$blifparse.cc:557:parse_blif$24356.genblk1.genblk1.genblk1.genblk1.genblk1.lut0 (4 -> 2)
  Optimizing lut $abc$23784$auto$blifparse.cc:557:parse_blif$24357.genblk1.genblk1.genblk1.genblk1.genblk1.lut0 (4 -> 2)
  Optimizing lut $abc$23784$auto$blifparse.cc:557:parse_blif$24358.genblk1.genblk1.genblk1.genblk1.genblk1.lut0 (4 -> 2)
  Optimizing lut $abc$23784$auto$blifparse.cc:557:parse_blif$24359.genblk1.genblk1.genblk1.genblk1.genblk1.lut0 (4 -> 2)
  Optimizing lut $abc$23784$auto$blifparse.cc:557:parse_blif$24360.genblk1.genblk1.genblk1.genblk1.genblk1.lut0 (4 -> 2)
  Optimizing lut $abc$23784$auto$blifparse.cc:557:parse_blif$24361.genblk1.genblk1.genblk1.genblk1.genblk1.lut0 (4 -> 2)
  Optimizing lut $abc$23784$auto$blifparse.cc:557:parse_blif$24362.genblk1.genblk1.genblk1.genblk1.genblk1.lut0 (4 -> 2)
  Optimizing lut $abc$23784$auto$blifparse.cc:557:parse_blif$24363.genblk1.genblk1.genblk1.genblk1.genblk1.lut0 (4 -> 2)
  Optimizing lut $abc$23784$auto$blifparse.cc:557:parse_blif$24364.genblk1.genblk1.genblk1.genblk1.genblk1.lut0 (4 -> 2)
  Optimizing lut $abc$23784$auto$blifparse.cc:557:parse_blif$24365.genblk1.genblk1.genblk1.genblk1.genblk1.lut0 (4 -> 2)
  Optimizing lut $abc$23784$auto$blifparse.cc:557:parse_blif$24366.genblk1.genblk1.genblk1.genblk1.genblk1.lut0 (4 -> 2)
Removed 0 unused cells and 1538 unused wires.

2.50. Executing AUTONAME pass.
Renamed 3977 objects in module top_flopoco_div_we8_wf17_zynq7000_native_srt_43_f300 (419 iterations).
<suppressed ~3977 debug messages>

2.51. Executing HIERARCHY pass (managing design hierarchy).
Attribute `top' found on module `top_flopoco_div_we8_wf17_zynq7000_native_srt_43_f300'. Setting top module to top_flopoco_div_we8_wf17_zynq7000_native_srt_43_f300.

2.51.1. Analyzing design hierarchy..
Top module:  \top_flopoco_div_we8_wf17_zynq7000_native_srt_43_f300

2.51.2. Analyzing design hierarchy..
Top module:  \top_flopoco_div_we8_wf17_zynq7000_native_srt_43_f300
Removed 0 unused modules.

2.52. Printing statistics.

=== top_flopoco_div_we8_wf17_zynq7000_native_srt_43_f300 ===

        +----------Local Count, excluding submodules.
        | 
     1729 wires
     6545 wire bits
     1729 public wires
     6545 public wire bits
        4 ports
       85 port bits
       11 cells
       11   $scopeinfo
     2528 submodules
      224   CCU2C
      760   LUT4
      158   PFUMX
     1386   TRELLIS_FF

=== design hierarchy ===

        +----------Count including submodules.
        | 
       11 top_flopoco_div_we8_wf17_zynq7000_native_srt_43_f300

        +----------Count including submodules.
        | 
     1729 wires
     6545 wire bits
     1729 public wires
     6545 public wire bits
        4 ports
       85 port bits
        - memories
        - memory bits
        - processes
       11 cells
       11   $scopeinfo
     2528 submodules
      224   CCU2C
      760   LUT4
      158   PFUMX
     1386   TRELLIS_FF

2.53. Executing CHECK pass (checking for obvious problems).
Checking module top_flopoco_div_we8_wf17_zynq7000_native_srt_43_f300...
Found and reported 0 problems.

2.54. Executing JSON backend.

End of script. Logfile hash: 9cfcb4c1f8, time: 3.96s, user: 3.36s, system: 0.12s, MEM: 137.32 MB peak
Yosys 0.64+215 (git sha1 54866d154, clang++ 18.1.8 -fPIC -O3)
Time spent: 27% 3x abc (1 sec), 16% 1x autoname (0 sec), ...
$ yosys -m ghdl -s /mnt/storage/test/zkf-vs-flopoco/artifacts/targets/ecp5-yosys/rows/flopoco_div_we8_wf17_zynq7000_native_srt_43_f300/yosys.ys


[exit code 0]
