Copyright 1986-2022 Xilinx, Inc. All Rights Reserved. Copyright 2022-2026 Advanced Micro Devices, Inc. All Rights Reserved.
----------------------------------------------------------------------------------------------------------------------------------------------------------------------------------------------
| Tool Version : Vivado v.2025.2.1 (lin64) Build 6403652 Thu Mar 19 13:47:00 MDT 2026
| Date         : Sat May 23 22:51:59 2026
| Host         : deep-thought running 64-bit Manjaro Linux
| Command      : report_timing_summary -file /mnt/storage/test/zkf-vs-flopoco/artifacts/targets/spartan7-vivado/rows/zkf_mul_w8_m36_stage_product/timing_summary.rpt -max_paths 10 -nworst 10
| Design       : top_zkf_mul_w8_m36_stage_product
| Device       : 7s50-csga324
| Speed File   : -1  PRODUCTION 1.23 2018-06-13
| Design State : Routed
----------------------------------------------------------------------------------------------------------------------------------------------------------------------------------------------

Timing Summary Report

------------------------------------------------------------------------------------------------
| Timer Settings
| --------------
------------------------------------------------------------------------------------------------

  Enable Multi Corner Analysis               :  Yes
  Enable Pessimism Removal                   :  Yes
  Pessimism Removal Resolution               :  Nearest Common Node
  Enable Input Delay Default Clock           :  No
  Enable Preset / Clear Arcs                 :  No
  Disable Flight Delays                      :  No
  Ignore I/O Paths                           :  No
  Timing Early Launch at Borrowing Latches   :  No
  Borrow Time for Max Delay Exceptions       :  Yes
  Merge Timing Exceptions                    :  Yes
  Inter-SLR Compensation                     :  Conservative

  Corner  Analyze    Analyze    
  Name    Max Paths  Min Paths  
  ------  ---------  ---------  
  Slow    Yes        Yes        
  Fast    Yes        Yes        


------------------------------------------------------------------------------------------------
| Report Methodology
| ------------------
------------------------------------------------------------------------------------------------

No report available as report_methodology has not been run prior. Run report_methodology on the current design for the summary of methodology violations.



check_timing report

Table of Contents
-----------------
1. checking no_clock (0)
2. checking constant_clock (0)
3. checking pulse_width_clock (0)
4. checking unconstrained_internal_endpoints (0)
5. checking no_input_delay (90)
6. checking no_output_delay (45)
7. checking multiple_clock (0)
8. checking generated_clocks (0)
9. checking loops (0)
10. checking partial_input_delay (0)
11. checking partial_output_delay (0)
12. checking latch_loops (0)

1. checking no_clock (0)
------------------------
 There are 0 register/latch pins with no clock.


2. checking constant_clock (0)
------------------------------
 There are 0 register/latch pins with constant_clock.


3. checking pulse_width_clock (0)
---------------------------------
 There are 0 register/latch pins which need pulse_width check


4. checking unconstrained_internal_endpoints (0)
------------------------------------------------
 There are 0 pins that are not constrained for maximum delay.

 There are 0 pins that are not constrained for maximum delay due to constant clock.


5. checking no_input_delay (90)
-------------------------------
 There are 90 input ports with no input delay specified. (HIGH)

 There are 0 input ports with no input delay but user has a false path constraint.


6. checking no_output_delay (45)
--------------------------------
 There are 45 ports with no output delay specified. (HIGH)

 There are 0 ports with no output delay but user has a false path constraint

 There are 0 ports with no output delay but with a timing clock defined on it or propagating through it


7. checking multiple_clock (0)
------------------------------
 There are 0 register/latch pins with multiple clocks.


8. checking generated_clocks (0)
--------------------------------
 There are 0 generated clocks that are not connected to a clock source.


9. checking loops (0)
---------------------
 There are 0 combinational loops in the design.


10. checking partial_input_delay (0)
------------------------------------
 There are 0 input ports with partial input delay specified.


11. checking partial_output_delay (0)
-------------------------------------
 There are 0 ports with partial output delay specified.


12. checking latch_loops (0)
----------------------------
 There are 0 combinational latch loops in the design through latch input



------------------------------------------------------------------------------------------------
| Design Timing Summary
| ---------------------
------------------------------------------------------------------------------------------------

    WNS(ns)      TNS(ns)  TNS Failing Endpoints  TNS Total Endpoints      WHS(ns)      THS(ns)  THS Failing Endpoints  THS Total Endpoints     WPWS(ns)     TPWS(ns)  TPWS Failing Endpoints  TPWS Total Endpoints  
    -------      -------  ---------------------  -------------------      -------      -------  ---------------------  -------------------     --------     --------  ----------------------  --------------------  
      0.533        0.000                      0                  356        0.145        0.000                      0                  356        2.833        0.000                       0                   238  


All user specified timing constraints are met.


------------------------------------------------------------------------------------------------
| Clock Summary
| -------------
------------------------------------------------------------------------------------------------

Clock  Waveform(ns)         Period(ns)      Frequency(MHz)
-----  ------------         ----------      --------------
clk    {0.000 3.333}        6.667           149.993         


------------------------------------------------------------------------------------------------
| Intra Clock Table
| -----------------
------------------------------------------------------------------------------------------------

Clock             WNS(ns)      TNS(ns)  TNS Failing Endpoints  TNS Total Endpoints      WHS(ns)      THS(ns)  THS Failing Endpoints  THS Total Endpoints     WPWS(ns)     TPWS(ns)  TPWS Failing Endpoints  TPWS Total Endpoints  
-----             -------      -------  ---------------------  -------------------      -------      -------  ---------------------  -------------------     --------     --------  ----------------------  --------------------  
clk                 0.533        0.000                      0                  356        0.145        0.000                      0                  356        2.833        0.000                       0                   238  


------------------------------------------------------------------------------------------------
| Inter Clock Table
| -----------------
------------------------------------------------------------------------------------------------

From Clock    To Clock          WNS(ns)      TNS(ns)  TNS Failing Endpoints  TNS Total Endpoints      WHS(ns)      THS(ns)  THS Failing Endpoints  THS Total Endpoints  
----------    --------          -------      -------  ---------------------  -------------------      -------      -------  ---------------------  -------------------  


------------------------------------------------------------------------------------------------
| Other Path Groups Table
| -----------------------
------------------------------------------------------------------------------------------------

Path Group    From Clock    To Clock          WNS(ns)      TNS(ns)  TNS Failing Endpoints  TNS Total Endpoints      WHS(ns)      THS(ns)  THS Failing Endpoints  THS Total Endpoints  
----------    ----------    --------          -------      -------  ---------------------  -------------------      -------      -------  ---------------------  -------------------  


------------------------------------------------------------------------------------------------
| Timing Details
| --------------
------------------------------------------------------------------------------------------------


---------------------------------------------------------------------------------------------------
From Clock:  clk
  To Clock:  clk

Setup :            0  Failing Endpoints,  Worst Slack        0.533ns,  Total Violation        0.000ns
Hold  :            0  Failing Endpoints,  Worst Slack        0.145ns,  Total Violation        0.000ns
PW    :            0  Failing Endpoints,  Worst Slack        2.833ns,  Total Violation        0.000ns
---------------------------------------------------------------------------------------------------


Max Delay Paths
--------------------------------------------------------------------------------------
Slack (MET) :             0.533ns  (required time - arrival time)
  Source:                 u_dut/s1_mag_reg[71]/C
                            (rising edge-triggered cell FDRE clocked by clk  {rise@0.000ns fall@3.333ns period=6.667ns})
  Destination:            y_r_reg[42]/D
                            (rising edge-triggered cell FDRE clocked by clk  {rise@0.000ns fall@3.333ns period=6.667ns})
  Path Group:             clk
  Path Type:              Setup (Max at Slow Process Corner)
  Requirement:            6.667ns  (clk rise@6.667ns - clk rise@0.000ns)
  Data Path Delay:        6.168ns  (logic 3.033ns (49.172%)  route 3.135ns (50.828%))
  Logic Levels:           15  (CARRY4=11 LUT3=1 LUT6=3)
  Clock Path Skew:        -0.049ns (DCD - SCD + CPR)
    Destination Clock Delay (DCD):    0.924ns = ( 7.591 - 6.667 ) 
    Source Clock Delay      (SCD):    0.973ns
    Clock Pessimism Removal (CPR):    0.000ns
  Clock Uncertainty:      0.035ns  ((TSJ^2 + TIJ^2)^1/2 + DJ) / 2 + PE
    Total System Jitter     (TSJ):    0.071ns
    Total Input Jitter      (TIJ):    0.000ns
    Discrete Jitter          (DJ):    0.000ns
    Phase Error              (PE):    0.000ns

    Location             Delay type                Incr(ns)  Path(ns)    Netlist Resource(s)
  -------------------------------------------------------------------    -------------------
                         (clock clk rise edge)        0.000     0.000 r  
                                                      0.000     0.000 r  clk (IN)
                         net (fo=237, unset)          0.973     0.973    u_dut/clk
    SLICE_X11Y62         FDRE                                         r  u_dut/s1_mag_reg[71]/C
  -------------------------------------------------------------------    -------------------
    SLICE_X11Y62         FDRE (Prop_fdre_C_Q)         0.456     1.429 r  u_dut/s1_mag_reg[71]/Q
                         net (fo=57, routed)          1.245     2.674    u_dut/s1_product_high
    SLICE_X10Y54         LUT6 (Prop_lut6_I3_O)        0.124     2.798 r  u_dut/y[3]_INST_0_i_14/O
                         net (fo=1, routed)           0.609     3.407    u_dut/y[3]_INST_0_i_14_n_0
    SLICE_X12Y54         LUT6 (Prop_lut6_I3_O)        0.124     3.531 r  u_dut/y[3]_INST_0_i_8/O
                         net (fo=1, routed)           0.625     4.156    u_dut/y[3]_INST_0_i_8_n_0
    SLICE_X15Y55         LUT6 (Prop_lut6_I2_O)        0.124     4.280 r  u_dut/y[3]_INST_0_i_6/O
                         net (fo=1, routed)           0.000     4.280    u_dut/y[3]_INST_0_i_6_n_0
    SLICE_X15Y55         CARRY4 (Prop_carry4_S[0]_CO[3])
                                                      0.532     4.812 r  u_dut/y[3]_INST_0_i_1/CO[3]
                         net (fo=1, routed)           0.000     4.812    u_dut/y[3]_INST_0_i_1_n_0
    SLICE_X15Y56         CARRY4 (Prop_carry4_CI_CO[3])
                                                      0.114     4.926 r  u_dut/y[7]_INST_0_i_1/CO[3]
                         net (fo=1, routed)           0.000     4.926    u_dut/y[7]_INST_0_i_1_n_0
    SLICE_X15Y57         CARRY4 (Prop_carry4_CI_CO[3])
                                                      0.114     5.040 r  u_dut/y[11]_INST_0_i_1/CO[3]
                         net (fo=1, routed)           0.000     5.040    u_dut/y[11]_INST_0_i_1_n_0
    SLICE_X15Y58         CARRY4 (Prop_carry4_CI_CO[3])
                                                      0.114     5.154 r  u_dut/y[15]_INST_0_i_1/CO[3]
                         net (fo=1, routed)           0.000     5.154    u_dut/y[15]_INST_0_i_1_n_0
    SLICE_X15Y59         CARRY4 (Prop_carry4_CI_CO[3])
                                                      0.114     5.268 r  u_dut/y[19]_INST_0_i_1/CO[3]
                         net (fo=1, routed)           0.000     5.268    u_dut/y[19]_INST_0_i_1_n_0
    SLICE_X15Y60         CARRY4 (Prop_carry4_CI_CO[3])
                                                      0.114     5.382 r  u_dut/y[23]_INST_0_i_1/CO[3]
                         net (fo=1, routed)           0.000     5.382    u_dut/y[23]_INST_0_i_1_n_0
    SLICE_X15Y61         CARRY4 (Prop_carry4_CI_CO[3])
                                                      0.114     5.496 r  u_dut/y[27]_INST_0_i_1/CO[3]
                         net (fo=1, routed)           0.000     5.496    u_dut/y[27]_INST_0_i_1_n_0
    SLICE_X15Y62         CARRY4 (Prop_carry4_CI_CO[3])
                                                      0.114     5.610 r  u_dut/y[31]_INST_0_i_1/CO[3]
                         net (fo=1, routed)           0.000     5.610    u_dut/y[31]_INST_0_i_1_n_0
    SLICE_X15Y63         CARRY4 (Prop_carry4_CI_CO[3])
                                                      0.114     5.724 r  u_dut/y[34]_INST_0_i_2/CO[3]
                         net (fo=1, routed)           0.000     5.724    u_dut/y[34]_INST_0_i_2_n_0
    SLICE_X15Y64         CARRY4 (Prop_carry4_CI_CO[3])
                                                      0.114     5.838 r  u_dut/y[38]_INST_0_i_1/CO[3]
                         net (fo=1, routed)           0.000     5.838    u_dut/y[38]_INST_0_i_1_n_0
    SLICE_X15Y65         CARRY4 (Prop_carry4_CI_O[3])
                                                      0.313     6.151 r  u_dut/y[42]_INST_0_i_1/O[3]
                         net (fo=1, routed)           0.656     6.807    u_dut/y[42]_INST_0_i_1_n_4
    SLICE_X14Y65         LUT3 (Prop_lut3_I0_O)        0.334     7.141 r  u_dut/y[42]_INST_0/O
                         net (fo=1, routed)           0.000     7.141    dut_y[42]
    SLICE_X14Y65         FDRE                                         r  y_r_reg[42]/D
  -------------------------------------------------------------------    -------------------

                         (clock clk rise edge)        6.667     6.667 r  
                                                      0.000     6.667 r  clk (IN)
                         net (fo=237, unset)          0.924     7.591    clk
    SLICE_X14Y65         FDRE                                         r  y_r_reg[42]/C
                         clock pessimism              0.000     7.591    
                         clock uncertainty           -0.035     7.556    
    SLICE_X14Y65         FDRE (Setup_fdre_C_D)        0.118     7.674    y_r_reg[42]
  -------------------------------------------------------------------
                         required time                          7.674    
                         arrival time                          -7.141    
  -------------------------------------------------------------------
                         slack                                  0.533    

Slack (MET) :             0.533ns  (required time - arrival time)
  Source:                 u_dut/s1_mag_reg[71]/C
                            (rising edge-triggered cell FDRE clocked by clk  {rise@0.000ns fall@3.333ns period=6.667ns})
  Destination:            y_r_reg[42]/D
                            (rising edge-triggered cell FDRE clocked by clk  {rise@0.000ns fall@3.333ns period=6.667ns})
  Path Group:             clk
  Path Type:              Setup (Max at Slow Process Corner)
  Requirement:            6.667ns  (clk rise@6.667ns - clk rise@0.000ns)
  Data Path Delay:        6.168ns  (logic 3.033ns (49.172%)  route 3.135ns (50.828%))
  Logic Levels:           15  (CARRY4=11 LUT3=1 LUT6=3)
  Clock Path Skew:        -0.049ns (DCD - SCD + CPR)
    Destination Clock Delay (DCD):    0.924ns = ( 7.591 - 6.667 ) 
    Source Clock Delay      (SCD):    0.973ns
    Clock Pessimism Removal (CPR):    0.000ns
  Clock Uncertainty:      0.035ns  ((TSJ^2 + TIJ^2)^1/2 + DJ) / 2 + PE
    Total System Jitter     (TSJ):    0.071ns
    Total Input Jitter      (TIJ):    0.000ns
    Discrete Jitter          (DJ):    0.000ns
    Phase Error              (PE):    0.000ns

    Location             Delay type                Incr(ns)  Path(ns)    Netlist Resource(s)
  -------------------------------------------------------------------    -------------------
                         (clock clk rise edge)        0.000     0.000 r  
                                                      0.000     0.000 r  clk (IN)
                         net (fo=237, unset)          0.973     0.973    u_dut/clk
    SLICE_X11Y62         FDRE                                         r  u_dut/s1_mag_reg[71]/C
  -------------------------------------------------------------------    -------------------
    SLICE_X11Y62         FDRE (Prop_fdre_C_Q)         0.456     1.429 r  u_dut/s1_mag_reg[71]/Q
                         net (fo=57, routed)          1.245     2.674    u_dut/s1_product_high
    SLICE_X10Y54         LUT6 (Prop_lut6_I3_O)        0.124     2.798 r  u_dut/y[3]_INST_0_i_14/O
                         net (fo=1, routed)           0.609     3.407    u_dut/y[3]_INST_0_i_14_n_0
    SLICE_X12Y54         LUT6 (Prop_lut6_I3_O)        0.124     3.531 r  u_dut/y[3]_INST_0_i_8/O
                         net (fo=1, routed)           0.625     4.156    u_dut/y[3]_INST_0_i_8_n_0
    SLICE_X15Y55         LUT6 (Prop_lut6_I2_O)        0.124     4.280 r  u_dut/y[3]_INST_0_i_6/O
                         net (fo=1, routed)           0.000     4.280    u_dut/y[3]_INST_0_i_6_n_0
    SLICE_X15Y55         CARRY4 (Prop_carry4_S[0]_CO[3])
                                                      0.532     4.812 r  u_dut/y[3]_INST_0_i_1/CO[3]
                         net (fo=1, routed)           0.000     4.812    u_dut/y[3]_INST_0_i_1_n_0
    SLICE_X15Y56         CARRY4 (Prop_carry4_CI_CO[3])
                                                      0.114     4.926 f  u_dut/y[7]_INST_0_i_1/CO[3]
                         net (fo=1, routed)           0.000     4.926    u_dut/y[7]_INST_0_i_1_n_0
    SLICE_X15Y57         CARRY4 (Prop_carry4_CI_CO[3])
                                                      0.114     5.040 r  u_dut/y[11]_INST_0_i_1/CO[3]
                         net (fo=1, routed)           0.000     5.040    u_dut/y[11]_INST_0_i_1_n_0
    SLICE_X15Y58         CARRY4 (Prop_carry4_CI_CO[3])
                                                      0.114     5.154 r  u_dut/y[15]_INST_0_i_1/CO[3]
                         net (fo=1, routed)           0.000     5.154    u_dut/y[15]_INST_0_i_1_n_0
    SLICE_X15Y59         CARRY4 (Prop_carry4_CI_CO[3])
                                                      0.114     5.268 r  u_dut/y[19]_INST_0_i_1/CO[3]
                         net (fo=1, routed)           0.000     5.268    u_dut/y[19]_INST_0_i_1_n_0
    SLICE_X15Y60         CARRY4 (Prop_carry4_CI_CO[3])
                                                      0.114     5.382 r  u_dut/y[23]_INST_0_i_1/CO[3]
                         net (fo=1, routed)           0.000     5.382    u_dut/y[23]_INST_0_i_1_n_0
    SLICE_X15Y61         CARRY4 (Prop_carry4_CI_CO[3])
                                                      0.114     5.496 r  u_dut/y[27]_INST_0_i_1/CO[3]
                         net (fo=1, routed)           0.000     5.496    u_dut/y[27]_INST_0_i_1_n_0
    SLICE_X15Y62         CARRY4 (Prop_carry4_CI_CO[3])
                                                      0.114     5.610 r  u_dut/y[31]_INST_0_i_1/CO[3]
                         net (fo=1, routed)           0.000     5.610    u_dut/y[31]_INST_0_i_1_n_0
    SLICE_X15Y63         CARRY4 (Prop_carry4_CI_CO[3])
                                                      0.114     5.724 r  u_dut/y[34]_INST_0_i_2/CO[3]
                         net (fo=1, routed)           0.000     5.724    u_dut/y[34]_INST_0_i_2_n_0
    SLICE_X15Y64         CARRY4 (Prop_carry4_CI_CO[3])
                                                      0.114     5.838 r  u_dut/y[38]_INST_0_i_1/CO[3]
                         net (fo=1, routed)           0.000     5.838    u_dut/y[38]_INST_0_i_1_n_0
    SLICE_X15Y65         CARRY4 (Prop_carry4_CI_O[3])
                                                      0.313     6.151 r  u_dut/y[42]_INST_0_i_1/O[3]
                         net (fo=1, routed)           0.656     6.807    u_dut/y[42]_INST_0_i_1_n_4
    SLICE_X14Y65         LUT3 (Prop_lut3_I0_O)        0.334     7.141 r  u_dut/y[42]_INST_0/O
                         net (fo=1, routed)           0.000     7.141    dut_y[42]
    SLICE_X14Y65         FDRE                                         r  y_r_reg[42]/D
  -------------------------------------------------------------------    -------------------

                         (clock clk rise edge)        6.667     6.667 r  
                                                      0.000     6.667 r  clk (IN)
                         net (fo=237, unset)          0.924     7.591    clk
    SLICE_X14Y65         FDRE                                         r  y_r_reg[42]/C
                         clock pessimism              0.000     7.591    
                         clock uncertainty           -0.035     7.556    
    SLICE_X14Y65         FDRE (Setup_fdre_C_D)        0.118     7.674    y_r_reg[42]
  -------------------------------------------------------------------
                         required time                          7.674    
                         arrival time                          -7.141    
  -------------------------------------------------------------------
                         slack                                  0.533    

Slack (MET) :             0.533ns  (required time - arrival time)
  Source:                 u_dut/s1_mag_reg[71]/C
                            (rising edge-triggered cell FDRE clocked by clk  {rise@0.000ns fall@3.333ns period=6.667ns})
  Destination:            y_r_reg[42]/D
                            (rising edge-triggered cell FDRE clocked by clk  {rise@0.000ns fall@3.333ns period=6.667ns})
  Path Group:             clk
  Path Type:              Setup (Max at Slow Process Corner)
  Requirement:            6.667ns  (clk rise@6.667ns - clk rise@0.000ns)
  Data Path Delay:        6.168ns  (logic 3.033ns (49.172%)  route 3.135ns (50.828%))
  Logic Levels:           15  (CARRY4=11 LUT3=1 LUT6=3)
  Clock Path Skew:        -0.049ns (DCD - SCD + CPR)
    Destination Clock Delay (DCD):    0.924ns = ( 7.591 - 6.667 ) 
    Source Clock Delay      (SCD):    0.973ns
    Clock Pessimism Removal (CPR):    0.000ns
  Clock Uncertainty:      0.035ns  ((TSJ^2 + TIJ^2)^1/2 + DJ) / 2 + PE
    Total System Jitter     (TSJ):    0.071ns
    Total Input Jitter      (TIJ):    0.000ns
    Discrete Jitter          (DJ):    0.000ns
    Phase Error              (PE):    0.000ns

    Location             Delay type                Incr(ns)  Path(ns)    Netlist Resource(s)
  -------------------------------------------------------------------    -------------------
                         (clock clk rise edge)        0.000     0.000 r  
                                                      0.000     0.000 r  clk (IN)
                         net (fo=237, unset)          0.973     0.973    u_dut/clk
    SLICE_X11Y62         FDRE                                         r  u_dut/s1_mag_reg[71]/C
  -------------------------------------------------------------------    -------------------
    SLICE_X11Y62         FDRE (Prop_fdre_C_Q)         0.456     1.429 r  u_dut/s1_mag_reg[71]/Q
                         net (fo=57, routed)          1.245     2.674    u_dut/s1_product_high
    SLICE_X10Y54         LUT6 (Prop_lut6_I3_O)        0.124     2.798 r  u_dut/y[3]_INST_0_i_14/O
                         net (fo=1, routed)           0.609     3.407    u_dut/y[3]_INST_0_i_14_n_0
    SLICE_X12Y54         LUT6 (Prop_lut6_I3_O)        0.124     3.531 r  u_dut/y[3]_INST_0_i_8/O
                         net (fo=1, routed)           0.625     4.156    u_dut/y[3]_INST_0_i_8_n_0
    SLICE_X15Y55         LUT6 (Prop_lut6_I2_O)        0.124     4.280 r  u_dut/y[3]_INST_0_i_6/O
                         net (fo=1, routed)           0.000     4.280    u_dut/y[3]_INST_0_i_6_n_0
    SLICE_X15Y55         CARRY4 (Prop_carry4_S[0]_CO[3])
                                                      0.532     4.812 r  u_dut/y[3]_INST_0_i_1/CO[3]
                         net (fo=1, routed)           0.000     4.812    u_dut/y[3]_INST_0_i_1_n_0
    SLICE_X15Y56         CARRY4 (Prop_carry4_CI_CO[3])
                                                      0.114     4.926 r  u_dut/y[7]_INST_0_i_1/CO[3]
                         net (fo=1, routed)           0.000     4.926    u_dut/y[7]_INST_0_i_1_n_0
    SLICE_X15Y57         CARRY4 (Prop_carry4_CI_CO[3])
                                                      0.114     5.040 f  u_dut/y[11]_INST_0_i_1/CO[3]
                         net (fo=1, routed)           0.000     5.040    u_dut/y[11]_INST_0_i_1_n_0
    SLICE_X15Y58         CARRY4 (Prop_carry4_CI_CO[3])
                                                      0.114     5.154 r  u_dut/y[15]_INST_0_i_1/CO[3]
                         net (fo=1, routed)           0.000     5.154    u_dut/y[15]_INST_0_i_1_n_0
    SLICE_X15Y59         CARRY4 (Prop_carry4_CI_CO[3])
                                                      0.114     5.268 r  u_dut/y[19]_INST_0_i_1/CO[3]
                         net (fo=1, routed)           0.000     5.268    u_dut/y[19]_INST_0_i_1_n_0
    SLICE_X15Y60         CARRY4 (Prop_carry4_CI_CO[3])
                                                      0.114     5.382 r  u_dut/y[23]_INST_0_i_1/CO[3]
                         net (fo=1, routed)           0.000     5.382    u_dut/y[23]_INST_0_i_1_n_0
    SLICE_X15Y61         CARRY4 (Prop_carry4_CI_CO[3])
                                                      0.114     5.496 r  u_dut/y[27]_INST_0_i_1/CO[3]
                         net (fo=1, routed)           0.000     5.496    u_dut/y[27]_INST_0_i_1_n_0
    SLICE_X15Y62         CARRY4 (Prop_carry4_CI_CO[3])
                                                      0.114     5.610 r  u_dut/y[31]_INST_0_i_1/CO[3]
                         net (fo=1, routed)           0.000     5.610    u_dut/y[31]_INST_0_i_1_n_0
    SLICE_X15Y63         CARRY4 (Prop_carry4_CI_CO[3])
                                                      0.114     5.724 r  u_dut/y[34]_INST_0_i_2/CO[3]
                         net (fo=1, routed)           0.000     5.724    u_dut/y[34]_INST_0_i_2_n_0
    SLICE_X15Y64         CARRY4 (Prop_carry4_CI_CO[3])
                                                      0.114     5.838 r  u_dut/y[38]_INST_0_i_1/CO[3]
                         net (fo=1, routed)           0.000     5.838    u_dut/y[38]_INST_0_i_1_n_0
    SLICE_X15Y65         CARRY4 (Prop_carry4_CI_O[3])
                                                      0.313     6.151 r  u_dut/y[42]_INST_0_i_1/O[3]
                         net (fo=1, routed)           0.656     6.807    u_dut/y[42]_INST_0_i_1_n_4
    SLICE_X14Y65         LUT3 (Prop_lut3_I0_O)        0.334     7.141 r  u_dut/y[42]_INST_0/O
                         net (fo=1, routed)           0.000     7.141    dut_y[42]
    SLICE_X14Y65         FDRE                                         r  y_r_reg[42]/D
  -------------------------------------------------------------------    -------------------

                         (clock clk rise edge)        6.667     6.667 r  
                                                      0.000     6.667 r  clk (IN)
                         net (fo=237, unset)          0.924     7.591    clk
    SLICE_X14Y65         FDRE                                         r  y_r_reg[42]/C
                         clock pessimism              0.000     7.591    
                         clock uncertainty           -0.035     7.556    
    SLICE_X14Y65         FDRE (Setup_fdre_C_D)        0.118     7.674    y_r_reg[42]
  -------------------------------------------------------------------
                         required time                          7.674    
                         arrival time                          -7.141    
  -------------------------------------------------------------------
                         slack                                  0.533    

Slack (MET) :             0.533ns  (required time - arrival time)
  Source:                 u_dut/s1_mag_reg[71]/C
                            (rising edge-triggered cell FDRE clocked by clk  {rise@0.000ns fall@3.333ns period=6.667ns})
  Destination:            y_r_reg[42]/D
                            (rising edge-triggered cell FDRE clocked by clk  {rise@0.000ns fall@3.333ns period=6.667ns})
  Path Group:             clk
  Path Type:              Setup (Max at Slow Process Corner)
  Requirement:            6.667ns  (clk rise@6.667ns - clk rise@0.000ns)
  Data Path Delay:        6.168ns  (logic 3.033ns (49.172%)  route 3.135ns (50.828%))
  Logic Levels:           15  (CARRY4=11 LUT3=1 LUT6=3)
  Clock Path Skew:        -0.049ns (DCD - SCD + CPR)
    Destination Clock Delay (DCD):    0.924ns = ( 7.591 - 6.667 ) 
    Source Clock Delay      (SCD):    0.973ns
    Clock Pessimism Removal (CPR):    0.000ns
  Clock Uncertainty:      0.035ns  ((TSJ^2 + TIJ^2)^1/2 + DJ) / 2 + PE
    Total System Jitter     (TSJ):    0.071ns
    Total Input Jitter      (TIJ):    0.000ns
    Discrete Jitter          (DJ):    0.000ns
    Phase Error              (PE):    0.000ns

    Location             Delay type                Incr(ns)  Path(ns)    Netlist Resource(s)
  -------------------------------------------------------------------    -------------------
                         (clock clk rise edge)        0.000     0.000 r  
                                                      0.000     0.000 r  clk (IN)
                         net (fo=237, unset)          0.973     0.973    u_dut/clk
    SLICE_X11Y62         FDRE                                         r  u_dut/s1_mag_reg[71]/C
  -------------------------------------------------------------------    -------------------
    SLICE_X11Y62         FDRE (Prop_fdre_C_Q)         0.456     1.429 r  u_dut/s1_mag_reg[71]/Q
                         net (fo=57, routed)          1.245     2.674    u_dut/s1_product_high
    SLICE_X10Y54         LUT6 (Prop_lut6_I3_O)        0.124     2.798 r  u_dut/y[3]_INST_0_i_14/O
                         net (fo=1, routed)           0.609     3.407    u_dut/y[3]_INST_0_i_14_n_0
    SLICE_X12Y54         LUT6 (Prop_lut6_I3_O)        0.124     3.531 r  u_dut/y[3]_INST_0_i_8/O
                         net (fo=1, routed)           0.625     4.156    u_dut/y[3]_INST_0_i_8_n_0
    SLICE_X15Y55         LUT6 (Prop_lut6_I2_O)        0.124     4.280 r  u_dut/y[3]_INST_0_i_6/O
                         net (fo=1, routed)           0.000     4.280    u_dut/y[3]_INST_0_i_6_n_0
    SLICE_X15Y55         CARRY4 (Prop_carry4_S[0]_CO[3])
                                                      0.532     4.812 r  u_dut/y[3]_INST_0_i_1/CO[3]
                         net (fo=1, routed)           0.000     4.812    u_dut/y[3]_INST_0_i_1_n_0
    SLICE_X15Y56         CARRY4 (Prop_carry4_CI_CO[3])
                                                      0.114     4.926 f  u_dut/y[7]_INST_0_i_1/CO[3]
                         net (fo=1, routed)           0.000     4.926    u_dut/y[7]_INST_0_i_1_n_0
    SLICE_X15Y57         CARRY4 (Prop_carry4_CI_CO[3])
                                                      0.114     5.040 f  u_dut/y[11]_INST_0_i_1/CO[3]
                         net (fo=1, routed)           0.000     5.040    u_dut/y[11]_INST_0_i_1_n_0
    SLICE_X15Y58         CARRY4 (Prop_carry4_CI_CO[3])
                                                      0.114     5.154 r  u_dut/y[15]_INST_0_i_1/CO[3]
                         net (fo=1, routed)           0.000     5.154    u_dut/y[15]_INST_0_i_1_n_0
    SLICE_X15Y59         CARRY4 (Prop_carry4_CI_CO[3])
                                                      0.114     5.268 r  u_dut/y[19]_INST_0_i_1/CO[3]
                         net (fo=1, routed)           0.000     5.268    u_dut/y[19]_INST_0_i_1_n_0
    SLICE_X15Y60         CARRY4 (Prop_carry4_CI_CO[3])
                                                      0.114     5.382 r  u_dut/y[23]_INST_0_i_1/CO[3]
                         net (fo=1, routed)           0.000     5.382    u_dut/y[23]_INST_0_i_1_n_0
    SLICE_X15Y61         CARRY4 (Prop_carry4_CI_CO[3])
                                                      0.114     5.496 r  u_dut/y[27]_INST_0_i_1/CO[3]
                         net (fo=1, routed)           0.000     5.496    u_dut/y[27]_INST_0_i_1_n_0
    SLICE_X15Y62         CARRY4 (Prop_carry4_CI_CO[3])
                                                      0.114     5.610 r  u_dut/y[31]_INST_0_i_1/CO[3]
                         net (fo=1, routed)           0.000     5.610    u_dut/y[31]_INST_0_i_1_n_0
    SLICE_X15Y63         CARRY4 (Prop_carry4_CI_CO[3])
                                                      0.114     5.724 r  u_dut/y[34]_INST_0_i_2/CO[3]
                         net (fo=1, routed)           0.000     5.724    u_dut/y[34]_INST_0_i_2_n_0
    SLICE_X15Y64         CARRY4 (Prop_carry4_CI_CO[3])
                                                      0.114     5.838 r  u_dut/y[38]_INST_0_i_1/CO[3]
                         net (fo=1, routed)           0.000     5.838    u_dut/y[38]_INST_0_i_1_n_0
    SLICE_X15Y65         CARRY4 (Prop_carry4_CI_O[3])
                                                      0.313     6.151 r  u_dut/y[42]_INST_0_i_1/O[3]
                         net (fo=1, routed)           0.656     6.807    u_dut/y[42]_INST_0_i_1_n_4
    SLICE_X14Y65         LUT3 (Prop_lut3_I0_O)        0.334     7.141 r  u_dut/y[42]_INST_0/O
                         net (fo=1, routed)           0.000     7.141    dut_y[42]
    SLICE_X14Y65         FDRE                                         r  y_r_reg[42]/D
  -------------------------------------------------------------------    -------------------

                         (clock clk rise edge)        6.667     6.667 r  
                                                      0.000     6.667 r  clk (IN)
                         net (fo=237, unset)          0.924     7.591    clk
    SLICE_X14Y65         FDRE                                         r  y_r_reg[42]/C
                         clock pessimism              0.000     7.591    
                         clock uncertainty           -0.035     7.556    
    SLICE_X14Y65         FDRE (Setup_fdre_C_D)        0.118     7.674    y_r_reg[42]
  -------------------------------------------------------------------
                         required time                          7.674    
                         arrival time                          -7.141    
  -------------------------------------------------------------------
                         slack                                  0.533    

Slack (MET) :             0.533ns  (required time - arrival time)
  Source:                 u_dut/s1_mag_reg[71]/C
                            (rising edge-triggered cell FDRE clocked by clk  {rise@0.000ns fall@3.333ns period=6.667ns})
  Destination:            y_r_reg[42]/D
                            (rising edge-triggered cell FDRE clocked by clk  {rise@0.000ns fall@3.333ns period=6.667ns})
  Path Group:             clk
  Path Type:              Setup (Max at Slow Process Corner)
  Requirement:            6.667ns  (clk rise@6.667ns - clk rise@0.000ns)
  Data Path Delay:        6.168ns  (logic 3.033ns (49.172%)  route 3.135ns (50.828%))
  Logic Levels:           15  (CARRY4=11 LUT3=1 LUT6=3)
  Clock Path Skew:        -0.049ns (DCD - SCD + CPR)
    Destination Clock Delay (DCD):    0.924ns = ( 7.591 - 6.667 ) 
    Source Clock Delay      (SCD):    0.973ns
    Clock Pessimism Removal (CPR):    0.000ns
  Clock Uncertainty:      0.035ns  ((TSJ^2 + TIJ^2)^1/2 + DJ) / 2 + PE
    Total System Jitter     (TSJ):    0.071ns
    Total Input Jitter      (TIJ):    0.000ns
    Discrete Jitter          (DJ):    0.000ns
    Phase Error              (PE):    0.000ns

    Location             Delay type                Incr(ns)  Path(ns)    Netlist Resource(s)
  -------------------------------------------------------------------    -------------------
                         (clock clk rise edge)        0.000     0.000 r  
                                                      0.000     0.000 r  clk (IN)
                         net (fo=237, unset)          0.973     0.973    u_dut/clk
    SLICE_X11Y62         FDRE                                         r  u_dut/s1_mag_reg[71]/C
  -------------------------------------------------------------------    -------------------
    SLICE_X11Y62         FDRE (Prop_fdre_C_Q)         0.456     1.429 r  u_dut/s1_mag_reg[71]/Q
                         net (fo=57, routed)          1.245     2.674    u_dut/s1_product_high
    SLICE_X10Y54         LUT6 (Prop_lut6_I3_O)        0.124     2.798 r  u_dut/y[3]_INST_0_i_14/O
                         net (fo=1, routed)           0.609     3.407    u_dut/y[3]_INST_0_i_14_n_0
    SLICE_X12Y54         LUT6 (Prop_lut6_I3_O)        0.124     3.531 r  u_dut/y[3]_INST_0_i_8/O
                         net (fo=1, routed)           0.625     4.156    u_dut/y[3]_INST_0_i_8_n_0
    SLICE_X15Y55         LUT6 (Prop_lut6_I2_O)        0.124     4.280 r  u_dut/y[3]_INST_0_i_6/O
                         net (fo=1, routed)           0.000     4.280    u_dut/y[3]_INST_0_i_6_n_0
    SLICE_X15Y55         CARRY4 (Prop_carry4_S[0]_CO[3])
                                                      0.532     4.812 r  u_dut/y[3]_INST_0_i_1/CO[3]
                         net (fo=1, routed)           0.000     4.812    u_dut/y[3]_INST_0_i_1_n_0
    SLICE_X15Y56         CARRY4 (Prop_carry4_CI_CO[3])
                                                      0.114     4.926 r  u_dut/y[7]_INST_0_i_1/CO[3]
                         net (fo=1, routed)           0.000     4.926    u_dut/y[7]_INST_0_i_1_n_0
    SLICE_X15Y57         CARRY4 (Prop_carry4_CI_CO[3])
                                                      0.114     5.040 r  u_dut/y[11]_INST_0_i_1/CO[3]
                         net (fo=1, routed)           0.000     5.040    u_dut/y[11]_INST_0_i_1_n_0
    SLICE_X15Y58         CARRY4 (Prop_carry4_CI_CO[3])
                                                      0.114     5.154 f  u_dut/y[15]_INST_0_i_1/CO[3]
                         net (fo=1, routed)           0.000     5.154    u_dut/y[15]_INST_0_i_1_n_0
    SLICE_X15Y59         CARRY4 (Prop_carry4_CI_CO[3])
                                                      0.114     5.268 r  u_dut/y[19]_INST_0_i_1/CO[3]
                         net (fo=1, routed)           0.000     5.268    u_dut/y[19]_INST_0_i_1_n_0
    SLICE_X15Y60         CARRY4 (Prop_carry4_CI_CO[3])
                                                      0.114     5.382 r  u_dut/y[23]_INST_0_i_1/CO[3]
                         net (fo=1, routed)           0.000     5.382    u_dut/y[23]_INST_0_i_1_n_0
    SLICE_X15Y61         CARRY4 (Prop_carry4_CI_CO[3])
                                                      0.114     5.496 r  u_dut/y[27]_INST_0_i_1/CO[3]
                         net (fo=1, routed)           0.000     5.496    u_dut/y[27]_INST_0_i_1_n_0
    SLICE_X15Y62         CARRY4 (Prop_carry4_CI_CO[3])
                                                      0.114     5.610 r  u_dut/y[31]_INST_0_i_1/CO[3]
                         net (fo=1, routed)           0.000     5.610    u_dut/y[31]_INST_0_i_1_n_0
    SLICE_X15Y63         CARRY4 (Prop_carry4_CI_CO[3])
                                                      0.114     5.724 r  u_dut/y[34]_INST_0_i_2/CO[3]
                         net (fo=1, routed)           0.000     5.724    u_dut/y[34]_INST_0_i_2_n_0
    SLICE_X15Y64         CARRY4 (Prop_carry4_CI_CO[3])
                                                      0.114     5.838 r  u_dut/y[38]_INST_0_i_1/CO[3]
                         net (fo=1, routed)           0.000     5.838    u_dut/y[38]_INST_0_i_1_n_0
    SLICE_X15Y65         CARRY4 (Prop_carry4_CI_O[3])
                                                      0.313     6.151 r  u_dut/y[42]_INST_0_i_1/O[3]
                         net (fo=1, routed)           0.656     6.807    u_dut/y[42]_INST_0_i_1_n_4
    SLICE_X14Y65         LUT3 (Prop_lut3_I0_O)        0.334     7.141 r  u_dut/y[42]_INST_0/O
                         net (fo=1, routed)           0.000     7.141    dut_y[42]
    SLICE_X14Y65         FDRE                                         r  y_r_reg[42]/D
  -------------------------------------------------------------------    -------------------

                         (clock clk rise edge)        6.667     6.667 r  
                                                      0.000     6.667 r  clk (IN)
                         net (fo=237, unset)          0.924     7.591    clk
    SLICE_X14Y65         FDRE                                         r  y_r_reg[42]/C
                         clock pessimism              0.000     7.591    
                         clock uncertainty           -0.035     7.556    
    SLICE_X14Y65         FDRE (Setup_fdre_C_D)        0.118     7.674    y_r_reg[42]
  -------------------------------------------------------------------
                         required time                          7.674    
                         arrival time                          -7.141    
  -------------------------------------------------------------------
                         slack                                  0.533    

Slack (MET) :             0.533ns  (required time - arrival time)
  Source:                 u_dut/s1_mag_reg[71]/C
                            (rising edge-triggered cell FDRE clocked by clk  {rise@0.000ns fall@3.333ns period=6.667ns})
  Destination:            y_r_reg[42]/D
                            (rising edge-triggered cell FDRE clocked by clk  {rise@0.000ns fall@3.333ns period=6.667ns})
  Path Group:             clk
  Path Type:              Setup (Max at Slow Process Corner)
  Requirement:            6.667ns  (clk rise@6.667ns - clk rise@0.000ns)
  Data Path Delay:        6.168ns  (logic 3.033ns (49.172%)  route 3.135ns (50.828%))
  Logic Levels:           15  (CARRY4=11 LUT3=1 LUT6=3)
  Clock Path Skew:        -0.049ns (DCD - SCD + CPR)
    Destination Clock Delay (DCD):    0.924ns = ( 7.591 - 6.667 ) 
    Source Clock Delay      (SCD):    0.973ns
    Clock Pessimism Removal (CPR):    0.000ns
  Clock Uncertainty:      0.035ns  ((TSJ^2 + TIJ^2)^1/2 + DJ) / 2 + PE
    Total System Jitter     (TSJ):    0.071ns
    Total Input Jitter      (TIJ):    0.000ns
    Discrete Jitter          (DJ):    0.000ns
    Phase Error              (PE):    0.000ns

    Location             Delay type                Incr(ns)  Path(ns)    Netlist Resource(s)
  -------------------------------------------------------------------    -------------------
                         (clock clk rise edge)        0.000     0.000 r  
                                                      0.000     0.000 r  clk (IN)
                         net (fo=237, unset)          0.973     0.973    u_dut/clk
    SLICE_X11Y62         FDRE                                         r  u_dut/s1_mag_reg[71]/C
  -------------------------------------------------------------------    -------------------
    SLICE_X11Y62         FDRE (Prop_fdre_C_Q)         0.456     1.429 r  u_dut/s1_mag_reg[71]/Q
                         net (fo=57, routed)          1.245     2.674    u_dut/s1_product_high
    SLICE_X10Y54         LUT6 (Prop_lut6_I3_O)        0.124     2.798 r  u_dut/y[3]_INST_0_i_14/O
                         net (fo=1, routed)           0.609     3.407    u_dut/y[3]_INST_0_i_14_n_0
    SLICE_X12Y54         LUT6 (Prop_lut6_I3_O)        0.124     3.531 r  u_dut/y[3]_INST_0_i_8/O
                         net (fo=1, routed)           0.625     4.156    u_dut/y[3]_INST_0_i_8_n_0
    SLICE_X15Y55         LUT6 (Prop_lut6_I2_O)        0.124     4.280 r  u_dut/y[3]_INST_0_i_6/O
                         net (fo=1, routed)           0.000     4.280    u_dut/y[3]_INST_0_i_6_n_0
    SLICE_X15Y55         CARRY4 (Prop_carry4_S[0]_CO[3])
                                                      0.532     4.812 r  u_dut/y[3]_INST_0_i_1/CO[3]
                         net (fo=1, routed)           0.000     4.812    u_dut/y[3]_INST_0_i_1_n_0
    SLICE_X15Y56         CARRY4 (Prop_carry4_CI_CO[3])
                                                      0.114     4.926 f  u_dut/y[7]_INST_0_i_1/CO[3]
                         net (fo=1, routed)           0.000     4.926    u_dut/y[7]_INST_0_i_1_n_0
    SLICE_X15Y57         CARRY4 (Prop_carry4_CI_CO[3])
                                                      0.114     5.040 r  u_dut/y[11]_INST_0_i_1/CO[3]
                         net (fo=1, routed)           0.000     5.040    u_dut/y[11]_INST_0_i_1_n_0
    SLICE_X15Y58         CARRY4 (Prop_carry4_CI_CO[3])
                                                      0.114     5.154 f  u_dut/y[15]_INST_0_i_1/CO[3]
                         net (fo=1, routed)           0.000     5.154    u_dut/y[15]_INST_0_i_1_n_0
    SLICE_X15Y59         CARRY4 (Prop_carry4_CI_CO[3])
                                                      0.114     5.268 r  u_dut/y[19]_INST_0_i_1/CO[3]
                         net (fo=1, routed)           0.000     5.268    u_dut/y[19]_INST_0_i_1_n_0
    SLICE_X15Y60         CARRY4 (Prop_carry4_CI_CO[3])
                                                      0.114     5.382 r  u_dut/y[23]_INST_0_i_1/CO[3]
                         net (fo=1, routed)           0.000     5.382    u_dut/y[23]_INST_0_i_1_n_0
    SLICE_X15Y61         CARRY4 (Prop_carry4_CI_CO[3])
                                                      0.114     5.496 r  u_dut/y[27]_INST_0_i_1/CO[3]
                         net (fo=1, routed)           0.000     5.496    u_dut/y[27]_INST_0_i_1_n_0
    SLICE_X15Y62         CARRY4 (Prop_carry4_CI_CO[3])
                                                      0.114     5.610 r  u_dut/y[31]_INST_0_i_1/CO[3]
                         net (fo=1, routed)           0.000     5.610    u_dut/y[31]_INST_0_i_1_n_0
    SLICE_X15Y63         CARRY4 (Prop_carry4_CI_CO[3])
                                                      0.114     5.724 r  u_dut/y[34]_INST_0_i_2/CO[3]
                         net (fo=1, routed)           0.000     5.724    u_dut/y[34]_INST_0_i_2_n_0
    SLICE_X15Y64         CARRY4 (Prop_carry4_CI_CO[3])
                                                      0.114     5.838 r  u_dut/y[38]_INST_0_i_1/CO[3]
                         net (fo=1, routed)           0.000     5.838    u_dut/y[38]_INST_0_i_1_n_0
    SLICE_X15Y65         CARRY4 (Prop_carry4_CI_O[3])
                                                      0.313     6.151 r  u_dut/y[42]_INST_0_i_1/O[3]
                         net (fo=1, routed)           0.656     6.807    u_dut/y[42]_INST_0_i_1_n_4
    SLICE_X14Y65         LUT3 (Prop_lut3_I0_O)        0.334     7.141 r  u_dut/y[42]_INST_0/O
                         net (fo=1, routed)           0.000     7.141    dut_y[42]
    SLICE_X14Y65         FDRE                                         r  y_r_reg[42]/D
  -------------------------------------------------------------------    -------------------

                         (clock clk rise edge)        6.667     6.667 r  
                                                      0.000     6.667 r  clk (IN)
                         net (fo=237, unset)          0.924     7.591    clk
    SLICE_X14Y65         FDRE                                         r  y_r_reg[42]/C
                         clock pessimism              0.000     7.591    
                         clock uncertainty           -0.035     7.556    
    SLICE_X14Y65         FDRE (Setup_fdre_C_D)        0.118     7.674    y_r_reg[42]
  -------------------------------------------------------------------
                         required time                          7.674    
                         arrival time                          -7.141    
  -------------------------------------------------------------------
                         slack                                  0.533    

Slack (MET) :             0.533ns  (required time - arrival time)
  Source:                 u_dut/s1_mag_reg[71]/C
                            (rising edge-triggered cell FDRE clocked by clk  {rise@0.000ns fall@3.333ns period=6.667ns})
  Destination:            y_r_reg[42]/D
                            (rising edge-triggered cell FDRE clocked by clk  {rise@0.000ns fall@3.333ns period=6.667ns})
  Path Group:             clk
  Path Type:              Setup (Max at Slow Process Corner)
  Requirement:            6.667ns  (clk rise@6.667ns - clk rise@0.000ns)
  Data Path Delay:        6.168ns  (logic 3.033ns (49.172%)  route 3.135ns (50.828%))
  Logic Levels:           15  (CARRY4=11 LUT3=1 LUT6=3)
  Clock Path Skew:        -0.049ns (DCD - SCD + CPR)
    Destination Clock Delay (DCD):    0.924ns = ( 7.591 - 6.667 ) 
    Source Clock Delay      (SCD):    0.973ns
    Clock Pessimism Removal (CPR):    0.000ns
  Clock Uncertainty:      0.035ns  ((TSJ^2 + TIJ^2)^1/2 + DJ) / 2 + PE
    Total System Jitter     (TSJ):    0.071ns
    Total Input Jitter      (TIJ):    0.000ns
    Discrete Jitter          (DJ):    0.000ns
    Phase Error              (PE):    0.000ns

    Location             Delay type                Incr(ns)  Path(ns)    Netlist Resource(s)
  -------------------------------------------------------------------    -------------------
                         (clock clk rise edge)        0.000     0.000 r  
                                                      0.000     0.000 r  clk (IN)
                         net (fo=237, unset)          0.973     0.973    u_dut/clk
    SLICE_X11Y62         FDRE                                         r  u_dut/s1_mag_reg[71]/C
  -------------------------------------------------------------------    -------------------
    SLICE_X11Y62         FDRE (Prop_fdre_C_Q)         0.456     1.429 r  u_dut/s1_mag_reg[71]/Q
                         net (fo=57, routed)          1.245     2.674    u_dut/s1_product_high
    SLICE_X10Y54         LUT6 (Prop_lut6_I3_O)        0.124     2.798 r  u_dut/y[3]_INST_0_i_14/O
                         net (fo=1, routed)           0.609     3.407    u_dut/y[3]_INST_0_i_14_n_0
    SLICE_X12Y54         LUT6 (Prop_lut6_I3_O)        0.124     3.531 r  u_dut/y[3]_INST_0_i_8/O
                         net (fo=1, routed)           0.625     4.156    u_dut/y[3]_INST_0_i_8_n_0
    SLICE_X15Y55         LUT6 (Prop_lut6_I2_O)        0.124     4.280 r  u_dut/y[3]_INST_0_i_6/O
                         net (fo=1, routed)           0.000     4.280    u_dut/y[3]_INST_0_i_6_n_0
    SLICE_X15Y55         CARRY4 (Prop_carry4_S[0]_CO[3])
                                                      0.532     4.812 r  u_dut/y[3]_INST_0_i_1/CO[3]
                         net (fo=1, routed)           0.000     4.812    u_dut/y[3]_INST_0_i_1_n_0
    SLICE_X15Y56         CARRY4 (Prop_carry4_CI_CO[3])
                                                      0.114     4.926 r  u_dut/y[7]_INST_0_i_1/CO[3]
                         net (fo=1, routed)           0.000     4.926    u_dut/y[7]_INST_0_i_1_n_0
    SLICE_X15Y57         CARRY4 (Prop_carry4_CI_CO[3])
                                                      0.114     5.040 f  u_dut/y[11]_INST_0_i_1/CO[3]
                         net (fo=1, routed)           0.000     5.040    u_dut/y[11]_INST_0_i_1_n_0
    SLICE_X15Y58         CARRY4 (Prop_carry4_CI_CO[3])
                                                      0.114     5.154 f  u_dut/y[15]_INST_0_i_1/CO[3]
                         net (fo=1, routed)           0.000     5.154    u_dut/y[15]_INST_0_i_1_n_0
    SLICE_X15Y59         CARRY4 (Prop_carry4_CI_CO[3])
                                                      0.114     5.268 r  u_dut/y[19]_INST_0_i_1/CO[3]
                         net (fo=1, routed)           0.000     5.268    u_dut/y[19]_INST_0_i_1_n_0
    SLICE_X15Y60         CARRY4 (Prop_carry4_CI_CO[3])
                                                      0.114     5.382 r  u_dut/y[23]_INST_0_i_1/CO[3]
                         net (fo=1, routed)           0.000     5.382    u_dut/y[23]_INST_0_i_1_n_0
    SLICE_X15Y61         CARRY4 (Prop_carry4_CI_CO[3])
                                                      0.114     5.496 r  u_dut/y[27]_INST_0_i_1/CO[3]
                         net (fo=1, routed)           0.000     5.496    u_dut/y[27]_INST_0_i_1_n_0
    SLICE_X15Y62         CARRY4 (Prop_carry4_CI_CO[3])
                                                      0.114     5.610 r  u_dut/y[31]_INST_0_i_1/CO[3]
                         net (fo=1, routed)           0.000     5.610    u_dut/y[31]_INST_0_i_1_n_0
    SLICE_X15Y63         CARRY4 (Prop_carry4_CI_CO[3])
                                                      0.114     5.724 r  u_dut/y[34]_INST_0_i_2/CO[3]
                         net (fo=1, routed)           0.000     5.724    u_dut/y[34]_INST_0_i_2_n_0
    SLICE_X15Y64         CARRY4 (Prop_carry4_CI_CO[3])
                                                      0.114     5.838 r  u_dut/y[38]_INST_0_i_1/CO[3]
                         net (fo=1, routed)           0.000     5.838    u_dut/y[38]_INST_0_i_1_n_0
    SLICE_X15Y65         CARRY4 (Prop_carry4_CI_O[3])
                                                      0.313     6.151 r  u_dut/y[42]_INST_0_i_1/O[3]
                         net (fo=1, routed)           0.656     6.807    u_dut/y[42]_INST_0_i_1_n_4
    SLICE_X14Y65         LUT3 (Prop_lut3_I0_O)        0.334     7.141 r  u_dut/y[42]_INST_0/O
                         net (fo=1, routed)           0.000     7.141    dut_y[42]
    SLICE_X14Y65         FDRE                                         r  y_r_reg[42]/D
  -------------------------------------------------------------------    -------------------

                         (clock clk rise edge)        6.667     6.667 r  
                                                      0.000     6.667 r  clk (IN)
                         net (fo=237, unset)          0.924     7.591    clk
    SLICE_X14Y65         FDRE                                         r  y_r_reg[42]/C
                         clock pessimism              0.000     7.591    
                         clock uncertainty           -0.035     7.556    
    SLICE_X14Y65         FDRE (Setup_fdre_C_D)        0.118     7.674    y_r_reg[42]
  -------------------------------------------------------------------
                         required time                          7.674    
                         arrival time                          -7.141    
  -------------------------------------------------------------------
                         slack                                  0.533    

Slack (MET) :             0.533ns  (required time - arrival time)
  Source:                 u_dut/s1_mag_reg[71]/C
                            (rising edge-triggered cell FDRE clocked by clk  {rise@0.000ns fall@3.333ns period=6.667ns})
  Destination:            y_r_reg[42]/D
                            (rising edge-triggered cell FDRE clocked by clk  {rise@0.000ns fall@3.333ns period=6.667ns})
  Path Group:             clk
  Path Type:              Setup (Max at Slow Process Corner)
  Requirement:            6.667ns  (clk rise@6.667ns - clk rise@0.000ns)
  Data Path Delay:        6.168ns  (logic 3.033ns (49.172%)  route 3.135ns (50.828%))
  Logic Levels:           15  (CARRY4=11 LUT3=1 LUT6=3)
  Clock Path Skew:        -0.049ns (DCD - SCD + CPR)
    Destination Clock Delay (DCD):    0.924ns = ( 7.591 - 6.667 ) 
    Source Clock Delay      (SCD):    0.973ns
    Clock Pessimism Removal (CPR):    0.000ns
  Clock Uncertainty:      0.035ns  ((TSJ^2 + TIJ^2)^1/2 + DJ) / 2 + PE
    Total System Jitter     (TSJ):    0.071ns
    Total Input Jitter      (TIJ):    0.000ns
    Discrete Jitter          (DJ):    0.000ns
    Phase Error              (PE):    0.000ns

    Location             Delay type                Incr(ns)  Path(ns)    Netlist Resource(s)
  -------------------------------------------------------------------    -------------------
                         (clock clk rise edge)        0.000     0.000 r  
                                                      0.000     0.000 r  clk (IN)
                         net (fo=237, unset)          0.973     0.973    u_dut/clk
    SLICE_X11Y62         FDRE                                         r  u_dut/s1_mag_reg[71]/C
  -------------------------------------------------------------------    -------------------
    SLICE_X11Y62         FDRE (Prop_fdre_C_Q)         0.456     1.429 r  u_dut/s1_mag_reg[71]/Q
                         net (fo=57, routed)          1.245     2.674    u_dut/s1_product_high
    SLICE_X10Y54         LUT6 (Prop_lut6_I3_O)        0.124     2.798 r  u_dut/y[3]_INST_0_i_14/O
                         net (fo=1, routed)           0.609     3.407    u_dut/y[3]_INST_0_i_14_n_0
    SLICE_X12Y54         LUT6 (Prop_lut6_I3_O)        0.124     3.531 r  u_dut/y[3]_INST_0_i_8/O
                         net (fo=1, routed)           0.625     4.156    u_dut/y[3]_INST_0_i_8_n_0
    SLICE_X15Y55         LUT6 (Prop_lut6_I2_O)        0.124     4.280 r  u_dut/y[3]_INST_0_i_6/O
                         net (fo=1, routed)           0.000     4.280    u_dut/y[3]_INST_0_i_6_n_0
    SLICE_X15Y55         CARRY4 (Prop_carry4_S[0]_CO[3])
                                                      0.532     4.812 r  u_dut/y[3]_INST_0_i_1/CO[3]
                         net (fo=1, routed)           0.000     4.812    u_dut/y[3]_INST_0_i_1_n_0
    SLICE_X15Y56         CARRY4 (Prop_carry4_CI_CO[3])
                                                      0.114     4.926 f  u_dut/y[7]_INST_0_i_1/CO[3]
                         net (fo=1, routed)           0.000     4.926    u_dut/y[7]_INST_0_i_1_n_0
    SLICE_X15Y57         CARRY4 (Prop_carry4_CI_CO[3])
                                                      0.114     5.040 f  u_dut/y[11]_INST_0_i_1/CO[3]
                         net (fo=1, routed)           0.000     5.040    u_dut/y[11]_INST_0_i_1_n_0
    SLICE_X15Y58         CARRY4 (Prop_carry4_CI_CO[3])
                                                      0.114     5.154 f  u_dut/y[15]_INST_0_i_1/CO[3]
                         net (fo=1, routed)           0.000     5.154    u_dut/y[15]_INST_0_i_1_n_0
    SLICE_X15Y59         CARRY4 (Prop_carry4_CI_CO[3])
                                                      0.114     5.268 r  u_dut/y[19]_INST_0_i_1/CO[3]
                         net (fo=1, routed)           0.000     5.268    u_dut/y[19]_INST_0_i_1_n_0
    SLICE_X15Y60         CARRY4 (Prop_carry4_CI_CO[3])
                                                      0.114     5.382 r  u_dut/y[23]_INST_0_i_1/CO[3]
                         net (fo=1, routed)           0.000     5.382    u_dut/y[23]_INST_0_i_1_n_0
    SLICE_X15Y61         CARRY4 (Prop_carry4_CI_CO[3])
                                                      0.114     5.496 r  u_dut/y[27]_INST_0_i_1/CO[3]
                         net (fo=1, routed)           0.000     5.496    u_dut/y[27]_INST_0_i_1_n_0
    SLICE_X15Y62         CARRY4 (Prop_carry4_CI_CO[3])
                                                      0.114     5.610 r  u_dut/y[31]_INST_0_i_1/CO[3]
                         net (fo=1, routed)           0.000     5.610    u_dut/y[31]_INST_0_i_1_n_0
    SLICE_X15Y63         CARRY4 (Prop_carry4_CI_CO[3])
                                                      0.114     5.724 r  u_dut/y[34]_INST_0_i_2/CO[3]
                         net (fo=1, routed)           0.000     5.724    u_dut/y[34]_INST_0_i_2_n_0
    SLICE_X15Y64         CARRY4 (Prop_carry4_CI_CO[3])
                                                      0.114     5.838 r  u_dut/y[38]_INST_0_i_1/CO[3]
                         net (fo=1, routed)           0.000     5.838    u_dut/y[38]_INST_0_i_1_n_0
    SLICE_X15Y65         CARRY4 (Prop_carry4_CI_O[3])
                                                      0.313     6.151 r  u_dut/y[42]_INST_0_i_1/O[3]
                         net (fo=1, routed)           0.656     6.807    u_dut/y[42]_INST_0_i_1_n_4
    SLICE_X14Y65         LUT3 (Prop_lut3_I0_O)        0.334     7.141 r  u_dut/y[42]_INST_0/O
                         net (fo=1, routed)           0.000     7.141    dut_y[42]
    SLICE_X14Y65         FDRE                                         r  y_r_reg[42]/D
  -------------------------------------------------------------------    -------------------

                         (clock clk rise edge)        6.667     6.667 r  
                                                      0.000     6.667 r  clk (IN)
                         net (fo=237, unset)          0.924     7.591    clk
    SLICE_X14Y65         FDRE                                         r  y_r_reg[42]/C
                         clock pessimism              0.000     7.591    
                         clock uncertainty           -0.035     7.556    
    SLICE_X14Y65         FDRE (Setup_fdre_C_D)        0.118     7.674    y_r_reg[42]
  -------------------------------------------------------------------
                         required time                          7.674    
                         arrival time                          -7.141    
  -------------------------------------------------------------------
                         slack                                  0.533    

Slack (MET) :             0.533ns  (required time - arrival time)
  Source:                 u_dut/s1_mag_reg[71]/C
                            (rising edge-triggered cell FDRE clocked by clk  {rise@0.000ns fall@3.333ns period=6.667ns})
  Destination:            y_r_reg[42]/D
                            (rising edge-triggered cell FDRE clocked by clk  {rise@0.000ns fall@3.333ns period=6.667ns})
  Path Group:             clk
  Path Type:              Setup (Max at Slow Process Corner)
  Requirement:            6.667ns  (clk rise@6.667ns - clk rise@0.000ns)
  Data Path Delay:        6.168ns  (logic 3.033ns (49.172%)  route 3.135ns (50.828%))
  Logic Levels:           15  (CARRY4=11 LUT3=1 LUT6=3)
  Clock Path Skew:        -0.049ns (DCD - SCD + CPR)
    Destination Clock Delay (DCD):    0.924ns = ( 7.591 - 6.667 ) 
    Source Clock Delay      (SCD):    0.973ns
    Clock Pessimism Removal (CPR):    0.000ns
  Clock Uncertainty:      0.035ns  ((TSJ^2 + TIJ^2)^1/2 + DJ) / 2 + PE
    Total System Jitter     (TSJ):    0.071ns
    Total Input Jitter      (TIJ):    0.000ns
    Discrete Jitter          (DJ):    0.000ns
    Phase Error              (PE):    0.000ns

    Location             Delay type                Incr(ns)  Path(ns)    Netlist Resource(s)
  -------------------------------------------------------------------    -------------------
                         (clock clk rise edge)        0.000     0.000 r  
                                                      0.000     0.000 r  clk (IN)
                         net (fo=237, unset)          0.973     0.973    u_dut/clk
    SLICE_X11Y62         FDRE                                         r  u_dut/s1_mag_reg[71]/C
  -------------------------------------------------------------------    -------------------
    SLICE_X11Y62         FDRE (Prop_fdre_C_Q)         0.456     1.429 r  u_dut/s1_mag_reg[71]/Q
                         net (fo=57, routed)          1.245     2.674    u_dut/s1_product_high
    SLICE_X10Y54         LUT6 (Prop_lut6_I3_O)        0.124     2.798 r  u_dut/y[3]_INST_0_i_14/O
                         net (fo=1, routed)           0.609     3.407    u_dut/y[3]_INST_0_i_14_n_0
    SLICE_X12Y54         LUT6 (Prop_lut6_I3_O)        0.124     3.531 r  u_dut/y[3]_INST_0_i_8/O
                         net (fo=1, routed)           0.625     4.156    u_dut/y[3]_INST_0_i_8_n_0
    SLICE_X15Y55         LUT6 (Prop_lut6_I2_O)        0.124     4.280 r  u_dut/y[3]_INST_0_i_6/O
                         net (fo=1, routed)           0.000     4.280    u_dut/y[3]_INST_0_i_6_n_0
    SLICE_X15Y55         CARRY4 (Prop_carry4_S[0]_CO[3])
                                                      0.532     4.812 r  u_dut/y[3]_INST_0_i_1/CO[3]
                         net (fo=1, routed)           0.000     4.812    u_dut/y[3]_INST_0_i_1_n_0
    SLICE_X15Y56         CARRY4 (Prop_carry4_CI_CO[3])
                                                      0.114     4.926 r  u_dut/y[7]_INST_0_i_1/CO[3]
                         net (fo=1, routed)           0.000     4.926    u_dut/y[7]_INST_0_i_1_n_0
    SLICE_X15Y57         CARRY4 (Prop_carry4_CI_CO[3])
                                                      0.114     5.040 r  u_dut/y[11]_INST_0_i_1/CO[3]
                         net (fo=1, routed)           0.000     5.040    u_dut/y[11]_INST_0_i_1_n_0
    SLICE_X15Y58         CARRY4 (Prop_carry4_CI_CO[3])
                                                      0.114     5.154 r  u_dut/y[15]_INST_0_i_1/CO[3]
                         net (fo=1, routed)           0.000     5.154    u_dut/y[15]_INST_0_i_1_n_0
    SLICE_X15Y59         CARRY4 (Prop_carry4_CI_CO[3])
                                                      0.114     5.268 f  u_dut/y[19]_INST_0_i_1/CO[3]
                         net (fo=1, routed)           0.000     5.268    u_dut/y[19]_INST_0_i_1_n_0
    SLICE_X15Y60         CARRY4 (Prop_carry4_CI_CO[3])
                                                      0.114     5.382 r  u_dut/y[23]_INST_0_i_1/CO[3]
                         net (fo=1, routed)           0.000     5.382    u_dut/y[23]_INST_0_i_1_n_0
    SLICE_X15Y61         CARRY4 (Prop_carry4_CI_CO[3])
                                                      0.114     5.496 r  u_dut/y[27]_INST_0_i_1/CO[3]
                         net (fo=1, routed)           0.000     5.496    u_dut/y[27]_INST_0_i_1_n_0
    SLICE_X15Y62         CARRY4 (Prop_carry4_CI_CO[3])
                                                      0.114     5.610 r  u_dut/y[31]_INST_0_i_1/CO[3]
                         net (fo=1, routed)           0.000     5.610    u_dut/y[31]_INST_0_i_1_n_0
    SLICE_X15Y63         CARRY4 (Prop_carry4_CI_CO[3])
                                                      0.114     5.724 r  u_dut/y[34]_INST_0_i_2/CO[3]
                         net (fo=1, routed)           0.000     5.724    u_dut/y[34]_INST_0_i_2_n_0
    SLICE_X15Y64         CARRY4 (Prop_carry4_CI_CO[3])
                                                      0.114     5.838 r  u_dut/y[38]_INST_0_i_1/CO[3]
                         net (fo=1, routed)           0.000     5.838    u_dut/y[38]_INST_0_i_1_n_0
    SLICE_X15Y65         CARRY4 (Prop_carry4_CI_O[3])
                                                      0.313     6.151 r  u_dut/y[42]_INST_0_i_1/O[3]
                         net (fo=1, routed)           0.656     6.807    u_dut/y[42]_INST_0_i_1_n_4
    SLICE_X14Y65         LUT3 (Prop_lut3_I0_O)        0.334     7.141 r  u_dut/y[42]_INST_0/O
                         net (fo=1, routed)           0.000     7.141    dut_y[42]
    SLICE_X14Y65         FDRE                                         r  y_r_reg[42]/D
  -------------------------------------------------------------------    -------------------

                         (clock clk rise edge)        6.667     6.667 r  
                                                      0.000     6.667 r  clk (IN)
                         net (fo=237, unset)          0.924     7.591    clk
    SLICE_X14Y65         FDRE                                         r  y_r_reg[42]/C
                         clock pessimism              0.000     7.591    
                         clock uncertainty           -0.035     7.556    
    SLICE_X14Y65         FDRE (Setup_fdre_C_D)        0.118     7.674    y_r_reg[42]
  -------------------------------------------------------------------
                         required time                          7.674    
                         arrival time                          -7.141    
  -------------------------------------------------------------------
                         slack                                  0.533    

Slack (MET) :             0.533ns  (required time - arrival time)
  Source:                 u_dut/s1_mag_reg[71]/C
                            (rising edge-triggered cell FDRE clocked by clk  {rise@0.000ns fall@3.333ns period=6.667ns})
  Destination:            y_r_reg[42]/D
                            (rising edge-triggered cell FDRE clocked by clk  {rise@0.000ns fall@3.333ns period=6.667ns})
  Path Group:             clk
  Path Type:              Setup (Max at Slow Process Corner)
  Requirement:            6.667ns  (clk rise@6.667ns - clk rise@0.000ns)
  Data Path Delay:        6.168ns  (logic 3.033ns (49.172%)  route 3.135ns (50.828%))
  Logic Levels:           15  (CARRY4=11 LUT3=1 LUT6=3)
  Clock Path Skew:        -0.049ns (DCD - SCD + CPR)
    Destination Clock Delay (DCD):    0.924ns = ( 7.591 - 6.667 ) 
    Source Clock Delay      (SCD):    0.973ns
    Clock Pessimism Removal (CPR):    0.000ns
  Clock Uncertainty:      0.035ns  ((TSJ^2 + TIJ^2)^1/2 + DJ) / 2 + PE
    Total System Jitter     (TSJ):    0.071ns
    Total Input Jitter      (TIJ):    0.000ns
    Discrete Jitter          (DJ):    0.000ns
    Phase Error              (PE):    0.000ns

    Location             Delay type                Incr(ns)  Path(ns)    Netlist Resource(s)
  -------------------------------------------------------------------    -------------------
                         (clock clk rise edge)        0.000     0.000 r  
                                                      0.000     0.000 r  clk (IN)
                         net (fo=237, unset)          0.973     0.973    u_dut/clk
    SLICE_X11Y62         FDRE                                         r  u_dut/s1_mag_reg[71]/C
  -------------------------------------------------------------------    -------------------
    SLICE_X11Y62         FDRE (Prop_fdre_C_Q)         0.456     1.429 r  u_dut/s1_mag_reg[71]/Q
                         net (fo=57, routed)          1.245     2.674    u_dut/s1_product_high
    SLICE_X10Y54         LUT6 (Prop_lut6_I3_O)        0.124     2.798 r  u_dut/y[3]_INST_0_i_14/O
                         net (fo=1, routed)           0.609     3.407    u_dut/y[3]_INST_0_i_14_n_0
    SLICE_X12Y54         LUT6 (Prop_lut6_I3_O)        0.124     3.531 r  u_dut/y[3]_INST_0_i_8/O
                         net (fo=1, routed)           0.625     4.156    u_dut/y[3]_INST_0_i_8_n_0
    SLICE_X15Y55         LUT6 (Prop_lut6_I2_O)        0.124     4.280 r  u_dut/y[3]_INST_0_i_6/O
                         net (fo=1, routed)           0.000     4.280    u_dut/y[3]_INST_0_i_6_n_0
    SLICE_X15Y55         CARRY4 (Prop_carry4_S[0]_CO[3])
                                                      0.532     4.812 r  u_dut/y[3]_INST_0_i_1/CO[3]
                         net (fo=1, routed)           0.000     4.812    u_dut/y[3]_INST_0_i_1_n_0
    SLICE_X15Y56         CARRY4 (Prop_carry4_CI_CO[3])
                                                      0.114     4.926 f  u_dut/y[7]_INST_0_i_1/CO[3]
                         net (fo=1, routed)           0.000     4.926    u_dut/y[7]_INST_0_i_1_n_0
    SLICE_X15Y57         CARRY4 (Prop_carry4_CI_CO[3])
                                                      0.114     5.040 r  u_dut/y[11]_INST_0_i_1/CO[3]
                         net (fo=1, routed)           0.000     5.040    u_dut/y[11]_INST_0_i_1_n_0
    SLICE_X15Y58         CARRY4 (Prop_carry4_CI_CO[3])
                                                      0.114     5.154 r  u_dut/y[15]_INST_0_i_1/CO[3]
                         net (fo=1, routed)           0.000     5.154    u_dut/y[15]_INST_0_i_1_n_0
    SLICE_X15Y59         CARRY4 (Prop_carry4_CI_CO[3])
                                                      0.114     5.268 f  u_dut/y[19]_INST_0_i_1/CO[3]
                         net (fo=1, routed)           0.000     5.268    u_dut/y[19]_INST_0_i_1_n_0
    SLICE_X15Y60         CARRY4 (Prop_carry4_CI_CO[3])
                                                      0.114     5.382 r  u_dut/y[23]_INST_0_i_1/CO[3]
                         net (fo=1, routed)           0.000     5.382    u_dut/y[23]_INST_0_i_1_n_0
    SLICE_X15Y61         CARRY4 (Prop_carry4_CI_CO[3])
                                                      0.114     5.496 r  u_dut/y[27]_INST_0_i_1/CO[3]
                         net (fo=1, routed)           0.000     5.496    u_dut/y[27]_INST_0_i_1_n_0
    SLICE_X15Y62         CARRY4 (Prop_carry4_CI_CO[3])
                                                      0.114     5.610 r  u_dut/y[31]_INST_0_i_1/CO[3]
                         net (fo=1, routed)           0.000     5.610    u_dut/y[31]_INST_0_i_1_n_0
    SLICE_X15Y63         CARRY4 (Prop_carry4_CI_CO[3])
                                                      0.114     5.724 r  u_dut/y[34]_INST_0_i_2/CO[3]
                         net (fo=1, routed)           0.000     5.724    u_dut/y[34]_INST_0_i_2_n_0
    SLICE_X15Y64         CARRY4 (Prop_carry4_CI_CO[3])
                                                      0.114     5.838 r  u_dut/y[38]_INST_0_i_1/CO[3]
                         net (fo=1, routed)           0.000     5.838    u_dut/y[38]_INST_0_i_1_n_0
    SLICE_X15Y65         CARRY4 (Prop_carry4_CI_O[3])
                                                      0.313     6.151 r  u_dut/y[42]_INST_0_i_1/O[3]
                         net (fo=1, routed)           0.656     6.807    u_dut/y[42]_INST_0_i_1_n_4
    SLICE_X14Y65         LUT3 (Prop_lut3_I0_O)        0.334     7.141 r  u_dut/y[42]_INST_0/O
                         net (fo=1, routed)           0.000     7.141    dut_y[42]
    SLICE_X14Y65         FDRE                                         r  y_r_reg[42]/D
  -------------------------------------------------------------------    -------------------

                         (clock clk rise edge)        6.667     6.667 r  
                                                      0.000     6.667 r  clk (IN)
                         net (fo=237, unset)          0.924     7.591    clk
    SLICE_X14Y65         FDRE                                         r  y_r_reg[42]/C
                         clock pessimism              0.000     7.591    
                         clock uncertainty           -0.035     7.556    
    SLICE_X14Y65         FDRE (Setup_fdre_C_D)        0.118     7.674    y_r_reg[42]
  -------------------------------------------------------------------
                         required time                          7.674    
                         arrival time                          -7.141    
  -------------------------------------------------------------------
                         slack                                  0.533    





Min Delay Paths
--------------------------------------------------------------------------------------
Slack (MET) :             0.145ns  (arrival time - required time)
  Source:                 u_dut/g_mul_split.s0_exp_base_reg[5]/C
                            (rising edge-triggered cell FDRE clocked by clk  {rise@0.000ns fall@3.333ns period=6.667ns})
  Destination:            u_dut/s1_exp_unbiased_base_reg[5]/D
                            (rising edge-triggered cell FDRE clocked by clk  {rise@0.000ns fall@3.333ns period=6.667ns})
  Path Group:             clk
  Path Type:              Hold (Min at Fast Process Corner)
  Requirement:            0.000ns  (clk rise@0.000ns - clk rise@0.000ns)
  Data Path Delay:        0.220ns  (logic 0.164ns (74.580%)  route 0.056ns (25.420%))
  Logic Levels:           0  
  Clock Path Skew:        0.022ns (DCD - SCD - CPR)
    Destination Clock Delay (DCD):    0.432ns
    Source Clock Delay      (SCD):    0.410ns
    Clock Pessimism Removal (CPR):    -0.000ns

    Location             Delay type                Incr(ns)  Path(ns)    Netlist Resource(s)
  -------------------------------------------------------------------    -------------------
                         (clock clk rise edge)        0.000     0.000 r  
                                                      0.000     0.000 r  clk (IN)
                         net (fo=237, unset)          0.410     0.410    u_dut/clk
    SLICE_X12Y69         FDRE                                         r  u_dut/g_mul_split.s0_exp_base_reg[5]/C
  -------------------------------------------------------------------    -------------------
    SLICE_X12Y69         FDRE (Prop_fdre_C_Q)         0.164     0.574 r  u_dut/g_mul_split.s0_exp_base_reg[5]/Q
                         net (fo=1, routed)           0.056     0.630    u_dut/g_mul_split.s0_exp_base[5]
    SLICE_X12Y69         FDRE                                         r  u_dut/s1_exp_unbiased_base_reg[5]/D
  -------------------------------------------------------------------    -------------------

                         (clock clk rise edge)        0.000     0.000 r  
                                                      0.000     0.000 r  clk (IN)
                         net (fo=237, unset)          0.432     0.432    u_dut/clk
    SLICE_X12Y69         FDRE                                         r  u_dut/s1_exp_unbiased_base_reg[5]/C
                         clock pessimism              0.000     0.432    
    SLICE_X12Y69         FDRE (Hold_fdre_C_D)         0.053     0.485    u_dut/s1_exp_unbiased_base_reg[5]
  -------------------------------------------------------------------
                         required time                         -0.485    
                         arrival time                           0.630    
  -------------------------------------------------------------------
                         slack                                  0.145    

Slack (MET) :             0.145ns  (arrival time - required time)
  Source:                 u_dut/g_mul_split.s0_exp_base_reg[5]/C
                            (rising edge-triggered cell FDRE clocked by clk  {rise@0.000ns fall@3.333ns period=6.667ns})
  Destination:            u_dut/s1_exp_unbiased_base_reg[5]/D
                            (rising edge-triggered cell FDRE clocked by clk  {rise@0.000ns fall@3.333ns period=6.667ns})
  Path Group:             clk
  Path Type:              Hold (Min at Fast Process Corner)
  Requirement:            0.000ns  (clk rise@0.000ns - clk rise@0.000ns)
  Data Path Delay:        0.220ns  (logic 0.164ns (74.580%)  route 0.056ns (25.420%))
  Logic Levels:           0  
  Clock Path Skew:        0.022ns (DCD - SCD - CPR)
    Destination Clock Delay (DCD):    0.432ns
    Source Clock Delay      (SCD):    0.410ns
    Clock Pessimism Removal (CPR):    -0.000ns

    Location             Delay type                Incr(ns)  Path(ns)    Netlist Resource(s)
  -------------------------------------------------------------------    -------------------
                         (clock clk rise edge)        0.000     0.000 r  
                                                      0.000     0.000 r  clk (IN)
                         net (fo=237, unset)          0.410     0.410    u_dut/clk
    SLICE_X12Y69         FDRE                                         r  u_dut/g_mul_split.s0_exp_base_reg[5]/C
  -------------------------------------------------------------------    -------------------
    SLICE_X12Y69         FDRE (Prop_fdre_C_Q)         0.164     0.574 f  u_dut/g_mul_split.s0_exp_base_reg[5]/Q
                         net (fo=1, routed)           0.056     0.630    u_dut/g_mul_split.s0_exp_base[5]
    SLICE_X12Y69         FDRE                                         f  u_dut/s1_exp_unbiased_base_reg[5]/D
  -------------------------------------------------------------------    -------------------

                         (clock clk rise edge)        0.000     0.000 r  
                                                      0.000     0.000 r  clk (IN)
                         net (fo=237, unset)          0.432     0.432    u_dut/clk
    SLICE_X12Y69         FDRE                                         r  u_dut/s1_exp_unbiased_base_reg[5]/C
                         clock pessimism              0.000     0.432    
    SLICE_X12Y69         FDRE (Hold_fdre_C_D)         0.053     0.485    u_dut/s1_exp_unbiased_base_reg[5]
  -------------------------------------------------------------------
                         required time                         -0.485    
                         arrival time                           0.630    
  -------------------------------------------------------------------
                         slack                                  0.145    

Slack (MET) :             0.160ns  (arrival time - required time)
  Source:                 u_dut/g_mul_split.s0_force_zero_reg/C
                            (rising edge-triggered cell FDRE clocked by clk  {rise@0.000ns fall@3.333ns period=6.667ns})
  Destination:            u_dut/s1_force_zero_reg/D
                            (rising edge-triggered cell FDRE clocked by clk  {rise@0.000ns fall@3.333ns period=6.667ns})
  Path Group:             clk
  Path Type:              Hold (Min at Fast Process Corner)
  Requirement:            0.000ns  (clk rise@0.000ns - clk rise@0.000ns)
  Data Path Delay:        0.257ns  (logic 0.141ns (54.828%)  route 0.116ns (45.172%))
  Logic Levels:           0  
  Clock Path Skew:        0.022ns (DCD - SCD - CPR)
    Destination Clock Delay (DCD):    0.432ns
    Source Clock Delay      (SCD):    0.410ns
    Clock Pessimism Removal (CPR):    -0.000ns

    Location             Delay type                Incr(ns)  Path(ns)    Netlist Resource(s)
  -------------------------------------------------------------------    -------------------
                         (clock clk rise edge)        0.000     0.000 r  
                                                      0.000     0.000 r  clk (IN)
                         net (fo=237, unset)          0.410     0.410    u_dut/clk
    SLICE_X13Y68         FDRE                                         r  u_dut/g_mul_split.s0_force_zero_reg/C
  -------------------------------------------------------------------    -------------------
    SLICE_X13Y68         FDRE (Prop_fdre_C_Q)         0.141     0.551 r  u_dut/g_mul_split.s0_force_zero_reg/Q
                         net (fo=1, routed)           0.116     0.667    u_dut/g_mul_split.s0_force_zero
    SLICE_X13Y68         FDRE                                         r  u_dut/s1_force_zero_reg/D
  -------------------------------------------------------------------    -------------------

                         (clock clk rise edge)        0.000     0.000 r  
                                                      0.000     0.000 r  clk (IN)
                         net (fo=237, unset)          0.432     0.432    u_dut/clk
    SLICE_X13Y68         FDRE                                         r  u_dut/s1_force_zero_reg/C
                         clock pessimism              0.000     0.432    
    SLICE_X13Y68         FDRE (Hold_fdre_C_D)         0.076     0.508    u_dut/s1_force_zero_reg
  -------------------------------------------------------------------
                         required time                         -0.508    
                         arrival time                           0.667    
  -------------------------------------------------------------------
                         slack                                  0.160    

Slack (MET) :             0.160ns  (arrival time - required time)
  Source:                 u_dut/g_mul_split.s0_force_zero_reg/C
                            (rising edge-triggered cell FDRE clocked by clk  {rise@0.000ns fall@3.333ns period=6.667ns})
  Destination:            u_dut/s1_force_zero_reg/D
                            (rising edge-triggered cell FDRE clocked by clk  {rise@0.000ns fall@3.333ns period=6.667ns})
  Path Group:             clk
  Path Type:              Hold (Min at Fast Process Corner)
  Requirement:            0.000ns  (clk rise@0.000ns - clk rise@0.000ns)
  Data Path Delay:        0.257ns  (logic 0.141ns (54.828%)  route 0.116ns (45.172%))
  Logic Levels:           0  
  Clock Path Skew:        0.022ns (DCD - SCD - CPR)
    Destination Clock Delay (DCD):    0.432ns
    Source Clock Delay      (SCD):    0.410ns
    Clock Pessimism Removal (CPR):    -0.000ns

    Location             Delay type                Incr(ns)  Path(ns)    Netlist Resource(s)
  -------------------------------------------------------------------    -------------------
                         (clock clk rise edge)        0.000     0.000 r  
                                                      0.000     0.000 r  clk (IN)
                         net (fo=237, unset)          0.410     0.410    u_dut/clk
    SLICE_X13Y68         FDRE                                         r  u_dut/g_mul_split.s0_force_zero_reg/C
  -------------------------------------------------------------------    -------------------
    SLICE_X13Y68         FDRE (Prop_fdre_C_Q)         0.141     0.551 f  u_dut/g_mul_split.s0_force_zero_reg/Q
                         net (fo=1, routed)           0.116     0.667    u_dut/g_mul_split.s0_force_zero
    SLICE_X13Y68         FDRE                                         f  u_dut/s1_force_zero_reg/D
  -------------------------------------------------------------------    -------------------

                         (clock clk rise edge)        0.000     0.000 r  
                                                      0.000     0.000 r  clk (IN)
                         net (fo=237, unset)          0.432     0.432    u_dut/clk
    SLICE_X13Y68         FDRE                                         r  u_dut/s1_force_zero_reg/C
                         clock pessimism              0.000     0.432    
    SLICE_X13Y68         FDRE (Hold_fdre_C_D)         0.076     0.508    u_dut/s1_force_zero_reg
  -------------------------------------------------------------------
                         required time                         -0.508    
                         arrival time                           0.667    
  -------------------------------------------------------------------
                         slack                                  0.160    

Slack (MET) :             0.169ns  (arrival time - required time)
  Source:                 a_r_reg[43]/C
                            (rising edge-triggered cell FDRE clocked by clk  {rise@0.000ns fall@3.333ns period=6.667ns})
  Destination:            u_dut/g_mul_split.s0_sign_reg/D
                            (rising edge-triggered cell FDRE clocked by clk  {rise@0.000ns fall@3.333ns period=6.667ns})
  Path Group:             clk
  Path Type:              Hold (Min at Fast Process Corner)
  Requirement:            0.000ns  (clk rise@0.000ns - clk rise@0.000ns)
  Data Path Delay:        0.281ns  (logic 0.227ns (80.665%)  route 0.054ns (19.335%))
  Logic Levels:           1  (LUT2=1)
  Clock Path Skew:        0.022ns (DCD - SCD - CPR)
    Destination Clock Delay (DCD):    0.432ns
    Source Clock Delay      (SCD):    0.410ns
    Clock Pessimism Removal (CPR):    -0.000ns

    Location             Delay type                Incr(ns)  Path(ns)    Netlist Resource(s)
  -------------------------------------------------------------------    -------------------
                         (clock clk rise edge)        0.000     0.000 r  
                                                      0.000     0.000 r  clk (IN)
                         net (fo=237, unset)          0.410     0.410    clk
    SLICE_X13Y70         FDRE                                         r  a_r_reg[43]/C
  -------------------------------------------------------------------    -------------------
    SLICE_X13Y70         FDRE (Prop_fdre_C_Q)         0.128     0.538 r  a_r_reg[43]/Q
                         net (fo=1, routed)           0.054     0.593    u_dut/a[43]
    SLICE_X13Y70         LUT2 (Prop_lut2_I1_O)        0.099     0.692 r  u_dut/g_mul_split.s0_sign_i_1/O
                         net (fo=1, routed)           0.000     0.692    u_dut/pre_sign
    SLICE_X13Y70         FDRE                                         r  u_dut/g_mul_split.s0_sign_reg/D
  -------------------------------------------------------------------    -------------------

                         (clock clk rise edge)        0.000     0.000 r  
                                                      0.000     0.000 r  clk (IN)
                         net (fo=237, unset)          0.432     0.432    u_dut/clk
    SLICE_X13Y70         FDRE                                         r  u_dut/g_mul_split.s0_sign_reg/C
                         clock pessimism              0.000     0.432    
    SLICE_X13Y70         FDRE (Hold_fdre_C_D)         0.091     0.523    u_dut/g_mul_split.s0_sign_reg
  -------------------------------------------------------------------
                         required time                         -0.523    
                         arrival time                           0.692    
  -------------------------------------------------------------------
                         slack                                  0.169    

Slack (MET) :             0.169ns  (arrival time - required time)
  Source:                 a_r_reg[43]/C
                            (rising edge-triggered cell FDRE clocked by clk  {rise@0.000ns fall@3.333ns period=6.667ns})
  Destination:            u_dut/g_mul_split.s0_sign_reg/D
                            (rising edge-triggered cell FDRE clocked by clk  {rise@0.000ns fall@3.333ns period=6.667ns})
  Path Group:             clk
  Path Type:              Hold (Min at Fast Process Corner)
  Requirement:            0.000ns  (clk rise@0.000ns - clk rise@0.000ns)
  Data Path Delay:        0.281ns  (logic 0.227ns (80.665%)  route 0.054ns (19.335%))
  Logic Levels:           1  (LUT2=1)
  Clock Path Skew:        0.022ns (DCD - SCD - CPR)
    Destination Clock Delay (DCD):    0.432ns
    Source Clock Delay      (SCD):    0.410ns
    Clock Pessimism Removal (CPR):    -0.000ns

    Location             Delay type                Incr(ns)  Path(ns)    Netlist Resource(s)
  -------------------------------------------------------------------    -------------------
                         (clock clk rise edge)        0.000     0.000 r  
                                                      0.000     0.000 r  clk (IN)
                         net (fo=237, unset)          0.410     0.410    clk
    SLICE_X13Y70         FDRE                                         r  a_r_reg[43]/C
  -------------------------------------------------------------------    -------------------
    SLICE_X13Y70         FDRE (Prop_fdre_C_Q)         0.128     0.538 f  a_r_reg[43]/Q
                         net (fo=1, routed)           0.054     0.593    u_dut/a[43]
    SLICE_X13Y70         LUT2 (Prop_lut2_I1_O)        0.099     0.692 r  u_dut/g_mul_split.s0_sign_i_1/O
                         net (fo=1, routed)           0.000     0.692    u_dut/pre_sign
    SLICE_X13Y70         FDRE                                         r  u_dut/g_mul_split.s0_sign_reg/D
  -------------------------------------------------------------------    -------------------

                         (clock clk rise edge)        0.000     0.000 r  
                                                      0.000     0.000 r  clk (IN)
                         net (fo=237, unset)          0.432     0.432    u_dut/clk
    SLICE_X13Y70         FDRE                                         r  u_dut/g_mul_split.s0_sign_reg/C
                         clock pessimism              0.000     0.432    
    SLICE_X13Y70         FDRE (Hold_fdre_C_D)         0.091     0.523    u_dut/g_mul_split.s0_sign_reg
  -------------------------------------------------------------------
                         required time                         -0.523    
                         arrival time                           0.692    
  -------------------------------------------------------------------
                         slack                                  0.169    

Slack (MET) :             0.169ns  (arrival time - required time)
  Source:                 a_r_reg[43]/C
                            (rising edge-triggered cell FDRE clocked by clk  {rise@0.000ns fall@3.333ns period=6.667ns})
  Destination:            u_dut/g_mul_split.s0_sign_reg/D
                            (rising edge-triggered cell FDRE clocked by clk  {rise@0.000ns fall@3.333ns period=6.667ns})
  Path Group:             clk
  Path Type:              Hold (Min at Fast Process Corner)
  Requirement:            0.000ns  (clk rise@0.000ns - clk rise@0.000ns)
  Data Path Delay:        0.281ns  (logic 0.227ns (80.665%)  route 0.054ns (19.335%))
  Logic Levels:           1  (LUT2=1)
  Clock Path Skew:        0.022ns (DCD - SCD - CPR)
    Destination Clock Delay (DCD):    0.432ns
    Source Clock Delay      (SCD):    0.410ns
    Clock Pessimism Removal (CPR):    -0.000ns

    Location             Delay type                Incr(ns)  Path(ns)    Netlist Resource(s)
  -------------------------------------------------------------------    -------------------
                         (clock clk rise edge)        0.000     0.000 r  
                                                      0.000     0.000 r  clk (IN)
                         net (fo=237, unset)          0.410     0.410    clk
    SLICE_X13Y70         FDRE                                         r  a_r_reg[43]/C
  -------------------------------------------------------------------    -------------------
    SLICE_X13Y70         FDRE (Prop_fdre_C_Q)         0.128     0.538 r  a_r_reg[43]/Q
                         net (fo=1, routed)           0.054     0.593    u_dut/a[43]
    SLICE_X13Y70         LUT2 (Prop_lut2_I1_O)        0.099     0.692 f  u_dut/g_mul_split.s0_sign_i_1/O
                         net (fo=1, routed)           0.000     0.692    u_dut/pre_sign
    SLICE_X13Y70         FDRE                                         f  u_dut/g_mul_split.s0_sign_reg/D
  -------------------------------------------------------------------    -------------------

                         (clock clk rise edge)        0.000     0.000 r  
                                                      0.000     0.000 r  clk (IN)
                         net (fo=237, unset)          0.432     0.432    u_dut/clk
    SLICE_X13Y70         FDRE                                         r  u_dut/g_mul_split.s0_sign_reg/C
                         clock pessimism              0.000     0.432    
    SLICE_X13Y70         FDRE (Hold_fdre_C_D)         0.091     0.523    u_dut/g_mul_split.s0_sign_reg
  -------------------------------------------------------------------
                         required time                         -0.523    
                         arrival time                           0.692    
  -------------------------------------------------------------------
                         slack                                  0.169    

Slack (MET) :             0.169ns  (arrival time - required time)
  Source:                 a_r_reg[43]/C
                            (rising edge-triggered cell FDRE clocked by clk  {rise@0.000ns fall@3.333ns period=6.667ns})
  Destination:            u_dut/g_mul_split.s0_sign_reg/D
                            (rising edge-triggered cell FDRE clocked by clk  {rise@0.000ns fall@3.333ns period=6.667ns})
  Path Group:             clk
  Path Type:              Hold (Min at Fast Process Corner)
  Requirement:            0.000ns  (clk rise@0.000ns - clk rise@0.000ns)
  Data Path Delay:        0.281ns  (logic 0.227ns (80.665%)  route 0.054ns (19.335%))
  Logic Levels:           1  (LUT2=1)
  Clock Path Skew:        0.022ns (DCD - SCD - CPR)
    Destination Clock Delay (DCD):    0.432ns
    Source Clock Delay      (SCD):    0.410ns
    Clock Pessimism Removal (CPR):    -0.000ns

    Location             Delay type                Incr(ns)  Path(ns)    Netlist Resource(s)
  -------------------------------------------------------------------    -------------------
                         (clock clk rise edge)        0.000     0.000 r  
                                                      0.000     0.000 r  clk (IN)
                         net (fo=237, unset)          0.410     0.410    clk
    SLICE_X13Y70         FDRE                                         r  a_r_reg[43]/C
  -------------------------------------------------------------------    -------------------
    SLICE_X13Y70         FDRE (Prop_fdre_C_Q)         0.128     0.538 f  a_r_reg[43]/Q
                         net (fo=1, routed)           0.054     0.593    u_dut/a[43]
    SLICE_X13Y70         LUT2 (Prop_lut2_I1_O)        0.099     0.692 f  u_dut/g_mul_split.s0_sign_i_1/O
                         net (fo=1, routed)           0.000     0.692    u_dut/pre_sign
    SLICE_X13Y70         FDRE                                         f  u_dut/g_mul_split.s0_sign_reg/D
  -------------------------------------------------------------------    -------------------

                         (clock clk rise edge)        0.000     0.000 r  
                                                      0.000     0.000 r  clk (IN)
                         net (fo=237, unset)          0.432     0.432    u_dut/clk
    SLICE_X13Y70         FDRE                                         r  u_dut/g_mul_split.s0_sign_reg/C
                         clock pessimism              0.000     0.432    
    SLICE_X13Y70         FDRE (Hold_fdre_C_D)         0.091     0.523    u_dut/g_mul_split.s0_sign_reg
  -------------------------------------------------------------------
                         required time                         -0.523    
                         arrival time                           0.692    
  -------------------------------------------------------------------
                         slack                                  0.169    

Slack (MET) :             0.189ns  (arrival time - required time)
  Source:                 u_dut/g_mul_split.s0_exp_base_reg[4]/C
                            (rising edge-triggered cell FDRE clocked by clk  {rise@0.000ns fall@3.333ns period=6.667ns})
  Destination:            u_dut/s1_exp_unbiased_base_reg[4]/D
                            (rising edge-triggered cell FDRE clocked by clk  {rise@0.000ns fall@3.333ns period=6.667ns})
  Path Group:             clk
  Path Type:              Hold (Min at Fast Process Corner)
  Requirement:            0.000ns  (clk rise@0.000ns - clk rise@0.000ns)
  Data Path Delay:        0.280ns  (logic 0.164ns (58.521%)  route 0.116ns (41.479%))
  Logic Levels:           0  
  Clock Path Skew:        0.022ns (DCD - SCD - CPR)
    Destination Clock Delay (DCD):    0.432ns
    Source Clock Delay      (SCD):    0.410ns
    Clock Pessimism Removal (CPR):    -0.000ns

    Location             Delay type                Incr(ns)  Path(ns)    Netlist Resource(s)
  -------------------------------------------------------------------    -------------------
                         (clock clk rise edge)        0.000     0.000 r  
                                                      0.000     0.000 r  clk (IN)
                         net (fo=237, unset)          0.410     0.410    u_dut/clk
    SLICE_X12Y69         FDRE                                         r  u_dut/g_mul_split.s0_exp_base_reg[4]/C
  -------------------------------------------------------------------    -------------------
    SLICE_X12Y69         FDRE (Prop_fdre_C_Q)         0.164     0.574 r  u_dut/g_mul_split.s0_exp_base_reg[4]/Q
                         net (fo=1, routed)           0.116     0.690    u_dut/g_mul_split.s0_exp_base[4]
    SLICE_X13Y67         FDRE                                         r  u_dut/s1_exp_unbiased_base_reg[4]/D
  -------------------------------------------------------------------    -------------------

                         (clock clk rise edge)        0.000     0.000 r  
                                                      0.000     0.000 r  clk (IN)
                         net (fo=237, unset)          0.432     0.432    u_dut/clk
    SLICE_X13Y67         FDRE                                         r  u_dut/s1_exp_unbiased_base_reg[4]/C
                         clock pessimism              0.000     0.432    
    SLICE_X13Y67         FDRE (Hold_fdre_C_D)         0.070     0.502    u_dut/s1_exp_unbiased_base_reg[4]
  -------------------------------------------------------------------
                         required time                         -0.502    
                         arrival time                           0.690    
  -------------------------------------------------------------------
                         slack                                  0.189    

Slack (MET) :             0.189ns  (arrival time - required time)
  Source:                 u_dut/g_mul_split.s0_exp_base_reg[4]/C
                            (rising edge-triggered cell FDRE clocked by clk  {rise@0.000ns fall@3.333ns period=6.667ns})
  Destination:            u_dut/s1_exp_unbiased_base_reg[4]/D
                            (rising edge-triggered cell FDRE clocked by clk  {rise@0.000ns fall@3.333ns period=6.667ns})
  Path Group:             clk
  Path Type:              Hold (Min at Fast Process Corner)
  Requirement:            0.000ns  (clk rise@0.000ns - clk rise@0.000ns)
  Data Path Delay:        0.280ns  (logic 0.164ns (58.521%)  route 0.116ns (41.479%))
  Logic Levels:           0  
  Clock Path Skew:        0.022ns (DCD - SCD - CPR)
    Destination Clock Delay (DCD):    0.432ns
    Source Clock Delay      (SCD):    0.410ns
    Clock Pessimism Removal (CPR):    -0.000ns

    Location             Delay type                Incr(ns)  Path(ns)    Netlist Resource(s)
  -------------------------------------------------------------------    -------------------
                         (clock clk rise edge)        0.000     0.000 r  
                                                      0.000     0.000 r  clk (IN)
                         net (fo=237, unset)          0.410     0.410    u_dut/clk
    SLICE_X12Y69         FDRE                                         r  u_dut/g_mul_split.s0_exp_base_reg[4]/C
  -------------------------------------------------------------------    -------------------
    SLICE_X12Y69         FDRE (Prop_fdre_C_Q)         0.164     0.574 f  u_dut/g_mul_split.s0_exp_base_reg[4]/Q
                         net (fo=1, routed)           0.116     0.690    u_dut/g_mul_split.s0_exp_base[4]
    SLICE_X13Y67         FDRE                                         f  u_dut/s1_exp_unbiased_base_reg[4]/D
  -------------------------------------------------------------------    -------------------

                         (clock clk rise edge)        0.000     0.000 r  
                                                      0.000     0.000 r  clk (IN)
                         net (fo=237, unset)          0.432     0.432    u_dut/clk
    SLICE_X13Y67         FDRE                                         r  u_dut/s1_exp_unbiased_base_reg[4]/C
                         clock pessimism              0.000     0.432    
    SLICE_X13Y67         FDRE (Hold_fdre_C_D)         0.070     0.502    u_dut/s1_exp_unbiased_base_reg[4]
  -------------------------------------------------------------------
                         required time                         -0.502    
                         arrival time                           0.690    
  -------------------------------------------------------------------
                         slack                                  0.189    





Pulse Width Checks
--------------------------------------------------------------------------------------
Clock Name:         clk
Waveform(ns):       { 0.000 3.333 }
Period(ns):         6.667
Sources:            { clk }

Check Type        Corner  Lib Pin      Reference Pin  Required(ns)  Actual(ns)  Slack(ns)  Location      Pin
Min Period        n/a     DSP48E1/CLK  n/a            2.154         6.667       4.513      DSP48_X0Y22   u_dut/g_mul_split.s0_p_hh_reg/CLK
Min Period        n/a     DSP48E1/CLK  n/a            2.154         6.667       4.513      DSP48_X0Y20   u_dut/g_mul_split.s0_p_hl_reg/CLK
Min Period        n/a     DSP48E1/CLK  n/a            2.154         6.667       4.513      DSP48_X0Y23   u_dut/g_mul_split.s0_p_lh_reg/CLK
Min Period        n/a     DSP48E1/CLK  n/a            2.154         6.667       4.513      DSP48_X0Y21   u_dut/g_mul_split.s0_p_ll_reg/CLK
Min Period        n/a     FDRE/C       n/a            1.000         6.667       5.667      SLICE_X12Y58  a_r_reg[0]/C
Min Period        n/a     FDRE/C       n/a            1.000         6.667       5.667      SLICE_X12Y53  a_r_reg[10]/C
Min Period        n/a     FDRE/C       n/a            1.000         6.667       5.667      SLICE_X12Y53  a_r_reg[11]/C
Min Period        n/a     FDRE/C       n/a            1.000         6.667       5.667      SLICE_X13Y54  a_r_reg[12]/C
Min Period        n/a     FDRE/C       n/a            1.000         6.667       5.667      SLICE_X10Y54  a_r_reg[13]/C
Min Period        n/a     FDRE/C       n/a            1.000         6.667       5.667      SLICE_X10Y54  a_r_reg[14]/C
Low Pulse Width   Slow    FDRE/C       n/a            0.500         3.333       2.833      SLICE_X12Y58  a_r_reg[0]/C
Low Pulse Width   Fast    FDRE/C       n/a            0.500         3.334       2.834      SLICE_X12Y58  a_r_reg[0]/C
Low Pulse Width   Slow    FDRE/C       n/a            0.500         3.333       2.833      SLICE_X12Y53  a_r_reg[10]/C
Low Pulse Width   Fast    FDRE/C       n/a            0.500         3.334       2.834      SLICE_X12Y53  a_r_reg[10]/C
Low Pulse Width   Slow    FDRE/C       n/a            0.500         3.333       2.833      SLICE_X12Y53  a_r_reg[11]/C
Low Pulse Width   Fast    FDRE/C       n/a            0.500         3.334       2.834      SLICE_X12Y53  a_r_reg[11]/C
Low Pulse Width   Slow    FDRE/C       n/a            0.500         3.333       2.833      SLICE_X13Y54  a_r_reg[12]/C
Low Pulse Width   Fast    FDRE/C       n/a            0.500         3.334       2.834      SLICE_X13Y54  a_r_reg[12]/C
Low Pulse Width   Slow    FDRE/C       n/a            0.500         3.333       2.833      SLICE_X10Y54  a_r_reg[13]/C
Low Pulse Width   Fast    FDRE/C       n/a            0.500         3.334       2.834      SLICE_X10Y54  a_r_reg[13]/C
High Pulse Width  Slow    FDRE/C       n/a            0.500         3.334       2.834      SLICE_X12Y58  a_r_reg[0]/C
High Pulse Width  Fast    FDRE/C       n/a            0.500         3.333       2.833      SLICE_X12Y58  a_r_reg[0]/C
High Pulse Width  Slow    FDRE/C       n/a            0.500         3.334       2.834      SLICE_X12Y53  a_r_reg[10]/C
High Pulse Width  Fast    FDRE/C       n/a            0.500         3.333       2.833      SLICE_X12Y53  a_r_reg[10]/C
High Pulse Width  Slow    FDRE/C       n/a            0.500         3.334       2.834      SLICE_X12Y53  a_r_reg[11]/C
High Pulse Width  Fast    FDRE/C       n/a            0.500         3.333       2.833      SLICE_X12Y53  a_r_reg[11]/C
High Pulse Width  Slow    FDRE/C       n/a            0.500         3.334       2.834      SLICE_X13Y54  a_r_reg[12]/C
High Pulse Width  Fast    FDRE/C       n/a            0.500         3.333       2.833      SLICE_X13Y54  a_r_reg[12]/C
High Pulse Width  Slow    FDRE/C       n/a            0.500         3.334       2.834      SLICE_X10Y54  a_r_reg[13]/C
High Pulse Width  Fast    FDRE/C       n/a            0.500         3.333       2.833      SLICE_X10Y54  a_r_reg[13]/C



