
 /----------------------------------------------------------------------------\
 |  yosys -- Yosys Open SYnthesis Suite                                       |
 |  Copyright (C) 2012 - 2026  Claire Xenia Wolf <claire@yosyshq.com>         |
 |  Distributed under an ISC-like license, type "license" to see terms        |
 \----------------------------------------------------------------------------/
 Yosys 0.64+215 (git sha1 54866d154, clang++ 18.1.8 -fPIC -O3)

-- Executing script file `/mnt/storage/test/zkf-vs-flopoco/artifacts/targets/ecp5-yosys/rows/zkf_div_w8_m36_base/yosys.ys' --

1. Executing Verilog-2005 frontend: /mnt/storage/zubax/kulibin2/float/hdl/_zkf_pack.v
Parsing SystemVerilog input from `/mnt/storage/zubax/kulibin2/float/hdl/_zkf_pack.v' to AST representation.
Generating RTLIL representation for module `\_zkf_pack'.
Generating RTLIL representation for module `\_zkf_pack_delay'.
Successfully finished Verilog frontend.

2. Executing Verilog-2005 frontend: /mnt/storage/zubax/kulibin2/float/hdl/_zkf_pipe.v
Parsing SystemVerilog input from `/mnt/storage/zubax/kulibin2/float/hdl/_zkf_pipe.v' to AST representation.
Generating RTLIL representation for module `\_zkf_pipe'.
Successfully finished Verilog frontend.

3. Executing Verilog-2005 frontend: /mnt/storage/zubax/kulibin2/float/hdl/_zkf_div_core.v
Parsing SystemVerilog input from `/mnt/storage/zubax/kulibin2/float/hdl/_zkf_div_core.v' to AST representation.
Generating RTLIL representation for module `\_zkf_div_core'.
Warning: Replacing memory \r_rem with list of registers. See /mnt/storage/zubax/kulibin2/float/hdl/_zkf_div_core.v:138
Warning: Replacing memory \r_den3 with list of registers. See /mnt/storage/zubax/kulibin2/float/hdl/_zkf_div_core.v:137
Warning: Replacing memory \r_den with list of registers. See /mnt/storage/zubax/kulibin2/float/hdl/_zkf_div_core.v:136
Warning: Replacing memory \r_div0 with list of registers. See /mnt/storage/zubax/kulibin2/float/hdl/_zkf_div_core.v:135
Warning: Replacing memory \r_force_inf with list of registers. See /mnt/storage/zubax/kulibin2/float/hdl/_zkf_div_core.v:134
Warning: Replacing memory \r_force_zero with list of registers. See /mnt/storage/zubax/kulibin2/float/hdl/_zkf_div_core.v:133
Warning: Replacing memory \r_exp_unbiased with list of registers. See /mnt/storage/zubax/kulibin2/float/hdl/_zkf_div_core.v:132
Warning: Replacing memory \r_sign with list of registers. See /mnt/storage/zubax/kulibin2/float/hdl/_zkf_div_core.v:131
Warning: Replacing memory \r_valid with list of registers. See /mnt/storage/zubax/kulibin2/float/hdl/_zkf_div_core.v:127
Generating RTLIL representation for module `\_zkf_div_raw_stage'.
Generating RTLIL representation for module `\_zkf_div_radix4_step'.
Successfully finished Verilog frontend.

4. Executing Verilog-2005 frontend: /mnt/storage/zubax/kulibin2/float/hdl/zkf_div.v
Parsing SystemVerilog input from `/mnt/storage/zubax/kulibin2/float/hdl/zkf_div.v' to AST representation.
Generating RTLIL representation for module `\zkf_div'.
Successfully finished Verilog frontend.

5. Executing Verilog-2005 frontend: /mnt/storage/test/zkf-vs-flopoco/artifacts/targets/ecp5-yosys/rows/zkf_div_w8_m36_base/src/top_zkf_div_w8_m36_base.v
Parsing SystemVerilog input from `/mnt/storage/test/zkf-vs-flopoco/artifacts/targets/ecp5-yosys/rows/zkf_div_w8_m36_base/src/top_zkf_div_w8_m36_base.v' to AST representation.
Generating RTLIL representation for module `\top_zkf_div_w8_m36_base'.
Successfully finished Verilog frontend.

6. Executing SYNTH_LATTICE pass.

6.1. Executing Verilog-2005 frontend: /mnt/storage/synth_eval/oss-cad-suite/lib/../share/yosys/lattice/cells_sim_ecp5.v
Parsing Verilog input from `/mnt/storage/synth_eval/oss-cad-suite/lib/../share/yosys/lattice/cells_sim_ecp5.v' to AST representation.
Generating RTLIL representation for module `\LUT4'.
Generating RTLIL representation for module `\$__ABC9_LUT5'.
Generating RTLIL representation for module `\$__ABC9_LUT6'.
Generating RTLIL representation for module `\$__ABC9_LUT7'.
Generating RTLIL representation for module `\L6MUX21'.
Generating RTLIL representation for module `\TRELLIS_RAM16X2'.
Generating RTLIL representation for module `\PFUMX'.
Generating RTLIL representation for module `\TRELLIS_DPR16X4'.
Generating RTLIL representation for module `\DPR16X4C'.
Generating RTLIL representation for module `\LUT2'.
Generating RTLIL representation for module `\TRELLIS_FF'.
Generating RTLIL representation for module `\TRELLIS_IO'.
Generating RTLIL representation for module `\INV'.
Generating RTLIL representation for module `\TRELLIS_COMB'.
Generating RTLIL representation for module `\VLO'.
Generating RTLIL representation for module `\VHI'.
Generating RTLIL representation for module `\FD1P3AX'.
Generating RTLIL representation for module `\FD1P3AY'.
Generating RTLIL representation for module `\FD1P3BX'.
Generating RTLIL representation for module `\FD1P3DX'.
Generating RTLIL representation for module `\FD1P3IX'.
Generating RTLIL representation for module `\FD1P3JX'.
Generating RTLIL representation for module `\FD1S3AX'.
Generating RTLIL representation for module `\FD1S3AY'.
Generating RTLIL representation for module `\FD1S3BX'.
Generating RTLIL representation for module `\FD1S3DX'.
Generating RTLIL representation for module `\FD1S3IX'.
Generating RTLIL representation for module `\FD1S3JX'.
Generating RTLIL representation for module `\IFS1P3BX'.
Generating RTLIL representation for module `\IFS1P3DX'.
Generating RTLIL representation for module `\IFS1P3IX'.
Generating RTLIL representation for module `\IFS1P3JX'.
Generating RTLIL representation for module `\OFS1P3BX'.
Generating RTLIL representation for module `\OFS1P3DX'.
Generating RTLIL representation for module `\OFS1P3IX'.
Generating RTLIL representation for module `\OFS1P3JX'.
Generating RTLIL representation for module `\IB'.
Generating RTLIL representation for module `\IBPU'.
Generating RTLIL representation for module `\IBPD'.
Generating RTLIL representation for module `\OB'.
Generating RTLIL representation for module `\OBZ'.
Generating RTLIL representation for module `\OBZPU'.
Generating RTLIL representation for module `\OBZPD'.
Generating RTLIL representation for module `\OBCO'.
Generating RTLIL representation for module `\BB'.
Generating RTLIL representation for module `\BBPU'.
Generating RTLIL representation for module `\BBPD'.
Generating RTLIL representation for module `\ILVDS'.
Generating RTLIL representation for module `\OLVDS'.
Generating RTLIL representation for module `\CCU2C'.
Generating RTLIL representation for module `\DP16KD'.
Replacing existing blackbox module `\FD1P3AX' at /mnt/storage/synth_eval/oss-cad-suite/lib/../share/yosys/lattice/cells_ff.vh:2.1-2.261.
Generating RTLIL representation for module `\FD1P3AX'.
Replacing existing blackbox module `\FD1P3AY' at /mnt/storage/synth_eval/oss-cad-suite/lib/../share/yosys/lattice/cells_ff.vh:3.1-3.261.
Generating RTLIL representation for module `\FD1P3AY'.
Replacing existing blackbox module `\FD1P3BX' at /mnt/storage/synth_eval/oss-cad-suite/lib/../share/yosys/lattice/cells_ff.vh:4.1-4.261.
Generating RTLIL representation for module `\FD1P3BX'.
Replacing existing blackbox module `\FD1P3DX' at /mnt/storage/synth_eval/oss-cad-suite/lib/../share/yosys/lattice/cells_ff.vh:5.1-5.261.
Generating RTLIL representation for module `\FD1P3DX'.
Replacing existing blackbox module `\FD1P3IX' at /mnt/storage/synth_eval/oss-cad-suite/lib/../share/yosys/lattice/cells_ff.vh:6.1-6.261.
Generating RTLIL representation for module `\FD1P3IX'.
Replacing existing blackbox module `\FD1P3JX' at /mnt/storage/synth_eval/oss-cad-suite/lib/../share/yosys/lattice/cells_ff.vh:7.1-7.261.
Generating RTLIL representation for module `\FD1P3JX'.
Replacing existing blackbox module `\FD1S3AX' at /mnt/storage/synth_eval/oss-cad-suite/lib/../share/yosys/lattice/cells_ff.vh:8.1-8.261.
Generating RTLIL representation for module `\FD1S3AX'.
Replacing existing blackbox module `\FD1S3AY' at /mnt/storage/synth_eval/oss-cad-suite/lib/../share/yosys/lattice/cells_ff.vh:9.1-9.261.
Generating RTLIL representation for module `\FD1S3AY'.
Replacing existing blackbox module `\FD1S3BX' at /mnt/storage/synth_eval/oss-cad-suite/lib/../share/yosys/lattice/cells_ff.vh:10.1-10.261.
Generating RTLIL representation for module `\FD1S3BX'.
Replacing existing blackbox module `\FD1S3DX' at /mnt/storage/synth_eval/oss-cad-suite/lib/../share/yosys/lattice/cells_ff.vh:11.1-11.261.
Generating RTLIL representation for module `\FD1S3DX'.
Replacing existing blackbox module `\FD1S3IX' at /mnt/storage/synth_eval/oss-cad-suite/lib/../share/yosys/lattice/cells_ff.vh:12.1-12.261.
Generating RTLIL representation for module `\FD1S3IX'.
Replacing existing blackbox module `\FD1S3JX' at /mnt/storage/synth_eval/oss-cad-suite/lib/../share/yosys/lattice/cells_ff.vh:13.1-13.261.
Generating RTLIL representation for module `\FD1S3JX'.
Replacing existing blackbox module `\IFS1P3BX' at /mnt/storage/synth_eval/oss-cad-suite/lib/../share/yosys/lattice/cells_ff.vh:26.1-26.301.
Generating RTLIL representation for module `\IFS1P3BX'.
Replacing existing blackbox module `\IFS1P3DX' at /mnt/storage/synth_eval/oss-cad-suite/lib/../share/yosys/lattice/cells_ff.vh:27.1-27.301.
Generating RTLIL representation for module `\IFS1P3DX'.
Replacing existing blackbox module `\IFS1P3IX' at /mnt/storage/synth_eval/oss-cad-suite/lib/../share/yosys/lattice/cells_ff.vh:28.1-28.301.
Generating RTLIL representation for module `\IFS1P3IX'.
Replacing existing blackbox module `\IFS1P3JX' at /mnt/storage/synth_eval/oss-cad-suite/lib/../share/yosys/lattice/cells_ff.vh:29.1-29.301.
Generating RTLIL representation for module `\IFS1P3JX'.
Replacing existing blackbox module `\OFS1P3BX' at /mnt/storage/synth_eval/oss-cad-suite/lib/../share/yosys/lattice/cells_ff.vh:31.1-31.302.
Generating RTLIL representation for module `\OFS1P3BX'.
Replacing existing blackbox module `\OFS1P3DX' at /mnt/storage/synth_eval/oss-cad-suite/lib/../share/yosys/lattice/cells_ff.vh:32.1-32.302.
Generating RTLIL representation for module `\OFS1P3DX'.
Replacing existing blackbox module `\OFS1P3IX' at /mnt/storage/synth_eval/oss-cad-suite/lib/../share/yosys/lattice/cells_ff.vh:33.1-33.302.
Generating RTLIL representation for module `\OFS1P3IX'.
Replacing existing blackbox module `\OFS1P3JX' at /mnt/storage/synth_eval/oss-cad-suite/lib/../share/yosys/lattice/cells_ff.vh:34.1-34.302.
Generating RTLIL representation for module `\OFS1P3JX'.
Replacing existing blackbox module `\IB' at /mnt/storage/synth_eval/oss-cad-suite/lib/../share/yosys/lattice/cells_io.vh:2.1-2.157.
Generating RTLIL representation for module `\IB'.
Replacing existing blackbox module `\IBPU' at /mnt/storage/synth_eval/oss-cad-suite/lib/../share/yosys/lattice/cells_io.vh:3.1-3.157.
Generating RTLIL representation for module `\IBPU'.
Replacing existing blackbox module `\IBPD' at /mnt/storage/synth_eval/oss-cad-suite/lib/../share/yosys/lattice/cells_io.vh:4.1-4.157.
Generating RTLIL representation for module `\IBPD'.
Replacing existing blackbox module `\OB' at /mnt/storage/synth_eval/oss-cad-suite/lib/../share/yosys/lattice/cells_io.vh:5.1-5.157.
Generating RTLIL representation for module `\OB'.
Replacing existing blackbox module `\OBZ' at /mnt/storage/synth_eval/oss-cad-suite/lib/../share/yosys/lattice/cells_io.vh:6.1-6.164.
Generating RTLIL representation for module `\OBZ'.
Replacing existing blackbox module `\OBZPU' at /mnt/storage/synth_eval/oss-cad-suite/lib/../share/yosys/lattice/cells_io.vh:7.1-7.164.
Generating RTLIL representation for module `\OBZPU'.
Replacing existing blackbox module `\OBZPD' at /mnt/storage/synth_eval/oss-cad-suite/lib/../share/yosys/lattice/cells_io.vh:8.1-8.164.
Generating RTLIL representation for module `\OBZPD'.
Replacing existing blackbox module `\OBCO' at /mnt/storage/synth_eval/oss-cad-suite/lib/../share/yosys/lattice/cells_io.vh:9.1-9.90.
Generating RTLIL representation for module `\OBCO'.
Replacing existing blackbox module `\BB' at /mnt/storage/synth_eval/oss-cad-suite/lib/../share/yosys/lattice/cells_io.vh:10.1-10.179.
Generating RTLIL representation for module `\BB'.
Replacing existing blackbox module `\BBPU' at /mnt/storage/synth_eval/oss-cad-suite/lib/../share/yosys/lattice/cells_io.vh:11.1-11.179.
Generating RTLIL representation for module `\BBPU'.
Replacing existing blackbox module `\BBPD' at /mnt/storage/synth_eval/oss-cad-suite/lib/../share/yosys/lattice/cells_io.vh:12.1-12.179.
Generating RTLIL representation for module `\BBPD'.
Replacing existing blackbox module `\ILVDS' at /mnt/storage/synth_eval/oss-cad-suite/lib/../share/yosys/lattice/cells_io.vh:13.1-13.139.
Generating RTLIL representation for module `\ILVDS'.
Replacing existing blackbox module `\OLVDS' at /mnt/storage/synth_eval/oss-cad-suite/lib/../share/yosys/lattice/cells_io.vh:14.1-14.146.
Generating RTLIL representation for module `\OLVDS'.
Successfully finished Verilog frontend.

6.2. Executing Verilog-2005 frontend: /mnt/storage/synth_eval/oss-cad-suite/lib/../share/yosys/lattice/cells_bb_ecp5.v
Parsing Verilog input from `/mnt/storage/synth_eval/oss-cad-suite/lib/../share/yosys/lattice/cells_bb_ecp5.v' to AST representation.
Generating RTLIL representation for module `\GSR'.
Generating RTLIL representation for module `\PUR'.
Generating RTLIL representation for module `\SGSR'.
Generating RTLIL representation for module `\PDPW16KD'.
Generating RTLIL representation for module `\MULT18X18D'.
Generating RTLIL representation for module `\ALU54B'.
Generating RTLIL representation for module `\CLKDIVF'.
Generating RTLIL representation for module `\PCSCLKDIV'.
Generating RTLIL representation for module `\DCSC'.
Generating RTLIL representation for module `\DCCA'.
Generating RTLIL representation for module `\ECLKSYNCB'.
Generating RTLIL representation for module `\ECLKBRIDGECS'.
Generating RTLIL representation for module `\DELAYF'.
Generating RTLIL representation for module `\DELAYG'.
Generating RTLIL representation for module `\USRMCLK'.
Generating RTLIL representation for module `\DQSBUFM'.
Generating RTLIL representation for module `\DDRDLLA'.
Generating RTLIL representation for module `\DLLDELD'.
Generating RTLIL representation for module `\IDDRX1F'.
Generating RTLIL representation for module `\IDDRX2F'.
Generating RTLIL representation for module `\IDDR71B'.
Generating RTLIL representation for module `\IDDRX2DQA'.
Generating RTLIL representation for module `\ODDRX1F'.
Generating RTLIL representation for module `\ODDRX2F'.
Generating RTLIL representation for module `\ODDR71B'.
Generating RTLIL representation for module `\OSHX2A'.
Generating RTLIL representation for module `\TSHX2DQA'.
Generating RTLIL representation for module `\TSHX2DQSA'.
Generating RTLIL representation for module `\ODDRX2DQA'.
Generating RTLIL representation for module `\ODDRX2DQSB'.
Generating RTLIL representation for module `\EHXPLLL'.
Generating RTLIL representation for module `\DTR'.
Generating RTLIL representation for module `\OSCG'.
Generating RTLIL representation for module `\EXTREFB'.
Generating RTLIL representation for module `\JTAGG'.
Generating RTLIL representation for module `\DCUA'.
Successfully finished Verilog frontend.

6.3. Executing HIERARCHY pass (managing design hierarchy).

6.3.1. Analyzing design hierarchy..
Top module:  \top_zkf_div_w8_m36_base
Used module:     \zkf_div
Used module:         \_zkf_pack_delay
Used module:         \_zkf_pack
Used module:         \_zkf_div_core
Used module:             \_zkf_div_raw_stage
Used module:             \_zkf_div_radix4_step
Used module:         \_zkf_pipe
Parameter \WIN = 19

6.3.2. Executing AST frontend in derive mode using pre-parsed AST for module `\_zkf_div_raw_stage'.
Parameter \WIN = 19
Generating RTLIL representation for module `$paramod\_zkf_div_raw_stage\WIN=s32'00000000000000000000000000010011'.
Parameter \WMAN = 18

6.3.3. Executing AST frontend in derive mode using pre-parsed AST for module `\_zkf_div_radix4_step'.
Parameter \WMAN = 18
Generating RTLIL representation for module `$paramod\_zkf_div_radix4_step\WMAN=s32'00000000000000000000000000010010'.
Parameter \WIN = 17

6.3.4. Executing AST frontend in derive mode using pre-parsed AST for module `\_zkf_div_raw_stage'.
Parameter \WIN = 17
Generating RTLIL representation for module `$paramod\_zkf_div_raw_stage\WIN=s32'00000000000000000000000000010001'.
Parameter \WMAN = 18
Found cached RTLIL representation for module `$paramod\_zkf_div_radix4_step\WMAN=s32'00000000000000000000000000010010'.
Parameter \WIN = 15

6.3.5. Executing AST frontend in derive mode using pre-parsed AST for module `\_zkf_div_raw_stage'.
Parameter \WIN = 15
Generating RTLIL representation for module `$paramod\_zkf_div_raw_stage\WIN=s32'00000000000000000000000000001111'.
Parameter \WMAN = 18
Found cached RTLIL representation for module `$paramod\_zkf_div_radix4_step\WMAN=s32'00000000000000000000000000010010'.
Parameter \WIN = 13

6.3.6. Executing AST frontend in derive mode using pre-parsed AST for module `\_zkf_div_raw_stage'.
Parameter \WIN = 13
Generating RTLIL representation for module `$paramod\_zkf_div_raw_stage\WIN=s32'00000000000000000000000000001101'.
Parameter \WMAN = 18
Found cached RTLIL representation for module `$paramod\_zkf_div_radix4_step\WMAN=s32'00000000000000000000000000010010'.
Parameter \WIN = 11

6.3.7. Executing AST frontend in derive mode using pre-parsed AST for module `\_zkf_div_raw_stage'.
Parameter \WIN = 11
Generating RTLIL representation for module `$paramod\_zkf_div_raw_stage\WIN=s32'00000000000000000000000000001011'.
Parameter \WMAN = 18
Found cached RTLIL representation for module `$paramod\_zkf_div_radix4_step\WMAN=s32'00000000000000000000000000010010'.
Parameter \WIN = 9

6.3.8. Executing AST frontend in derive mode using pre-parsed AST for module `\_zkf_div_raw_stage'.
Parameter \WIN = 9
Generating RTLIL representation for module `$paramod\_zkf_div_raw_stage\WIN=s32'00000000000000000000000000001001'.
Parameter \WMAN = 18
Found cached RTLIL representation for module `$paramod\_zkf_div_radix4_step\WMAN=s32'00000000000000000000000000010010'.
Parameter \WIN = 7

6.3.9. Executing AST frontend in derive mode using pre-parsed AST for module `\_zkf_div_raw_stage'.
Parameter \WIN = 7
Generating RTLIL representation for module `$paramod\_zkf_div_raw_stage\WIN=s32'00000000000000000000000000000111'.
Parameter \WMAN = 18
Found cached RTLIL representation for module `$paramod\_zkf_div_radix4_step\WMAN=s32'00000000000000000000000000010010'.
Parameter \WIN = 5

6.3.10. Executing AST frontend in derive mode using pre-parsed AST for module `\_zkf_div_raw_stage'.
Parameter \WIN = 5
Generating RTLIL representation for module `$paramod\_zkf_div_raw_stage\WIN=s32'00000000000000000000000000000101'.
Parameter \WMAN = 18
Found cached RTLIL representation for module `$paramod\_zkf_div_radix4_step\WMAN=s32'00000000000000000000000000010010'.
Parameter \WIN = 3

6.3.11. Executing AST frontend in derive mode using pre-parsed AST for module `\_zkf_div_raw_stage'.
Parameter \WIN = 3
Generating RTLIL representation for module `$paramod\_zkf_div_raw_stage\WIN=s32'00000000000000000000000000000011'.
Parameter \WMAN = 18
Found cached RTLIL representation for module `$paramod\_zkf_div_radix4_step\WMAN=s32'00000000000000000000000000010010'.
Parameter \WIN = 1

6.3.12. Executing AST frontend in derive mode using pre-parsed AST for module `\_zkf_div_raw_stage'.
Parameter \WIN = 1
Generating RTLIL representation for module `$paramod\_zkf_div_raw_stage\WIN=s32'00000000000000000000000000000001'.
Parameter \WMAN = 18
Found cached RTLIL representation for module `$paramod\_zkf_div_radix4_step\WMAN=s32'00000000000000000000000000010010'.
Reprocessing module _zkf_div_core because instantiated module _zkf_div_radix4_step has become available.
Generating RTLIL representation for module `\_zkf_div_core'.
Warning: Replacing memory \r_rem with list of registers. See /mnt/storage/zubax/kulibin2/float/hdl/_zkf_div_core.v:138
Warning: Replacing memory \r_den3 with list of registers. See /mnt/storage/zubax/kulibin2/float/hdl/_zkf_div_core.v:137
Warning: Replacing memory \r_den with list of registers. See /mnt/storage/zubax/kulibin2/float/hdl/_zkf_div_core.v:136
Warning: Replacing memory \r_div0 with list of registers. See /mnt/storage/zubax/kulibin2/float/hdl/_zkf_div_core.v:135
Warning: Replacing memory \r_force_inf with list of registers. See /mnt/storage/zubax/kulibin2/float/hdl/_zkf_div_core.v:134
Warning: Replacing memory \r_force_zero with list of registers. See /mnt/storage/zubax/kulibin2/float/hdl/_zkf_div_core.v:133
Warning: Replacing memory \r_exp_unbiased with list of registers. See /mnt/storage/zubax/kulibin2/float/hdl/_zkf_div_core.v:132
Warning: Replacing memory \r_sign with list of registers. See /mnt/storage/zubax/kulibin2/float/hdl/_zkf_div_core.v:131
Warning: Replacing memory \r_valid with list of registers. See /mnt/storage/zubax/kulibin2/float/hdl/_zkf_div_core.v:127
Parameter \W = 1
Parameter \STAGE_OUTPUT = 0

6.3.13. Executing AST frontend in derive mode using pre-parsed AST for module `\_zkf_pack_delay'.
Parameter \W = 1
Parameter \STAGE_OUTPUT = 0
Generating RTLIL representation for module `$paramod$b1798e4f7776d4b6f8f2f33461822b434fd6cf47\_zkf_pack_delay'.
Parameter \WEXP = 6
Parameter \WMAN = 18
Parameter \STAGE_OUTPUT = 0

6.3.14. Executing AST frontend in derive mode using pre-parsed AST for module `\_zkf_pack'.
Parameter \WEXP = 6
Parameter \WMAN = 18
Parameter \STAGE_OUTPUT = 0
Generating RTLIL representation for module `$paramod$675ec1474bf954e7f473e995bb3ba11c2185af00\_zkf_pack'.
Parameter \WEXP = 6
Parameter \WMAN = 18

6.3.15. Executing AST frontend in derive mode using pre-parsed AST for module `\_zkf_div_core'.
Parameter \WEXP = 6
Parameter \WMAN = 18
Generating RTLIL representation for module `$paramod$a6e93af8078101aff1e34083bdb646ec398e9508\_zkf_div_core'.
Warning: Replacing memory \r_rem with list of registers. See /mnt/storage/zubax/kulibin2/float/hdl/_zkf_div_core.v:138
Warning: Replacing memory \r_den3 with list of registers. See /mnt/storage/zubax/kulibin2/float/hdl/_zkf_div_core.v:137
Warning: Replacing memory \r_den with list of registers. See /mnt/storage/zubax/kulibin2/float/hdl/_zkf_div_core.v:136
Warning: Replacing memory \r_div0 with list of registers. See /mnt/storage/zubax/kulibin2/float/hdl/_zkf_div_core.v:135
Warning: Replacing memory \r_force_inf with list of registers. See /mnt/storage/zubax/kulibin2/float/hdl/_zkf_div_core.v:134
Warning: Replacing memory \r_force_zero with list of registers. See /mnt/storage/zubax/kulibin2/float/hdl/_zkf_div_core.v:133
Warning: Replacing memory \r_exp_unbiased with list of registers. See /mnt/storage/zubax/kulibin2/float/hdl/_zkf_div_core.v:132
Warning: Replacing memory \r_sign with list of registers. See /mnt/storage/zubax/kulibin2/float/hdl/_zkf_div_core.v:131
Warning: Replacing memory \r_valid with list of registers. See /mnt/storage/zubax/kulibin2/float/hdl/_zkf_div_core.v:127
Parameter \W = 48
Parameter \N = 0

6.3.16. Executing AST frontend in derive mode using pre-parsed AST for module `\_zkf_pipe'.
Parameter \W = 48
Parameter \N = 0
Generating RTLIL representation for module `$paramod$8afea04472a9eb93c462d16da2207b379229f6a2\_zkf_pipe'.
Parameter \WEXP = 8
Parameter \WMAN = 36
Parameter \STAGE_INPUT = 0
Parameter \STAGE_OUTPUT = 0

6.3.17. Executing AST frontend in derive mode using pre-parsed AST for module `\zkf_div'.
Parameter \WEXP = 8
Parameter \WMAN = 36
Parameter \STAGE_INPUT = 0
Parameter \STAGE_OUTPUT = 0
Generating RTLIL representation for module `$paramod$d482ec995452f6edef73ceacb71c30dc3df86b83\zkf_div'.

6.3.18. Analyzing design hierarchy..
Top module:  \top_zkf_div_w8_m36_base
Used module:     $paramod$d482ec995452f6edef73ceacb71c30dc3df86b83\zkf_div
Used module:         \_zkf_pack_delay
Used module:         \_zkf_pack
Used module:         \_zkf_div_core
Used module:             \_zkf_div_raw_stage
Used module:             \_zkf_div_radix4_step
Used module:         \_zkf_pipe
Parameter \WIN = 19
Found cached RTLIL representation for module `$paramod\_zkf_div_raw_stage\WIN=s32'00000000000000000000000000010011'.
Parameter \WMAN = 18
Found cached RTLIL representation for module `$paramod\_zkf_div_radix4_step\WMAN=s32'00000000000000000000000000010010'.
Parameter \WIN = 17
Found cached RTLIL representation for module `$paramod\_zkf_div_raw_stage\WIN=s32'00000000000000000000000000010001'.
Parameter \WMAN = 18
Found cached RTLIL representation for module `$paramod\_zkf_div_radix4_step\WMAN=s32'00000000000000000000000000010010'.
Parameter \WIN = 15
Found cached RTLIL representation for module `$paramod\_zkf_div_raw_stage\WIN=s32'00000000000000000000000000001111'.
Parameter \WMAN = 18
Found cached RTLIL representation for module `$paramod\_zkf_div_radix4_step\WMAN=s32'00000000000000000000000000010010'.
Parameter \WIN = 13
Found cached RTLIL representation for module `$paramod\_zkf_div_raw_stage\WIN=s32'00000000000000000000000000001101'.
Parameter \WMAN = 18
Found cached RTLIL representation for module `$paramod\_zkf_div_radix4_step\WMAN=s32'00000000000000000000000000010010'.
Parameter \WIN = 11
Found cached RTLIL representation for module `$paramod\_zkf_div_raw_stage\WIN=s32'00000000000000000000000000001011'.
Parameter \WMAN = 18
Found cached RTLIL representation for module `$paramod\_zkf_div_radix4_step\WMAN=s32'00000000000000000000000000010010'.
Parameter \WIN = 9
Found cached RTLIL representation for module `$paramod\_zkf_div_raw_stage\WIN=s32'00000000000000000000000000001001'.
Parameter \WMAN = 18
Found cached RTLIL representation for module `$paramod\_zkf_div_radix4_step\WMAN=s32'00000000000000000000000000010010'.
Parameter \WIN = 7
Found cached RTLIL representation for module `$paramod\_zkf_div_raw_stage\WIN=s32'00000000000000000000000000000111'.
Parameter \WMAN = 18
Found cached RTLIL representation for module `$paramod\_zkf_div_radix4_step\WMAN=s32'00000000000000000000000000010010'.
Parameter \WIN = 5
Found cached RTLIL representation for module `$paramod\_zkf_div_raw_stage\WIN=s32'00000000000000000000000000000101'.
Parameter \WMAN = 18
Found cached RTLIL representation for module `$paramod\_zkf_div_radix4_step\WMAN=s32'00000000000000000000000000010010'.
Parameter \WIN = 3
Found cached RTLIL representation for module `$paramod\_zkf_div_raw_stage\WIN=s32'00000000000000000000000000000011'.
Parameter \WMAN = 18
Found cached RTLIL representation for module `$paramod\_zkf_div_radix4_step\WMAN=s32'00000000000000000000000000010010'.
Parameter \WIN = 1
Found cached RTLIL representation for module `$paramod\_zkf_div_raw_stage\WIN=s32'00000000000000000000000000000001'.
Parameter \WMAN = 18
Found cached RTLIL representation for module `$paramod\_zkf_div_radix4_step\WMAN=s32'00000000000000000000000000010010'.
Parameter \W = 1
Parameter \STAGE_OUTPUT = 0
Found cached RTLIL representation for module `$paramod$b1798e4f7776d4b6f8f2f33461822b434fd6cf47\_zkf_pack_delay'.
Parameter \WEXP = 8
Parameter \WMAN = 36
Parameter \STAGE_OUTPUT = 0

6.3.19. Executing AST frontend in derive mode using pre-parsed AST for module `\_zkf_pack'.
Parameter \WEXP = 8
Parameter \WMAN = 36
Parameter \STAGE_OUTPUT = 0
Generating RTLIL representation for module `$paramod$11c5d076455a1846bbb464fb6b20ae93b7ff60ea\_zkf_pack'.
Parameter \WEXP = 8
Parameter \WMAN = 36

6.3.20. Executing AST frontend in derive mode using pre-parsed AST for module `\_zkf_div_core'.
Parameter \WEXP = 8
Parameter \WMAN = 36
Generating RTLIL representation for module `$paramod$2713a8fa9252a82328b423cf173d2441d2d46d03\_zkf_div_core'.
Warning: Replacing memory \r_rem with list of registers. See /mnt/storage/zubax/kulibin2/float/hdl/_zkf_div_core.v:138
Warning: Replacing memory \r_den3 with list of registers. See /mnt/storage/zubax/kulibin2/float/hdl/_zkf_div_core.v:137
Warning: Replacing memory \r_den with list of registers. See /mnt/storage/zubax/kulibin2/float/hdl/_zkf_div_core.v:136
Warning: Replacing memory \r_div0 with list of registers. See /mnt/storage/zubax/kulibin2/float/hdl/_zkf_div_core.v:135
Warning: Replacing memory \r_force_inf with list of registers. See /mnt/storage/zubax/kulibin2/float/hdl/_zkf_div_core.v:134
Warning: Replacing memory \r_force_zero with list of registers. See /mnt/storage/zubax/kulibin2/float/hdl/_zkf_div_core.v:133
Warning: Replacing memory \r_exp_unbiased with list of registers. See /mnt/storage/zubax/kulibin2/float/hdl/_zkf_div_core.v:132
Warning: Replacing memory \r_sign with list of registers. See /mnt/storage/zubax/kulibin2/float/hdl/_zkf_div_core.v:131
Warning: Replacing memory \r_valid with list of registers. See /mnt/storage/zubax/kulibin2/float/hdl/_zkf_div_core.v:127
Parameter \W = 88
Parameter \N = 0

6.3.21. Executing AST frontend in derive mode using pre-parsed AST for module `\_zkf_pipe'.
Parameter \W = 88
Parameter \N = 0
Generating RTLIL representation for module `$paramod$e7ec13d9f90c5f9a2fcb265d8bb77c360f0c78c4\_zkf_pipe'.

6.3.22. Analyzing design hierarchy..
Top module:  \top_zkf_div_w8_m36_base
Used module:     $paramod$d482ec995452f6edef73ceacb71c30dc3df86b83\zkf_div
Used module:         $paramod$b1798e4f7776d4b6f8f2f33461822b434fd6cf47\_zkf_pack_delay
Used module:         $paramod$11c5d076455a1846bbb464fb6b20ae93b7ff60ea\_zkf_pack
Used module:         $paramod$2713a8fa9252a82328b423cf173d2441d2d46d03\_zkf_div_core
Used module:             \_zkf_div_raw_stage
Used module:             \_zkf_div_radix4_step
Used module:         $paramod$e7ec13d9f90c5f9a2fcb265d8bb77c360f0c78c4\_zkf_pipe
Parameter \WIN = 37

6.3.23. Executing AST frontend in derive mode using pre-parsed AST for module `\_zkf_div_raw_stage'.
Parameter \WIN = 37
Generating RTLIL representation for module `$paramod\_zkf_div_raw_stage\WIN=s32'00000000000000000000000000100101'.
Parameter \WMAN = 36

6.3.24. Executing AST frontend in derive mode using pre-parsed AST for module `\_zkf_div_radix4_step'.
Parameter \WMAN = 36
Generating RTLIL representation for module `$paramod\_zkf_div_radix4_step\WMAN=s32'00000000000000000000000000100100'.
Parameter \WIN = 35

6.3.25. Executing AST frontend in derive mode using pre-parsed AST for module `\_zkf_div_raw_stage'.
Parameter \WIN = 35
Generating RTLIL representation for module `$paramod\_zkf_div_raw_stage\WIN=s32'00000000000000000000000000100011'.
Parameter \WMAN = 36
Found cached RTLIL representation for module `$paramod\_zkf_div_radix4_step\WMAN=s32'00000000000000000000000000100100'.
Parameter \WIN = 33

6.3.26. Executing AST frontend in derive mode using pre-parsed AST for module `\_zkf_div_raw_stage'.
Parameter \WIN = 33
Generating RTLIL representation for module `$paramod\_zkf_div_raw_stage\WIN=s32'00000000000000000000000000100001'.
Parameter \WMAN = 36
Found cached RTLIL representation for module `$paramod\_zkf_div_radix4_step\WMAN=s32'00000000000000000000000000100100'.
Parameter \WIN = 31

6.3.27. Executing AST frontend in derive mode using pre-parsed AST for module `\_zkf_div_raw_stage'.
Parameter \WIN = 31
Generating RTLIL representation for module `$paramod\_zkf_div_raw_stage\WIN=s32'00000000000000000000000000011111'.
Parameter \WMAN = 36
Found cached RTLIL representation for module `$paramod\_zkf_div_radix4_step\WMAN=s32'00000000000000000000000000100100'.
Parameter \WIN = 29

6.3.28. Executing AST frontend in derive mode using pre-parsed AST for module `\_zkf_div_raw_stage'.
Parameter \WIN = 29
Generating RTLIL representation for module `$paramod\_zkf_div_raw_stage\WIN=s32'00000000000000000000000000011101'.
Parameter \WMAN = 36
Found cached RTLIL representation for module `$paramod\_zkf_div_radix4_step\WMAN=s32'00000000000000000000000000100100'.
Parameter \WIN = 27

6.3.29. Executing AST frontend in derive mode using pre-parsed AST for module `\_zkf_div_raw_stage'.
Parameter \WIN = 27
Generating RTLIL representation for module `$paramod\_zkf_div_raw_stage\WIN=s32'00000000000000000000000000011011'.
Parameter \WMAN = 36
Found cached RTLIL representation for module `$paramod\_zkf_div_radix4_step\WMAN=s32'00000000000000000000000000100100'.
Parameter \WIN = 25

6.3.30. Executing AST frontend in derive mode using pre-parsed AST for module `\_zkf_div_raw_stage'.
Parameter \WIN = 25
Generating RTLIL representation for module `$paramod\_zkf_div_raw_stage\WIN=s32'00000000000000000000000000011001'.
Parameter \WMAN = 36
Found cached RTLIL representation for module `$paramod\_zkf_div_radix4_step\WMAN=s32'00000000000000000000000000100100'.
Parameter \WIN = 23

6.3.31. Executing AST frontend in derive mode using pre-parsed AST for module `\_zkf_div_raw_stage'.
Parameter \WIN = 23
Generating RTLIL representation for module `$paramod\_zkf_div_raw_stage\WIN=s32'00000000000000000000000000010111'.
Parameter \WMAN = 36
Found cached RTLIL representation for module `$paramod\_zkf_div_radix4_step\WMAN=s32'00000000000000000000000000100100'.
Parameter \WIN = 21

6.3.32. Executing AST frontend in derive mode using pre-parsed AST for module `\_zkf_div_raw_stage'.
Parameter \WIN = 21
Generating RTLIL representation for module `$paramod\_zkf_div_raw_stage\WIN=s32'00000000000000000000000000010101'.
Parameter \WMAN = 36
Found cached RTLIL representation for module `$paramod\_zkf_div_radix4_step\WMAN=s32'00000000000000000000000000100100'.
Parameter \WIN = 19
Found cached RTLIL representation for module `$paramod\_zkf_div_raw_stage\WIN=s32'00000000000000000000000000010011'.
Parameter \WMAN = 36
Found cached RTLIL representation for module `$paramod\_zkf_div_radix4_step\WMAN=s32'00000000000000000000000000100100'.
Parameter \WIN = 17
Found cached RTLIL representation for module `$paramod\_zkf_div_raw_stage\WIN=s32'00000000000000000000000000010001'.
Parameter \WMAN = 36
Found cached RTLIL representation for module `$paramod\_zkf_div_radix4_step\WMAN=s32'00000000000000000000000000100100'.
Parameter \WIN = 15
Found cached RTLIL representation for module `$paramod\_zkf_div_raw_stage\WIN=s32'00000000000000000000000000001111'.
Parameter \WMAN = 36
Found cached RTLIL representation for module `$paramod\_zkf_div_radix4_step\WMAN=s32'00000000000000000000000000100100'.
Parameter \WIN = 13
Found cached RTLIL representation for module `$paramod\_zkf_div_raw_stage\WIN=s32'00000000000000000000000000001101'.
Parameter \WMAN = 36
Found cached RTLIL representation for module `$paramod\_zkf_div_radix4_step\WMAN=s32'00000000000000000000000000100100'.
Parameter \WIN = 11
Found cached RTLIL representation for module `$paramod\_zkf_div_raw_stage\WIN=s32'00000000000000000000000000001011'.
Parameter \WMAN = 36
Found cached RTLIL representation for module `$paramod\_zkf_div_radix4_step\WMAN=s32'00000000000000000000000000100100'.
Parameter \WIN = 9
Found cached RTLIL representation for module `$paramod\_zkf_div_raw_stage\WIN=s32'00000000000000000000000000001001'.
Parameter \WMAN = 36
Found cached RTLIL representation for module `$paramod\_zkf_div_radix4_step\WMAN=s32'00000000000000000000000000100100'.
Parameter \WIN = 7
Found cached RTLIL representation for module `$paramod\_zkf_div_raw_stage\WIN=s32'00000000000000000000000000000111'.
Parameter \WMAN = 36
Found cached RTLIL representation for module `$paramod\_zkf_div_radix4_step\WMAN=s32'00000000000000000000000000100100'.
Parameter \WIN = 5
Found cached RTLIL representation for module `$paramod\_zkf_div_raw_stage\WIN=s32'00000000000000000000000000000101'.
Parameter \WMAN = 36
Found cached RTLIL representation for module `$paramod\_zkf_div_radix4_step\WMAN=s32'00000000000000000000000000100100'.
Parameter \WIN = 3
Found cached RTLIL representation for module `$paramod\_zkf_div_raw_stage\WIN=s32'00000000000000000000000000000011'.
Parameter \WMAN = 36
Found cached RTLIL representation for module `$paramod\_zkf_div_radix4_step\WMAN=s32'00000000000000000000000000100100'.
Parameter \WIN = 1
Found cached RTLIL representation for module `$paramod\_zkf_div_raw_stage\WIN=s32'00000000000000000000000000000001'.
Parameter \WMAN = 36
Found cached RTLIL representation for module `$paramod\_zkf_div_radix4_step\WMAN=s32'00000000000000000000000000100100'.
Reprocessing module $paramod$2713a8fa9252a82328b423cf173d2441d2d46d03\_zkf_div_core because instantiated module $paramod\_zkf_div_radix4_step\WMAN=s32'00000000000000000000000000100100 has become available.
Generating RTLIL representation for module `$paramod$2713a8fa9252a82328b423cf173d2441d2d46d03\_zkf_div_core'.
Warning: Replacing memory \r_rem with list of registers. See /mnt/storage/zubax/kulibin2/float/hdl/_zkf_div_core.v:138
Warning: Replacing memory \r_den3 with list of registers. See /mnt/storage/zubax/kulibin2/float/hdl/_zkf_div_core.v:137
Warning: Replacing memory \r_den with list of registers. See /mnt/storage/zubax/kulibin2/float/hdl/_zkf_div_core.v:136
Warning: Replacing memory \r_div0 with list of registers. See /mnt/storage/zubax/kulibin2/float/hdl/_zkf_div_core.v:135
Warning: Replacing memory \r_force_inf with list of registers. See /mnt/storage/zubax/kulibin2/float/hdl/_zkf_div_core.v:134
Warning: Replacing memory \r_force_zero with list of registers. See /mnt/storage/zubax/kulibin2/float/hdl/_zkf_div_core.v:133
Warning: Replacing memory \r_exp_unbiased with list of registers. See /mnt/storage/zubax/kulibin2/float/hdl/_zkf_div_core.v:132
Warning: Replacing memory \r_sign with list of registers. See /mnt/storage/zubax/kulibin2/float/hdl/_zkf_div_core.v:131
Warning: Replacing memory \r_valid with list of registers. See /mnt/storage/zubax/kulibin2/float/hdl/_zkf_div_core.v:127

6.3.33. Analyzing design hierarchy..
Top module:  \top_zkf_div_w8_m36_base
Used module:     $paramod$d482ec995452f6edef73ceacb71c30dc3df86b83\zkf_div
Used module:         $paramod$b1798e4f7776d4b6f8f2f33461822b434fd6cf47\_zkf_pack_delay
Used module:         $paramod$11c5d076455a1846bbb464fb6b20ae93b7ff60ea\_zkf_pack
Used module:         $paramod$2713a8fa9252a82328b423cf173d2441d2d46d03\_zkf_div_core
Used module:             \_zkf_div_raw_stage
Used module:             \_zkf_div_radix4_step
Used module:         $paramod$e7ec13d9f90c5f9a2fcb265d8bb77c360f0c78c4\_zkf_pipe
Parameter \WIN = 37
Found cached RTLIL representation for module `$paramod\_zkf_div_raw_stage\WIN=s32'00000000000000000000000000100101'.
Parameter \WMAN = 36
Found cached RTLIL representation for module `$paramod\_zkf_div_radix4_step\WMAN=s32'00000000000000000000000000100100'.
Parameter \WIN = 35
Found cached RTLIL representation for module `$paramod\_zkf_div_raw_stage\WIN=s32'00000000000000000000000000100011'.
Parameter \WMAN = 36
Found cached RTLIL representation for module `$paramod\_zkf_div_radix4_step\WMAN=s32'00000000000000000000000000100100'.
Parameter \WIN = 33
Found cached RTLIL representation for module `$paramod\_zkf_div_raw_stage\WIN=s32'00000000000000000000000000100001'.
Parameter \WMAN = 36
Found cached RTLIL representation for module `$paramod\_zkf_div_radix4_step\WMAN=s32'00000000000000000000000000100100'.
Parameter \WIN = 31
Found cached RTLIL representation for module `$paramod\_zkf_div_raw_stage\WIN=s32'00000000000000000000000000011111'.
Parameter \WMAN = 36
Found cached RTLIL representation for module `$paramod\_zkf_div_radix4_step\WMAN=s32'00000000000000000000000000100100'.
Parameter \WIN = 29
Found cached RTLIL representation for module `$paramod\_zkf_div_raw_stage\WIN=s32'00000000000000000000000000011101'.
Parameter \WMAN = 36
Found cached RTLIL representation for module `$paramod\_zkf_div_radix4_step\WMAN=s32'00000000000000000000000000100100'.
Parameter \WIN = 27
Found cached RTLIL representation for module `$paramod\_zkf_div_raw_stage\WIN=s32'00000000000000000000000000011011'.
Parameter \WMAN = 36
Found cached RTLIL representation for module `$paramod\_zkf_div_radix4_step\WMAN=s32'00000000000000000000000000100100'.
Parameter \WIN = 25
Found cached RTLIL representation for module `$paramod\_zkf_div_raw_stage\WIN=s32'00000000000000000000000000011001'.
Parameter \WMAN = 36
Found cached RTLIL representation for module `$paramod\_zkf_div_radix4_step\WMAN=s32'00000000000000000000000000100100'.
Parameter \WIN = 23
Found cached RTLIL representation for module `$paramod\_zkf_div_raw_stage\WIN=s32'00000000000000000000000000010111'.
Parameter \WMAN = 36
Found cached RTLIL representation for module `$paramod\_zkf_div_radix4_step\WMAN=s32'00000000000000000000000000100100'.
Parameter \WIN = 21
Found cached RTLIL representation for module `$paramod\_zkf_div_raw_stage\WIN=s32'00000000000000000000000000010101'.
Parameter \WMAN = 36
Found cached RTLIL representation for module `$paramod\_zkf_div_radix4_step\WMAN=s32'00000000000000000000000000100100'.
Parameter \WIN = 19
Found cached RTLIL representation for module `$paramod\_zkf_div_raw_stage\WIN=s32'00000000000000000000000000010011'.
Parameter \WMAN = 36
Found cached RTLIL representation for module `$paramod\_zkf_div_radix4_step\WMAN=s32'00000000000000000000000000100100'.
Parameter \WIN = 17
Found cached RTLIL representation for module `$paramod\_zkf_div_raw_stage\WIN=s32'00000000000000000000000000010001'.
Parameter \WMAN = 36
Found cached RTLIL representation for module `$paramod\_zkf_div_radix4_step\WMAN=s32'00000000000000000000000000100100'.
Parameter \WIN = 15
Found cached RTLIL representation for module `$paramod\_zkf_div_raw_stage\WIN=s32'00000000000000000000000000001111'.
Parameter \WMAN = 36
Found cached RTLIL representation for module `$paramod\_zkf_div_radix4_step\WMAN=s32'00000000000000000000000000100100'.
Parameter \WIN = 13
Found cached RTLIL representation for module `$paramod\_zkf_div_raw_stage\WIN=s32'00000000000000000000000000001101'.
Parameter \WMAN = 36
Found cached RTLIL representation for module `$paramod\_zkf_div_radix4_step\WMAN=s32'00000000000000000000000000100100'.
Parameter \WIN = 11
Found cached RTLIL representation for module `$paramod\_zkf_div_raw_stage\WIN=s32'00000000000000000000000000001011'.
Parameter \WMAN = 36
Found cached RTLIL representation for module `$paramod\_zkf_div_radix4_step\WMAN=s32'00000000000000000000000000100100'.
Parameter \WIN = 9
Found cached RTLIL representation for module `$paramod\_zkf_div_raw_stage\WIN=s32'00000000000000000000000000001001'.
Parameter \WMAN = 36
Found cached RTLIL representation for module `$paramod\_zkf_div_radix4_step\WMAN=s32'00000000000000000000000000100100'.
Parameter \WIN = 7
Found cached RTLIL representation for module `$paramod\_zkf_div_raw_stage\WIN=s32'00000000000000000000000000000111'.
Parameter \WMAN = 36
Found cached RTLIL representation for module `$paramod\_zkf_div_radix4_step\WMAN=s32'00000000000000000000000000100100'.
Parameter \WIN = 5
Found cached RTLIL representation for module `$paramod\_zkf_div_raw_stage\WIN=s32'00000000000000000000000000000101'.
Parameter \WMAN = 36
Found cached RTLIL representation for module `$paramod\_zkf_div_radix4_step\WMAN=s32'00000000000000000000000000100100'.
Parameter \WIN = 3
Found cached RTLIL representation for module `$paramod\_zkf_div_raw_stage\WIN=s32'00000000000000000000000000000011'.
Parameter \WMAN = 36
Found cached RTLIL representation for module `$paramod\_zkf_div_radix4_step\WMAN=s32'00000000000000000000000000100100'.
Parameter \WIN = 1
Found cached RTLIL representation for module `$paramod\_zkf_div_raw_stage\WIN=s32'00000000000000000000000000000001'.
Parameter \WMAN = 36
Found cached RTLIL representation for module `$paramod\_zkf_div_radix4_step\WMAN=s32'00000000000000000000000000100100'.

6.3.34. Analyzing design hierarchy..
Top module:  \top_zkf_div_w8_m36_base
Used module:     $paramod$d482ec995452f6edef73ceacb71c30dc3df86b83\zkf_div
Used module:         $paramod$b1798e4f7776d4b6f8f2f33461822b434fd6cf47\_zkf_pack_delay
Used module:         $paramod$11c5d076455a1846bbb464fb6b20ae93b7ff60ea\_zkf_pack
Used module:         $paramod$2713a8fa9252a82328b423cf173d2441d2d46d03\_zkf_div_core
Used module:             $paramod\_zkf_div_raw_stage\WIN=s32'00000000000000000000000000100101
Used module:             $paramod\_zkf_div_radix4_step\WMAN=s32'00000000000000000000000000100100
Used module:             $paramod\_zkf_div_raw_stage\WIN=s32'00000000000000000000000000100011
Used module:             $paramod\_zkf_div_raw_stage\WIN=s32'00000000000000000000000000100001
Used module:             $paramod\_zkf_div_raw_stage\WIN=s32'00000000000000000000000000011111
Used module:             $paramod\_zkf_div_raw_stage\WIN=s32'00000000000000000000000000011101
Used module:             $paramod\_zkf_div_raw_stage\WIN=s32'00000000000000000000000000011011
Used module:             $paramod\_zkf_div_raw_stage\WIN=s32'00000000000000000000000000011001
Used module:             $paramod\_zkf_div_raw_stage\WIN=s32'00000000000000000000000000010111
Used module:             $paramod\_zkf_div_raw_stage\WIN=s32'00000000000000000000000000010101
Used module:             $paramod\_zkf_div_raw_stage\WIN=s32'00000000000000000000000000010011
Used module:             $paramod\_zkf_div_raw_stage\WIN=s32'00000000000000000000000000010001
Used module:             $paramod\_zkf_div_raw_stage\WIN=s32'00000000000000000000000000001111
Used module:             $paramod\_zkf_div_raw_stage\WIN=s32'00000000000000000000000000001101
Used module:             $paramod\_zkf_div_raw_stage\WIN=s32'00000000000000000000000000001011
Used module:             $paramod\_zkf_div_raw_stage\WIN=s32'00000000000000000000000000001001
Used module:             $paramod\_zkf_div_raw_stage\WIN=s32'00000000000000000000000000000111
Used module:             $paramod\_zkf_div_raw_stage\WIN=s32'00000000000000000000000000000101
Used module:             $paramod\_zkf_div_raw_stage\WIN=s32'00000000000000000000000000000011
Used module:             $paramod\_zkf_div_raw_stage\WIN=s32'00000000000000000000000000000001
Used module:         $paramod$e7ec13d9f90c5f9a2fcb265d8bb77c360f0c78c4\_zkf_pipe

6.3.35. Analyzing design hierarchy..
Top module:  \top_zkf_div_w8_m36_base
Used module:     $paramod$d482ec995452f6edef73ceacb71c30dc3df86b83\zkf_div
Used module:         $paramod$b1798e4f7776d4b6f8f2f33461822b434fd6cf47\_zkf_pack_delay
Used module:         $paramod$11c5d076455a1846bbb464fb6b20ae93b7ff60ea\_zkf_pack
Used module:         $paramod$2713a8fa9252a82328b423cf173d2441d2d46d03\_zkf_div_core
Used module:             $paramod\_zkf_div_raw_stage\WIN=s32'00000000000000000000000000100101
Used module:             $paramod\_zkf_div_radix4_step\WMAN=s32'00000000000000000000000000100100
Used module:             $paramod\_zkf_div_raw_stage\WIN=s32'00000000000000000000000000100011
Used module:             $paramod\_zkf_div_raw_stage\WIN=s32'00000000000000000000000000100001
Used module:             $paramod\_zkf_div_raw_stage\WIN=s32'00000000000000000000000000011111
Used module:             $paramod\_zkf_div_raw_stage\WIN=s32'00000000000000000000000000011101
Used module:             $paramod\_zkf_div_raw_stage\WIN=s32'00000000000000000000000000011011
Used module:             $paramod\_zkf_div_raw_stage\WIN=s32'00000000000000000000000000011001
Used module:             $paramod\_zkf_div_raw_stage\WIN=s32'00000000000000000000000000010111
Used module:             $paramod\_zkf_div_raw_stage\WIN=s32'00000000000000000000000000010101
Used module:             $paramod\_zkf_div_raw_stage\WIN=s32'00000000000000000000000000010011
Used module:             $paramod\_zkf_div_raw_stage\WIN=s32'00000000000000000000000000010001
Used module:             $paramod\_zkf_div_raw_stage\WIN=s32'00000000000000000000000000001111
Used module:             $paramod\_zkf_div_raw_stage\WIN=s32'00000000000000000000000000001101
Used module:             $paramod\_zkf_div_raw_stage\WIN=s32'00000000000000000000000000001011
Used module:             $paramod\_zkf_div_raw_stage\WIN=s32'00000000000000000000000000001001
Used module:             $paramod\_zkf_div_raw_stage\WIN=s32'00000000000000000000000000000111
Used module:             $paramod\_zkf_div_raw_stage\WIN=s32'00000000000000000000000000000101
Used module:             $paramod\_zkf_div_raw_stage\WIN=s32'00000000000000000000000000000011
Used module:             $paramod\_zkf_div_raw_stage\WIN=s32'00000000000000000000000000000001
Used module:         $paramod$e7ec13d9f90c5f9a2fcb265d8bb77c360f0c78c4\_zkf_pipe
Removing unused module `$paramod$8afea04472a9eb93c462d16da2207b379229f6a2\_zkf_pipe'.
Removing unused module `$paramod$a6e93af8078101aff1e34083bdb646ec398e9508\_zkf_div_core'.
Removing unused module `$paramod$675ec1474bf954e7f473e995bb3ba11c2185af00\_zkf_pack'.
Removing unused module `\_zkf_div_core'.
Removing unused module `$paramod\_zkf_div_radix4_step\WMAN=s32'00000000000000000000000000010010'.
Removing unused module `\zkf_div'.
Removing unused module `\_zkf_div_radix4_step'.
Removing unused module `\_zkf_div_raw_stage'.
Removing unused module `\_zkf_pipe'.
Removing unused module `\_zkf_pack_delay'.
Removing unused module `\_zkf_pack'.
Removed 11 unused modules.

6.4. Executing PROC pass (convert processes to netlists).

6.4.1. Executing PROC_CLEAN pass (remove empty switches from decision trees).
Cleaned up 0 empty switches.

6.4.2. Executing PROC_RMDEAD pass (remove dead branches from decision trees).
Marked 1 switch rules as full_case in process $proc$/mnt/storage/zubax/kulibin2/float/hdl/_zkf_div_core.v:168$718 in module $paramod$2713a8fa9252a82328b423cf173d2441d2d46d03\_zkf_div_core.
Marked 1 switch rules as full_case in process $proc$/mnt/storage/zubax/kulibin2/float/hdl/_zkf_div_core.v:168$717 in module $paramod$2713a8fa9252a82328b423cf173d2441d2d46d03\_zkf_div_core.
Marked 1 switch rules as full_case in process $proc$/mnt/storage/zubax/kulibin2/float/hdl/_zkf_div_core.v:168$716 in module $paramod$2713a8fa9252a82328b423cf173d2441d2d46d03\_zkf_div_core.
Marked 1 switch rules as full_case in process $proc$/mnt/storage/zubax/kulibin2/float/hdl/_zkf_div_core.v:168$715 in module $paramod$2713a8fa9252a82328b423cf173d2441d2d46d03\_zkf_div_core.
Marked 1 switch rules as full_case in process $proc$/mnt/storage/zubax/kulibin2/float/hdl/_zkf_div_core.v:168$714 in module $paramod$2713a8fa9252a82328b423cf173d2441d2d46d03\_zkf_div_core.
Marked 1 switch rules as full_case in process $proc$/mnt/storage/zubax/kulibin2/float/hdl/_zkf_div_core.v:168$713 in module $paramod$2713a8fa9252a82328b423cf173d2441d2d46d03\_zkf_div_core.
Marked 1 switch rules as full_case in process $proc$/mnt/storage/zubax/kulibin2/float/hdl/_zkf_div_core.v:168$712 in module $paramod$2713a8fa9252a82328b423cf173d2441d2d46d03\_zkf_div_core.
Marked 1 switch rules as full_case in process $proc$/mnt/storage/zubax/kulibin2/float/hdl/_zkf_div_core.v:168$711 in module $paramod$2713a8fa9252a82328b423cf173d2441d2d46d03\_zkf_div_core.
Marked 1 switch rules as full_case in process $proc$/mnt/storage/zubax/kulibin2/float/hdl/_zkf_div_core.v:168$710 in module $paramod$2713a8fa9252a82328b423cf173d2441d2d46d03\_zkf_div_core.
Marked 1 switch rules as full_case in process $proc$/mnt/storage/zubax/kulibin2/float/hdl/_zkf_div_core.v:168$709 in module $paramod$2713a8fa9252a82328b423cf173d2441d2d46d03\_zkf_div_core.
Marked 1 switch rules as full_case in process $proc$/mnt/storage/zubax/kulibin2/float/hdl/_zkf_div_core.v:168$708 in module $paramod$2713a8fa9252a82328b423cf173d2441d2d46d03\_zkf_div_core.
Marked 1 switch rules as full_case in process $proc$/mnt/storage/zubax/kulibin2/float/hdl/_zkf_div_core.v:168$707 in module $paramod$2713a8fa9252a82328b423cf173d2441d2d46d03\_zkf_div_core.
Marked 1 switch rules as full_case in process $proc$/mnt/storage/zubax/kulibin2/float/hdl/_zkf_div_core.v:168$706 in module $paramod$2713a8fa9252a82328b423cf173d2441d2d46d03\_zkf_div_core.
Marked 1 switch rules as full_case in process $proc$/mnt/storage/zubax/kulibin2/float/hdl/_zkf_div_core.v:168$705 in module $paramod$2713a8fa9252a82328b423cf173d2441d2d46d03\_zkf_div_core.
Marked 1 switch rules as full_case in process $proc$/mnt/storage/zubax/kulibin2/float/hdl/_zkf_div_core.v:168$704 in module $paramod$2713a8fa9252a82328b423cf173d2441d2d46d03\_zkf_div_core.
Marked 1 switch rules as full_case in process $proc$/mnt/storage/zubax/kulibin2/float/hdl/_zkf_div_core.v:168$703 in module $paramod$2713a8fa9252a82328b423cf173d2441d2d46d03\_zkf_div_core.
Marked 1 switch rules as full_case in process $proc$/mnt/storage/zubax/kulibin2/float/hdl/_zkf_div_core.v:168$702 in module $paramod$2713a8fa9252a82328b423cf173d2441d2d46d03\_zkf_div_core.
Marked 1 switch rules as full_case in process $proc$/mnt/storage/zubax/kulibin2/float/hdl/_zkf_div_core.v:168$701 in module $paramod$2713a8fa9252a82328b423cf173d2441d2d46d03\_zkf_div_core.
Marked 1 switch rules as full_case in process $proc$/mnt/storage/zubax/kulibin2/float/hdl/_zkf_div_core.v:168$700 in module $paramod$2713a8fa9252a82328b423cf173d2441d2d46d03\_zkf_div_core.
Marked 1 switch rules as full_case in process $proc$/mnt/storage/zubax/kulibin2/float/hdl/_zkf_div_core.v:226$694 in module $paramod$2713a8fa9252a82328b423cf173d2441d2d46d03\_zkf_div_core.
Marked 1 switch rules as full_case in process $proc$/mnt/storage/zubax/kulibin2/float/hdl/_zkf_div_core.v:125$689 in module $paramod$2713a8fa9252a82328b423cf173d2441d2d46d03\_zkf_div_core.
Marked 1 switch rules as full_case in process $proc$/mnt/storage/test/zkf-vs-flopoco/artifacts/targets/ecp5-yosys/rows/zkf_div_w8_m36_base/src/top_zkf_div_w8_m36_base.v:37$90 in module top_zkf_div_w8_m36_base.
Removed a total of 0 dead cases.

6.4.3. Executing PROC_PRUNE pass (remove redundant assignments in processes).
Removed 23 redundant assignments.
Promoted 194 assignments to connections.

6.4.4. Executing PROC_INIT pass (extract init attributes).

6.4.5. Executing PROC_ARST pass (detect async resets in processes).

6.4.6. Executing PROC_ROM pass (convert switches to ROMs).
Converted 0 switches.
<suppressed ~22 debug messages>

6.4.7. Executing PROC_MUX pass (convert decision trees to multiplexers).
Creating decoders for process `$paramod\_zkf_div_raw_stage\WIN=s32'00000000000000000000000000010101.$proc$/mnt/storage/zubax/kulibin2/float/hdl/_zkf_div_core.v:256$614'.
Creating decoders for process `$paramod$2713a8fa9252a82328b423cf173d2441d2d46d03\_zkf_div_core.$proc$/mnt/storage/zubax/kulibin2/float/hdl/_zkf_div_core.v:168$718'.
     1/1: $0\r_valid[19][0:0]
Creating decoders for process `$paramod$2713a8fa9252a82328b423cf173d2441d2d46d03\_zkf_div_core.$proc$/mnt/storage/zubax/kulibin2/float/hdl/_zkf_div_core.v:168$717'.
     1/1: $0\r_valid[18][0:0]
Creating decoders for process `$paramod$2713a8fa9252a82328b423cf173d2441d2d46d03\_zkf_div_core.$proc$/mnt/storage/zubax/kulibin2/float/hdl/_zkf_div_core.v:168$716'.
     1/1: $0\r_valid[17][0:0]
Creating decoders for process `$paramod$2713a8fa9252a82328b423cf173d2441d2d46d03\_zkf_div_core.$proc$/mnt/storage/zubax/kulibin2/float/hdl/_zkf_div_core.v:168$715'.
     1/1: $0\r_valid[16][0:0]
Creating decoders for process `$paramod$2713a8fa9252a82328b423cf173d2441d2d46d03\_zkf_div_core.$proc$/mnt/storage/zubax/kulibin2/float/hdl/_zkf_div_core.v:168$714'.
     1/1: $0\r_valid[15][0:0]
Creating decoders for process `$paramod$2713a8fa9252a82328b423cf173d2441d2d46d03\_zkf_div_core.$proc$/mnt/storage/zubax/kulibin2/float/hdl/_zkf_div_core.v:168$713'.
     1/1: $0\r_valid[14][0:0]
Creating decoders for process `$paramod$2713a8fa9252a82328b423cf173d2441d2d46d03\_zkf_div_core.$proc$/mnt/storage/zubax/kulibin2/float/hdl/_zkf_div_core.v:168$712'.
     1/1: $0\r_valid[13][0:0]
Creating decoders for process `$paramod$2713a8fa9252a82328b423cf173d2441d2d46d03\_zkf_div_core.$proc$/mnt/storage/zubax/kulibin2/float/hdl/_zkf_div_core.v:168$711'.
     1/1: $0\r_valid[12][0:0]
Creating decoders for process `$paramod$2713a8fa9252a82328b423cf173d2441d2d46d03\_zkf_div_core.$proc$/mnt/storage/zubax/kulibin2/float/hdl/_zkf_div_core.v:168$710'.
     1/1: $0\r_valid[11][0:0]
Creating decoders for process `$paramod$2713a8fa9252a82328b423cf173d2441d2d46d03\_zkf_div_core.$proc$/mnt/storage/zubax/kulibin2/float/hdl/_zkf_div_core.v:168$709'.
     1/1: $0\r_valid[10][0:0]
Creating decoders for process `$paramod$2713a8fa9252a82328b423cf173d2441d2d46d03\_zkf_div_core.$proc$/mnt/storage/zubax/kulibin2/float/hdl/_zkf_div_core.v:168$708'.
     1/1: $0\r_valid[9][0:0]
Creating decoders for process `$paramod$2713a8fa9252a82328b423cf173d2441d2d46d03\_zkf_div_core.$proc$/mnt/storage/zubax/kulibin2/float/hdl/_zkf_div_core.v:168$707'.
     1/1: $0\r_valid[8][0:0]
Creating decoders for process `$paramod$2713a8fa9252a82328b423cf173d2441d2d46d03\_zkf_div_core.$proc$/mnt/storage/zubax/kulibin2/float/hdl/_zkf_div_core.v:168$706'.
     1/1: $0\r_valid[7][0:0]
Creating decoders for process `$paramod$2713a8fa9252a82328b423cf173d2441d2d46d03\_zkf_div_core.$proc$/mnt/storage/zubax/kulibin2/float/hdl/_zkf_div_core.v:168$705'.
     1/1: $0\r_valid[6][0:0]
Creating decoders for process `$paramod$2713a8fa9252a82328b423cf173d2441d2d46d03\_zkf_div_core.$proc$/mnt/storage/zubax/kulibin2/float/hdl/_zkf_div_core.v:168$704'.
     1/1: $0\r_valid[5][0:0]
Creating decoders for process `$paramod$2713a8fa9252a82328b423cf173d2441d2d46d03\_zkf_div_core.$proc$/mnt/storage/zubax/kulibin2/float/hdl/_zkf_div_core.v:168$703'.
     1/1: $0\r_valid[4][0:0]
Creating decoders for process `$paramod$2713a8fa9252a82328b423cf173d2441d2d46d03\_zkf_div_core.$proc$/mnt/storage/zubax/kulibin2/float/hdl/_zkf_div_core.v:168$702'.
     1/1: $0\r_valid[3][0:0]
Creating decoders for process `$paramod$2713a8fa9252a82328b423cf173d2441d2d46d03\_zkf_div_core.$proc$/mnt/storage/zubax/kulibin2/float/hdl/_zkf_div_core.v:168$701'.
     1/1: $0\r_valid[2][0:0]
Creating decoders for process `$paramod$2713a8fa9252a82328b423cf173d2441d2d46d03\_zkf_div_core.$proc$/mnt/storage/zubax/kulibin2/float/hdl/_zkf_div_core.v:168$700'.
     1/1: $0\r_valid[1][0:0]
Creating decoders for process `$paramod$2713a8fa9252a82328b423cf173d2441d2d46d03\_zkf_div_core.$proc$/mnt/storage/zubax/kulibin2/float/hdl/_zkf_div_core.v:226$694'.
     1/1: $0\out_valid[0:0]
Creating decoders for process `$paramod$2713a8fa9252a82328b423cf173d2441d2d46d03\_zkf_div_core.$proc$/mnt/storage/zubax/kulibin2/float/hdl/_zkf_div_core.v:125$689'.
     1/1: $0\r_valid[0][0:0]
Creating decoders for process `$paramod\_zkf_div_raw_stage\WIN=s32'00000000000000000000000000010111.$proc$/mnt/storage/zubax/kulibin2/float/hdl/_zkf_div_core.v:256$613'.
Creating decoders for process `$paramod\_zkf_div_raw_stage\WIN=s32'00000000000000000000000000011001.$proc$/mnt/storage/zubax/kulibin2/float/hdl/_zkf_div_core.v:256$612'.
Creating decoders for process `$paramod\_zkf_div_raw_stage\WIN=s32'00000000000000000000000000011011.$proc$/mnt/storage/zubax/kulibin2/float/hdl/_zkf_div_core.v:256$611'.
Creating decoders for process `$paramod\_zkf_div_raw_stage\WIN=s32'00000000000000000000000000000011.$proc$/mnt/storage/zubax/kulibin2/float/hdl/_zkf_div_core.v:256$336'.
Creating decoders for process `$paramod\_zkf_div_raw_stage\WIN=s32'00000000000000000000000000000101.$proc$/mnt/storage/zubax/kulibin2/float/hdl/_zkf_div_core.v:256$335'.
Creating decoders for process `$paramod\_zkf_div_raw_stage\WIN=s32'00000000000000000000000000000111.$proc$/mnt/storage/zubax/kulibin2/float/hdl/_zkf_div_core.v:256$334'.
Creating decoders for process `$paramod\_zkf_div_raw_stage\WIN=s32'00000000000000000000000000001001.$proc$/mnt/storage/zubax/kulibin2/float/hdl/_zkf_div_core.v:256$333'.
Creating decoders for process `$paramod\_zkf_div_raw_stage\WIN=s32'00000000000000000000000000001011.$proc$/mnt/storage/zubax/kulibin2/float/hdl/_zkf_div_core.v:256$332'.
Creating decoders for process `$paramod\_zkf_div_raw_stage\WIN=s32'00000000000000000000000000001101.$proc$/mnt/storage/zubax/kulibin2/float/hdl/_zkf_div_core.v:256$331'.
Creating decoders for process `$paramod\_zkf_div_raw_stage\WIN=s32'00000000000000000000000000001111.$proc$/mnt/storage/zubax/kulibin2/float/hdl/_zkf_div_core.v:256$330'.
Creating decoders for process `$paramod\_zkf_div_raw_stage\WIN=s32'00000000000000000000000000010001.$proc$/mnt/storage/zubax/kulibin2/float/hdl/_zkf_div_core.v:256$329'.
Creating decoders for process `$paramod\_zkf_div_raw_stage\WIN=s32'00000000000000000000000000011101.$proc$/mnt/storage/zubax/kulibin2/float/hdl/_zkf_div_core.v:256$610'.
Creating decoders for process `$paramod\_zkf_div_raw_stage\WIN=s32'00000000000000000000000000010011.$proc$/mnt/storage/zubax/kulibin2/float/hdl/_zkf_div_core.v:256$316'.
Creating decoders for process `\top_zkf_div_w8_m36_base.$proc$/mnt/storage/test/zkf-vs-flopoco/artifacts/targets/ecp5-yosys/rows/zkf_div_w8_m36_base/src/top_zkf_div_w8_m36_base.v:37$90'.
     1/2: $0\out_valid_r[0:0]
     2/2: $0\in_valid_r[0:0]
Creating decoders for process `$paramod\_zkf_div_raw_stage\WIN=s32'00000000000000000000000000011111.$proc$/mnt/storage/zubax/kulibin2/float/hdl/_zkf_div_core.v:256$609'.
Creating decoders for process `$paramod\_zkf_div_raw_stage\WIN=s32'00000000000000000000000000100001.$proc$/mnt/storage/zubax/kulibin2/float/hdl/_zkf_div_core.v:256$608'.
Creating decoders for process `$paramod\_zkf_div_raw_stage\WIN=s32'00000000000000000000000000100011.$proc$/mnt/storage/zubax/kulibin2/float/hdl/_zkf_div_core.v:256$607'.
Creating decoders for process `$paramod\_zkf_div_raw_stage\WIN=s32'00000000000000000000000000000001.$proc$/mnt/storage/zubax/kulibin2/float/hdl/_zkf_div_core.v:256$337'.
Creating decoders for process `$paramod\_zkf_div_raw_stage\WIN=s32'00000000000000000000000000100101.$proc$/mnt/storage/zubax/kulibin2/float/hdl/_zkf_div_core.v:256$594'.

6.4.8. Executing PROC_DLATCH pass (convert process syncs to latches).

6.4.9. Executing PROC_DFF pass (convert process syncs to FFs).
Creating register for signal `$paramod\_zkf_div_raw_stage\WIN=s32'00000000000000000000000000010101.\raw_next' using process `$paramod\_zkf_div_raw_stage\WIN=s32'00000000000000000000000000010101.$proc$/mnt/storage/zubax/kulibin2/float/hdl/_zkf_div_core.v:256$614'.
  created $dff cell `$procdff$789' with positive edge clock.
Creating register for signal `$paramod$2713a8fa9252a82328b423cf173d2441d2d46d03\_zkf_div_core.\r_valid[19]' using process `$paramod$2713a8fa9252a82328b423cf173d2441d2d46d03\_zkf_div_core.$proc$/mnt/storage/zubax/kulibin2/float/hdl/_zkf_div_core.v:168$718'.
  created $dff cell `$procdff$790' with positive edge clock.
Creating register for signal `$paramod$2713a8fa9252a82328b423cf173d2441d2d46d03\_zkf_div_core.\r_sign[19]' using process `$paramod$2713a8fa9252a82328b423cf173d2441d2d46d03\_zkf_div_core.$proc$/mnt/storage/zubax/kulibin2/float/hdl/_zkf_div_core.v:168$718'.
  created $dff cell `$procdff$791' with positive edge clock.
Creating register for signal `$paramod$2713a8fa9252a82328b423cf173d2441d2d46d03\_zkf_div_core.\r_exp_unbiased[19]' using process `$paramod$2713a8fa9252a82328b423cf173d2441d2d46d03\_zkf_div_core.$proc$/mnt/storage/zubax/kulibin2/float/hdl/_zkf_div_core.v:168$718'.
  created $dff cell `$procdff$792' with positive edge clock.
Creating register for signal `$paramod$2713a8fa9252a82328b423cf173d2441d2d46d03\_zkf_div_core.\r_force_zero[19]' using process `$paramod$2713a8fa9252a82328b423cf173d2441d2d46d03\_zkf_div_core.$proc$/mnt/storage/zubax/kulibin2/float/hdl/_zkf_div_core.v:168$718'.
  created $dff cell `$procdff$793' with positive edge clock.
Creating register for signal `$paramod$2713a8fa9252a82328b423cf173d2441d2d46d03\_zkf_div_core.\r_force_inf[19]' using process `$paramod$2713a8fa9252a82328b423cf173d2441d2d46d03\_zkf_div_core.$proc$/mnt/storage/zubax/kulibin2/float/hdl/_zkf_div_core.v:168$718'.
  created $dff cell `$procdff$794' with positive edge clock.
Creating register for signal `$paramod$2713a8fa9252a82328b423cf173d2441d2d46d03\_zkf_div_core.\r_div0[19]' using process `$paramod$2713a8fa9252a82328b423cf173d2441d2d46d03\_zkf_div_core.$proc$/mnt/storage/zubax/kulibin2/float/hdl/_zkf_div_core.v:168$718'.
  created $dff cell `$procdff$795' with positive edge clock.
Creating register for signal `$paramod$2713a8fa9252a82328b423cf173d2441d2d46d03\_zkf_div_core.\r_den[19]' using process `$paramod$2713a8fa9252a82328b423cf173d2441d2d46d03\_zkf_div_core.$proc$/mnt/storage/zubax/kulibin2/float/hdl/_zkf_div_core.v:168$718'.
  created $dff cell `$procdff$796' with positive edge clock.
Creating register for signal `$paramod$2713a8fa9252a82328b423cf173d2441d2d46d03\_zkf_div_core.\r_den3[19]' using process `$paramod$2713a8fa9252a82328b423cf173d2441d2d46d03\_zkf_div_core.$proc$/mnt/storage/zubax/kulibin2/float/hdl/_zkf_div_core.v:168$718'.
  created $dff cell `$procdff$797' with positive edge clock.
Creating register for signal `$paramod$2713a8fa9252a82328b423cf173d2441d2d46d03\_zkf_div_core.\r_rem[19]' using process `$paramod$2713a8fa9252a82328b423cf173d2441d2d46d03\_zkf_div_core.$proc$/mnt/storage/zubax/kulibin2/float/hdl/_zkf_div_core.v:168$718'.
  created $dff cell `$procdff$798' with positive edge clock.
Creating register for signal `$paramod$2713a8fa9252a82328b423cf173d2441d2d46d03\_zkf_div_core.\r_valid[18]' using process `$paramod$2713a8fa9252a82328b423cf173d2441d2d46d03\_zkf_div_core.$proc$/mnt/storage/zubax/kulibin2/float/hdl/_zkf_div_core.v:168$717'.
  created $dff cell `$procdff$799' with positive edge clock.
Creating register for signal `$paramod$2713a8fa9252a82328b423cf173d2441d2d46d03\_zkf_div_core.\r_sign[18]' using process `$paramod$2713a8fa9252a82328b423cf173d2441d2d46d03\_zkf_div_core.$proc$/mnt/storage/zubax/kulibin2/float/hdl/_zkf_div_core.v:168$717'.
  created $dff cell `$procdff$800' with positive edge clock.
Creating register for signal `$paramod$2713a8fa9252a82328b423cf173d2441d2d46d03\_zkf_div_core.\r_exp_unbiased[18]' using process `$paramod$2713a8fa9252a82328b423cf173d2441d2d46d03\_zkf_div_core.$proc$/mnt/storage/zubax/kulibin2/float/hdl/_zkf_div_core.v:168$717'.
  created $dff cell `$procdff$801' with positive edge clock.
Creating register for signal `$paramod$2713a8fa9252a82328b423cf173d2441d2d46d03\_zkf_div_core.\r_force_zero[18]' using process `$paramod$2713a8fa9252a82328b423cf173d2441d2d46d03\_zkf_div_core.$proc$/mnt/storage/zubax/kulibin2/float/hdl/_zkf_div_core.v:168$717'.
  created $dff cell `$procdff$802' with positive edge clock.
Creating register for signal `$paramod$2713a8fa9252a82328b423cf173d2441d2d46d03\_zkf_div_core.\r_force_inf[18]' using process `$paramod$2713a8fa9252a82328b423cf173d2441d2d46d03\_zkf_div_core.$proc$/mnt/storage/zubax/kulibin2/float/hdl/_zkf_div_core.v:168$717'.
  created $dff cell `$procdff$803' with positive edge clock.
Creating register for signal `$paramod$2713a8fa9252a82328b423cf173d2441d2d46d03\_zkf_div_core.\r_div0[18]' using process `$paramod$2713a8fa9252a82328b423cf173d2441d2d46d03\_zkf_div_core.$proc$/mnt/storage/zubax/kulibin2/float/hdl/_zkf_div_core.v:168$717'.
  created $dff cell `$procdff$804' with positive edge clock.
Creating register for signal `$paramod$2713a8fa9252a82328b423cf173d2441d2d46d03\_zkf_div_core.\r_den[18]' using process `$paramod$2713a8fa9252a82328b423cf173d2441d2d46d03\_zkf_div_core.$proc$/mnt/storage/zubax/kulibin2/float/hdl/_zkf_div_core.v:168$717'.
  created $dff cell `$procdff$805' with positive edge clock.
Creating register for signal `$paramod$2713a8fa9252a82328b423cf173d2441d2d46d03\_zkf_div_core.\r_den3[18]' using process `$paramod$2713a8fa9252a82328b423cf173d2441d2d46d03\_zkf_div_core.$proc$/mnt/storage/zubax/kulibin2/float/hdl/_zkf_div_core.v:168$717'.
  created $dff cell `$procdff$806' with positive edge clock.
Creating register for signal `$paramod$2713a8fa9252a82328b423cf173d2441d2d46d03\_zkf_div_core.\r_rem[18]' using process `$paramod$2713a8fa9252a82328b423cf173d2441d2d46d03\_zkf_div_core.$proc$/mnt/storage/zubax/kulibin2/float/hdl/_zkf_div_core.v:168$717'.
  created $dff cell `$procdff$807' with positive edge clock.
Creating register for signal `$paramod$2713a8fa9252a82328b423cf173d2441d2d46d03\_zkf_div_core.\r_valid[17]' using process `$paramod$2713a8fa9252a82328b423cf173d2441d2d46d03\_zkf_div_core.$proc$/mnt/storage/zubax/kulibin2/float/hdl/_zkf_div_core.v:168$716'.
  created $dff cell `$procdff$808' with positive edge clock.
Creating register for signal `$paramod$2713a8fa9252a82328b423cf173d2441d2d46d03\_zkf_div_core.\r_sign[17]' using process `$paramod$2713a8fa9252a82328b423cf173d2441d2d46d03\_zkf_div_core.$proc$/mnt/storage/zubax/kulibin2/float/hdl/_zkf_div_core.v:168$716'.
  created $dff cell `$procdff$809' with positive edge clock.
Creating register for signal `$paramod$2713a8fa9252a82328b423cf173d2441d2d46d03\_zkf_div_core.\r_exp_unbiased[17]' using process `$paramod$2713a8fa9252a82328b423cf173d2441d2d46d03\_zkf_div_core.$proc$/mnt/storage/zubax/kulibin2/float/hdl/_zkf_div_core.v:168$716'.
  created $dff cell `$procdff$810' with positive edge clock.
Creating register for signal `$paramod$2713a8fa9252a82328b423cf173d2441d2d46d03\_zkf_div_core.\r_force_zero[17]' using process `$paramod$2713a8fa9252a82328b423cf173d2441d2d46d03\_zkf_div_core.$proc$/mnt/storage/zubax/kulibin2/float/hdl/_zkf_div_core.v:168$716'.
  created $dff cell `$procdff$811' with positive edge clock.
Creating register for signal `$paramod$2713a8fa9252a82328b423cf173d2441d2d46d03\_zkf_div_core.\r_force_inf[17]' using process `$paramod$2713a8fa9252a82328b423cf173d2441d2d46d03\_zkf_div_core.$proc$/mnt/storage/zubax/kulibin2/float/hdl/_zkf_div_core.v:168$716'.
  created $dff cell `$procdff$812' with positive edge clock.
Creating register for signal `$paramod$2713a8fa9252a82328b423cf173d2441d2d46d03\_zkf_div_core.\r_div0[17]' using process `$paramod$2713a8fa9252a82328b423cf173d2441d2d46d03\_zkf_div_core.$proc$/mnt/storage/zubax/kulibin2/float/hdl/_zkf_div_core.v:168$716'.
  created $dff cell `$procdff$813' with positive edge clock.
Creating register for signal `$paramod$2713a8fa9252a82328b423cf173d2441d2d46d03\_zkf_div_core.\r_den[17]' using process `$paramod$2713a8fa9252a82328b423cf173d2441d2d46d03\_zkf_div_core.$proc$/mnt/storage/zubax/kulibin2/float/hdl/_zkf_div_core.v:168$716'.
  created $dff cell `$procdff$814' with positive edge clock.
Creating register for signal `$paramod$2713a8fa9252a82328b423cf173d2441d2d46d03\_zkf_div_core.\r_den3[17]' using process `$paramod$2713a8fa9252a82328b423cf173d2441d2d46d03\_zkf_div_core.$proc$/mnt/storage/zubax/kulibin2/float/hdl/_zkf_div_core.v:168$716'.
  created $dff cell `$procdff$815' with positive edge clock.
Creating register for signal `$paramod$2713a8fa9252a82328b423cf173d2441d2d46d03\_zkf_div_core.\r_rem[17]' using process `$paramod$2713a8fa9252a82328b423cf173d2441d2d46d03\_zkf_div_core.$proc$/mnt/storage/zubax/kulibin2/float/hdl/_zkf_div_core.v:168$716'.
  created $dff cell `$procdff$816' with positive edge clock.
Creating register for signal `$paramod$2713a8fa9252a82328b423cf173d2441d2d46d03\_zkf_div_core.\r_valid[16]' using process `$paramod$2713a8fa9252a82328b423cf173d2441d2d46d03\_zkf_div_core.$proc$/mnt/storage/zubax/kulibin2/float/hdl/_zkf_div_core.v:168$715'.
  created $dff cell `$procdff$817' with positive edge clock.
Creating register for signal `$paramod$2713a8fa9252a82328b423cf173d2441d2d46d03\_zkf_div_core.\r_sign[16]' using process `$paramod$2713a8fa9252a82328b423cf173d2441d2d46d03\_zkf_div_core.$proc$/mnt/storage/zubax/kulibin2/float/hdl/_zkf_div_core.v:168$715'.
  created $dff cell `$procdff$818' with positive edge clock.
Creating register for signal `$paramod$2713a8fa9252a82328b423cf173d2441d2d46d03\_zkf_div_core.\r_exp_unbiased[16]' using process `$paramod$2713a8fa9252a82328b423cf173d2441d2d46d03\_zkf_div_core.$proc$/mnt/storage/zubax/kulibin2/float/hdl/_zkf_div_core.v:168$715'.
  created $dff cell `$procdff$819' with positive edge clock.
Creating register for signal `$paramod$2713a8fa9252a82328b423cf173d2441d2d46d03\_zkf_div_core.\r_force_zero[16]' using process `$paramod$2713a8fa9252a82328b423cf173d2441d2d46d03\_zkf_div_core.$proc$/mnt/storage/zubax/kulibin2/float/hdl/_zkf_div_core.v:168$715'.
  created $dff cell `$procdff$820' with positive edge clock.
Creating register for signal `$paramod$2713a8fa9252a82328b423cf173d2441d2d46d03\_zkf_div_core.\r_force_inf[16]' using process `$paramod$2713a8fa9252a82328b423cf173d2441d2d46d03\_zkf_div_core.$proc$/mnt/storage/zubax/kulibin2/float/hdl/_zkf_div_core.v:168$715'.
  created $dff cell `$procdff$821' with positive edge clock.
Creating register for signal `$paramod$2713a8fa9252a82328b423cf173d2441d2d46d03\_zkf_div_core.\r_div0[16]' using process `$paramod$2713a8fa9252a82328b423cf173d2441d2d46d03\_zkf_div_core.$proc$/mnt/storage/zubax/kulibin2/float/hdl/_zkf_div_core.v:168$715'.
  created $dff cell `$procdff$822' with positive edge clock.
Creating register for signal `$paramod$2713a8fa9252a82328b423cf173d2441d2d46d03\_zkf_div_core.\r_den[16]' using process `$paramod$2713a8fa9252a82328b423cf173d2441d2d46d03\_zkf_div_core.$proc$/mnt/storage/zubax/kulibin2/float/hdl/_zkf_div_core.v:168$715'.
  created $dff cell `$procdff$823' with positive edge clock.
Creating register for signal `$paramod$2713a8fa9252a82328b423cf173d2441d2d46d03\_zkf_div_core.\r_den3[16]' using process `$paramod$2713a8fa9252a82328b423cf173d2441d2d46d03\_zkf_div_core.$proc$/mnt/storage/zubax/kulibin2/float/hdl/_zkf_div_core.v:168$715'.
  created $dff cell `$procdff$824' with positive edge clock.
Creating register for signal `$paramod$2713a8fa9252a82328b423cf173d2441d2d46d03\_zkf_div_core.\r_rem[16]' using process `$paramod$2713a8fa9252a82328b423cf173d2441d2d46d03\_zkf_div_core.$proc$/mnt/storage/zubax/kulibin2/float/hdl/_zkf_div_core.v:168$715'.
  created $dff cell `$procdff$825' with positive edge clock.
Creating register for signal `$paramod$2713a8fa9252a82328b423cf173d2441d2d46d03\_zkf_div_core.\r_valid[15]' using process `$paramod$2713a8fa9252a82328b423cf173d2441d2d46d03\_zkf_div_core.$proc$/mnt/storage/zubax/kulibin2/float/hdl/_zkf_div_core.v:168$714'.
  created $dff cell `$procdff$826' with positive edge clock.
Creating register for signal `$paramod$2713a8fa9252a82328b423cf173d2441d2d46d03\_zkf_div_core.\r_sign[15]' using process `$paramod$2713a8fa9252a82328b423cf173d2441d2d46d03\_zkf_div_core.$proc$/mnt/storage/zubax/kulibin2/float/hdl/_zkf_div_core.v:168$714'.
  created $dff cell `$procdff$827' with positive edge clock.
Creating register for signal `$paramod$2713a8fa9252a82328b423cf173d2441d2d46d03\_zkf_div_core.\r_exp_unbiased[15]' using process `$paramod$2713a8fa9252a82328b423cf173d2441d2d46d03\_zkf_div_core.$proc$/mnt/storage/zubax/kulibin2/float/hdl/_zkf_div_core.v:168$714'.
  created $dff cell `$procdff$828' with positive edge clock.
Creating register for signal `$paramod$2713a8fa9252a82328b423cf173d2441d2d46d03\_zkf_div_core.\r_force_zero[15]' using process `$paramod$2713a8fa9252a82328b423cf173d2441d2d46d03\_zkf_div_core.$proc$/mnt/storage/zubax/kulibin2/float/hdl/_zkf_div_core.v:168$714'.
  created $dff cell `$procdff$829' with positive edge clock.
Creating register for signal `$paramod$2713a8fa9252a82328b423cf173d2441d2d46d03\_zkf_div_core.\r_force_inf[15]' using process `$paramod$2713a8fa9252a82328b423cf173d2441d2d46d03\_zkf_div_core.$proc$/mnt/storage/zubax/kulibin2/float/hdl/_zkf_div_core.v:168$714'.
  created $dff cell `$procdff$830' with positive edge clock.
Creating register for signal `$paramod$2713a8fa9252a82328b423cf173d2441d2d46d03\_zkf_div_core.\r_div0[15]' using process `$paramod$2713a8fa9252a82328b423cf173d2441d2d46d03\_zkf_div_core.$proc$/mnt/storage/zubax/kulibin2/float/hdl/_zkf_div_core.v:168$714'.
  created $dff cell `$procdff$831' with positive edge clock.
Creating register for signal `$paramod$2713a8fa9252a82328b423cf173d2441d2d46d03\_zkf_div_core.\r_den[15]' using process `$paramod$2713a8fa9252a82328b423cf173d2441d2d46d03\_zkf_div_core.$proc$/mnt/storage/zubax/kulibin2/float/hdl/_zkf_div_core.v:168$714'.
  created $dff cell `$procdff$832' with positive edge clock.
Creating register for signal `$paramod$2713a8fa9252a82328b423cf173d2441d2d46d03\_zkf_div_core.\r_den3[15]' using process `$paramod$2713a8fa9252a82328b423cf173d2441d2d46d03\_zkf_div_core.$proc$/mnt/storage/zubax/kulibin2/float/hdl/_zkf_div_core.v:168$714'.
  created $dff cell `$procdff$833' with positive edge clock.
Creating register for signal `$paramod$2713a8fa9252a82328b423cf173d2441d2d46d03\_zkf_div_core.\r_rem[15]' using process `$paramod$2713a8fa9252a82328b423cf173d2441d2d46d03\_zkf_div_core.$proc$/mnt/storage/zubax/kulibin2/float/hdl/_zkf_div_core.v:168$714'.
  created $dff cell `$procdff$834' with positive edge clock.
Creating register for signal `$paramod$2713a8fa9252a82328b423cf173d2441d2d46d03\_zkf_div_core.\r_valid[14]' using process `$paramod$2713a8fa9252a82328b423cf173d2441d2d46d03\_zkf_div_core.$proc$/mnt/storage/zubax/kulibin2/float/hdl/_zkf_div_core.v:168$713'.
  created $dff cell `$procdff$835' with positive edge clock.
Creating register for signal `$paramod$2713a8fa9252a82328b423cf173d2441d2d46d03\_zkf_div_core.\r_sign[14]' using process `$paramod$2713a8fa9252a82328b423cf173d2441d2d46d03\_zkf_div_core.$proc$/mnt/storage/zubax/kulibin2/float/hdl/_zkf_div_core.v:168$713'.
  created $dff cell `$procdff$836' with positive edge clock.
Creating register for signal `$paramod$2713a8fa9252a82328b423cf173d2441d2d46d03\_zkf_div_core.\r_exp_unbiased[14]' using process `$paramod$2713a8fa9252a82328b423cf173d2441d2d46d03\_zkf_div_core.$proc$/mnt/storage/zubax/kulibin2/float/hdl/_zkf_div_core.v:168$713'.
  created $dff cell `$procdff$837' with positive edge clock.
Creating register for signal `$paramod$2713a8fa9252a82328b423cf173d2441d2d46d03\_zkf_div_core.\r_force_zero[14]' using process `$paramod$2713a8fa9252a82328b423cf173d2441d2d46d03\_zkf_div_core.$proc$/mnt/storage/zubax/kulibin2/float/hdl/_zkf_div_core.v:168$713'.
  created $dff cell `$procdff$838' with positive edge clock.
Creating register for signal `$paramod$2713a8fa9252a82328b423cf173d2441d2d46d03\_zkf_div_core.\r_force_inf[14]' using process `$paramod$2713a8fa9252a82328b423cf173d2441d2d46d03\_zkf_div_core.$proc$/mnt/storage/zubax/kulibin2/float/hdl/_zkf_div_core.v:168$713'.
  created $dff cell `$procdff$839' with positive edge clock.
Creating register for signal `$paramod$2713a8fa9252a82328b423cf173d2441d2d46d03\_zkf_div_core.\r_div0[14]' using process `$paramod$2713a8fa9252a82328b423cf173d2441d2d46d03\_zkf_div_core.$proc$/mnt/storage/zubax/kulibin2/float/hdl/_zkf_div_core.v:168$713'.
  created $dff cell `$procdff$840' with positive edge clock.
Creating register for signal `$paramod$2713a8fa9252a82328b423cf173d2441d2d46d03\_zkf_div_core.\r_den[14]' using process `$paramod$2713a8fa9252a82328b423cf173d2441d2d46d03\_zkf_div_core.$proc$/mnt/storage/zubax/kulibin2/float/hdl/_zkf_div_core.v:168$713'.
  created $dff cell `$procdff$841' with positive edge clock.
Creating register for signal `$paramod$2713a8fa9252a82328b423cf173d2441d2d46d03\_zkf_div_core.\r_den3[14]' using process `$paramod$2713a8fa9252a82328b423cf173d2441d2d46d03\_zkf_div_core.$proc$/mnt/storage/zubax/kulibin2/float/hdl/_zkf_div_core.v:168$713'.
  created $dff cell `$procdff$842' with positive edge clock.
Creating register for signal `$paramod$2713a8fa9252a82328b423cf173d2441d2d46d03\_zkf_div_core.\r_rem[14]' using process `$paramod$2713a8fa9252a82328b423cf173d2441d2d46d03\_zkf_div_core.$proc$/mnt/storage/zubax/kulibin2/float/hdl/_zkf_div_core.v:168$713'.
  created $dff cell `$procdff$843' with positive edge clock.
Creating register for signal `$paramod$2713a8fa9252a82328b423cf173d2441d2d46d03\_zkf_div_core.\r_valid[13]' using process `$paramod$2713a8fa9252a82328b423cf173d2441d2d46d03\_zkf_div_core.$proc$/mnt/storage/zubax/kulibin2/float/hdl/_zkf_div_core.v:168$712'.
  created $dff cell `$procdff$844' with positive edge clock.
Creating register for signal `$paramod$2713a8fa9252a82328b423cf173d2441d2d46d03\_zkf_div_core.\r_sign[13]' using process `$paramod$2713a8fa9252a82328b423cf173d2441d2d46d03\_zkf_div_core.$proc$/mnt/storage/zubax/kulibin2/float/hdl/_zkf_div_core.v:168$712'.
  created $dff cell `$procdff$845' with positive edge clock.
Creating register for signal `$paramod$2713a8fa9252a82328b423cf173d2441d2d46d03\_zkf_div_core.\r_exp_unbiased[13]' using process `$paramod$2713a8fa9252a82328b423cf173d2441d2d46d03\_zkf_div_core.$proc$/mnt/storage/zubax/kulibin2/float/hdl/_zkf_div_core.v:168$712'.
  created $dff cell `$procdff$846' with positive edge clock.
Creating register for signal `$paramod$2713a8fa9252a82328b423cf173d2441d2d46d03\_zkf_div_core.\r_force_zero[13]' using process `$paramod$2713a8fa9252a82328b423cf173d2441d2d46d03\_zkf_div_core.$proc$/mnt/storage/zubax/kulibin2/float/hdl/_zkf_div_core.v:168$712'.
  created $dff cell `$procdff$847' with positive edge clock.
Creating register for signal `$paramod$2713a8fa9252a82328b423cf173d2441d2d46d03\_zkf_div_core.\r_force_inf[13]' using process `$paramod$2713a8fa9252a82328b423cf173d2441d2d46d03\_zkf_div_core.$proc$/mnt/storage/zubax/kulibin2/float/hdl/_zkf_div_core.v:168$712'.
  created $dff cell `$procdff$848' with positive edge clock.
Creating register for signal `$paramod$2713a8fa9252a82328b423cf173d2441d2d46d03\_zkf_div_core.\r_div0[13]' using process `$paramod$2713a8fa9252a82328b423cf173d2441d2d46d03\_zkf_div_core.$proc$/mnt/storage/zubax/kulibin2/float/hdl/_zkf_div_core.v:168$712'.
  created $dff cell `$procdff$849' with positive edge clock.
Creating register for signal `$paramod$2713a8fa9252a82328b423cf173d2441d2d46d03\_zkf_div_core.\r_den[13]' using process `$paramod$2713a8fa9252a82328b423cf173d2441d2d46d03\_zkf_div_core.$proc$/mnt/storage/zubax/kulibin2/float/hdl/_zkf_div_core.v:168$712'.
  created $dff cell `$procdff$850' with positive edge clock.
Creating register for signal `$paramod$2713a8fa9252a82328b423cf173d2441d2d46d03\_zkf_div_core.\r_den3[13]' using process `$paramod$2713a8fa9252a82328b423cf173d2441d2d46d03\_zkf_div_core.$proc$/mnt/storage/zubax/kulibin2/float/hdl/_zkf_div_core.v:168$712'.
  created $dff cell `$procdff$851' with positive edge clock.
Creating register for signal `$paramod$2713a8fa9252a82328b423cf173d2441d2d46d03\_zkf_div_core.\r_rem[13]' using process `$paramod$2713a8fa9252a82328b423cf173d2441d2d46d03\_zkf_div_core.$proc$/mnt/storage/zubax/kulibin2/float/hdl/_zkf_div_core.v:168$712'.
  created $dff cell `$procdff$852' with positive edge clock.
Creating register for signal `$paramod$2713a8fa9252a82328b423cf173d2441d2d46d03\_zkf_div_core.\r_valid[12]' using process `$paramod$2713a8fa9252a82328b423cf173d2441d2d46d03\_zkf_div_core.$proc$/mnt/storage/zubax/kulibin2/float/hdl/_zkf_div_core.v:168$711'.
  created $dff cell `$procdff$853' with positive edge clock.
Creating register for signal `$paramod$2713a8fa9252a82328b423cf173d2441d2d46d03\_zkf_div_core.\r_sign[12]' using process `$paramod$2713a8fa9252a82328b423cf173d2441d2d46d03\_zkf_div_core.$proc$/mnt/storage/zubax/kulibin2/float/hdl/_zkf_div_core.v:168$711'.
  created $dff cell `$procdff$854' with positive edge clock.
Creating register for signal `$paramod$2713a8fa9252a82328b423cf173d2441d2d46d03\_zkf_div_core.\r_exp_unbiased[12]' using process `$paramod$2713a8fa9252a82328b423cf173d2441d2d46d03\_zkf_div_core.$proc$/mnt/storage/zubax/kulibin2/float/hdl/_zkf_div_core.v:168$711'.
  created $dff cell `$procdff$855' with positive edge clock.
Creating register for signal `$paramod$2713a8fa9252a82328b423cf173d2441d2d46d03\_zkf_div_core.\r_force_zero[12]' using process `$paramod$2713a8fa9252a82328b423cf173d2441d2d46d03\_zkf_div_core.$proc$/mnt/storage/zubax/kulibin2/float/hdl/_zkf_div_core.v:168$711'.
  created $dff cell `$procdff$856' with positive edge clock.
Creating register for signal `$paramod$2713a8fa9252a82328b423cf173d2441d2d46d03\_zkf_div_core.\r_force_inf[12]' using process `$paramod$2713a8fa9252a82328b423cf173d2441d2d46d03\_zkf_div_core.$proc$/mnt/storage/zubax/kulibin2/float/hdl/_zkf_div_core.v:168$711'.
  created $dff cell `$procdff$857' with positive edge clock.
Creating register for signal `$paramod$2713a8fa9252a82328b423cf173d2441d2d46d03\_zkf_div_core.\r_div0[12]' using process `$paramod$2713a8fa9252a82328b423cf173d2441d2d46d03\_zkf_div_core.$proc$/mnt/storage/zubax/kulibin2/float/hdl/_zkf_div_core.v:168$711'.
  created $dff cell `$procdff$858' with positive edge clock.
Creating register for signal `$paramod$2713a8fa9252a82328b423cf173d2441d2d46d03\_zkf_div_core.\r_den[12]' using process `$paramod$2713a8fa9252a82328b423cf173d2441d2d46d03\_zkf_div_core.$proc$/mnt/storage/zubax/kulibin2/float/hdl/_zkf_div_core.v:168$711'.
  created $dff cell `$procdff$859' with positive edge clock.
Creating register for signal `$paramod$2713a8fa9252a82328b423cf173d2441d2d46d03\_zkf_div_core.\r_den3[12]' using process `$paramod$2713a8fa9252a82328b423cf173d2441d2d46d03\_zkf_div_core.$proc$/mnt/storage/zubax/kulibin2/float/hdl/_zkf_div_core.v:168$711'.
  created $dff cell `$procdff$860' with positive edge clock.
Creating register for signal `$paramod$2713a8fa9252a82328b423cf173d2441d2d46d03\_zkf_div_core.\r_rem[12]' using process `$paramod$2713a8fa9252a82328b423cf173d2441d2d46d03\_zkf_div_core.$proc$/mnt/storage/zubax/kulibin2/float/hdl/_zkf_div_core.v:168$711'.
  created $dff cell `$procdff$861' with positive edge clock.
Creating register for signal `$paramod$2713a8fa9252a82328b423cf173d2441d2d46d03\_zkf_div_core.\r_valid[11]' using process `$paramod$2713a8fa9252a82328b423cf173d2441d2d46d03\_zkf_div_core.$proc$/mnt/storage/zubax/kulibin2/float/hdl/_zkf_div_core.v:168$710'.
  created $dff cell `$procdff$862' with positive edge clock.
Creating register for signal `$paramod$2713a8fa9252a82328b423cf173d2441d2d46d03\_zkf_div_core.\r_sign[11]' using process `$paramod$2713a8fa9252a82328b423cf173d2441d2d46d03\_zkf_div_core.$proc$/mnt/storage/zubax/kulibin2/float/hdl/_zkf_div_core.v:168$710'.
  created $dff cell `$procdff$863' with positive edge clock.
Creating register for signal `$paramod$2713a8fa9252a82328b423cf173d2441d2d46d03\_zkf_div_core.\r_exp_unbiased[11]' using process `$paramod$2713a8fa9252a82328b423cf173d2441d2d46d03\_zkf_div_core.$proc$/mnt/storage/zubax/kulibin2/float/hdl/_zkf_div_core.v:168$710'.
  created $dff cell `$procdff$864' with positive edge clock.
Creating register for signal `$paramod$2713a8fa9252a82328b423cf173d2441d2d46d03\_zkf_div_core.\r_force_zero[11]' using process `$paramod$2713a8fa9252a82328b423cf173d2441d2d46d03\_zkf_div_core.$proc$/mnt/storage/zubax/kulibin2/float/hdl/_zkf_div_core.v:168$710'.
  created $dff cell `$procdff$865' with positive edge clock.
Creating register for signal `$paramod$2713a8fa9252a82328b423cf173d2441d2d46d03\_zkf_div_core.\r_force_inf[11]' using process `$paramod$2713a8fa9252a82328b423cf173d2441d2d46d03\_zkf_div_core.$proc$/mnt/storage/zubax/kulibin2/float/hdl/_zkf_div_core.v:168$710'.
  created $dff cell `$procdff$866' with positive edge clock.
Creating register for signal `$paramod$2713a8fa9252a82328b423cf173d2441d2d46d03\_zkf_div_core.\r_div0[11]' using process `$paramod$2713a8fa9252a82328b423cf173d2441d2d46d03\_zkf_div_core.$proc$/mnt/storage/zubax/kulibin2/float/hdl/_zkf_div_core.v:168$710'.
  created $dff cell `$procdff$867' with positive edge clock.
Creating register for signal `$paramod$2713a8fa9252a82328b423cf173d2441d2d46d03\_zkf_div_core.\r_den[11]' using process `$paramod$2713a8fa9252a82328b423cf173d2441d2d46d03\_zkf_div_core.$proc$/mnt/storage/zubax/kulibin2/float/hdl/_zkf_div_core.v:168$710'.
  created $dff cell `$procdff$868' with positive edge clock.
Creating register for signal `$paramod$2713a8fa9252a82328b423cf173d2441d2d46d03\_zkf_div_core.\r_den3[11]' using process `$paramod$2713a8fa9252a82328b423cf173d2441d2d46d03\_zkf_div_core.$proc$/mnt/storage/zubax/kulibin2/float/hdl/_zkf_div_core.v:168$710'.
  created $dff cell `$procdff$869' with positive edge clock.
Creating register for signal `$paramod$2713a8fa9252a82328b423cf173d2441d2d46d03\_zkf_div_core.\r_rem[11]' using process `$paramod$2713a8fa9252a82328b423cf173d2441d2d46d03\_zkf_div_core.$proc$/mnt/storage/zubax/kulibin2/float/hdl/_zkf_div_core.v:168$710'.
  created $dff cell `$procdff$870' with positive edge clock.
Creating register for signal `$paramod$2713a8fa9252a82328b423cf173d2441d2d46d03\_zkf_div_core.\r_valid[10]' using process `$paramod$2713a8fa9252a82328b423cf173d2441d2d46d03\_zkf_div_core.$proc$/mnt/storage/zubax/kulibin2/float/hdl/_zkf_div_core.v:168$709'.
  created $dff cell `$procdff$871' with positive edge clock.
Creating register for signal `$paramod$2713a8fa9252a82328b423cf173d2441d2d46d03\_zkf_div_core.\r_sign[10]' using process `$paramod$2713a8fa9252a82328b423cf173d2441d2d46d03\_zkf_div_core.$proc$/mnt/storage/zubax/kulibin2/float/hdl/_zkf_div_core.v:168$709'.
  created $dff cell `$procdff$872' with positive edge clock.
Creating register for signal `$paramod$2713a8fa9252a82328b423cf173d2441d2d46d03\_zkf_div_core.\r_exp_unbiased[10]' using process `$paramod$2713a8fa9252a82328b423cf173d2441d2d46d03\_zkf_div_core.$proc$/mnt/storage/zubax/kulibin2/float/hdl/_zkf_div_core.v:168$709'.
  created $dff cell `$procdff$873' with positive edge clock.
Creating register for signal `$paramod$2713a8fa9252a82328b423cf173d2441d2d46d03\_zkf_div_core.\r_force_zero[10]' using process `$paramod$2713a8fa9252a82328b423cf173d2441d2d46d03\_zkf_div_core.$proc$/mnt/storage/zubax/kulibin2/float/hdl/_zkf_div_core.v:168$709'.
  created $dff cell `$procdff$874' with positive edge clock.
Creating register for signal `$paramod$2713a8fa9252a82328b423cf173d2441d2d46d03\_zkf_div_core.\r_force_inf[10]' using process `$paramod$2713a8fa9252a82328b423cf173d2441d2d46d03\_zkf_div_core.$proc$/mnt/storage/zubax/kulibin2/float/hdl/_zkf_div_core.v:168$709'.
  created $dff cell `$procdff$875' with positive edge clock.
Creating register for signal `$paramod$2713a8fa9252a82328b423cf173d2441d2d46d03\_zkf_div_core.\r_div0[10]' using process `$paramod$2713a8fa9252a82328b423cf173d2441d2d46d03\_zkf_div_core.$proc$/mnt/storage/zubax/kulibin2/float/hdl/_zkf_div_core.v:168$709'.
  created $dff cell `$procdff$876' with positive edge clock.
Creating register for signal `$paramod$2713a8fa9252a82328b423cf173d2441d2d46d03\_zkf_div_core.\r_den[10]' using process `$paramod$2713a8fa9252a82328b423cf173d2441d2d46d03\_zkf_div_core.$proc$/mnt/storage/zubax/kulibin2/float/hdl/_zkf_div_core.v:168$709'.
  created $dff cell `$procdff$877' with positive edge clock.
Creating register for signal `$paramod$2713a8fa9252a82328b423cf173d2441d2d46d03\_zkf_div_core.\r_den3[10]' using process `$paramod$2713a8fa9252a82328b423cf173d2441d2d46d03\_zkf_div_core.$proc$/mnt/storage/zubax/kulibin2/float/hdl/_zkf_div_core.v:168$709'.
  created $dff cell `$procdff$878' with positive edge clock.
Creating register for signal `$paramod$2713a8fa9252a82328b423cf173d2441d2d46d03\_zkf_div_core.\r_rem[10]' using process `$paramod$2713a8fa9252a82328b423cf173d2441d2d46d03\_zkf_div_core.$proc$/mnt/storage/zubax/kulibin2/float/hdl/_zkf_div_core.v:168$709'.
  created $dff cell `$procdff$879' with positive edge clock.
Creating register for signal `$paramod$2713a8fa9252a82328b423cf173d2441d2d46d03\_zkf_div_core.\r_valid[9]' using process `$paramod$2713a8fa9252a82328b423cf173d2441d2d46d03\_zkf_div_core.$proc$/mnt/storage/zubax/kulibin2/float/hdl/_zkf_div_core.v:168$708'.
  created $dff cell `$procdff$880' with positive edge clock.
Creating register for signal `$paramod$2713a8fa9252a82328b423cf173d2441d2d46d03\_zkf_div_core.\r_sign[9]' using process `$paramod$2713a8fa9252a82328b423cf173d2441d2d46d03\_zkf_div_core.$proc$/mnt/storage/zubax/kulibin2/float/hdl/_zkf_div_core.v:168$708'.
  created $dff cell `$procdff$881' with positive edge clock.
Creating register for signal `$paramod$2713a8fa9252a82328b423cf173d2441d2d46d03\_zkf_div_core.\r_exp_unbiased[9]' using process `$paramod$2713a8fa9252a82328b423cf173d2441d2d46d03\_zkf_div_core.$proc$/mnt/storage/zubax/kulibin2/float/hdl/_zkf_div_core.v:168$708'.
  created $dff cell `$procdff$882' with positive edge clock.
Creating register for signal `$paramod$2713a8fa9252a82328b423cf173d2441d2d46d03\_zkf_div_core.\r_force_zero[9]' using process `$paramod$2713a8fa9252a82328b423cf173d2441d2d46d03\_zkf_div_core.$proc$/mnt/storage/zubax/kulibin2/float/hdl/_zkf_div_core.v:168$708'.
  created $dff cell `$procdff$883' with positive edge clock.
Creating register for signal `$paramod$2713a8fa9252a82328b423cf173d2441d2d46d03\_zkf_div_core.\r_force_inf[9]' using process `$paramod$2713a8fa9252a82328b423cf173d2441d2d46d03\_zkf_div_core.$proc$/mnt/storage/zubax/kulibin2/float/hdl/_zkf_div_core.v:168$708'.
  created $dff cell `$procdff$884' with positive edge clock.
Creating register for signal `$paramod$2713a8fa9252a82328b423cf173d2441d2d46d03\_zkf_div_core.\r_div0[9]' using process `$paramod$2713a8fa9252a82328b423cf173d2441d2d46d03\_zkf_div_core.$proc$/mnt/storage/zubax/kulibin2/float/hdl/_zkf_div_core.v:168$708'.
  created $dff cell `$procdff$885' with positive edge clock.
Creating register for signal `$paramod$2713a8fa9252a82328b423cf173d2441d2d46d03\_zkf_div_core.\r_den[9]' using process `$paramod$2713a8fa9252a82328b423cf173d2441d2d46d03\_zkf_div_core.$proc$/mnt/storage/zubax/kulibin2/float/hdl/_zkf_div_core.v:168$708'.
  created $dff cell `$procdff$886' with positive edge clock.
Creating register for signal `$paramod$2713a8fa9252a82328b423cf173d2441d2d46d03\_zkf_div_core.\r_den3[9]' using process `$paramod$2713a8fa9252a82328b423cf173d2441d2d46d03\_zkf_div_core.$proc$/mnt/storage/zubax/kulibin2/float/hdl/_zkf_div_core.v:168$708'.
  created $dff cell `$procdff$887' with positive edge clock.
Creating register for signal `$paramod$2713a8fa9252a82328b423cf173d2441d2d46d03\_zkf_div_core.\r_rem[9]' using process `$paramod$2713a8fa9252a82328b423cf173d2441d2d46d03\_zkf_div_core.$proc$/mnt/storage/zubax/kulibin2/float/hdl/_zkf_div_core.v:168$708'.
  created $dff cell `$procdff$888' with positive edge clock.
Creating register for signal `$paramod$2713a8fa9252a82328b423cf173d2441d2d46d03\_zkf_div_core.\r_valid[8]' using process `$paramod$2713a8fa9252a82328b423cf173d2441d2d46d03\_zkf_div_core.$proc$/mnt/storage/zubax/kulibin2/float/hdl/_zkf_div_core.v:168$707'.
  created $dff cell `$procdff$889' with positive edge clock.
Creating register for signal `$paramod$2713a8fa9252a82328b423cf173d2441d2d46d03\_zkf_div_core.\r_sign[8]' using process `$paramod$2713a8fa9252a82328b423cf173d2441d2d46d03\_zkf_div_core.$proc$/mnt/storage/zubax/kulibin2/float/hdl/_zkf_div_core.v:168$707'.
  created $dff cell `$procdff$890' with positive edge clock.
Creating register for signal `$paramod$2713a8fa9252a82328b423cf173d2441d2d46d03\_zkf_div_core.\r_exp_unbiased[8]' using process `$paramod$2713a8fa9252a82328b423cf173d2441d2d46d03\_zkf_div_core.$proc$/mnt/storage/zubax/kulibin2/float/hdl/_zkf_div_core.v:168$707'.
  created $dff cell `$procdff$891' with positive edge clock.
Creating register for signal `$paramod$2713a8fa9252a82328b423cf173d2441d2d46d03\_zkf_div_core.\r_force_zero[8]' using process `$paramod$2713a8fa9252a82328b423cf173d2441d2d46d03\_zkf_div_core.$proc$/mnt/storage/zubax/kulibin2/float/hdl/_zkf_div_core.v:168$707'.
  created $dff cell `$procdff$892' with positive edge clock.
Creating register for signal `$paramod$2713a8fa9252a82328b423cf173d2441d2d46d03\_zkf_div_core.\r_force_inf[8]' using process `$paramod$2713a8fa9252a82328b423cf173d2441d2d46d03\_zkf_div_core.$proc$/mnt/storage/zubax/kulibin2/float/hdl/_zkf_div_core.v:168$707'.
  created $dff cell `$procdff$893' with positive edge clock.
Creating register for signal `$paramod$2713a8fa9252a82328b423cf173d2441d2d46d03\_zkf_div_core.\r_div0[8]' using process `$paramod$2713a8fa9252a82328b423cf173d2441d2d46d03\_zkf_div_core.$proc$/mnt/storage/zubax/kulibin2/float/hdl/_zkf_div_core.v:168$707'.
  created $dff cell `$procdff$894' with positive edge clock.
Creating register for signal `$paramod$2713a8fa9252a82328b423cf173d2441d2d46d03\_zkf_div_core.\r_den[8]' using process `$paramod$2713a8fa9252a82328b423cf173d2441d2d46d03\_zkf_div_core.$proc$/mnt/storage/zubax/kulibin2/float/hdl/_zkf_div_core.v:168$707'.
  created $dff cell `$procdff$895' with positive edge clock.
Creating register for signal `$paramod$2713a8fa9252a82328b423cf173d2441d2d46d03\_zkf_div_core.\r_den3[8]' using process `$paramod$2713a8fa9252a82328b423cf173d2441d2d46d03\_zkf_div_core.$proc$/mnt/storage/zubax/kulibin2/float/hdl/_zkf_div_core.v:168$707'.
  created $dff cell `$procdff$896' with positive edge clock.
Creating register for signal `$paramod$2713a8fa9252a82328b423cf173d2441d2d46d03\_zkf_div_core.\r_rem[8]' using process `$paramod$2713a8fa9252a82328b423cf173d2441d2d46d03\_zkf_div_core.$proc$/mnt/storage/zubax/kulibin2/float/hdl/_zkf_div_core.v:168$707'.
  created $dff cell `$procdff$897' with positive edge clock.
Creating register for signal `$paramod$2713a8fa9252a82328b423cf173d2441d2d46d03\_zkf_div_core.\r_valid[7]' using process `$paramod$2713a8fa9252a82328b423cf173d2441d2d46d03\_zkf_div_core.$proc$/mnt/storage/zubax/kulibin2/float/hdl/_zkf_div_core.v:168$706'.
  created $dff cell `$procdff$898' with positive edge clock.
Creating register for signal `$paramod$2713a8fa9252a82328b423cf173d2441d2d46d03\_zkf_div_core.\r_sign[7]' using process `$paramod$2713a8fa9252a82328b423cf173d2441d2d46d03\_zkf_div_core.$proc$/mnt/storage/zubax/kulibin2/float/hdl/_zkf_div_core.v:168$706'.
  created $dff cell `$procdff$899' with positive edge clock.
Creating register for signal `$paramod$2713a8fa9252a82328b423cf173d2441d2d46d03\_zkf_div_core.\r_exp_unbiased[7]' using process `$paramod$2713a8fa9252a82328b423cf173d2441d2d46d03\_zkf_div_core.$proc$/mnt/storage/zubax/kulibin2/float/hdl/_zkf_div_core.v:168$706'.
  created $dff cell `$procdff$900' with positive edge clock.
Creating register for signal `$paramod$2713a8fa9252a82328b423cf173d2441d2d46d03\_zkf_div_core.\r_force_zero[7]' using process `$paramod$2713a8fa9252a82328b423cf173d2441d2d46d03\_zkf_div_core.$proc$/mnt/storage/zubax/kulibin2/float/hdl/_zkf_div_core.v:168$706'.
  created $dff cell `$procdff$901' with positive edge clock.
Creating register for signal `$paramod$2713a8fa9252a82328b423cf173d2441d2d46d03\_zkf_div_core.\r_force_inf[7]' using process `$paramod$2713a8fa9252a82328b423cf173d2441d2d46d03\_zkf_div_core.$proc$/mnt/storage/zubax/kulibin2/float/hdl/_zkf_div_core.v:168$706'.
  created $dff cell `$procdff$902' with positive edge clock.
Creating register for signal `$paramod$2713a8fa9252a82328b423cf173d2441d2d46d03\_zkf_div_core.\r_div0[7]' using process `$paramod$2713a8fa9252a82328b423cf173d2441d2d46d03\_zkf_div_core.$proc$/mnt/storage/zubax/kulibin2/float/hdl/_zkf_div_core.v:168$706'.
  created $dff cell `$procdff$903' with positive edge clock.
Creating register for signal `$paramod$2713a8fa9252a82328b423cf173d2441d2d46d03\_zkf_div_core.\r_den[7]' using process `$paramod$2713a8fa9252a82328b423cf173d2441d2d46d03\_zkf_div_core.$proc$/mnt/storage/zubax/kulibin2/float/hdl/_zkf_div_core.v:168$706'.
  created $dff cell `$procdff$904' with positive edge clock.
Creating register for signal `$paramod$2713a8fa9252a82328b423cf173d2441d2d46d03\_zkf_div_core.\r_den3[7]' using process `$paramod$2713a8fa9252a82328b423cf173d2441d2d46d03\_zkf_div_core.$proc$/mnt/storage/zubax/kulibin2/float/hdl/_zkf_div_core.v:168$706'.
  created $dff cell `$procdff$905' with positive edge clock.
Creating register for signal `$paramod$2713a8fa9252a82328b423cf173d2441d2d46d03\_zkf_div_core.\r_rem[7]' using process `$paramod$2713a8fa9252a82328b423cf173d2441d2d46d03\_zkf_div_core.$proc$/mnt/storage/zubax/kulibin2/float/hdl/_zkf_div_core.v:168$706'.
  created $dff cell `$procdff$906' with positive edge clock.
Creating register for signal `$paramod$2713a8fa9252a82328b423cf173d2441d2d46d03\_zkf_div_core.\r_valid[6]' using process `$paramod$2713a8fa9252a82328b423cf173d2441d2d46d03\_zkf_div_core.$proc$/mnt/storage/zubax/kulibin2/float/hdl/_zkf_div_core.v:168$705'.
  created $dff cell `$procdff$907' with positive edge clock.
Creating register for signal `$paramod$2713a8fa9252a82328b423cf173d2441d2d46d03\_zkf_div_core.\r_sign[6]' using process `$paramod$2713a8fa9252a82328b423cf173d2441d2d46d03\_zkf_div_core.$proc$/mnt/storage/zubax/kulibin2/float/hdl/_zkf_div_core.v:168$705'.
  created $dff cell `$procdff$908' with positive edge clock.
Creating register for signal `$paramod$2713a8fa9252a82328b423cf173d2441d2d46d03\_zkf_div_core.\r_exp_unbiased[6]' using process `$paramod$2713a8fa9252a82328b423cf173d2441d2d46d03\_zkf_div_core.$proc$/mnt/storage/zubax/kulibin2/float/hdl/_zkf_div_core.v:168$705'.
  created $dff cell `$procdff$909' with positive edge clock.
Creating register for signal `$paramod$2713a8fa9252a82328b423cf173d2441d2d46d03\_zkf_div_core.\r_force_zero[6]' using process `$paramod$2713a8fa9252a82328b423cf173d2441d2d46d03\_zkf_div_core.$proc$/mnt/storage/zubax/kulibin2/float/hdl/_zkf_div_core.v:168$705'.
  created $dff cell `$procdff$910' with positive edge clock.
Creating register for signal `$paramod$2713a8fa9252a82328b423cf173d2441d2d46d03\_zkf_div_core.\r_force_inf[6]' using process `$paramod$2713a8fa9252a82328b423cf173d2441d2d46d03\_zkf_div_core.$proc$/mnt/storage/zubax/kulibin2/float/hdl/_zkf_div_core.v:168$705'.
  created $dff cell `$procdff$911' with positive edge clock.
Creating register for signal `$paramod$2713a8fa9252a82328b423cf173d2441d2d46d03\_zkf_div_core.\r_div0[6]' using process `$paramod$2713a8fa9252a82328b423cf173d2441d2d46d03\_zkf_div_core.$proc$/mnt/storage/zubax/kulibin2/float/hdl/_zkf_div_core.v:168$705'.
  created $dff cell `$procdff$912' with positive edge clock.
Creating register for signal `$paramod$2713a8fa9252a82328b423cf173d2441d2d46d03\_zkf_div_core.\r_den[6]' using process `$paramod$2713a8fa9252a82328b423cf173d2441d2d46d03\_zkf_div_core.$proc$/mnt/storage/zubax/kulibin2/float/hdl/_zkf_div_core.v:168$705'.
  created $dff cell `$procdff$913' with positive edge clock.
Creating register for signal `$paramod$2713a8fa9252a82328b423cf173d2441d2d46d03\_zkf_div_core.\r_den3[6]' using process `$paramod$2713a8fa9252a82328b423cf173d2441d2d46d03\_zkf_div_core.$proc$/mnt/storage/zubax/kulibin2/float/hdl/_zkf_div_core.v:168$705'.
  created $dff cell `$procdff$914' with positive edge clock.
Creating register for signal `$paramod$2713a8fa9252a82328b423cf173d2441d2d46d03\_zkf_div_core.\r_rem[6]' using process `$paramod$2713a8fa9252a82328b423cf173d2441d2d46d03\_zkf_div_core.$proc$/mnt/storage/zubax/kulibin2/float/hdl/_zkf_div_core.v:168$705'.
  created $dff cell `$procdff$915' with positive edge clock.
Creating register for signal `$paramod$2713a8fa9252a82328b423cf173d2441d2d46d03\_zkf_div_core.\r_valid[5]' using process `$paramod$2713a8fa9252a82328b423cf173d2441d2d46d03\_zkf_div_core.$proc$/mnt/storage/zubax/kulibin2/float/hdl/_zkf_div_core.v:168$704'.
  created $dff cell `$procdff$916' with positive edge clock.
Creating register for signal `$paramod$2713a8fa9252a82328b423cf173d2441d2d46d03\_zkf_div_core.\r_sign[5]' using process `$paramod$2713a8fa9252a82328b423cf173d2441d2d46d03\_zkf_div_core.$proc$/mnt/storage/zubax/kulibin2/float/hdl/_zkf_div_core.v:168$704'.
  created $dff cell `$procdff$917' with positive edge clock.
Creating register for signal `$paramod$2713a8fa9252a82328b423cf173d2441d2d46d03\_zkf_div_core.\r_exp_unbiased[5]' using process `$paramod$2713a8fa9252a82328b423cf173d2441d2d46d03\_zkf_div_core.$proc$/mnt/storage/zubax/kulibin2/float/hdl/_zkf_div_core.v:168$704'.
  created $dff cell `$procdff$918' with positive edge clock.
Creating register for signal `$paramod$2713a8fa9252a82328b423cf173d2441d2d46d03\_zkf_div_core.\r_force_zero[5]' using process `$paramod$2713a8fa9252a82328b423cf173d2441d2d46d03\_zkf_div_core.$proc$/mnt/storage/zubax/kulibin2/float/hdl/_zkf_div_core.v:168$704'.
  created $dff cell `$procdff$919' with positive edge clock.
Creating register for signal `$paramod$2713a8fa9252a82328b423cf173d2441d2d46d03\_zkf_div_core.\r_force_inf[5]' using process `$paramod$2713a8fa9252a82328b423cf173d2441d2d46d03\_zkf_div_core.$proc$/mnt/storage/zubax/kulibin2/float/hdl/_zkf_div_core.v:168$704'.
  created $dff cell `$procdff$920' with positive edge clock.
Creating register for signal `$paramod$2713a8fa9252a82328b423cf173d2441d2d46d03\_zkf_div_core.\r_div0[5]' using process `$paramod$2713a8fa9252a82328b423cf173d2441d2d46d03\_zkf_div_core.$proc$/mnt/storage/zubax/kulibin2/float/hdl/_zkf_div_core.v:168$704'.
  created $dff cell `$procdff$921' with positive edge clock.
Creating register for signal `$paramod$2713a8fa9252a82328b423cf173d2441d2d46d03\_zkf_div_core.\r_den[5]' using process `$paramod$2713a8fa9252a82328b423cf173d2441d2d46d03\_zkf_div_core.$proc$/mnt/storage/zubax/kulibin2/float/hdl/_zkf_div_core.v:168$704'.
  created $dff cell `$procdff$922' with positive edge clock.
Creating register for signal `$paramod$2713a8fa9252a82328b423cf173d2441d2d46d03\_zkf_div_core.\r_den3[5]' using process `$paramod$2713a8fa9252a82328b423cf173d2441d2d46d03\_zkf_div_core.$proc$/mnt/storage/zubax/kulibin2/float/hdl/_zkf_div_core.v:168$704'.
  created $dff cell `$procdff$923' with positive edge clock.
Creating register for signal `$paramod$2713a8fa9252a82328b423cf173d2441d2d46d03\_zkf_div_core.\r_rem[5]' using process `$paramod$2713a8fa9252a82328b423cf173d2441d2d46d03\_zkf_div_core.$proc$/mnt/storage/zubax/kulibin2/float/hdl/_zkf_div_core.v:168$704'.
  created $dff cell `$procdff$924' with positive edge clock.
Creating register for signal `$paramod$2713a8fa9252a82328b423cf173d2441d2d46d03\_zkf_div_core.\r_valid[4]' using process `$paramod$2713a8fa9252a82328b423cf173d2441d2d46d03\_zkf_div_core.$proc$/mnt/storage/zubax/kulibin2/float/hdl/_zkf_div_core.v:168$703'.
  created $dff cell `$procdff$925' with positive edge clock.
Creating register for signal `$paramod$2713a8fa9252a82328b423cf173d2441d2d46d03\_zkf_div_core.\r_sign[4]' using process `$paramod$2713a8fa9252a82328b423cf173d2441d2d46d03\_zkf_div_core.$proc$/mnt/storage/zubax/kulibin2/float/hdl/_zkf_div_core.v:168$703'.
  created $dff cell `$procdff$926' with positive edge clock.
Creating register for signal `$paramod$2713a8fa9252a82328b423cf173d2441d2d46d03\_zkf_div_core.\r_exp_unbiased[4]' using process `$paramod$2713a8fa9252a82328b423cf173d2441d2d46d03\_zkf_div_core.$proc$/mnt/storage/zubax/kulibin2/float/hdl/_zkf_div_core.v:168$703'.
  created $dff cell `$procdff$927' with positive edge clock.
Creating register for signal `$paramod$2713a8fa9252a82328b423cf173d2441d2d46d03\_zkf_div_core.\r_force_zero[4]' using process `$paramod$2713a8fa9252a82328b423cf173d2441d2d46d03\_zkf_div_core.$proc$/mnt/storage/zubax/kulibin2/float/hdl/_zkf_div_core.v:168$703'.
  created $dff cell `$procdff$928' with positive edge clock.
Creating register for signal `$paramod$2713a8fa9252a82328b423cf173d2441d2d46d03\_zkf_div_core.\r_force_inf[4]' using process `$paramod$2713a8fa9252a82328b423cf173d2441d2d46d03\_zkf_div_core.$proc$/mnt/storage/zubax/kulibin2/float/hdl/_zkf_div_core.v:168$703'.
  created $dff cell `$procdff$929' with positive edge clock.
Creating register for signal `$paramod$2713a8fa9252a82328b423cf173d2441d2d46d03\_zkf_div_core.\r_div0[4]' using process `$paramod$2713a8fa9252a82328b423cf173d2441d2d46d03\_zkf_div_core.$proc$/mnt/storage/zubax/kulibin2/float/hdl/_zkf_div_core.v:168$703'.
  created $dff cell `$procdff$930' with positive edge clock.
Creating register for signal `$paramod$2713a8fa9252a82328b423cf173d2441d2d46d03\_zkf_div_core.\r_den[4]' using process `$paramod$2713a8fa9252a82328b423cf173d2441d2d46d03\_zkf_div_core.$proc$/mnt/storage/zubax/kulibin2/float/hdl/_zkf_div_core.v:168$703'.
  created $dff cell `$procdff$931' with positive edge clock.
Creating register for signal `$paramod$2713a8fa9252a82328b423cf173d2441d2d46d03\_zkf_div_core.\r_den3[4]' using process `$paramod$2713a8fa9252a82328b423cf173d2441d2d46d03\_zkf_div_core.$proc$/mnt/storage/zubax/kulibin2/float/hdl/_zkf_div_core.v:168$703'.
  created $dff cell `$procdff$932' with positive edge clock.
Creating register for signal `$paramod$2713a8fa9252a82328b423cf173d2441d2d46d03\_zkf_div_core.\r_rem[4]' using process `$paramod$2713a8fa9252a82328b423cf173d2441d2d46d03\_zkf_div_core.$proc$/mnt/storage/zubax/kulibin2/float/hdl/_zkf_div_core.v:168$703'.
  created $dff cell `$procdff$933' with positive edge clock.
Creating register for signal `$paramod$2713a8fa9252a82328b423cf173d2441d2d46d03\_zkf_div_core.\r_valid[3]' using process `$paramod$2713a8fa9252a82328b423cf173d2441d2d46d03\_zkf_div_core.$proc$/mnt/storage/zubax/kulibin2/float/hdl/_zkf_div_core.v:168$702'.
  created $dff cell `$procdff$934' with positive edge clock.
Creating register for signal `$paramod$2713a8fa9252a82328b423cf173d2441d2d46d03\_zkf_div_core.\r_sign[3]' using process `$paramod$2713a8fa9252a82328b423cf173d2441d2d46d03\_zkf_div_core.$proc$/mnt/storage/zubax/kulibin2/float/hdl/_zkf_div_core.v:168$702'.
  created $dff cell `$procdff$935' with positive edge clock.
Creating register for signal `$paramod$2713a8fa9252a82328b423cf173d2441d2d46d03\_zkf_div_core.\r_exp_unbiased[3]' using process `$paramod$2713a8fa9252a82328b423cf173d2441d2d46d03\_zkf_div_core.$proc$/mnt/storage/zubax/kulibin2/float/hdl/_zkf_div_core.v:168$702'.
  created $dff cell `$procdff$936' with positive edge clock.
Creating register for signal `$paramod$2713a8fa9252a82328b423cf173d2441d2d46d03\_zkf_div_core.\r_force_zero[3]' using process `$paramod$2713a8fa9252a82328b423cf173d2441d2d46d03\_zkf_div_core.$proc$/mnt/storage/zubax/kulibin2/float/hdl/_zkf_div_core.v:168$702'.
  created $dff cell `$procdff$937' with positive edge clock.
Creating register for signal `$paramod$2713a8fa9252a82328b423cf173d2441d2d46d03\_zkf_div_core.\r_force_inf[3]' using process `$paramod$2713a8fa9252a82328b423cf173d2441d2d46d03\_zkf_div_core.$proc$/mnt/storage/zubax/kulibin2/float/hdl/_zkf_div_core.v:168$702'.
  created $dff cell `$procdff$938' with positive edge clock.
Creating register for signal `$paramod$2713a8fa9252a82328b423cf173d2441d2d46d03\_zkf_div_core.\r_div0[3]' using process `$paramod$2713a8fa9252a82328b423cf173d2441d2d46d03\_zkf_div_core.$proc$/mnt/storage/zubax/kulibin2/float/hdl/_zkf_div_core.v:168$702'.
  created $dff cell `$procdff$939' with positive edge clock.
Creating register for signal `$paramod$2713a8fa9252a82328b423cf173d2441d2d46d03\_zkf_div_core.\r_den[3]' using process `$paramod$2713a8fa9252a82328b423cf173d2441d2d46d03\_zkf_div_core.$proc$/mnt/storage/zubax/kulibin2/float/hdl/_zkf_div_core.v:168$702'.
  created $dff cell `$procdff$940' with positive edge clock.
Creating register for signal `$paramod$2713a8fa9252a82328b423cf173d2441d2d46d03\_zkf_div_core.\r_den3[3]' using process `$paramod$2713a8fa9252a82328b423cf173d2441d2d46d03\_zkf_div_core.$proc$/mnt/storage/zubax/kulibin2/float/hdl/_zkf_div_core.v:168$702'.
  created $dff cell `$procdff$941' with positive edge clock.
Creating register for signal `$paramod$2713a8fa9252a82328b423cf173d2441d2d46d03\_zkf_div_core.\r_rem[3]' using process `$paramod$2713a8fa9252a82328b423cf173d2441d2d46d03\_zkf_div_core.$proc$/mnt/storage/zubax/kulibin2/float/hdl/_zkf_div_core.v:168$702'.
  created $dff cell `$procdff$942' with positive edge clock.
Creating register for signal `$paramod$2713a8fa9252a82328b423cf173d2441d2d46d03\_zkf_div_core.\r_valid[2]' using process `$paramod$2713a8fa9252a82328b423cf173d2441d2d46d03\_zkf_div_core.$proc$/mnt/storage/zubax/kulibin2/float/hdl/_zkf_div_core.v:168$701'.
  created $dff cell `$procdff$943' with positive edge clock.
Creating register for signal `$paramod$2713a8fa9252a82328b423cf173d2441d2d46d03\_zkf_div_core.\r_sign[2]' using process `$paramod$2713a8fa9252a82328b423cf173d2441d2d46d03\_zkf_div_core.$proc$/mnt/storage/zubax/kulibin2/float/hdl/_zkf_div_core.v:168$701'.
  created $dff cell `$procdff$944' with positive edge clock.
Creating register for signal `$paramod$2713a8fa9252a82328b423cf173d2441d2d46d03\_zkf_div_core.\r_exp_unbiased[2]' using process `$paramod$2713a8fa9252a82328b423cf173d2441d2d46d03\_zkf_div_core.$proc$/mnt/storage/zubax/kulibin2/float/hdl/_zkf_div_core.v:168$701'.
  created $dff cell `$procdff$945' with positive edge clock.
Creating register for signal `$paramod$2713a8fa9252a82328b423cf173d2441d2d46d03\_zkf_div_core.\r_force_zero[2]' using process `$paramod$2713a8fa9252a82328b423cf173d2441d2d46d03\_zkf_div_core.$proc$/mnt/storage/zubax/kulibin2/float/hdl/_zkf_div_core.v:168$701'.
  created $dff cell `$procdff$946' with positive edge clock.
Creating register for signal `$paramod$2713a8fa9252a82328b423cf173d2441d2d46d03\_zkf_div_core.\r_force_inf[2]' using process `$paramod$2713a8fa9252a82328b423cf173d2441d2d46d03\_zkf_div_core.$proc$/mnt/storage/zubax/kulibin2/float/hdl/_zkf_div_core.v:168$701'.
  created $dff cell `$procdff$947' with positive edge clock.
Creating register for signal `$paramod$2713a8fa9252a82328b423cf173d2441d2d46d03\_zkf_div_core.\r_div0[2]' using process `$paramod$2713a8fa9252a82328b423cf173d2441d2d46d03\_zkf_div_core.$proc$/mnt/storage/zubax/kulibin2/float/hdl/_zkf_div_core.v:168$701'.
  created $dff cell `$procdff$948' with positive edge clock.
Creating register for signal `$paramod$2713a8fa9252a82328b423cf173d2441d2d46d03\_zkf_div_core.\r_den[2]' using process `$paramod$2713a8fa9252a82328b423cf173d2441d2d46d03\_zkf_div_core.$proc$/mnt/storage/zubax/kulibin2/float/hdl/_zkf_div_core.v:168$701'.
  created $dff cell `$procdff$949' with positive edge clock.
Creating register for signal `$paramod$2713a8fa9252a82328b423cf173d2441d2d46d03\_zkf_div_core.\r_den3[2]' using process `$paramod$2713a8fa9252a82328b423cf173d2441d2d46d03\_zkf_div_core.$proc$/mnt/storage/zubax/kulibin2/float/hdl/_zkf_div_core.v:168$701'.
  created $dff cell `$procdff$950' with positive edge clock.
Creating register for signal `$paramod$2713a8fa9252a82328b423cf173d2441d2d46d03\_zkf_div_core.\r_rem[2]' using process `$paramod$2713a8fa9252a82328b423cf173d2441d2d46d03\_zkf_div_core.$proc$/mnt/storage/zubax/kulibin2/float/hdl/_zkf_div_core.v:168$701'.
  created $dff cell `$procdff$951' with positive edge clock.
Creating register for signal `$paramod$2713a8fa9252a82328b423cf173d2441d2d46d03\_zkf_div_core.\r_valid[1]' using process `$paramod$2713a8fa9252a82328b423cf173d2441d2d46d03\_zkf_div_core.$proc$/mnt/storage/zubax/kulibin2/float/hdl/_zkf_div_core.v:168$700'.
  created $dff cell `$procdff$952' with positive edge clock.
Creating register for signal `$paramod$2713a8fa9252a82328b423cf173d2441d2d46d03\_zkf_div_core.\r_sign[1]' using process `$paramod$2713a8fa9252a82328b423cf173d2441d2d46d03\_zkf_div_core.$proc$/mnt/storage/zubax/kulibin2/float/hdl/_zkf_div_core.v:168$700'.
  created $dff cell `$procdff$953' with positive edge clock.
Creating register for signal `$paramod$2713a8fa9252a82328b423cf173d2441d2d46d03\_zkf_div_core.\r_exp_unbiased[1]' using process `$paramod$2713a8fa9252a82328b423cf173d2441d2d46d03\_zkf_div_core.$proc$/mnt/storage/zubax/kulibin2/float/hdl/_zkf_div_core.v:168$700'.
  created $dff cell `$procdff$954' with positive edge clock.
Creating register for signal `$paramod$2713a8fa9252a82328b423cf173d2441d2d46d03\_zkf_div_core.\r_force_zero[1]' using process `$paramod$2713a8fa9252a82328b423cf173d2441d2d46d03\_zkf_div_core.$proc$/mnt/storage/zubax/kulibin2/float/hdl/_zkf_div_core.v:168$700'.
  created $dff cell `$procdff$955' with positive edge clock.
Creating register for signal `$paramod$2713a8fa9252a82328b423cf173d2441d2d46d03\_zkf_div_core.\r_force_inf[1]' using process `$paramod$2713a8fa9252a82328b423cf173d2441d2d46d03\_zkf_div_core.$proc$/mnt/storage/zubax/kulibin2/float/hdl/_zkf_div_core.v:168$700'.
  created $dff cell `$procdff$956' with positive edge clock.
Creating register for signal `$paramod$2713a8fa9252a82328b423cf173d2441d2d46d03\_zkf_div_core.\r_div0[1]' using process `$paramod$2713a8fa9252a82328b423cf173d2441d2d46d03\_zkf_div_core.$proc$/mnt/storage/zubax/kulibin2/float/hdl/_zkf_div_core.v:168$700'.
  created $dff cell `$procdff$957' with positive edge clock.
Creating register for signal `$paramod$2713a8fa9252a82328b423cf173d2441d2d46d03\_zkf_div_core.\r_den[1]' using process `$paramod$2713a8fa9252a82328b423cf173d2441d2d46d03\_zkf_div_core.$proc$/mnt/storage/zubax/kulibin2/float/hdl/_zkf_div_core.v:168$700'.
  created $dff cell `$procdff$958' with positive edge clock.
Creating register for signal `$paramod$2713a8fa9252a82328b423cf173d2441d2d46d03\_zkf_div_core.\r_den3[1]' using process `$paramod$2713a8fa9252a82328b423cf173d2441d2d46d03\_zkf_div_core.$proc$/mnt/storage/zubax/kulibin2/float/hdl/_zkf_div_core.v:168$700'.
  created $dff cell `$procdff$959' with positive edge clock.
Creating register for signal `$paramod$2713a8fa9252a82328b423cf173d2441d2d46d03\_zkf_div_core.\r_rem[1]' using process `$paramod$2713a8fa9252a82328b423cf173d2441d2d46d03\_zkf_div_core.$proc$/mnt/storage/zubax/kulibin2/float/hdl/_zkf_div_core.v:168$700'.
  created $dff cell `$procdff$960' with positive edge clock.
Creating register for signal `$paramod$2713a8fa9252a82328b423cf173d2441d2d46d03\_zkf_div_core.\round' using process `$paramod$2713a8fa9252a82328b423cf173d2441d2d46d03\_zkf_div_core.$proc$/mnt/storage/zubax/kulibin2/float/hdl/_zkf_div_core.v:226$694'.
  created $dff cell `$procdff$961' with positive edge clock.
Creating register for signal `$paramod$2713a8fa9252a82328b423cf173d2441d2d46d03\_zkf_div_core.\sign' using process `$paramod$2713a8fa9252a82328b423cf173d2441d2d46d03\_zkf_div_core.$proc$/mnt/storage/zubax/kulibin2/float/hdl/_zkf_div_core.v:226$694'.
  created $dff cell `$procdff$962' with positive edge clock.
Creating register for signal `$paramod$2713a8fa9252a82328b423cf173d2441d2d46d03\_zkf_div_core.\force_zero' using process `$paramod$2713a8fa9252a82328b423cf173d2441d2d46d03\_zkf_div_core.$proc$/mnt/storage/zubax/kulibin2/float/hdl/_zkf_div_core.v:226$694'.
  created $dff cell `$procdff$963' with positive edge clock.
Creating register for signal `$paramod$2713a8fa9252a82328b423cf173d2441d2d46d03\_zkf_div_core.\force_inf' using process `$paramod$2713a8fa9252a82328b423cf173d2441d2d46d03\_zkf_div_core.$proc$/mnt/storage/zubax/kulibin2/float/hdl/_zkf_div_core.v:226$694'.
  created $dff cell `$procdff$964' with positive edge clock.
Creating register for signal `$paramod$2713a8fa9252a82328b423cf173d2441d2d46d03\_zkf_div_core.\exp_unbiased' using process `$paramod$2713a8fa9252a82328b423cf173d2441d2d46d03\_zkf_div_core.$proc$/mnt/storage/zubax/kulibin2/float/hdl/_zkf_div_core.v:226$694'.
  created $dff cell `$procdff$965' with positive edge clock.
Creating register for signal `$paramod$2713a8fa9252a82328b423cf173d2441d2d46d03\_zkf_div_core.\significand' using process `$paramod$2713a8fa9252a82328b423cf173d2441d2d46d03\_zkf_div_core.$proc$/mnt/storage/zubax/kulibin2/float/hdl/_zkf_div_core.v:226$694'.
  created $dff cell `$procdff$966' with positive edge clock.
Creating register for signal `$paramod$2713a8fa9252a82328b423cf173d2441d2d46d03\_zkf_div_core.\guard' using process `$paramod$2713a8fa9252a82328b423cf173d2441d2d46d03\_zkf_div_core.$proc$/mnt/storage/zubax/kulibin2/float/hdl/_zkf_div_core.v:226$694'.
  created $dff cell `$procdff$967' with positive edge clock.
Creating register for signal `$paramod$2713a8fa9252a82328b423cf173d2441d2d46d03\_zkf_div_core.\sticky' using process `$paramod$2713a8fa9252a82328b423cf173d2441d2d46d03\_zkf_div_core.$proc$/mnt/storage/zubax/kulibin2/float/hdl/_zkf_div_core.v:226$694'.
  created $dff cell `$procdff$968' with positive edge clock.
Creating register for signal `$paramod$2713a8fa9252a82328b423cf173d2441d2d46d03\_zkf_div_core.\out_valid' using process `$paramod$2713a8fa9252a82328b423cf173d2441d2d46d03\_zkf_div_core.$proc$/mnt/storage/zubax/kulibin2/float/hdl/_zkf_div_core.v:226$694'.
  created $dff cell `$procdff$969' with positive edge clock.
Creating register for signal `$paramod$2713a8fa9252a82328b423cf173d2441d2d46d03\_zkf_div_core.\div0' using process `$paramod$2713a8fa9252a82328b423cf173d2441d2d46d03\_zkf_div_core.$proc$/mnt/storage/zubax/kulibin2/float/hdl/_zkf_div_core.v:226$694'.
  created $dff cell `$procdff$970' with positive edge clock.
Creating register for signal `$paramod$2713a8fa9252a82328b423cf173d2441d2d46d03\_zkf_div_core.\partial_rem' using process `$paramod$2713a8fa9252a82328b423cf173d2441d2d46d03\_zkf_div_core.$proc$/mnt/storage/zubax/kulibin2/float/hdl/_zkf_div_core.v:226$694'.
  created $dff cell `$procdff$971' with positive edge clock.
Creating register for signal `$paramod$2713a8fa9252a82328b423cf173d2441d2d46d03\_zkf_div_core.\r_raw0' using process `$paramod$2713a8fa9252a82328b423cf173d2441d2d46d03\_zkf_div_core.$proc$/mnt/storage/zubax/kulibin2/float/hdl/_zkf_div_core.v:125$689'.
  created $dff cell `$procdff$972' with positive edge clock.
Creating register for signal `$paramod$2713a8fa9252a82328b423cf173d2441d2d46d03\_zkf_div_core.\r_valid[0]' using process `$paramod$2713a8fa9252a82328b423cf173d2441d2d46d03\_zkf_div_core.$proc$/mnt/storage/zubax/kulibin2/float/hdl/_zkf_div_core.v:125$689'.
  created $dff cell `$procdff$973' with positive edge clock.
Creating register for signal `$paramod$2713a8fa9252a82328b423cf173d2441d2d46d03\_zkf_div_core.\r_sign[0]' using process `$paramod$2713a8fa9252a82328b423cf173d2441d2d46d03\_zkf_div_core.$proc$/mnt/storage/zubax/kulibin2/float/hdl/_zkf_div_core.v:125$689'.
  created $dff cell `$procdff$974' with positive edge clock.
Creating register for signal `$paramod$2713a8fa9252a82328b423cf173d2441d2d46d03\_zkf_div_core.\r_exp_unbiased[0]' using process `$paramod$2713a8fa9252a82328b423cf173d2441d2d46d03\_zkf_div_core.$proc$/mnt/storage/zubax/kulibin2/float/hdl/_zkf_div_core.v:125$689'.
  created $dff cell `$procdff$975' with positive edge clock.
Creating register for signal `$paramod$2713a8fa9252a82328b423cf173d2441d2d46d03\_zkf_div_core.\r_force_zero[0]' using process `$paramod$2713a8fa9252a82328b423cf173d2441d2d46d03\_zkf_div_core.$proc$/mnt/storage/zubax/kulibin2/float/hdl/_zkf_div_core.v:125$689'.
  created $dff cell `$procdff$976' with positive edge clock.
Creating register for signal `$paramod$2713a8fa9252a82328b423cf173d2441d2d46d03\_zkf_div_core.\r_force_inf[0]' using process `$paramod$2713a8fa9252a82328b423cf173d2441d2d46d03\_zkf_div_core.$proc$/mnt/storage/zubax/kulibin2/float/hdl/_zkf_div_core.v:125$689'.
  created $dff cell `$procdff$977' with positive edge clock.
Creating register for signal `$paramod$2713a8fa9252a82328b423cf173d2441d2d46d03\_zkf_div_core.\r_div0[0]' using process `$paramod$2713a8fa9252a82328b423cf173d2441d2d46d03\_zkf_div_core.$proc$/mnt/storage/zubax/kulibin2/float/hdl/_zkf_div_core.v:125$689'.
  created $dff cell `$procdff$978' with positive edge clock.
Creating register for signal `$paramod$2713a8fa9252a82328b423cf173d2441d2d46d03\_zkf_div_core.\r_den[0]' using process `$paramod$2713a8fa9252a82328b423cf173d2441d2d46d03\_zkf_div_core.$proc$/mnt/storage/zubax/kulibin2/float/hdl/_zkf_div_core.v:125$689'.
  created $dff cell `$procdff$979' with positive edge clock.
Creating register for signal `$paramod$2713a8fa9252a82328b423cf173d2441d2d46d03\_zkf_div_core.\r_den3[0]' using process `$paramod$2713a8fa9252a82328b423cf173d2441d2d46d03\_zkf_div_core.$proc$/mnt/storage/zubax/kulibin2/float/hdl/_zkf_div_core.v:125$689'.
  created $dff cell `$procdff$980' with positive edge clock.
Creating register for signal `$paramod$2713a8fa9252a82328b423cf173d2441d2d46d03\_zkf_div_core.\r_rem[0]' using process `$paramod$2713a8fa9252a82328b423cf173d2441d2d46d03\_zkf_div_core.$proc$/mnt/storage/zubax/kulibin2/float/hdl/_zkf_div_core.v:125$689'.
  created $dff cell `$procdff$981' with positive edge clock.
Creating register for signal `$paramod\_zkf_div_raw_stage\WIN=s32'00000000000000000000000000010111.\raw_next' using process `$paramod\_zkf_div_raw_stage\WIN=s32'00000000000000000000000000010111.$proc$/mnt/storage/zubax/kulibin2/float/hdl/_zkf_div_core.v:256$613'.
  created $dff cell `$procdff$982' with positive edge clock.
Creating register for signal `$paramod\_zkf_div_raw_stage\WIN=s32'00000000000000000000000000011001.\raw_next' using process `$paramod\_zkf_div_raw_stage\WIN=s32'00000000000000000000000000011001.$proc$/mnt/storage/zubax/kulibin2/float/hdl/_zkf_div_core.v:256$612'.
  created $dff cell `$procdff$983' with positive edge clock.
Creating register for signal `$paramod\_zkf_div_raw_stage\WIN=s32'00000000000000000000000000011011.\raw_next' using process `$paramod\_zkf_div_raw_stage\WIN=s32'00000000000000000000000000011011.$proc$/mnt/storage/zubax/kulibin2/float/hdl/_zkf_div_core.v:256$611'.
  created $dff cell `$procdff$984' with positive edge clock.
Creating register for signal `$paramod\_zkf_div_raw_stage\WIN=s32'00000000000000000000000000000011.\raw_next' using process `$paramod\_zkf_div_raw_stage\WIN=s32'00000000000000000000000000000011.$proc$/mnt/storage/zubax/kulibin2/float/hdl/_zkf_div_core.v:256$336'.
  created $dff cell `$procdff$985' with positive edge clock.
Creating register for signal `$paramod\_zkf_div_raw_stage\WIN=s32'00000000000000000000000000000101.\raw_next' using process `$paramod\_zkf_div_raw_stage\WIN=s32'00000000000000000000000000000101.$proc$/mnt/storage/zubax/kulibin2/float/hdl/_zkf_div_core.v:256$335'.
  created $dff cell `$procdff$986' with positive edge clock.
Creating register for signal `$paramod\_zkf_div_raw_stage\WIN=s32'00000000000000000000000000000111.\raw_next' using process `$paramod\_zkf_div_raw_stage\WIN=s32'00000000000000000000000000000111.$proc$/mnt/storage/zubax/kulibin2/float/hdl/_zkf_div_core.v:256$334'.
  created $dff cell `$procdff$987' with positive edge clock.
Creating register for signal `$paramod\_zkf_div_raw_stage\WIN=s32'00000000000000000000000000001001.\raw_next' using process `$paramod\_zkf_div_raw_stage\WIN=s32'00000000000000000000000000001001.$proc$/mnt/storage/zubax/kulibin2/float/hdl/_zkf_div_core.v:256$333'.
  created $dff cell `$procdff$988' with positive edge clock.
Creating register for signal `$paramod\_zkf_div_raw_stage\WIN=s32'00000000000000000000000000001011.\raw_next' using process `$paramod\_zkf_div_raw_stage\WIN=s32'00000000000000000000000000001011.$proc$/mnt/storage/zubax/kulibin2/float/hdl/_zkf_div_core.v:256$332'.
  created $dff cell `$procdff$989' with positive edge clock.
Creating register for signal `$paramod\_zkf_div_raw_stage\WIN=s32'00000000000000000000000000001101.\raw_next' using process `$paramod\_zkf_div_raw_stage\WIN=s32'00000000000000000000000000001101.$proc$/mnt/storage/zubax/kulibin2/float/hdl/_zkf_div_core.v:256$331'.
  created $dff cell `$procdff$990' with positive edge clock.
Creating register for signal `$paramod\_zkf_div_raw_stage\WIN=s32'00000000000000000000000000001111.\raw_next' using process `$paramod\_zkf_div_raw_stage\WIN=s32'00000000000000000000000000001111.$proc$/mnt/storage/zubax/kulibin2/float/hdl/_zkf_div_core.v:256$330'.
  created $dff cell `$procdff$991' with positive edge clock.
Creating register for signal `$paramod\_zkf_div_raw_stage\WIN=s32'00000000000000000000000000010001.\raw_next' using process `$paramod\_zkf_div_raw_stage\WIN=s32'00000000000000000000000000010001.$proc$/mnt/storage/zubax/kulibin2/float/hdl/_zkf_div_core.v:256$329'.
  created $dff cell `$procdff$992' with positive edge clock.
Creating register for signal `$paramod\_zkf_div_raw_stage\WIN=s32'00000000000000000000000000011101.\raw_next' using process `$paramod\_zkf_div_raw_stage\WIN=s32'00000000000000000000000000011101.$proc$/mnt/storage/zubax/kulibin2/float/hdl/_zkf_div_core.v:256$610'.
  created $dff cell `$procdff$993' with positive edge clock.
Creating register for signal `$paramod\_zkf_div_raw_stage\WIN=s32'00000000000000000000000000010011.\raw_next' using process `$paramod\_zkf_div_raw_stage\WIN=s32'00000000000000000000000000010011.$proc$/mnt/storage/zubax/kulibin2/float/hdl/_zkf_div_core.v:256$316'.
  created $dff cell `$procdff$994' with positive edge clock.
Creating register for signal `\top_zkf_div_w8_m36_base.\a_r' using process `\top_zkf_div_w8_m36_base.$proc$/mnt/storage/test/zkf-vs-flopoco/artifacts/targets/ecp5-yosys/rows/zkf_div_w8_m36_base/src/top_zkf_div_w8_m36_base.v:37$90'.
  created $dff cell `$procdff$995' with positive edge clock.
Creating register for signal `\top_zkf_div_w8_m36_base.\b_r' using process `\top_zkf_div_w8_m36_base.$proc$/mnt/storage/test/zkf-vs-flopoco/artifacts/targets/ecp5-yosys/rows/zkf_div_w8_m36_base/src/top_zkf_div_w8_m36_base.v:37$90'.
  created $dff cell `$procdff$996' with positive edge clock.
Creating register for signal `\top_zkf_div_w8_m36_base.\in_valid_r' using process `\top_zkf_div_w8_m36_base.$proc$/mnt/storage/test/zkf-vs-flopoco/artifacts/targets/ecp5-yosys/rows/zkf_div_w8_m36_base/src/top_zkf_div_w8_m36_base.v:37$90'.
  created $dff cell `$procdff$997' with positive edge clock.
Creating register for signal `\top_zkf_div_w8_m36_base.\div0_r' using process `\top_zkf_div_w8_m36_base.$proc$/mnt/storage/test/zkf-vs-flopoco/artifacts/targets/ecp5-yosys/rows/zkf_div_w8_m36_base/src/top_zkf_div_w8_m36_base.v:37$90'.
  created $dff cell `$procdff$998' with positive edge clock.
Creating register for signal `\top_zkf_div_w8_m36_base.\y_r' using process `\top_zkf_div_w8_m36_base.$proc$/mnt/storage/test/zkf-vs-flopoco/artifacts/targets/ecp5-yosys/rows/zkf_div_w8_m36_base/src/top_zkf_div_w8_m36_base.v:37$90'.
  created $dff cell `$procdff$999' with positive edge clock.
Creating register for signal `\top_zkf_div_w8_m36_base.\out_valid_r' using process `\top_zkf_div_w8_m36_base.$proc$/mnt/storage/test/zkf-vs-flopoco/artifacts/targets/ecp5-yosys/rows/zkf_div_w8_m36_base/src/top_zkf_div_w8_m36_base.v:37$90'.
  created $dff cell `$procdff$1000' with positive edge clock.
Creating register for signal `$paramod\_zkf_div_raw_stage\WIN=s32'00000000000000000000000000011111.\raw_next' using process `$paramod\_zkf_div_raw_stage\WIN=s32'00000000000000000000000000011111.$proc$/mnt/storage/zubax/kulibin2/float/hdl/_zkf_div_core.v:256$609'.
  created $dff cell `$procdff$1001' with positive edge clock.
Creating register for signal `$paramod\_zkf_div_raw_stage\WIN=s32'00000000000000000000000000100001.\raw_next' using process `$paramod\_zkf_div_raw_stage\WIN=s32'00000000000000000000000000100001.$proc$/mnt/storage/zubax/kulibin2/float/hdl/_zkf_div_core.v:256$608'.
  created $dff cell `$procdff$1002' with positive edge clock.
Creating register for signal `$paramod\_zkf_div_raw_stage\WIN=s32'00000000000000000000000000100011.\raw_next' using process `$paramod\_zkf_div_raw_stage\WIN=s32'00000000000000000000000000100011.$proc$/mnt/storage/zubax/kulibin2/float/hdl/_zkf_div_core.v:256$607'.
  created $dff cell `$procdff$1003' with positive edge clock.
Creating register for signal `$paramod\_zkf_div_raw_stage\WIN=s32'00000000000000000000000000000001.\raw_next' using process `$paramod\_zkf_div_raw_stage\WIN=s32'00000000000000000000000000000001.$proc$/mnt/storage/zubax/kulibin2/float/hdl/_zkf_div_core.v:256$337'.
  created $dff cell `$procdff$1004' with positive edge clock.
Creating register for signal `$paramod\_zkf_div_raw_stage\WIN=s32'00000000000000000000000000100101.\raw_next' using process `$paramod\_zkf_div_raw_stage\WIN=s32'00000000000000000000000000100101.$proc$/mnt/storage/zubax/kulibin2/float/hdl/_zkf_div_core.v:256$594'.
  created $dff cell `$procdff$1005' with positive edge clock.

6.4.10. Executing PROC_MEMWR pass (convert process memory writes to cells).

6.4.11. Executing PROC_CLEAN pass (remove empty switches from decision trees).
Removing empty process `$paramod\_zkf_div_raw_stage\WIN=s32'00000000000000000000000000010101.$proc$/mnt/storage/zubax/kulibin2/float/hdl/_zkf_div_core.v:256$614'.
Found and cleaned up 1 empty switch in `$paramod$2713a8fa9252a82328b423cf173d2441d2d46d03\_zkf_div_core.$proc$/mnt/storage/zubax/kulibin2/float/hdl/_zkf_div_core.v:168$718'.
Removing empty process `$paramod$2713a8fa9252a82328b423cf173d2441d2d46d03\_zkf_div_core.$proc$/mnt/storage/zubax/kulibin2/float/hdl/_zkf_div_core.v:168$718'.
Found and cleaned up 1 empty switch in `$paramod$2713a8fa9252a82328b423cf173d2441d2d46d03\_zkf_div_core.$proc$/mnt/storage/zubax/kulibin2/float/hdl/_zkf_div_core.v:168$717'.
Removing empty process `$paramod$2713a8fa9252a82328b423cf173d2441d2d46d03\_zkf_div_core.$proc$/mnt/storage/zubax/kulibin2/float/hdl/_zkf_div_core.v:168$717'.
Found and cleaned up 1 empty switch in `$paramod$2713a8fa9252a82328b423cf173d2441d2d46d03\_zkf_div_core.$proc$/mnt/storage/zubax/kulibin2/float/hdl/_zkf_div_core.v:168$716'.
Removing empty process `$paramod$2713a8fa9252a82328b423cf173d2441d2d46d03\_zkf_div_core.$proc$/mnt/storage/zubax/kulibin2/float/hdl/_zkf_div_core.v:168$716'.
Found and cleaned up 1 empty switch in `$paramod$2713a8fa9252a82328b423cf173d2441d2d46d03\_zkf_div_core.$proc$/mnt/storage/zubax/kulibin2/float/hdl/_zkf_div_core.v:168$715'.
Removing empty process `$paramod$2713a8fa9252a82328b423cf173d2441d2d46d03\_zkf_div_core.$proc$/mnt/storage/zubax/kulibin2/float/hdl/_zkf_div_core.v:168$715'.
Found and cleaned up 1 empty switch in `$paramod$2713a8fa9252a82328b423cf173d2441d2d46d03\_zkf_div_core.$proc$/mnt/storage/zubax/kulibin2/float/hdl/_zkf_div_core.v:168$714'.
Removing empty process `$paramod$2713a8fa9252a82328b423cf173d2441d2d46d03\_zkf_div_core.$proc$/mnt/storage/zubax/kulibin2/float/hdl/_zkf_div_core.v:168$714'.
Found and cleaned up 1 empty switch in `$paramod$2713a8fa9252a82328b423cf173d2441d2d46d03\_zkf_div_core.$proc$/mnt/storage/zubax/kulibin2/float/hdl/_zkf_div_core.v:168$713'.
Removing empty process `$paramod$2713a8fa9252a82328b423cf173d2441d2d46d03\_zkf_div_core.$proc$/mnt/storage/zubax/kulibin2/float/hdl/_zkf_div_core.v:168$713'.
Found and cleaned up 1 empty switch in `$paramod$2713a8fa9252a82328b423cf173d2441d2d46d03\_zkf_div_core.$proc$/mnt/storage/zubax/kulibin2/float/hdl/_zkf_div_core.v:168$712'.
Removing empty process `$paramod$2713a8fa9252a82328b423cf173d2441d2d46d03\_zkf_div_core.$proc$/mnt/storage/zubax/kulibin2/float/hdl/_zkf_div_core.v:168$712'.
Found and cleaned up 1 empty switch in `$paramod$2713a8fa9252a82328b423cf173d2441d2d46d03\_zkf_div_core.$proc$/mnt/storage/zubax/kulibin2/float/hdl/_zkf_div_core.v:168$711'.
Removing empty process `$paramod$2713a8fa9252a82328b423cf173d2441d2d46d03\_zkf_div_core.$proc$/mnt/storage/zubax/kulibin2/float/hdl/_zkf_div_core.v:168$711'.
Found and cleaned up 1 empty switch in `$paramod$2713a8fa9252a82328b423cf173d2441d2d46d03\_zkf_div_core.$proc$/mnt/storage/zubax/kulibin2/float/hdl/_zkf_div_core.v:168$710'.
Removing empty process `$paramod$2713a8fa9252a82328b423cf173d2441d2d46d03\_zkf_div_core.$proc$/mnt/storage/zubax/kulibin2/float/hdl/_zkf_div_core.v:168$710'.
Found and cleaned up 1 empty switch in `$paramod$2713a8fa9252a82328b423cf173d2441d2d46d03\_zkf_div_core.$proc$/mnt/storage/zubax/kulibin2/float/hdl/_zkf_div_core.v:168$709'.
Removing empty process `$paramod$2713a8fa9252a82328b423cf173d2441d2d46d03\_zkf_div_core.$proc$/mnt/storage/zubax/kulibin2/float/hdl/_zkf_div_core.v:168$709'.
Found and cleaned up 1 empty switch in `$paramod$2713a8fa9252a82328b423cf173d2441d2d46d03\_zkf_div_core.$proc$/mnt/storage/zubax/kulibin2/float/hdl/_zkf_div_core.v:168$708'.
Removing empty process `$paramod$2713a8fa9252a82328b423cf173d2441d2d46d03\_zkf_div_core.$proc$/mnt/storage/zubax/kulibin2/float/hdl/_zkf_div_core.v:168$708'.
Found and cleaned up 1 empty switch in `$paramod$2713a8fa9252a82328b423cf173d2441d2d46d03\_zkf_div_core.$proc$/mnt/storage/zubax/kulibin2/float/hdl/_zkf_div_core.v:168$707'.
Removing empty process `$paramod$2713a8fa9252a82328b423cf173d2441d2d46d03\_zkf_div_core.$proc$/mnt/storage/zubax/kulibin2/float/hdl/_zkf_div_core.v:168$707'.
Found and cleaned up 1 empty switch in `$paramod$2713a8fa9252a82328b423cf173d2441d2d46d03\_zkf_div_core.$proc$/mnt/storage/zubax/kulibin2/float/hdl/_zkf_div_core.v:168$706'.
Removing empty process `$paramod$2713a8fa9252a82328b423cf173d2441d2d46d03\_zkf_div_core.$proc$/mnt/storage/zubax/kulibin2/float/hdl/_zkf_div_core.v:168$706'.
Found and cleaned up 1 empty switch in `$paramod$2713a8fa9252a82328b423cf173d2441d2d46d03\_zkf_div_core.$proc$/mnt/storage/zubax/kulibin2/float/hdl/_zkf_div_core.v:168$705'.
Removing empty process `$paramod$2713a8fa9252a82328b423cf173d2441d2d46d03\_zkf_div_core.$proc$/mnt/storage/zubax/kulibin2/float/hdl/_zkf_div_core.v:168$705'.
Found and cleaned up 1 empty switch in `$paramod$2713a8fa9252a82328b423cf173d2441d2d46d03\_zkf_div_core.$proc$/mnt/storage/zubax/kulibin2/float/hdl/_zkf_div_core.v:168$704'.
Removing empty process `$paramod$2713a8fa9252a82328b423cf173d2441d2d46d03\_zkf_div_core.$proc$/mnt/storage/zubax/kulibin2/float/hdl/_zkf_div_core.v:168$704'.
Found and cleaned up 1 empty switch in `$paramod$2713a8fa9252a82328b423cf173d2441d2d46d03\_zkf_div_core.$proc$/mnt/storage/zubax/kulibin2/float/hdl/_zkf_div_core.v:168$703'.
Removing empty process `$paramod$2713a8fa9252a82328b423cf173d2441d2d46d03\_zkf_div_core.$proc$/mnt/storage/zubax/kulibin2/float/hdl/_zkf_div_core.v:168$703'.
Found and cleaned up 1 empty switch in `$paramod$2713a8fa9252a82328b423cf173d2441d2d46d03\_zkf_div_core.$proc$/mnt/storage/zubax/kulibin2/float/hdl/_zkf_div_core.v:168$702'.
Removing empty process `$paramod$2713a8fa9252a82328b423cf173d2441d2d46d03\_zkf_div_core.$proc$/mnt/storage/zubax/kulibin2/float/hdl/_zkf_div_core.v:168$702'.
Found and cleaned up 1 empty switch in `$paramod$2713a8fa9252a82328b423cf173d2441d2d46d03\_zkf_div_core.$proc$/mnt/storage/zubax/kulibin2/float/hdl/_zkf_div_core.v:168$701'.
Removing empty process `$paramod$2713a8fa9252a82328b423cf173d2441d2d46d03\_zkf_div_core.$proc$/mnt/storage/zubax/kulibin2/float/hdl/_zkf_div_core.v:168$701'.
Found and cleaned up 1 empty switch in `$paramod$2713a8fa9252a82328b423cf173d2441d2d46d03\_zkf_div_core.$proc$/mnt/storage/zubax/kulibin2/float/hdl/_zkf_div_core.v:168$700'.
Removing empty process `$paramod$2713a8fa9252a82328b423cf173d2441d2d46d03\_zkf_div_core.$proc$/mnt/storage/zubax/kulibin2/float/hdl/_zkf_div_core.v:168$700'.
Found and cleaned up 1 empty switch in `$paramod$2713a8fa9252a82328b423cf173d2441d2d46d03\_zkf_div_core.$proc$/mnt/storage/zubax/kulibin2/float/hdl/_zkf_div_core.v:226$694'.
Removing empty process `$paramod$2713a8fa9252a82328b423cf173d2441d2d46d03\_zkf_div_core.$proc$/mnt/storage/zubax/kulibin2/float/hdl/_zkf_div_core.v:226$694'.
Found and cleaned up 1 empty switch in `$paramod$2713a8fa9252a82328b423cf173d2441d2d46d03\_zkf_div_core.$proc$/mnt/storage/zubax/kulibin2/float/hdl/_zkf_div_core.v:125$689'.
Removing empty process `$paramod$2713a8fa9252a82328b423cf173d2441d2d46d03\_zkf_div_core.$proc$/mnt/storage/zubax/kulibin2/float/hdl/_zkf_div_core.v:125$689'.
Removing empty process `$paramod\_zkf_div_raw_stage\WIN=s32'00000000000000000000000000010111.$proc$/mnt/storage/zubax/kulibin2/float/hdl/_zkf_div_core.v:256$613'.
Removing empty process `$paramod\_zkf_div_raw_stage\WIN=s32'00000000000000000000000000011001.$proc$/mnt/storage/zubax/kulibin2/float/hdl/_zkf_div_core.v:256$612'.
Removing empty process `$paramod\_zkf_div_raw_stage\WIN=s32'00000000000000000000000000011011.$proc$/mnt/storage/zubax/kulibin2/float/hdl/_zkf_div_core.v:256$611'.
Removing empty process `$paramod\_zkf_div_raw_stage\WIN=s32'00000000000000000000000000000011.$proc$/mnt/storage/zubax/kulibin2/float/hdl/_zkf_div_core.v:256$336'.
Removing empty process `$paramod\_zkf_div_raw_stage\WIN=s32'00000000000000000000000000000101.$proc$/mnt/storage/zubax/kulibin2/float/hdl/_zkf_div_core.v:256$335'.
Removing empty process `$paramod\_zkf_div_raw_stage\WIN=s32'00000000000000000000000000000111.$proc$/mnt/storage/zubax/kulibin2/float/hdl/_zkf_div_core.v:256$334'.
Removing empty process `$paramod\_zkf_div_raw_stage\WIN=s32'00000000000000000000000000001001.$proc$/mnt/storage/zubax/kulibin2/float/hdl/_zkf_div_core.v:256$333'.
Removing empty process `$paramod\_zkf_div_raw_stage\WIN=s32'00000000000000000000000000001011.$proc$/mnt/storage/zubax/kulibin2/float/hdl/_zkf_div_core.v:256$332'.
Removing empty process `$paramod\_zkf_div_raw_stage\WIN=s32'00000000000000000000000000001101.$proc$/mnt/storage/zubax/kulibin2/float/hdl/_zkf_div_core.v:256$331'.
Removing empty process `$paramod\_zkf_div_raw_stage\WIN=s32'00000000000000000000000000001111.$proc$/mnt/storage/zubax/kulibin2/float/hdl/_zkf_div_core.v:256$330'.
Removing empty process `$paramod\_zkf_div_raw_stage\WIN=s32'00000000000000000000000000010001.$proc$/mnt/storage/zubax/kulibin2/float/hdl/_zkf_div_core.v:256$329'.
Removing empty process `$paramod\_zkf_div_raw_stage\WIN=s32'00000000000000000000000000011101.$proc$/mnt/storage/zubax/kulibin2/float/hdl/_zkf_div_core.v:256$610'.
Removing empty process `$paramod\_zkf_div_raw_stage\WIN=s32'00000000000000000000000000010011.$proc$/mnt/storage/zubax/kulibin2/float/hdl/_zkf_div_core.v:256$316'.
Found and cleaned up 1 empty switch in `\top_zkf_div_w8_m36_base.$proc$/mnt/storage/test/zkf-vs-flopoco/artifacts/targets/ecp5-yosys/rows/zkf_div_w8_m36_base/src/top_zkf_div_w8_m36_base.v:37$90'.
Removing empty process `top_zkf_div_w8_m36_base.$proc$/mnt/storage/test/zkf-vs-flopoco/artifacts/targets/ecp5-yosys/rows/zkf_div_w8_m36_base/src/top_zkf_div_w8_m36_base.v:37$90'.
Removing empty process `$paramod\_zkf_div_raw_stage\WIN=s32'00000000000000000000000000011111.$proc$/mnt/storage/zubax/kulibin2/float/hdl/_zkf_div_core.v:256$609'.
Removing empty process `$paramod\_zkf_div_raw_stage\WIN=s32'00000000000000000000000000100001.$proc$/mnt/storage/zubax/kulibin2/float/hdl/_zkf_div_core.v:256$608'.
Removing empty process `$paramod\_zkf_div_raw_stage\WIN=s32'00000000000000000000000000100011.$proc$/mnt/storage/zubax/kulibin2/float/hdl/_zkf_div_core.v:256$607'.
Removing empty process `$paramod\_zkf_div_raw_stage\WIN=s32'00000000000000000000000000000001.$proc$/mnt/storage/zubax/kulibin2/float/hdl/_zkf_div_core.v:256$337'.
Removing empty process `$paramod\_zkf_div_raw_stage\WIN=s32'00000000000000000000000000100101.$proc$/mnt/storage/zubax/kulibin2/float/hdl/_zkf_div_core.v:256$594'.
Cleaned up 22 empty switches.

6.4.12. Executing OPT_EXPR pass (perform const folding).
Optimizing module $paramod\_zkf_div_raw_stage\WIN=s32'00000000000000000000000000010101.
Optimizing module $paramod$11c5d076455a1846bbb464fb6b20ae93b7ff60ea\_zkf_pack.
Optimizing module $paramod$2713a8fa9252a82328b423cf173d2441d2d46d03\_zkf_div_core.
<suppressed ~4 debug messages>
Optimizing module $paramod\_zkf_div_raw_stage\WIN=s32'00000000000000000000000000010111.
Optimizing module $paramod\_zkf_div_raw_stage\WIN=s32'00000000000000000000000000011001.
Optimizing module $paramod$b1798e4f7776d4b6f8f2f33461822b434fd6cf47\_zkf_pack_delay.
Optimizing module $paramod\_zkf_div_raw_stage\WIN=s32'00000000000000000000000000011011.
Optimizing module $paramod$d482ec995452f6edef73ceacb71c30dc3df86b83\zkf_div.
Optimizing module $paramod\_zkf_div_raw_stage\WIN=s32'00000000000000000000000000000011.
Optimizing module $paramod\_zkf_div_raw_stage\WIN=s32'00000000000000000000000000000101.
Optimizing module $paramod\_zkf_div_raw_stage\WIN=s32'00000000000000000000000000000111.
Optimizing module $paramod\_zkf_div_raw_stage\WIN=s32'00000000000000000000000000001001.
Optimizing module $paramod\_zkf_div_raw_stage\WIN=s32'00000000000000000000000000001011.
Optimizing module $paramod\_zkf_div_raw_stage\WIN=s32'00000000000000000000000000001101.
Optimizing module $paramod\_zkf_div_raw_stage\WIN=s32'00000000000000000000000000001111.
Optimizing module $paramod\_zkf_div_raw_stage\WIN=s32'00000000000000000000000000010001.
Optimizing module $paramod\_zkf_div_raw_stage\WIN=s32'00000000000000000000000000011101.
Optimizing module $paramod\_zkf_div_raw_stage\WIN=s32'00000000000000000000000000010011.
Optimizing module top_zkf_div_w8_m36_base.
Optimizing module $paramod\_zkf_div_raw_stage\WIN=s32'00000000000000000000000000011111.
Optimizing module $paramod\_zkf_div_raw_stage\WIN=s32'00000000000000000000000000100001.
Optimizing module $paramod\_zkf_div_raw_stage\WIN=s32'00000000000000000000000000100011.
Optimizing module $paramod\_zkf_div_raw_stage\WIN=s32'00000000000000000000000000000001.
Optimizing module $paramod\_zkf_div_radix4_step\WMAN=s32'00000000000000000000000000100100.
<suppressed ~4 debug messages>
Optimizing module $paramod\_zkf_div_raw_stage\WIN=s32'00000000000000000000000000100101.
Optimizing module $paramod$e7ec13d9f90c5f9a2fcb265d8bb77c360f0c78c4\_zkf_pipe.

6.5. Executing CHECK pass (checking for obvious problems).
Checking module $paramod\_zkf_div_raw_stage\WIN=s32'00000000000000000000000000010101...
Checking module $paramod$11c5d076455a1846bbb464fb6b20ae93b7ff60ea\_zkf_pack...
Checking module $paramod$2713a8fa9252a82328b423cf173d2441d2d46d03\_zkf_div_core...
Checking module $paramod\_zkf_div_raw_stage\WIN=s32'00000000000000000000000000010111...
Checking module $paramod\_zkf_div_raw_stage\WIN=s32'00000000000000000000000000011001...
Checking module $paramod$b1798e4f7776d4b6f8f2f33461822b434fd6cf47\_zkf_pack_delay...
Checking module $paramod\_zkf_div_raw_stage\WIN=s32'00000000000000000000000000011011...
Checking module $paramod$d482ec995452f6edef73ceacb71c30dc3df86b83\zkf_div...
Checking module $paramod\_zkf_div_raw_stage\WIN=s32'00000000000000000000000000000011...
Checking module $paramod\_zkf_div_raw_stage\WIN=s32'00000000000000000000000000000101...
Checking module $paramod\_zkf_div_raw_stage\WIN=s32'00000000000000000000000000000111...
Checking module $paramod\_zkf_div_raw_stage\WIN=s32'00000000000000000000000000001001...
Checking module $paramod\_zkf_div_raw_stage\WIN=s32'00000000000000000000000000001011...
Checking module $paramod\_zkf_div_raw_stage\WIN=s32'00000000000000000000000000001101...
Checking module $paramod\_zkf_div_raw_stage\WIN=s32'00000000000000000000000000001111...
Checking module $paramod\_zkf_div_raw_stage\WIN=s32'00000000000000000000000000010001...
Checking module $paramod\_zkf_div_raw_stage\WIN=s32'00000000000000000000000000011101...
Checking module $paramod\_zkf_div_raw_stage\WIN=s32'00000000000000000000000000010011...
Checking module top_zkf_div_w8_m36_base...
Checking module $paramod\_zkf_div_raw_stage\WIN=s32'00000000000000000000000000011111...
Checking module $paramod\_zkf_div_raw_stage\WIN=s32'00000000000000000000000000100001...
Checking module $paramod\_zkf_div_raw_stage\WIN=s32'00000000000000000000000000100011...
Checking module $paramod\_zkf_div_raw_stage\WIN=s32'00000000000000000000000000000001...
Checking module $paramod\_zkf_div_radix4_step\WMAN=s32'00000000000000000000000000100100...
Checking module $paramod\_zkf_div_raw_stage\WIN=s32'00000000000000000000000000100101...
Checking module $paramod$e7ec13d9f90c5f9a2fcb265d8bb77c360f0c78c4\_zkf_pipe...
Found and reported 0 problems.

6.6. Executing FLATTEN pass (flatten design).
Keeping top_zkf_div_w8_m36_base.u_dut (found keep_hierarchy attribute).
Deleting now unused module $paramod\_zkf_div_raw_stage\WIN=s32'00000000000000000000000000010101.
Deleting now unused module $paramod$11c5d076455a1846bbb464fb6b20ae93b7ff60ea\_zkf_pack.
Deleting now unused module $paramod$2713a8fa9252a82328b423cf173d2441d2d46d03\_zkf_div_core.
Deleting now unused module $paramod\_zkf_div_raw_stage\WIN=s32'00000000000000000000000000010111.
Deleting now unused module $paramod\_zkf_div_raw_stage\WIN=s32'00000000000000000000000000011001.
Deleting now unused module $paramod$b1798e4f7776d4b6f8f2f33461822b434fd6cf47\_zkf_pack_delay.
Deleting now unused module $paramod\_zkf_div_raw_stage\WIN=s32'00000000000000000000000000011011.
Deleting now unused module $paramod\_zkf_div_raw_stage\WIN=s32'00000000000000000000000000000011.
Deleting now unused module $paramod\_zkf_div_raw_stage\WIN=s32'00000000000000000000000000000101.
Deleting now unused module $paramod\_zkf_div_raw_stage\WIN=s32'00000000000000000000000000000111.
Deleting now unused module $paramod\_zkf_div_raw_stage\WIN=s32'00000000000000000000000000001001.
Deleting now unused module $paramod\_zkf_div_raw_stage\WIN=s32'00000000000000000000000000001011.
Deleting now unused module $paramod\_zkf_div_raw_stage\WIN=s32'00000000000000000000000000001101.
Deleting now unused module $paramod\_zkf_div_raw_stage\WIN=s32'00000000000000000000000000001111.
Deleting now unused module $paramod\_zkf_div_raw_stage\WIN=s32'00000000000000000000000000010001.
Deleting now unused module $paramod\_zkf_div_raw_stage\WIN=s32'00000000000000000000000000011101.
Deleting now unused module $paramod\_zkf_div_raw_stage\WIN=s32'00000000000000000000000000010011.
Deleting now unused module $paramod\_zkf_div_raw_stage\WIN=s32'00000000000000000000000000011111.
Deleting now unused module $paramod\_zkf_div_raw_stage\WIN=s32'00000000000000000000000000100001.
Deleting now unused module $paramod\_zkf_div_raw_stage\WIN=s32'00000000000000000000000000100011.
Deleting now unused module $paramod\_zkf_div_raw_stage\WIN=s32'00000000000000000000000000000001.
Deleting now unused module $paramod\_zkf_div_radix4_step\WMAN=s32'00000000000000000000000000100100.
Deleting now unused module $paramod\_zkf_div_raw_stage\WIN=s32'00000000000000000000000000100101.
Deleting now unused module $paramod$e7ec13d9f90c5f9a2fcb265d8bb77c360f0c78c4\_zkf_pipe.
<suppressed ~42 debug messages>

6.7. Executing TRIBUF pass.

6.8. Executing DEMINOUT pass (demote inout ports to input or output).

6.9. Executing OPT_EXPR pass (perform const folding).
Optimizing module top_zkf_div_w8_m36_base.
Optimizing module $paramod$d482ec995452f6edef73ceacb71c30dc3df86b83\zkf_div.

6.10. Executing OPT_CLEAN pass (remove unused cells and wires).
Finding unused cells or wires in module \top_zkf_div_w8_m36_base..
Finding unused cells or wires in module $paramod$d482ec995452f6edef73ceacb71c30dc3df86b83\zkf_div..
Removed 3 unused cells and 502 unused wires.
<suppressed ~8 debug messages>

6.11. Executing CHECK pass (checking for obvious problems).
Checking module top_zkf_div_w8_m36_base...
Checking module $paramod$d482ec995452f6edef73ceacb71c30dc3df86b83\zkf_div...
Found and reported 0 problems.

6.12. Executing OPT pass (performing simple optimizations).

6.12.1. Executing OPT_EXPR pass (perform const folding).
Optimizing module top_zkf_div_w8_m36_base.
Optimizing module $paramod$d482ec995452f6edef73ceacb71c30dc3df86b83\zkf_div.

6.12.2. Executing OPT_MERGE pass (detect identical cells).
Finding identical cells in module `\top_zkf_div_w8_m36_base'.
Computing hashes of 9 cells of `\top_zkf_div_w8_m36_base'.
Finding duplicate cells in `\top_zkf_div_w8_m36_base'.
Finding identical cells in module `$paramod$d482ec995452f6edef73ceacb71c30dc3df86b83\zkf_div'.
Computing hashes of 540 cells of `$paramod$d482ec995452f6edef73ceacb71c30dc3df86b83\zkf_div'.
Finding duplicate cells in `$paramod$d482ec995452f6edef73ceacb71c30dc3df86b83\zkf_div'.
Computing hashes of 537 cells of `$paramod$d482ec995452f6edef73ceacb71c30dc3df86b83\zkf_div'.
Finding duplicate cells in `$paramod$d482ec995452f6edef73ceacb71c30dc3df86b83\zkf_div'.
<suppressed ~9 debug messages>
Removed a total of 3 cells.

6.12.3. Executing OPT_MUXTREE pass (detect dead branches in mux trees).
Running muxtree optimizer on module \top_zkf_div_w8_m36_base..
  Creating internal representation of mux trees.
  Evaluating internal representation of mux trees.
  Analyzing evaluation results.
Running muxtree optimizer on module $paramod$d482ec995452f6edef73ceacb71c30dc3df86b83\zkf_div..
  Creating internal representation of mux trees.
  Evaluating internal representation of mux trees.
      Replacing known input bits on port B of cell $flatten\u_core.$ternary$/mnt/storage/zubax/kulibin2/float/hdl/_zkf_div_core.v:238$696: \u_core.g_stage[19].u_raw.raw_next [38:3] -> { 1'1 \u_core.g_stage[19].u_raw.raw_next [37:3] }
  Analyzing evaluation results.
Removed 0 multiplexer ports.
<suppressed ~140 debug messages>

6.12.4. Executing OPT_REDUCE pass (consolidate $*mux and $reduce_* inputs).
  Optimizing cells in module \top_zkf_div_w8_m36_base.
  Optimizing cells in module $paramod$d482ec995452f6edef73ceacb71c30dc3df86b83\zkf_div.
Performed a total of 0 changes.

6.12.5. Executing OPT_MERGE pass (detect identical cells).
Finding identical cells in module `\top_zkf_div_w8_m36_base'.
Computing hashes of 9 cells of `\top_zkf_div_w8_m36_base'.
Finding duplicate cells in `\top_zkf_div_w8_m36_base'.
Finding identical cells in module `$paramod$d482ec995452f6edef73ceacb71c30dc3df86b83\zkf_div'.
Computing hashes of 537 cells of `$paramod$d482ec995452f6edef73ceacb71c30dc3df86b83\zkf_div'.
Finding duplicate cells in `$paramod$d482ec995452f6edef73ceacb71c30dc3df86b83\zkf_div'.
Removed a total of 0 cells.

6.12.6. Executing OPT_DFF pass (perform DFF optimizations).
Setting constant 1-bit at position 35 on $flatten\u_core.$procdff$979 ($dff) from module $paramod$d482ec995452f6edef73ceacb71c30dc3df86b83\zkf_div.

6.12.7. Executing OPT_CLEAN pass (remove unused cells and wires).
Finding unused cells or wires in module \top_zkf_div_w8_m36_base..
Finding unused cells or wires in module $paramod$d482ec995452f6edef73ceacb71c30dc3df86b83\zkf_div..
Removed 0 unused cells and 3 unused wires.
<suppressed ~1 debug messages>

6.12.8. Executing OPT_EXPR pass (perform const folding).
Optimizing module top_zkf_div_w8_m36_base.
Optimizing module $paramod$d482ec995452f6edef73ceacb71c30dc3df86b83\zkf_div.

6.12.9. Rerunning OPT passes. (Maybe there is more to do..)

6.12.10. Executing OPT_MUXTREE pass (detect dead branches in mux trees).
Running muxtree optimizer on module \top_zkf_div_w8_m36_base..
  Creating internal representation of mux trees.
  Evaluating internal representation of mux trees.
  Analyzing evaluation results.
Running muxtree optimizer on module $paramod$d482ec995452f6edef73ceacb71c30dc3df86b83\zkf_div..
  Creating internal representation of mux trees.
  Evaluating internal representation of mux trees.
  Analyzing evaluation results.
Removed 0 multiplexer ports.
<suppressed ~140 debug messages>

6.12.11. Executing OPT_REDUCE pass (consolidate $*mux and $reduce_* inputs).
  Optimizing cells in module \top_zkf_div_w8_m36_base.
  Optimizing cells in module $paramod$d482ec995452f6edef73ceacb71c30dc3df86b83\zkf_div.
Performed a total of 0 changes.

6.12.12. Executing OPT_MERGE pass (detect identical cells).
Finding identical cells in module `\top_zkf_div_w8_m36_base'.
Computing hashes of 9 cells of `\top_zkf_div_w8_m36_base'.
Finding duplicate cells in `\top_zkf_div_w8_m36_base'.
Finding identical cells in module `$paramod$d482ec995452f6edef73ceacb71c30dc3df86b83\zkf_div'.
Computing hashes of 537 cells of `$paramod$d482ec995452f6edef73ceacb71c30dc3df86b83\zkf_div'.
Finding duplicate cells in `$paramod$d482ec995452f6edef73ceacb71c30dc3df86b83\zkf_div'.
Removed a total of 0 cells.

6.12.13. Executing OPT_DFF pass (perform DFF optimizations).
Setting constant 1-bit at position 35 on $flatten\u_core.$procdff$958 ($dff) from module $paramod$d482ec995452f6edef73ceacb71c30dc3df86b83\zkf_div.

6.12.14. Executing OPT_CLEAN pass (remove unused cells and wires).
Finding unused cells or wires in module \top_zkf_div_w8_m36_base..
Finding unused cells or wires in module $paramod$d482ec995452f6edef73ceacb71c30dc3df86b83\zkf_div..

6.12.15. Executing OPT_EXPR pass (perform const folding).
Optimizing module top_zkf_div_w8_m36_base.
Optimizing module $paramod$d482ec995452f6edef73ceacb71c30dc3df86b83\zkf_div.

6.12.16. Rerunning OPT passes. (Maybe there is more to do..)

6.12.17. Executing OPT_MUXTREE pass (detect dead branches in mux trees).
Running muxtree optimizer on module \top_zkf_div_w8_m36_base..
  Creating internal representation of mux trees.
  Evaluating internal representation of mux trees.
  Analyzing evaluation results.
Running muxtree optimizer on module $paramod$d482ec995452f6edef73ceacb71c30dc3df86b83\zkf_div..
  Creating internal representation of mux trees.
  Evaluating internal representation of mux trees.
  Analyzing evaluation results.
Removed 0 multiplexer ports.
<suppressed ~140 debug messages>

6.12.18. Executing OPT_REDUCE pass (consolidate $*mux and $reduce_* inputs).
  Optimizing cells in module \top_zkf_div_w8_m36_base.
  Optimizing cells in module $paramod$d482ec995452f6edef73ceacb71c30dc3df86b83\zkf_div.
Performed a total of 0 changes.

6.12.19. Executing OPT_MERGE pass (detect identical cells).
Finding identical cells in module `\top_zkf_div_w8_m36_base'.
Computing hashes of 9 cells of `\top_zkf_div_w8_m36_base'.
Finding duplicate cells in `\top_zkf_div_w8_m36_base'.
Finding identical cells in module `$paramod$d482ec995452f6edef73ceacb71c30dc3df86b83\zkf_div'.
Computing hashes of 537 cells of `$paramod$d482ec995452f6edef73ceacb71c30dc3df86b83\zkf_div'.
Finding duplicate cells in `$paramod$d482ec995452f6edef73ceacb71c30dc3df86b83\zkf_div'.
Removed a total of 0 cells.

6.12.20. Executing OPT_DFF pass (perform DFF optimizations).
Setting constant 1-bit at position 35 on $flatten\u_core.$procdff$949 ($dff) from module $paramod$d482ec995452f6edef73ceacb71c30dc3df86b83\zkf_div.

6.12.21. Executing OPT_CLEAN pass (remove unused cells and wires).
Finding unused cells or wires in module \top_zkf_div_w8_m36_base..
Finding unused cells or wires in module $paramod$d482ec995452f6edef73ceacb71c30dc3df86b83\zkf_div..

6.12.22. Executing OPT_EXPR pass (perform const folding).
Optimizing module top_zkf_div_w8_m36_base.
Optimizing module $paramod$d482ec995452f6edef73ceacb71c30dc3df86b83\zkf_div.

6.12.23. Rerunning OPT passes. (Maybe there is more to do..)

6.12.24. Executing OPT_MUXTREE pass (detect dead branches in mux trees).
Running muxtree optimizer on module \top_zkf_div_w8_m36_base..
  Creating internal representation of mux trees.
  Evaluating internal representation of mux trees.
  Analyzing evaluation results.
Running muxtree optimizer on module $paramod$d482ec995452f6edef73ceacb71c30dc3df86b83\zkf_div..
  Creating internal representation of mux trees.
  Evaluating internal representation of mux trees.
  Analyzing evaluation results.
Removed 0 multiplexer ports.
<suppressed ~140 debug messages>

6.12.25. Executing OPT_REDUCE pass (consolidate $*mux and $reduce_* inputs).
  Optimizing cells in module \top_zkf_div_w8_m36_base.
  Optimizing cells in module $paramod$d482ec995452f6edef73ceacb71c30dc3df86b83\zkf_div.
Performed a total of 0 changes.

6.12.26. Executing OPT_MERGE pass (detect identical cells).
Finding identical cells in module `\top_zkf_div_w8_m36_base'.
Computing hashes of 9 cells of `\top_zkf_div_w8_m36_base'.
Finding duplicate cells in `\top_zkf_div_w8_m36_base'.
Finding identical cells in module `$paramod$d482ec995452f6edef73ceacb71c30dc3df86b83\zkf_div'.
Computing hashes of 537 cells of `$paramod$d482ec995452f6edef73ceacb71c30dc3df86b83\zkf_div'.
Finding duplicate cells in `$paramod$d482ec995452f6edef73ceacb71c30dc3df86b83\zkf_div'.
Removed a total of 0 cells.

6.12.27. Executing OPT_DFF pass (perform DFF optimizations).
Setting constant 1-bit at position 35 on $flatten\u_core.$procdff$940 ($dff) from module $paramod$d482ec995452f6edef73ceacb71c30dc3df86b83\zkf_div.

6.12.28. Executing OPT_CLEAN pass (remove unused cells and wires).
Finding unused cells or wires in module \top_zkf_div_w8_m36_base..
Finding unused cells or wires in module $paramod$d482ec995452f6edef73ceacb71c30dc3df86b83\zkf_div..

6.12.29. Executing OPT_EXPR pass (perform const folding).
Optimizing module top_zkf_div_w8_m36_base.
Optimizing module $paramod$d482ec995452f6edef73ceacb71c30dc3df86b83\zkf_div.

6.12.30. Rerunning OPT passes. (Maybe there is more to do..)

6.12.31. Executing OPT_MUXTREE pass (detect dead branches in mux trees).
Running muxtree optimizer on module \top_zkf_div_w8_m36_base..
  Creating internal representation of mux trees.
  Evaluating internal representation of mux trees.
  Analyzing evaluation results.
Running muxtree optimizer on module $paramod$d482ec995452f6edef73ceacb71c30dc3df86b83\zkf_div..
  Creating internal representation of mux trees.
  Evaluating internal representation of mux trees.
  Analyzing evaluation results.
Removed 0 multiplexer ports.
<suppressed ~140 debug messages>

6.12.32. Executing OPT_REDUCE pass (consolidate $*mux and $reduce_* inputs).
  Optimizing cells in module \top_zkf_div_w8_m36_base.
  Optimizing cells in module $paramod$d482ec995452f6edef73ceacb71c30dc3df86b83\zkf_div.
Performed a total of 0 changes.

6.12.33. Executing OPT_MERGE pass (detect identical cells).
Finding identical cells in module `\top_zkf_div_w8_m36_base'.
Computing hashes of 9 cells of `\top_zkf_div_w8_m36_base'.
Finding duplicate cells in `\top_zkf_div_w8_m36_base'.
Finding identical cells in module `$paramod$d482ec995452f6edef73ceacb71c30dc3df86b83\zkf_div'.
Computing hashes of 537 cells of `$paramod$d482ec995452f6edef73ceacb71c30dc3df86b83\zkf_div'.
Finding duplicate cells in `$paramod$d482ec995452f6edef73ceacb71c30dc3df86b83\zkf_div'.
Removed a total of 0 cells.

6.12.34. Executing OPT_DFF pass (perform DFF optimizations).
Setting constant 1-bit at position 35 on $flatten\u_core.$procdff$931 ($dff) from module $paramod$d482ec995452f6edef73ceacb71c30dc3df86b83\zkf_div.

6.12.35. Executing OPT_CLEAN pass (remove unused cells and wires).
Finding unused cells or wires in module \top_zkf_div_w8_m36_base..
Finding unused cells or wires in module $paramod$d482ec995452f6edef73ceacb71c30dc3df86b83\zkf_div..

6.12.36. Executing OPT_EXPR pass (perform const folding).
Optimizing module top_zkf_div_w8_m36_base.
Optimizing module $paramod$d482ec995452f6edef73ceacb71c30dc3df86b83\zkf_div.

6.12.37. Rerunning OPT passes. (Maybe there is more to do..)

6.12.38. Executing OPT_MUXTREE pass (detect dead branches in mux trees).
Running muxtree optimizer on module \top_zkf_div_w8_m36_base..
  Creating internal representation of mux trees.
  Evaluating internal representation of mux trees.
  Analyzing evaluation results.
Running muxtree optimizer on module $paramod$d482ec995452f6edef73ceacb71c30dc3df86b83\zkf_div..
  Creating internal representation of mux trees.
  Evaluating internal representation of mux trees.
  Analyzing evaluation results.
Removed 0 multiplexer ports.
<suppressed ~140 debug messages>

6.12.39. Executing OPT_REDUCE pass (consolidate $*mux and $reduce_* inputs).
  Optimizing cells in module \top_zkf_div_w8_m36_base.
  Optimizing cells in module $paramod$d482ec995452f6edef73ceacb71c30dc3df86b83\zkf_div.
Performed a total of 0 changes.

6.12.40. Executing OPT_MERGE pass (detect identical cells).
Finding identical cells in module `\top_zkf_div_w8_m36_base'.
Computing hashes of 9 cells of `\top_zkf_div_w8_m36_base'.
Finding duplicate cells in `\top_zkf_div_w8_m36_base'.
Finding identical cells in module `$paramod$d482ec995452f6edef73ceacb71c30dc3df86b83\zkf_div'.
Computing hashes of 537 cells of `$paramod$d482ec995452f6edef73ceacb71c30dc3df86b83\zkf_div'.
Finding duplicate cells in `$paramod$d482ec995452f6edef73ceacb71c30dc3df86b83\zkf_div'.
Removed a total of 0 cells.

6.12.41. Executing OPT_DFF pass (perform DFF optimizations).
Setting constant 1-bit at position 35 on $flatten\u_core.$procdff$922 ($dff) from module $paramod$d482ec995452f6edef73ceacb71c30dc3df86b83\zkf_div.

6.12.42. Executing OPT_CLEAN pass (remove unused cells and wires).
Finding unused cells or wires in module \top_zkf_div_w8_m36_base..
Finding unused cells or wires in module $paramod$d482ec995452f6edef73ceacb71c30dc3df86b83\zkf_div..

6.12.43. Executing OPT_EXPR pass (perform const folding).
Optimizing module top_zkf_div_w8_m36_base.
Optimizing module $paramod$d482ec995452f6edef73ceacb71c30dc3df86b83\zkf_div.

6.12.44. Rerunning OPT passes. (Maybe there is more to do..)

6.12.45. Executing OPT_MUXTREE pass (detect dead branches in mux trees).
Running muxtree optimizer on module \top_zkf_div_w8_m36_base..
  Creating internal representation of mux trees.
  Evaluating internal representation of mux trees.
  Analyzing evaluation results.
Running muxtree optimizer on module $paramod$d482ec995452f6edef73ceacb71c30dc3df86b83\zkf_div..
  Creating internal representation of mux trees.
  Evaluating internal representation of mux trees.
  Analyzing evaluation results.
Removed 0 multiplexer ports.
<suppressed ~140 debug messages>

6.12.46. Executing OPT_REDUCE pass (consolidate $*mux and $reduce_* inputs).
  Optimizing cells in module \top_zkf_div_w8_m36_base.
  Optimizing cells in module $paramod$d482ec995452f6edef73ceacb71c30dc3df86b83\zkf_div.
Performed a total of 0 changes.

6.12.47. Executing OPT_MERGE pass (detect identical cells).
Finding identical cells in module `\top_zkf_div_w8_m36_base'.
Computing hashes of 9 cells of `\top_zkf_div_w8_m36_base'.
Finding duplicate cells in `\top_zkf_div_w8_m36_base'.
Finding identical cells in module `$paramod$d482ec995452f6edef73ceacb71c30dc3df86b83\zkf_div'.
Computing hashes of 537 cells of `$paramod$d482ec995452f6edef73ceacb71c30dc3df86b83\zkf_div'.
Finding duplicate cells in `$paramod$d482ec995452f6edef73ceacb71c30dc3df86b83\zkf_div'.
Removed a total of 0 cells.

6.12.48. Executing OPT_DFF pass (perform DFF optimizations).
Setting constant 1-bit at position 35 on $flatten\u_core.$procdff$913 ($dff) from module $paramod$d482ec995452f6edef73ceacb71c30dc3df86b83\zkf_div.

6.12.49. Executing OPT_CLEAN pass (remove unused cells and wires).
Finding unused cells or wires in module \top_zkf_div_w8_m36_base..
Finding unused cells or wires in module $paramod$d482ec995452f6edef73ceacb71c30dc3df86b83\zkf_div..

6.12.50. Executing OPT_EXPR pass (perform const folding).
Optimizing module top_zkf_div_w8_m36_base.
Optimizing module $paramod$d482ec995452f6edef73ceacb71c30dc3df86b83\zkf_div.

6.12.51. Rerunning OPT passes. (Maybe there is more to do..)

6.12.52. Executing OPT_MUXTREE pass (detect dead branches in mux trees).
Running muxtree optimizer on module \top_zkf_div_w8_m36_base..
  Creating internal representation of mux trees.
  Evaluating internal representation of mux trees.
  Analyzing evaluation results.
Running muxtree optimizer on module $paramod$d482ec995452f6edef73ceacb71c30dc3df86b83\zkf_div..
  Creating internal representation of mux trees.
  Evaluating internal representation of mux trees.
  Analyzing evaluation results.
Removed 0 multiplexer ports.
<suppressed ~140 debug messages>

6.12.53. Executing OPT_REDUCE pass (consolidate $*mux and $reduce_* inputs).
  Optimizing cells in module \top_zkf_div_w8_m36_base.
  Optimizing cells in module $paramod$d482ec995452f6edef73ceacb71c30dc3df86b83\zkf_div.
Performed a total of 0 changes.

6.12.54. Executing OPT_MERGE pass (detect identical cells).
Finding identical cells in module `\top_zkf_div_w8_m36_base'.
Computing hashes of 9 cells of `\top_zkf_div_w8_m36_base'.
Finding duplicate cells in `\top_zkf_div_w8_m36_base'.
Finding identical cells in module `$paramod$d482ec995452f6edef73ceacb71c30dc3df86b83\zkf_div'.
Computing hashes of 537 cells of `$paramod$d482ec995452f6edef73ceacb71c30dc3df86b83\zkf_div'.
Finding duplicate cells in `$paramod$d482ec995452f6edef73ceacb71c30dc3df86b83\zkf_div'.
Removed a total of 0 cells.

6.12.55. Executing OPT_DFF pass (perform DFF optimizations).
Setting constant 1-bit at position 35 on $flatten\u_core.$procdff$904 ($dff) from module $paramod$d482ec995452f6edef73ceacb71c30dc3df86b83\zkf_div.

6.12.56. Executing OPT_CLEAN pass (remove unused cells and wires).
Finding unused cells or wires in module \top_zkf_div_w8_m36_base..
Finding unused cells or wires in module $paramod$d482ec995452f6edef73ceacb71c30dc3df86b83\zkf_div..

6.12.57. Executing OPT_EXPR pass (perform const folding).
Optimizing module top_zkf_div_w8_m36_base.
Optimizing module $paramod$d482ec995452f6edef73ceacb71c30dc3df86b83\zkf_div.

6.12.58. Rerunning OPT passes. (Maybe there is more to do..)

6.12.59. Executing OPT_MUXTREE pass (detect dead branches in mux trees).
Running muxtree optimizer on module \top_zkf_div_w8_m36_base..
  Creating internal representation of mux trees.
  Evaluating internal representation of mux trees.
  Analyzing evaluation results.
Running muxtree optimizer on module $paramod$d482ec995452f6edef73ceacb71c30dc3df86b83\zkf_div..
  Creating internal representation of mux trees.
  Evaluating internal representation of mux trees.
  Analyzing evaluation results.
Removed 0 multiplexer ports.
<suppressed ~140 debug messages>

6.12.60. Executing OPT_REDUCE pass (consolidate $*mux and $reduce_* inputs).
  Optimizing cells in module \top_zkf_div_w8_m36_base.
  Optimizing cells in module $paramod$d482ec995452f6edef73ceacb71c30dc3df86b83\zkf_div.
Performed a total of 0 changes.

6.12.61. Executing OPT_MERGE pass (detect identical cells).
Finding identical cells in module `\top_zkf_div_w8_m36_base'.
Computing hashes of 9 cells of `\top_zkf_div_w8_m36_base'.
Finding duplicate cells in `\top_zkf_div_w8_m36_base'.
Finding identical cells in module `$paramod$d482ec995452f6edef73ceacb71c30dc3df86b83\zkf_div'.
Computing hashes of 537 cells of `$paramod$d482ec995452f6edef73ceacb71c30dc3df86b83\zkf_div'.
Finding duplicate cells in `$paramod$d482ec995452f6edef73ceacb71c30dc3df86b83\zkf_div'.
Removed a total of 0 cells.

6.12.62. Executing OPT_DFF pass (perform DFF optimizations).
Setting constant 1-bit at position 35 on $flatten\u_core.$procdff$895 ($dff) from module $paramod$d482ec995452f6edef73ceacb71c30dc3df86b83\zkf_div.

6.12.63. Executing OPT_CLEAN pass (remove unused cells and wires).
Finding unused cells or wires in module \top_zkf_div_w8_m36_base..
Finding unused cells or wires in module $paramod$d482ec995452f6edef73ceacb71c30dc3df86b83\zkf_div..

6.12.64. Executing OPT_EXPR pass (perform const folding).
Optimizing module top_zkf_div_w8_m36_base.
Optimizing module $paramod$d482ec995452f6edef73ceacb71c30dc3df86b83\zkf_div.

6.12.65. Rerunning OPT passes. (Maybe there is more to do..)

6.12.66. Executing OPT_MUXTREE pass (detect dead branches in mux trees).
Running muxtree optimizer on module \top_zkf_div_w8_m36_base..
  Creating internal representation of mux trees.
  Evaluating internal representation of mux trees.
  Analyzing evaluation results.
Running muxtree optimizer on module $paramod$d482ec995452f6edef73ceacb71c30dc3df86b83\zkf_div..
  Creating internal representation of mux trees.
  Evaluating internal representation of mux trees.
  Analyzing evaluation results.
Removed 0 multiplexer ports.
<suppressed ~140 debug messages>

6.12.67. Executing OPT_REDUCE pass (consolidate $*mux and $reduce_* inputs).
  Optimizing cells in module \top_zkf_div_w8_m36_base.
  Optimizing cells in module $paramod$d482ec995452f6edef73ceacb71c30dc3df86b83\zkf_div.
Performed a total of 0 changes.

6.12.68. Executing OPT_MERGE pass (detect identical cells).
Finding identical cells in module `\top_zkf_div_w8_m36_base'.
Computing hashes of 9 cells of `\top_zkf_div_w8_m36_base'.
Finding duplicate cells in `\top_zkf_div_w8_m36_base'.
Finding identical cells in module `$paramod$d482ec995452f6edef73ceacb71c30dc3df86b83\zkf_div'.
Computing hashes of 537 cells of `$paramod$d482ec995452f6edef73ceacb71c30dc3df86b83\zkf_div'.
Finding duplicate cells in `$paramod$d482ec995452f6edef73ceacb71c30dc3df86b83\zkf_div'.
Removed a total of 0 cells.

6.12.69. Executing OPT_DFF pass (perform DFF optimizations).
Setting constant 1-bit at position 35 on $flatten\u_core.$procdff$886 ($dff) from module $paramod$d482ec995452f6edef73ceacb71c30dc3df86b83\zkf_div.

6.12.70. Executing OPT_CLEAN pass (remove unused cells and wires).
Finding unused cells or wires in module \top_zkf_div_w8_m36_base..
Finding unused cells or wires in module $paramod$d482ec995452f6edef73ceacb71c30dc3df86b83\zkf_div..

6.12.71. Executing OPT_EXPR pass (perform const folding).
Optimizing module top_zkf_div_w8_m36_base.
Optimizing module $paramod$d482ec995452f6edef73ceacb71c30dc3df86b83\zkf_div.

6.12.72. Rerunning OPT passes. (Maybe there is more to do..)

6.12.73. Executing OPT_MUXTREE pass (detect dead branches in mux trees).
Running muxtree optimizer on module \top_zkf_div_w8_m36_base..
  Creating internal representation of mux trees.
  Evaluating internal representation of mux trees.
  Analyzing evaluation results.
Running muxtree optimizer on module $paramod$d482ec995452f6edef73ceacb71c30dc3df86b83\zkf_div..
  Creating internal representation of mux trees.
  Evaluating internal representation of mux trees.
  Analyzing evaluation results.
Removed 0 multiplexer ports.
<suppressed ~140 debug messages>

6.12.74. Executing OPT_REDUCE pass (consolidate $*mux and $reduce_* inputs).
  Optimizing cells in module \top_zkf_div_w8_m36_base.
  Optimizing cells in module $paramod$d482ec995452f6edef73ceacb71c30dc3df86b83\zkf_div.
Performed a total of 0 changes.

6.12.75. Executing OPT_MERGE pass (detect identical cells).
Finding identical cells in module `\top_zkf_div_w8_m36_base'.
Computing hashes of 9 cells of `\top_zkf_div_w8_m36_base'.
Finding duplicate cells in `\top_zkf_div_w8_m36_base'.
Finding identical cells in module `$paramod$d482ec995452f6edef73ceacb71c30dc3df86b83\zkf_div'.
Computing hashes of 537 cells of `$paramod$d482ec995452f6edef73ceacb71c30dc3df86b83\zkf_div'.
Finding duplicate cells in `$paramod$d482ec995452f6edef73ceacb71c30dc3df86b83\zkf_div'.
Removed a total of 0 cells.

6.12.76. Executing OPT_DFF pass (perform DFF optimizations).
Setting constant 1-bit at position 35 on $flatten\u_core.$procdff$877 ($dff) from module $paramod$d482ec995452f6edef73ceacb71c30dc3df86b83\zkf_div.

6.12.77. Executing OPT_CLEAN pass (remove unused cells and wires).
Finding unused cells or wires in module \top_zkf_div_w8_m36_base..
Finding unused cells or wires in module $paramod$d482ec995452f6edef73ceacb71c30dc3df86b83\zkf_div..

6.12.78. Executing OPT_EXPR pass (perform const folding).
Optimizing module top_zkf_div_w8_m36_base.
Optimizing module $paramod$d482ec995452f6edef73ceacb71c30dc3df86b83\zkf_div.

6.12.79. Rerunning OPT passes. (Maybe there is more to do..)

6.12.80. Executing OPT_MUXTREE pass (detect dead branches in mux trees).
Running muxtree optimizer on module \top_zkf_div_w8_m36_base..
  Creating internal representation of mux trees.
  Evaluating internal representation of mux trees.
  Analyzing evaluation results.
Running muxtree optimizer on module $paramod$d482ec995452f6edef73ceacb71c30dc3df86b83\zkf_div..
  Creating internal representation of mux trees.
  Evaluating internal representation of mux trees.
  Analyzing evaluation results.
Removed 0 multiplexer ports.
<suppressed ~140 debug messages>

6.12.81. Executing OPT_REDUCE pass (consolidate $*mux and $reduce_* inputs).
  Optimizing cells in module \top_zkf_div_w8_m36_base.
  Optimizing cells in module $paramod$d482ec995452f6edef73ceacb71c30dc3df86b83\zkf_div.
Performed a total of 0 changes.

6.12.82. Executing OPT_MERGE pass (detect identical cells).
Finding identical cells in module `\top_zkf_div_w8_m36_base'.
Computing hashes of 9 cells of `\top_zkf_div_w8_m36_base'.
Finding duplicate cells in `\top_zkf_div_w8_m36_base'.
Finding identical cells in module `$paramod$d482ec995452f6edef73ceacb71c30dc3df86b83\zkf_div'.
Computing hashes of 537 cells of `$paramod$d482ec995452f6edef73ceacb71c30dc3df86b83\zkf_div'.
Finding duplicate cells in `$paramod$d482ec995452f6edef73ceacb71c30dc3df86b83\zkf_div'.
Removed a total of 0 cells.

6.12.83. Executing OPT_DFF pass (perform DFF optimizations).
Setting constant 1-bit at position 35 on $flatten\u_core.$procdff$868 ($dff) from module $paramod$d482ec995452f6edef73ceacb71c30dc3df86b83\zkf_div.

6.12.84. Executing OPT_CLEAN pass (remove unused cells and wires).
Finding unused cells or wires in module \top_zkf_div_w8_m36_base..
Finding unused cells or wires in module $paramod$d482ec995452f6edef73ceacb71c30dc3df86b83\zkf_div..

6.12.85. Executing OPT_EXPR pass (perform const folding).
Optimizing module top_zkf_div_w8_m36_base.
Optimizing module $paramod$d482ec995452f6edef73ceacb71c30dc3df86b83\zkf_div.

6.12.86. Rerunning OPT passes. (Maybe there is more to do..)

6.12.87. Executing OPT_MUXTREE pass (detect dead branches in mux trees).
Running muxtree optimizer on module \top_zkf_div_w8_m36_base..
  Creating internal representation of mux trees.
  Evaluating internal representation of mux trees.
  Analyzing evaluation results.
Running muxtree optimizer on module $paramod$d482ec995452f6edef73ceacb71c30dc3df86b83\zkf_div..
  Creating internal representation of mux trees.
  Evaluating internal representation of mux trees.
  Analyzing evaluation results.
Removed 0 multiplexer ports.
<suppressed ~140 debug messages>

6.12.88. Executing OPT_REDUCE pass (consolidate $*mux and $reduce_* inputs).
  Optimizing cells in module \top_zkf_div_w8_m36_base.
  Optimizing cells in module $paramod$d482ec995452f6edef73ceacb71c30dc3df86b83\zkf_div.
Performed a total of 0 changes.

6.12.89. Executing OPT_MERGE pass (detect identical cells).
Finding identical cells in module `\top_zkf_div_w8_m36_base'.
Computing hashes of 9 cells of `\top_zkf_div_w8_m36_base'.
Finding duplicate cells in `\top_zkf_div_w8_m36_base'.
Finding identical cells in module `$paramod$d482ec995452f6edef73ceacb71c30dc3df86b83\zkf_div'.
Computing hashes of 537 cells of `$paramod$d482ec995452f6edef73ceacb71c30dc3df86b83\zkf_div'.
Finding duplicate cells in `$paramod$d482ec995452f6edef73ceacb71c30dc3df86b83\zkf_div'.
Removed a total of 0 cells.

6.12.90. Executing OPT_DFF pass (perform DFF optimizations).
Setting constant 1-bit at position 35 on $flatten\u_core.$procdff$859 ($dff) from module $paramod$d482ec995452f6edef73ceacb71c30dc3df86b83\zkf_div.

6.12.91. Executing OPT_CLEAN pass (remove unused cells and wires).
Finding unused cells or wires in module \top_zkf_div_w8_m36_base..
Finding unused cells or wires in module $paramod$d482ec995452f6edef73ceacb71c30dc3df86b83\zkf_div..

6.12.92. Executing OPT_EXPR pass (perform const folding).
Optimizing module top_zkf_div_w8_m36_base.
Optimizing module $paramod$d482ec995452f6edef73ceacb71c30dc3df86b83\zkf_div.

6.12.93. Rerunning OPT passes. (Maybe there is more to do..)

6.12.94. Executing OPT_MUXTREE pass (detect dead branches in mux trees).
Running muxtree optimizer on module \top_zkf_div_w8_m36_base..
  Creating internal representation of mux trees.
  Evaluating internal representation of mux trees.
  Analyzing evaluation results.
Running muxtree optimizer on module $paramod$d482ec995452f6edef73ceacb71c30dc3df86b83\zkf_div..
  Creating internal representation of mux trees.
  Evaluating internal representation of mux trees.
  Analyzing evaluation results.
Removed 0 multiplexer ports.
<suppressed ~140 debug messages>

6.12.95. Executing OPT_REDUCE pass (consolidate $*mux and $reduce_* inputs).
  Optimizing cells in module \top_zkf_div_w8_m36_base.
  Optimizing cells in module $paramod$d482ec995452f6edef73ceacb71c30dc3df86b83\zkf_div.
Performed a total of 0 changes.

6.12.96. Executing OPT_MERGE pass (detect identical cells).
Finding identical cells in module `\top_zkf_div_w8_m36_base'.
Computing hashes of 9 cells of `\top_zkf_div_w8_m36_base'.
Finding duplicate cells in `\top_zkf_div_w8_m36_base'.
Finding identical cells in module `$paramod$d482ec995452f6edef73ceacb71c30dc3df86b83\zkf_div'.
Computing hashes of 537 cells of `$paramod$d482ec995452f6edef73ceacb71c30dc3df86b83\zkf_div'.
Finding duplicate cells in `$paramod$d482ec995452f6edef73ceacb71c30dc3df86b83\zkf_div'.
Removed a total of 0 cells.

6.12.97. Executing OPT_DFF pass (perform DFF optimizations).
Setting constant 1-bit at position 35 on $flatten\u_core.$procdff$850 ($dff) from module $paramod$d482ec995452f6edef73ceacb71c30dc3df86b83\zkf_div.

6.12.98. Executing OPT_CLEAN pass (remove unused cells and wires).
Finding unused cells or wires in module \top_zkf_div_w8_m36_base..
Finding unused cells or wires in module $paramod$d482ec995452f6edef73ceacb71c30dc3df86b83\zkf_div..

6.12.99. Executing OPT_EXPR pass (perform const folding).
Optimizing module top_zkf_div_w8_m36_base.
Optimizing module $paramod$d482ec995452f6edef73ceacb71c30dc3df86b83\zkf_div.

6.12.100. Rerunning OPT passes. (Maybe there is more to do..)

6.12.101. Executing OPT_MUXTREE pass (detect dead branches in mux trees).
Running muxtree optimizer on module \top_zkf_div_w8_m36_base..
  Creating internal representation of mux trees.
  Evaluating internal representation of mux trees.
  Analyzing evaluation results.
Running muxtree optimizer on module $paramod$d482ec995452f6edef73ceacb71c30dc3df86b83\zkf_div..
  Creating internal representation of mux trees.
  Evaluating internal representation of mux trees.
  Analyzing evaluation results.
Removed 0 multiplexer ports.
<suppressed ~140 debug messages>

6.12.102. Executing OPT_REDUCE pass (consolidate $*mux and $reduce_* inputs).
  Optimizing cells in module \top_zkf_div_w8_m36_base.
  Optimizing cells in module $paramod$d482ec995452f6edef73ceacb71c30dc3df86b83\zkf_div.
Performed a total of 0 changes.

6.12.103. Executing OPT_MERGE pass (detect identical cells).
Finding identical cells in module `\top_zkf_div_w8_m36_base'.
Computing hashes of 9 cells of `\top_zkf_div_w8_m36_base'.
Finding duplicate cells in `\top_zkf_div_w8_m36_base'.
Finding identical cells in module `$paramod$d482ec995452f6edef73ceacb71c30dc3df86b83\zkf_div'.
Computing hashes of 537 cells of `$paramod$d482ec995452f6edef73ceacb71c30dc3df86b83\zkf_div'.
Finding duplicate cells in `$paramod$d482ec995452f6edef73ceacb71c30dc3df86b83\zkf_div'.
Removed a total of 0 cells.

6.12.104. Executing OPT_DFF pass (perform DFF optimizations).
Setting constant 1-bit at position 35 on $flatten\u_core.$procdff$841 ($dff) from module $paramod$d482ec995452f6edef73ceacb71c30dc3df86b83\zkf_div.

6.12.105. Executing OPT_CLEAN pass (remove unused cells and wires).
Finding unused cells or wires in module \top_zkf_div_w8_m36_base..
Finding unused cells or wires in module $paramod$d482ec995452f6edef73ceacb71c30dc3df86b83\zkf_div..

6.12.106. Executing OPT_EXPR pass (perform const folding).
Optimizing module top_zkf_div_w8_m36_base.
Optimizing module $paramod$d482ec995452f6edef73ceacb71c30dc3df86b83\zkf_div.

6.12.107. Rerunning OPT passes. (Maybe there is more to do..)

6.12.108. Executing OPT_MUXTREE pass (detect dead branches in mux trees).
Running muxtree optimizer on module \top_zkf_div_w8_m36_base..
  Creating internal representation of mux trees.
  Evaluating internal representation of mux trees.
  Analyzing evaluation results.
Running muxtree optimizer on module $paramod$d482ec995452f6edef73ceacb71c30dc3df86b83\zkf_div..
  Creating internal representation of mux trees.
  Evaluating internal representation of mux trees.
  Analyzing evaluation results.
Removed 0 multiplexer ports.
<suppressed ~140 debug messages>

6.12.109. Executing OPT_REDUCE pass (consolidate $*mux and $reduce_* inputs).
  Optimizing cells in module \top_zkf_div_w8_m36_base.
  Optimizing cells in module $paramod$d482ec995452f6edef73ceacb71c30dc3df86b83\zkf_div.
Performed a total of 0 changes.

6.12.110. Executing OPT_MERGE pass (detect identical cells).
Finding identical cells in module `\top_zkf_div_w8_m36_base'.
Computing hashes of 9 cells of `\top_zkf_div_w8_m36_base'.
Finding duplicate cells in `\top_zkf_div_w8_m36_base'.
Finding identical cells in module `$paramod$d482ec995452f6edef73ceacb71c30dc3df86b83\zkf_div'.
Computing hashes of 537 cells of `$paramod$d482ec995452f6edef73ceacb71c30dc3df86b83\zkf_div'.
Finding duplicate cells in `$paramod$d482ec995452f6edef73ceacb71c30dc3df86b83\zkf_div'.
Removed a total of 0 cells.

6.12.111. Executing OPT_DFF pass (perform DFF optimizations).
Setting constant 1-bit at position 35 on $flatten\u_core.$procdff$832 ($dff) from module $paramod$d482ec995452f6edef73ceacb71c30dc3df86b83\zkf_div.

6.12.112. Executing OPT_CLEAN pass (remove unused cells and wires).
Finding unused cells or wires in module \top_zkf_div_w8_m36_base..
Finding unused cells or wires in module $paramod$d482ec995452f6edef73ceacb71c30dc3df86b83\zkf_div..

6.12.113. Executing OPT_EXPR pass (perform const folding).
Optimizing module top_zkf_div_w8_m36_base.
Optimizing module $paramod$d482ec995452f6edef73ceacb71c30dc3df86b83\zkf_div.

6.12.114. Rerunning OPT passes. (Maybe there is more to do..)

6.12.115. Executing OPT_MUXTREE pass (detect dead branches in mux trees).
Running muxtree optimizer on module \top_zkf_div_w8_m36_base..
  Creating internal representation of mux trees.
  Evaluating internal representation of mux trees.
  Analyzing evaluation results.
Running muxtree optimizer on module $paramod$d482ec995452f6edef73ceacb71c30dc3df86b83\zkf_div..
  Creating internal representation of mux trees.
  Evaluating internal representation of mux trees.
  Analyzing evaluation results.
Removed 0 multiplexer ports.
<suppressed ~140 debug messages>

6.12.116. Executing OPT_REDUCE pass (consolidate $*mux and $reduce_* inputs).
  Optimizing cells in module \top_zkf_div_w8_m36_base.
  Optimizing cells in module $paramod$d482ec995452f6edef73ceacb71c30dc3df86b83\zkf_div.
Performed a total of 0 changes.

6.12.117. Executing OPT_MERGE pass (detect identical cells).
Finding identical cells in module `\top_zkf_div_w8_m36_base'.
Computing hashes of 9 cells of `\top_zkf_div_w8_m36_base'.
Finding duplicate cells in `\top_zkf_div_w8_m36_base'.
Finding identical cells in module `$paramod$d482ec995452f6edef73ceacb71c30dc3df86b83\zkf_div'.
Computing hashes of 537 cells of `$paramod$d482ec995452f6edef73ceacb71c30dc3df86b83\zkf_div'.
Finding duplicate cells in `$paramod$d482ec995452f6edef73ceacb71c30dc3df86b83\zkf_div'.
Removed a total of 0 cells.

6.12.118. Executing OPT_DFF pass (perform DFF optimizations).
Setting constant 1-bit at position 35 on $flatten\u_core.$procdff$823 ($dff) from module $paramod$d482ec995452f6edef73ceacb71c30dc3df86b83\zkf_div.

6.12.119. Executing OPT_CLEAN pass (remove unused cells and wires).
Finding unused cells or wires in module \top_zkf_div_w8_m36_base..
Finding unused cells or wires in module $paramod$d482ec995452f6edef73ceacb71c30dc3df86b83\zkf_div..

6.12.120. Executing OPT_EXPR pass (perform const folding).
Optimizing module top_zkf_div_w8_m36_base.
Optimizing module $paramod$d482ec995452f6edef73ceacb71c30dc3df86b83\zkf_div.

6.12.121. Rerunning OPT passes. (Maybe there is more to do..)

6.12.122. Executing OPT_MUXTREE pass (detect dead branches in mux trees).
Running muxtree optimizer on module \top_zkf_div_w8_m36_base..
  Creating internal representation of mux trees.
  Evaluating internal representation of mux trees.
  Analyzing evaluation results.
Running muxtree optimizer on module $paramod$d482ec995452f6edef73ceacb71c30dc3df86b83\zkf_div..
  Creating internal representation of mux trees.
  Evaluating internal representation of mux trees.
  Analyzing evaluation results.
Removed 0 multiplexer ports.
<suppressed ~140 debug messages>

6.12.123. Executing OPT_REDUCE pass (consolidate $*mux and $reduce_* inputs).
  Optimizing cells in module \top_zkf_div_w8_m36_base.
  Optimizing cells in module $paramod$d482ec995452f6edef73ceacb71c30dc3df86b83\zkf_div.
Performed a total of 0 changes.

6.12.124. Executing OPT_MERGE pass (detect identical cells).
Finding identical cells in module `\top_zkf_div_w8_m36_base'.
Computing hashes of 9 cells of `\top_zkf_div_w8_m36_base'.
Finding duplicate cells in `\top_zkf_div_w8_m36_base'.
Finding identical cells in module `$paramod$d482ec995452f6edef73ceacb71c30dc3df86b83\zkf_div'.
Computing hashes of 537 cells of `$paramod$d482ec995452f6edef73ceacb71c30dc3df86b83\zkf_div'.
Finding duplicate cells in `$paramod$d482ec995452f6edef73ceacb71c30dc3df86b83\zkf_div'.
Removed a total of 0 cells.

6.12.125. Executing OPT_DFF pass (perform DFF optimizations).
Setting constant 1-bit at position 35 on $flatten\u_core.$procdff$814 ($dff) from module $paramod$d482ec995452f6edef73ceacb71c30dc3df86b83\zkf_div.

6.12.126. Executing OPT_CLEAN pass (remove unused cells and wires).
Finding unused cells or wires in module \top_zkf_div_w8_m36_base..
Finding unused cells or wires in module $paramod$d482ec995452f6edef73ceacb71c30dc3df86b83\zkf_div..

6.12.127. Executing OPT_EXPR pass (perform const folding).
Optimizing module top_zkf_div_w8_m36_base.
Optimizing module $paramod$d482ec995452f6edef73ceacb71c30dc3df86b83\zkf_div.

6.12.128. Rerunning OPT passes. (Maybe there is more to do..)

6.12.129. Executing OPT_MUXTREE pass (detect dead branches in mux trees).
Running muxtree optimizer on module \top_zkf_div_w8_m36_base..
  Creating internal representation of mux trees.
  Evaluating internal representation of mux trees.
  Analyzing evaluation results.
Running muxtree optimizer on module $paramod$d482ec995452f6edef73ceacb71c30dc3df86b83\zkf_div..
  Creating internal representation of mux trees.
  Evaluating internal representation of mux trees.
  Analyzing evaluation results.
Removed 0 multiplexer ports.
<suppressed ~140 debug messages>

6.12.130. Executing OPT_REDUCE pass (consolidate $*mux and $reduce_* inputs).
  Optimizing cells in module \top_zkf_div_w8_m36_base.
  Optimizing cells in module $paramod$d482ec995452f6edef73ceacb71c30dc3df86b83\zkf_div.
Performed a total of 0 changes.

6.12.131. Executing OPT_MERGE pass (detect identical cells).
Finding identical cells in module `\top_zkf_div_w8_m36_base'.
Computing hashes of 9 cells of `\top_zkf_div_w8_m36_base'.
Finding duplicate cells in `\top_zkf_div_w8_m36_base'.
Finding identical cells in module `$paramod$d482ec995452f6edef73ceacb71c30dc3df86b83\zkf_div'.
Computing hashes of 537 cells of `$paramod$d482ec995452f6edef73ceacb71c30dc3df86b83\zkf_div'.
Finding duplicate cells in `$paramod$d482ec995452f6edef73ceacb71c30dc3df86b83\zkf_div'.
Removed a total of 0 cells.

6.12.132. Executing OPT_DFF pass (perform DFF optimizations).
Setting constant 1-bit at position 35 on $flatten\u_core.$procdff$805 ($dff) from module $paramod$d482ec995452f6edef73ceacb71c30dc3df86b83\zkf_div.

6.12.133. Executing OPT_CLEAN pass (remove unused cells and wires).
Finding unused cells or wires in module \top_zkf_div_w8_m36_base..
Finding unused cells or wires in module $paramod$d482ec995452f6edef73ceacb71c30dc3df86b83\zkf_div..

6.12.134. Executing OPT_EXPR pass (perform const folding).
Optimizing module top_zkf_div_w8_m36_base.
Optimizing module $paramod$d482ec995452f6edef73ceacb71c30dc3df86b83\zkf_div.

6.12.135. Rerunning OPT passes. (Maybe there is more to do..)

6.12.136. Executing OPT_MUXTREE pass (detect dead branches in mux trees).
Running muxtree optimizer on module \top_zkf_div_w8_m36_base..
  Creating internal representation of mux trees.
  Evaluating internal representation of mux trees.
  Analyzing evaluation results.
Running muxtree optimizer on module $paramod$d482ec995452f6edef73ceacb71c30dc3df86b83\zkf_div..
  Creating internal representation of mux trees.
  Evaluating internal representation of mux trees.
  Analyzing evaluation results.
Removed 0 multiplexer ports.
<suppressed ~140 debug messages>

6.12.137. Executing OPT_REDUCE pass (consolidate $*mux and $reduce_* inputs).
  Optimizing cells in module \top_zkf_div_w8_m36_base.
  Optimizing cells in module $paramod$d482ec995452f6edef73ceacb71c30dc3df86b83\zkf_div.
Performed a total of 0 changes.

6.12.138. Executing OPT_MERGE pass (detect identical cells).
Finding identical cells in module `\top_zkf_div_w8_m36_base'.
Computing hashes of 9 cells of `\top_zkf_div_w8_m36_base'.
Finding duplicate cells in `\top_zkf_div_w8_m36_base'.
Finding identical cells in module `$paramod$d482ec995452f6edef73ceacb71c30dc3df86b83\zkf_div'.
Computing hashes of 537 cells of `$paramod$d482ec995452f6edef73ceacb71c30dc3df86b83\zkf_div'.
Finding duplicate cells in `$paramod$d482ec995452f6edef73ceacb71c30dc3df86b83\zkf_div'.
Removed a total of 0 cells.

6.12.139. Executing OPT_DFF pass (perform DFF optimizations).

6.12.140. Executing OPT_CLEAN pass (remove unused cells and wires).
Finding unused cells or wires in module \top_zkf_div_w8_m36_base..
Finding unused cells or wires in module $paramod$d482ec995452f6edef73ceacb71c30dc3df86b83\zkf_div..

6.12.141. Executing OPT_EXPR pass (perform const folding).
Optimizing module top_zkf_div_w8_m36_base.
Optimizing module $paramod$d482ec995452f6edef73ceacb71c30dc3df86b83\zkf_div.

6.12.142. Finished fast OPT passes. (There is nothing left to do.)

6.13. Executing FSM pass (extract and optimize FSM).

6.13.1. Executing FSM_DETECT pass (finding FSMs in design).

6.13.2. Executing FSM_EXTRACT pass (extracting FSM from design).

6.13.3. Executing FSM_OPT pass (simple optimizations of FSMs).

6.13.4. Executing OPT_CLEAN pass (remove unused cells and wires).
Finding unused cells or wires in module \top_zkf_div_w8_m36_base..
Finding unused cells or wires in module $paramod$d482ec995452f6edef73ceacb71c30dc3df86b83\zkf_div..

6.13.5. Executing FSM_OPT pass (simple optimizations of FSMs).

6.13.6. Executing FSM_RECODE pass (re-assigning FSM state encoding).

6.13.7. Executing FSM_INFO pass (dumping all available information on FSM cells).

6.13.8. Executing FSM_MAP pass (mapping FSMs to basic logic).

6.14. Executing OPT pass (performing simple optimizations).

6.14.1. Executing OPT_EXPR pass (perform const folding).
Optimizing module top_zkf_div_w8_m36_base.
Optimizing module $paramod$d482ec995452f6edef73ceacb71c30dc3df86b83\zkf_div.

6.14.2. Executing OPT_MERGE pass (detect identical cells).
Finding identical cells in module `\top_zkf_div_w8_m36_base'.
Computing hashes of 9 cells of `\top_zkf_div_w8_m36_base'.
Finding duplicate cells in `\top_zkf_div_w8_m36_base'.
Finding identical cells in module `$paramod$d482ec995452f6edef73ceacb71c30dc3df86b83\zkf_div'.
Computing hashes of 537 cells of `$paramod$d482ec995452f6edef73ceacb71c30dc3df86b83\zkf_div'.
Finding duplicate cells in `$paramod$d482ec995452f6edef73ceacb71c30dc3df86b83\zkf_div'.
Removed a total of 0 cells.

6.14.3. Executing OPT_MUXTREE pass (detect dead branches in mux trees).
Running muxtree optimizer on module \top_zkf_div_w8_m36_base..
  Creating internal representation of mux trees.
  Evaluating internal representation of mux trees.
  Analyzing evaluation results.
Running muxtree optimizer on module $paramod$d482ec995452f6edef73ceacb71c30dc3df86b83\zkf_div..
  Creating internal representation of mux trees.
  Evaluating internal representation of mux trees.
  Analyzing evaluation results.
Removed 0 multiplexer ports.
<suppressed ~140 debug messages>

6.14.4. Executing OPT_REDUCE pass (consolidate $*mux and $reduce_* inputs).
  Optimizing cells in module \top_zkf_div_w8_m36_base.
  Optimizing cells in module $paramod$d482ec995452f6edef73ceacb71c30dc3df86b83\zkf_div.
Performed a total of 0 changes.

6.14.5. Executing OPT_MERGE pass (detect identical cells).
Finding identical cells in module `\top_zkf_div_w8_m36_base'.
Computing hashes of 9 cells of `\top_zkf_div_w8_m36_base'.
Finding duplicate cells in `\top_zkf_div_w8_m36_base'.
Finding identical cells in module `$paramod$d482ec995452f6edef73ceacb71c30dc3df86b83\zkf_div'.
Computing hashes of 537 cells of `$paramod$d482ec995452f6edef73ceacb71c30dc3df86b83\zkf_div'.
Finding duplicate cells in `$paramod$d482ec995452f6edef73ceacb71c30dc3df86b83\zkf_div'.
Removed a total of 0 cells.

6.14.6. Executing OPT_DFF pass (perform DFF optimizations).
Adding SRST signal on $procdff$997 ($dff) from module top_zkf_div_w8_m36_base (D = \in_valid_i, Q = \in_valid_r, rval = 1'0).
Adding SRST signal on $procdff$1000 ($dff) from module top_zkf_div_w8_m36_base (D = \dut_valid, Q = \out_valid_r, rval = 1'0).
Adding SRST signal on $flatten\u_core.$procdff$973 ($dff) from module $paramod$d482ec995452f6edef73ceacb71c30dc3df86b83\zkf_div (D = \in_valid, Q = \u_core.r_valid[0], rval = 1'0).
Adding SRST signal on $flatten\u_core.$procdff$969 ($dff) from module $paramod$d482ec995452f6edef73ceacb71c30dc3df86b83\zkf_div (D = \u_core.r_valid[19], Q = \u_core.out_valid, rval = 1'0).
Adding SRST signal on $flatten\u_core.$procdff$966 ($dff) from module $paramod$d482ec995452f6edef73ceacb71c30dc3df86b83\zkf_div (D = \u_core.g_stage[19].u_raw.raw_next [37], Q = \u_core.significand [35], rval = 1'1).
Adding SRST signal on $flatten\u_core.$procdff$952 ($dff) from module $paramod$d482ec995452f6edef73ceacb71c30dc3df86b83\zkf_div (D = \u_core.r_valid[0], Q = \u_core.r_valid[1], rval = 1'0).
Adding SRST signal on $flatten\u_core.$procdff$943 ($dff) from module $paramod$d482ec995452f6edef73ceacb71c30dc3df86b83\zkf_div (D = \u_core.r_valid[1], Q = \u_core.r_valid[2], rval = 1'0).
Adding SRST signal on $flatten\u_core.$procdff$934 ($dff) from module $paramod$d482ec995452f6edef73ceacb71c30dc3df86b83\zkf_div (D = \u_core.r_valid[2], Q = \u_core.r_valid[3], rval = 1'0).
Adding SRST signal on $flatten\u_core.$procdff$925 ($dff) from module $paramod$d482ec995452f6edef73ceacb71c30dc3df86b83\zkf_div (D = \u_core.r_valid[3], Q = \u_core.r_valid[4], rval = 1'0).
Adding SRST signal on $flatten\u_core.$procdff$916 ($dff) from module $paramod$d482ec995452f6edef73ceacb71c30dc3df86b83\zkf_div (D = \u_core.r_valid[4], Q = \u_core.r_valid[5], rval = 1'0).
Adding SRST signal on $flatten\u_core.$procdff$907 ($dff) from module $paramod$d482ec995452f6edef73ceacb71c30dc3df86b83\zkf_div (D = \u_core.r_valid[5], Q = \u_core.r_valid[6], rval = 1'0).
Adding SRST signal on $flatten\u_core.$procdff$898 ($dff) from module $paramod$d482ec995452f6edef73ceacb71c30dc3df86b83\zkf_div (D = \u_core.r_valid[6], Q = \u_core.r_valid[7], rval = 1'0).
Adding SRST signal on $flatten\u_core.$procdff$889 ($dff) from module $paramod$d482ec995452f6edef73ceacb71c30dc3df86b83\zkf_div (D = \u_core.r_valid[7], Q = \u_core.r_valid[8], rval = 1'0).
Adding SRST signal on $flatten\u_core.$procdff$880 ($dff) from module $paramod$d482ec995452f6edef73ceacb71c30dc3df86b83\zkf_div (D = \u_core.r_valid[8], Q = \u_core.r_valid[9], rval = 1'0).
Adding SRST signal on $flatten\u_core.$procdff$871 ($dff) from module $paramod$d482ec995452f6edef73ceacb71c30dc3df86b83\zkf_div (D = \u_core.r_valid[9], Q = \u_core.r_valid[10], rval = 1'0).
Adding SRST signal on $flatten\u_core.$procdff$862 ($dff) from module $paramod$d482ec995452f6edef73ceacb71c30dc3df86b83\zkf_div (D = \u_core.r_valid[10], Q = \u_core.r_valid[11], rval = 1'0).
Adding SRST signal on $flatten\u_core.$procdff$853 ($dff) from module $paramod$d482ec995452f6edef73ceacb71c30dc3df86b83\zkf_div (D = \u_core.r_valid[11], Q = \u_core.r_valid[12], rval = 1'0).
Adding SRST signal on $flatten\u_core.$procdff$844 ($dff) from module $paramod$d482ec995452f6edef73ceacb71c30dc3df86b83\zkf_div (D = \u_core.r_valid[12], Q = \u_core.r_valid[13], rval = 1'0).
Adding SRST signal on $flatten\u_core.$procdff$835 ($dff) from module $paramod$d482ec995452f6edef73ceacb71c30dc3df86b83\zkf_div (D = \u_core.r_valid[13], Q = \u_core.r_valid[14], rval = 1'0).
Adding SRST signal on $flatten\u_core.$procdff$826 ($dff) from module $paramod$d482ec995452f6edef73ceacb71c30dc3df86b83\zkf_div (D = \u_core.r_valid[14], Q = \u_core.r_valid[15], rval = 1'0).
Adding SRST signal on $flatten\u_core.$procdff$817 ($dff) from module $paramod$d482ec995452f6edef73ceacb71c30dc3df86b83\zkf_div (D = \u_core.r_valid[15], Q = \u_core.r_valid[16], rval = 1'0).
Adding SRST signal on $flatten\u_core.$procdff$808 ($dff) from module $paramod$d482ec995452f6edef73ceacb71c30dc3df86b83\zkf_div (D = \u_core.r_valid[16], Q = \u_core.r_valid[17], rval = 1'0).
Adding SRST signal on $flatten\u_core.$procdff$799 ($dff) from module $paramod$d482ec995452f6edef73ceacb71c30dc3df86b83\zkf_div (D = \u_core.r_valid[17], Q = \u_core.r_valid[18], rval = 1'0).
Adding SRST signal on $flatten\u_core.$procdff$790 ($dff) from module $paramod$d482ec995452f6edef73ceacb71c30dc3df86b83\zkf_div (D = \u_core.r_valid[18], Q = \u_core.r_valid[19], rval = 1'0).
Adding SRST signal on $flatten\u_core.$procdff$981 ($dff) from module $paramod$d482ec995452f6edef73ceacb71c30dc3df86b83\zkf_div (D = $flatten\u_core.$sub$/mnt/storage/zubax/kulibin2/float/hdl/_zkf_div_core.v:89$685_Y [35], Q = \u_core.r_rem[0] [35], rval = 1'1).

6.14.7. Executing OPT_CLEAN pass (remove unused cells and wires).
Finding unused cells or wires in module \top_zkf_div_w8_m36_base..
Finding unused cells or wires in module $paramod$d482ec995452f6edef73ceacb71c30dc3df86b83\zkf_div..
Removed 23 unused cells and 23 unused wires.
<suppressed ~25 debug messages>

6.14.8. Executing OPT_EXPR pass (perform const folding).
Optimizing module top_zkf_div_w8_m36_base.
Optimizing module $paramod$d482ec995452f6edef73ceacb71c30dc3df86b83\zkf_div.

6.14.9. Rerunning OPT passes. (Maybe there is more to do..)

6.14.10. Executing OPT_MUXTREE pass (detect dead branches in mux trees).
Running muxtree optimizer on module \top_zkf_div_w8_m36_base..
  Creating internal representation of mux trees.
  No muxes found in this module.
Running muxtree optimizer on module $paramod$d482ec995452f6edef73ceacb71c30dc3df86b83\zkf_div..
  Creating internal representation of mux trees.
  Evaluating internal representation of mux trees.
  Analyzing evaluation results.
Removed 0 multiplexer ports.
<suppressed ~94 debug messages>

6.14.11. Executing OPT_REDUCE pass (consolidate $*mux and $reduce_* inputs).
  Optimizing cells in module \top_zkf_div_w8_m36_base.
  Optimizing cells in module $paramod$d482ec995452f6edef73ceacb71c30dc3df86b83\zkf_div.
Performed a total of 0 changes.

6.14.12. Executing OPT_MERGE pass (detect identical cells).
Finding identical cells in module `\top_zkf_div_w8_m36_base'.
Computing hashes of 7 cells of `\top_zkf_div_w8_m36_base'.
Finding duplicate cells in `\top_zkf_div_w8_m36_base'.
Finding identical cells in module `$paramod$d482ec995452f6edef73ceacb71c30dc3df86b83\zkf_div'.
Computing hashes of 518 cells of `$paramod$d482ec995452f6edef73ceacb71c30dc3df86b83\zkf_div'.
Finding duplicate cells in `$paramod$d482ec995452f6edef73ceacb71c30dc3df86b83\zkf_div'.
Removed a total of 0 cells.

6.14.13. Executing OPT_DFF pass (perform DFF optimizations).

6.14.14. Executing OPT_CLEAN pass (remove unused cells and wires).
Finding unused cells or wires in module \top_zkf_div_w8_m36_base..
Finding unused cells or wires in module $paramod$d482ec995452f6edef73ceacb71c30dc3df86b83\zkf_div..

6.14.15. Executing OPT_EXPR pass (perform const folding).
Optimizing module top_zkf_div_w8_m36_base.
Optimizing module $paramod$d482ec995452f6edef73ceacb71c30dc3df86b83\zkf_div.

6.14.16. Finished fast OPT passes. (There is nothing left to do.)

6.15. Executing WREDUCE pass (reducing word size of cells).
Removed top 1 bits (of 39) from port A of cell $paramod$d482ec995452f6edef73ceacb71c30dc3df86b83\zkf_div.$flatten\u_core.\g_stage[19].u_step.$sub$/mnt/storage/zubax/kulibin2/float/hdl/_zkf_div_core.v:286$596 ($sub).
Removed top 2 bits (of 39) from port B of cell $paramod$d482ec995452f6edef73ceacb71c30dc3df86b83\zkf_div.$flatten\u_core.\g_stage[19].u_step.$sub$/mnt/storage/zubax/kulibin2/float/hdl/_zkf_div_core.v:286$596 ($sub).
Removed top 1 bits (of 39) from port A of cell $paramod$d482ec995452f6edef73ceacb71c30dc3df86b83\zkf_div.$flatten\u_core.\g_stage[19].u_step.$sub$/mnt/storage/zubax/kulibin2/float/hdl/_zkf_div_core.v:287$597 ($sub).
Removed top 1 bits (of 39) from port B of cell $paramod$d482ec995452f6edef73ceacb71c30dc3df86b83\zkf_div.$flatten\u_core.\g_stage[19].u_step.$sub$/mnt/storage/zubax/kulibin2/float/hdl/_zkf_div_core.v:287$597 ($sub).
Removed top 1 bits (of 39) from port A of cell $paramod$d482ec995452f6edef73ceacb71c30dc3df86b83\zkf_div.$flatten\u_core.\g_stage[18].u_step.$sub$/mnt/storage/zubax/kulibin2/float/hdl/_zkf_div_core.v:286$596 ($sub).
Removed top 2 bits (of 39) from port B of cell $paramod$d482ec995452f6edef73ceacb71c30dc3df86b83\zkf_div.$flatten\u_core.\g_stage[18].u_step.$sub$/mnt/storage/zubax/kulibin2/float/hdl/_zkf_div_core.v:286$596 ($sub).
Removed top 1 bits (of 39) from port A of cell $paramod$d482ec995452f6edef73ceacb71c30dc3df86b83\zkf_div.$flatten\u_core.\g_stage[18].u_step.$sub$/mnt/storage/zubax/kulibin2/float/hdl/_zkf_div_core.v:287$597 ($sub).
Removed top 1 bits (of 39) from port B of cell $paramod$d482ec995452f6edef73ceacb71c30dc3df86b83\zkf_div.$flatten\u_core.\g_stage[18].u_step.$sub$/mnt/storage/zubax/kulibin2/float/hdl/_zkf_div_core.v:287$597 ($sub).
Removed top 1 bits (of 39) from port A of cell $paramod$d482ec995452f6edef73ceacb71c30dc3df86b83\zkf_div.$flatten\u_core.\g_stage[17].u_step.$sub$/mnt/storage/zubax/kulibin2/float/hdl/_zkf_div_core.v:286$596 ($sub).
Removed top 2 bits (of 39) from port B of cell $paramod$d482ec995452f6edef73ceacb71c30dc3df86b83\zkf_div.$flatten\u_core.\g_stage[17].u_step.$sub$/mnt/storage/zubax/kulibin2/float/hdl/_zkf_div_core.v:286$596 ($sub).
Removed top 1 bits (of 39) from port A of cell $paramod$d482ec995452f6edef73ceacb71c30dc3df86b83\zkf_div.$flatten\u_core.\g_stage[17].u_step.$sub$/mnt/storage/zubax/kulibin2/float/hdl/_zkf_div_core.v:287$597 ($sub).
Removed top 1 bits (of 39) from port B of cell $paramod$d482ec995452f6edef73ceacb71c30dc3df86b83\zkf_div.$flatten\u_core.\g_stage[17].u_step.$sub$/mnt/storage/zubax/kulibin2/float/hdl/_zkf_div_core.v:287$597 ($sub).
Removed top 1 bits (of 39) from port A of cell $paramod$d482ec995452f6edef73ceacb71c30dc3df86b83\zkf_div.$flatten\u_core.\g_stage[16].u_step.$sub$/mnt/storage/zubax/kulibin2/float/hdl/_zkf_div_core.v:286$596 ($sub).
Removed top 2 bits (of 39) from port B of cell $paramod$d482ec995452f6edef73ceacb71c30dc3df86b83\zkf_div.$flatten\u_core.\g_stage[16].u_step.$sub$/mnt/storage/zubax/kulibin2/float/hdl/_zkf_div_core.v:286$596 ($sub).
Removed top 1 bits (of 39) from port A of cell $paramod$d482ec995452f6edef73ceacb71c30dc3df86b83\zkf_div.$flatten\u_core.\g_stage[16].u_step.$sub$/mnt/storage/zubax/kulibin2/float/hdl/_zkf_div_core.v:287$597 ($sub).
Removed top 1 bits (of 39) from port B of cell $paramod$d482ec995452f6edef73ceacb71c30dc3df86b83\zkf_div.$flatten\u_core.\g_stage[16].u_step.$sub$/mnt/storage/zubax/kulibin2/float/hdl/_zkf_div_core.v:287$597 ($sub).
Removed top 1 bits (of 39) from port A of cell $paramod$d482ec995452f6edef73ceacb71c30dc3df86b83\zkf_div.$flatten\u_core.\g_stage[15].u_step.$sub$/mnt/storage/zubax/kulibin2/float/hdl/_zkf_div_core.v:286$596 ($sub).
Removed top 2 bits (of 39) from port B of cell $paramod$d482ec995452f6edef73ceacb71c30dc3df86b83\zkf_div.$flatten\u_core.\g_stage[15].u_step.$sub$/mnt/storage/zubax/kulibin2/float/hdl/_zkf_div_core.v:286$596 ($sub).
Removed top 1 bits (of 39) from port A of cell $paramod$d482ec995452f6edef73ceacb71c30dc3df86b83\zkf_div.$flatten\u_core.\g_stage[15].u_step.$sub$/mnt/storage/zubax/kulibin2/float/hdl/_zkf_div_core.v:287$597 ($sub).
Removed top 1 bits (of 39) from port B of cell $paramod$d482ec995452f6edef73ceacb71c30dc3df86b83\zkf_div.$flatten\u_core.\g_stage[15].u_step.$sub$/mnt/storage/zubax/kulibin2/float/hdl/_zkf_div_core.v:287$597 ($sub).
Removed top 1 bits (of 39) from port A of cell $paramod$d482ec995452f6edef73ceacb71c30dc3df86b83\zkf_div.$flatten\u_core.\g_stage[14].u_step.$sub$/mnt/storage/zubax/kulibin2/float/hdl/_zkf_div_core.v:286$596 ($sub).
Removed top 2 bits (of 39) from port B of cell $paramod$d482ec995452f6edef73ceacb71c30dc3df86b83\zkf_div.$flatten\u_core.\g_stage[14].u_step.$sub$/mnt/storage/zubax/kulibin2/float/hdl/_zkf_div_core.v:286$596 ($sub).
Removed top 1 bits (of 39) from port A of cell $paramod$d482ec995452f6edef73ceacb71c30dc3df86b83\zkf_div.$flatten\u_core.\g_stage[14].u_step.$sub$/mnt/storage/zubax/kulibin2/float/hdl/_zkf_div_core.v:287$597 ($sub).
Removed top 1 bits (of 39) from port B of cell $paramod$d482ec995452f6edef73ceacb71c30dc3df86b83\zkf_div.$flatten\u_core.\g_stage[14].u_step.$sub$/mnt/storage/zubax/kulibin2/float/hdl/_zkf_div_core.v:287$597 ($sub).
Removed top 1 bits (of 39) from port A of cell $paramod$d482ec995452f6edef73ceacb71c30dc3df86b83\zkf_div.$flatten\u_core.\g_stage[13].u_step.$sub$/mnt/storage/zubax/kulibin2/float/hdl/_zkf_div_core.v:286$596 ($sub).
Removed top 2 bits (of 39) from port B of cell $paramod$d482ec995452f6edef73ceacb71c30dc3df86b83\zkf_div.$flatten\u_core.\g_stage[13].u_step.$sub$/mnt/storage/zubax/kulibin2/float/hdl/_zkf_div_core.v:286$596 ($sub).
Removed top 1 bits (of 39) from port A of cell $paramod$d482ec995452f6edef73ceacb71c30dc3df86b83\zkf_div.$flatten\u_core.\g_stage[13].u_step.$sub$/mnt/storage/zubax/kulibin2/float/hdl/_zkf_div_core.v:287$597 ($sub).
Removed top 1 bits (of 39) from port B of cell $paramod$d482ec995452f6edef73ceacb71c30dc3df86b83\zkf_div.$flatten\u_core.\g_stage[13].u_step.$sub$/mnt/storage/zubax/kulibin2/float/hdl/_zkf_div_core.v:287$597 ($sub).
Removed top 1 bits (of 39) from port A of cell $paramod$d482ec995452f6edef73ceacb71c30dc3df86b83\zkf_div.$flatten\u_core.\g_stage[12].u_step.$sub$/mnt/storage/zubax/kulibin2/float/hdl/_zkf_div_core.v:286$596 ($sub).
Removed top 2 bits (of 39) from port B of cell $paramod$d482ec995452f6edef73ceacb71c30dc3df86b83\zkf_div.$flatten\u_core.\g_stage[12].u_step.$sub$/mnt/storage/zubax/kulibin2/float/hdl/_zkf_div_core.v:286$596 ($sub).
Removed top 1 bits (of 39) from port A of cell $paramod$d482ec995452f6edef73ceacb71c30dc3df86b83\zkf_div.$flatten\u_core.\g_stage[12].u_step.$sub$/mnt/storage/zubax/kulibin2/float/hdl/_zkf_div_core.v:287$597 ($sub).
Removed top 1 bits (of 39) from port B of cell $paramod$d482ec995452f6edef73ceacb71c30dc3df86b83\zkf_div.$flatten\u_core.\g_stage[12].u_step.$sub$/mnt/storage/zubax/kulibin2/float/hdl/_zkf_div_core.v:287$597 ($sub).
Removed top 1 bits (of 39) from port A of cell $paramod$d482ec995452f6edef73ceacb71c30dc3df86b83\zkf_div.$flatten\u_core.\g_stage[11].u_step.$sub$/mnt/storage/zubax/kulibin2/float/hdl/_zkf_div_core.v:286$596 ($sub).
Removed top 2 bits (of 39) from port B of cell $paramod$d482ec995452f6edef73ceacb71c30dc3df86b83\zkf_div.$flatten\u_core.\g_stage[11].u_step.$sub$/mnt/storage/zubax/kulibin2/float/hdl/_zkf_div_core.v:286$596 ($sub).
Removed top 1 bits (of 39) from port A of cell $paramod$d482ec995452f6edef73ceacb71c30dc3df86b83\zkf_div.$flatten\u_core.\g_stage[11].u_step.$sub$/mnt/storage/zubax/kulibin2/float/hdl/_zkf_div_core.v:287$597 ($sub).
Removed top 1 bits (of 39) from port B of cell $paramod$d482ec995452f6edef73ceacb71c30dc3df86b83\zkf_div.$flatten\u_core.\g_stage[11].u_step.$sub$/mnt/storage/zubax/kulibin2/float/hdl/_zkf_div_core.v:287$597 ($sub).
Removed top 1 bits (of 39) from port A of cell $paramod$d482ec995452f6edef73ceacb71c30dc3df86b83\zkf_div.$flatten\u_core.\g_stage[10].u_step.$sub$/mnt/storage/zubax/kulibin2/float/hdl/_zkf_div_core.v:286$596 ($sub).
Removed top 2 bits (of 39) from port B of cell $paramod$d482ec995452f6edef73ceacb71c30dc3df86b83\zkf_div.$flatten\u_core.\g_stage[10].u_step.$sub$/mnt/storage/zubax/kulibin2/float/hdl/_zkf_div_core.v:286$596 ($sub).
Removed top 1 bits (of 39) from port A of cell $paramod$d482ec995452f6edef73ceacb71c30dc3df86b83\zkf_div.$flatten\u_core.\g_stage[10].u_step.$sub$/mnt/storage/zubax/kulibin2/float/hdl/_zkf_div_core.v:287$597 ($sub).
Removed top 1 bits (of 39) from port B of cell $paramod$d482ec995452f6edef73ceacb71c30dc3df86b83\zkf_div.$flatten\u_core.\g_stage[10].u_step.$sub$/mnt/storage/zubax/kulibin2/float/hdl/_zkf_div_core.v:287$597 ($sub).
Removed top 1 bits (of 39) from port A of cell $paramod$d482ec995452f6edef73ceacb71c30dc3df86b83\zkf_div.$flatten\u_core.\g_stage[9].u_step.$sub$/mnt/storage/zubax/kulibin2/float/hdl/_zkf_div_core.v:286$596 ($sub).
Removed top 2 bits (of 39) from port B of cell $paramod$d482ec995452f6edef73ceacb71c30dc3df86b83\zkf_div.$flatten\u_core.\g_stage[9].u_step.$sub$/mnt/storage/zubax/kulibin2/float/hdl/_zkf_div_core.v:286$596 ($sub).
Removed top 1 bits (of 39) from port A of cell $paramod$d482ec995452f6edef73ceacb71c30dc3df86b83\zkf_div.$flatten\u_core.\g_stage[9].u_step.$sub$/mnt/storage/zubax/kulibin2/float/hdl/_zkf_div_core.v:287$597 ($sub).
Removed top 1 bits (of 39) from port B of cell $paramod$d482ec995452f6edef73ceacb71c30dc3df86b83\zkf_div.$flatten\u_core.\g_stage[9].u_step.$sub$/mnt/storage/zubax/kulibin2/float/hdl/_zkf_div_core.v:287$597 ($sub).
Removed top 1 bits (of 39) from port A of cell $paramod$d482ec995452f6edef73ceacb71c30dc3df86b83\zkf_div.$flatten\u_core.\g_stage[8].u_step.$sub$/mnt/storage/zubax/kulibin2/float/hdl/_zkf_div_core.v:286$596 ($sub).
Removed top 2 bits (of 39) from port B of cell $paramod$d482ec995452f6edef73ceacb71c30dc3df86b83\zkf_div.$flatten\u_core.\g_stage[8].u_step.$sub$/mnt/storage/zubax/kulibin2/float/hdl/_zkf_div_core.v:286$596 ($sub).
Removed top 1 bits (of 39) from port A of cell $paramod$d482ec995452f6edef73ceacb71c30dc3df86b83\zkf_div.$flatten\u_core.\g_stage[8].u_step.$sub$/mnt/storage/zubax/kulibin2/float/hdl/_zkf_div_core.v:287$597 ($sub).
Removed top 1 bits (of 39) from port B of cell $paramod$d482ec995452f6edef73ceacb71c30dc3df86b83\zkf_div.$flatten\u_core.\g_stage[8].u_step.$sub$/mnt/storage/zubax/kulibin2/float/hdl/_zkf_div_core.v:287$597 ($sub).
Removed top 1 bits (of 39) from port A of cell $paramod$d482ec995452f6edef73ceacb71c30dc3df86b83\zkf_div.$flatten\u_core.\g_stage[7].u_step.$sub$/mnt/storage/zubax/kulibin2/float/hdl/_zkf_div_core.v:286$596 ($sub).
Removed top 2 bits (of 39) from port B of cell $paramod$d482ec995452f6edef73ceacb71c30dc3df86b83\zkf_div.$flatten\u_core.\g_stage[7].u_step.$sub$/mnt/storage/zubax/kulibin2/float/hdl/_zkf_div_core.v:286$596 ($sub).
Removed top 1 bits (of 39) from port A of cell $paramod$d482ec995452f6edef73ceacb71c30dc3df86b83\zkf_div.$flatten\u_core.\g_stage[7].u_step.$sub$/mnt/storage/zubax/kulibin2/float/hdl/_zkf_div_core.v:287$597 ($sub).
Removed top 1 bits (of 39) from port B of cell $paramod$d482ec995452f6edef73ceacb71c30dc3df86b83\zkf_div.$flatten\u_core.\g_stage[7].u_step.$sub$/mnt/storage/zubax/kulibin2/float/hdl/_zkf_div_core.v:287$597 ($sub).
Removed top 1 bits (of 39) from port A of cell $paramod$d482ec995452f6edef73ceacb71c30dc3df86b83\zkf_div.$flatten\u_core.\g_stage[6].u_step.$sub$/mnt/storage/zubax/kulibin2/float/hdl/_zkf_div_core.v:286$596 ($sub).
Removed top 2 bits (of 39) from port B of cell $paramod$d482ec995452f6edef73ceacb71c30dc3df86b83\zkf_div.$flatten\u_core.\g_stage[6].u_step.$sub$/mnt/storage/zubax/kulibin2/float/hdl/_zkf_div_core.v:286$596 ($sub).
Removed top 1 bits (of 39) from port A of cell $paramod$d482ec995452f6edef73ceacb71c30dc3df86b83\zkf_div.$flatten\u_core.\g_stage[6].u_step.$sub$/mnt/storage/zubax/kulibin2/float/hdl/_zkf_div_core.v:287$597 ($sub).
Removed top 1 bits (of 39) from port B of cell $paramod$d482ec995452f6edef73ceacb71c30dc3df86b83\zkf_div.$flatten\u_core.\g_stage[6].u_step.$sub$/mnt/storage/zubax/kulibin2/float/hdl/_zkf_div_core.v:287$597 ($sub).
Removed top 1 bits (of 39) from port A of cell $paramod$d482ec995452f6edef73ceacb71c30dc3df86b83\zkf_div.$flatten\u_core.\g_stage[5].u_step.$sub$/mnt/storage/zubax/kulibin2/float/hdl/_zkf_div_core.v:286$596 ($sub).
Removed top 2 bits (of 39) from port B of cell $paramod$d482ec995452f6edef73ceacb71c30dc3df86b83\zkf_div.$flatten\u_core.\g_stage[5].u_step.$sub$/mnt/storage/zubax/kulibin2/float/hdl/_zkf_div_core.v:286$596 ($sub).
Removed top 1 bits (of 39) from port A of cell $paramod$d482ec995452f6edef73ceacb71c30dc3df86b83\zkf_div.$flatten\u_core.\g_stage[5].u_step.$sub$/mnt/storage/zubax/kulibin2/float/hdl/_zkf_div_core.v:287$597 ($sub).
Removed top 1 bits (of 39) from port B of cell $paramod$d482ec995452f6edef73ceacb71c30dc3df86b83\zkf_div.$flatten\u_core.\g_stage[5].u_step.$sub$/mnt/storage/zubax/kulibin2/float/hdl/_zkf_div_core.v:287$597 ($sub).
Removed top 1 bits (of 39) from port A of cell $paramod$d482ec995452f6edef73ceacb71c30dc3df86b83\zkf_div.$flatten\u_core.\g_stage[4].u_step.$sub$/mnt/storage/zubax/kulibin2/float/hdl/_zkf_div_core.v:286$596 ($sub).
Removed top 2 bits (of 39) from port B of cell $paramod$d482ec995452f6edef73ceacb71c30dc3df86b83\zkf_div.$flatten\u_core.\g_stage[4].u_step.$sub$/mnt/storage/zubax/kulibin2/float/hdl/_zkf_div_core.v:286$596 ($sub).
Removed top 1 bits (of 39) from port A of cell $paramod$d482ec995452f6edef73ceacb71c30dc3df86b83\zkf_div.$flatten\u_core.\g_stage[4].u_step.$sub$/mnt/storage/zubax/kulibin2/float/hdl/_zkf_div_core.v:287$597 ($sub).
Removed top 1 bits (of 39) from port B of cell $paramod$d482ec995452f6edef73ceacb71c30dc3df86b83\zkf_div.$flatten\u_core.\g_stage[4].u_step.$sub$/mnt/storage/zubax/kulibin2/float/hdl/_zkf_div_core.v:287$597 ($sub).
Removed top 1 bits (of 39) from port A of cell $paramod$d482ec995452f6edef73ceacb71c30dc3df86b83\zkf_div.$flatten\u_core.\g_stage[3].u_step.$sub$/mnt/storage/zubax/kulibin2/float/hdl/_zkf_div_core.v:286$596 ($sub).
Removed top 2 bits (of 39) from port B of cell $paramod$d482ec995452f6edef73ceacb71c30dc3df86b83\zkf_div.$flatten\u_core.\g_stage[3].u_step.$sub$/mnt/storage/zubax/kulibin2/float/hdl/_zkf_div_core.v:286$596 ($sub).
Removed top 1 bits (of 39) from port A of cell $paramod$d482ec995452f6edef73ceacb71c30dc3df86b83\zkf_div.$flatten\u_core.\g_stage[3].u_step.$sub$/mnt/storage/zubax/kulibin2/float/hdl/_zkf_div_core.v:287$597 ($sub).
Removed top 1 bits (of 39) from port B of cell $paramod$d482ec995452f6edef73ceacb71c30dc3df86b83\zkf_div.$flatten\u_core.\g_stage[3].u_step.$sub$/mnt/storage/zubax/kulibin2/float/hdl/_zkf_div_core.v:287$597 ($sub).
Removed top 1 bits (of 39) from port A of cell $paramod$d482ec995452f6edef73ceacb71c30dc3df86b83\zkf_div.$flatten\u_core.\g_stage[2].u_step.$sub$/mnt/storage/zubax/kulibin2/float/hdl/_zkf_div_core.v:286$596 ($sub).
Removed top 2 bits (of 39) from port B of cell $paramod$d482ec995452f6edef73ceacb71c30dc3df86b83\zkf_div.$flatten\u_core.\g_stage[2].u_step.$sub$/mnt/storage/zubax/kulibin2/float/hdl/_zkf_div_core.v:286$596 ($sub).
Removed top 1 bits (of 39) from port A of cell $paramod$d482ec995452f6edef73ceacb71c30dc3df86b83\zkf_div.$flatten\u_core.\g_stage[2].u_step.$sub$/mnt/storage/zubax/kulibin2/float/hdl/_zkf_div_core.v:287$597 ($sub).
Removed top 1 bits (of 39) from port B of cell $paramod$d482ec995452f6edef73ceacb71c30dc3df86b83\zkf_div.$flatten\u_core.\g_stage[2].u_step.$sub$/mnt/storage/zubax/kulibin2/float/hdl/_zkf_div_core.v:287$597 ($sub).
Removed top 1 bits (of 39) from port A of cell $paramod$d482ec995452f6edef73ceacb71c30dc3df86b83\zkf_div.$flatten\u_core.\g_stage[1].u_step.$sub$/mnt/storage/zubax/kulibin2/float/hdl/_zkf_div_core.v:286$596 ($sub).
Removed top 2 bits (of 39) from port B of cell $paramod$d482ec995452f6edef73ceacb71c30dc3df86b83\zkf_div.$flatten\u_core.\g_stage[1].u_step.$sub$/mnt/storage/zubax/kulibin2/float/hdl/_zkf_div_core.v:286$596 ($sub).
Removed top 1 bits (of 39) from port A of cell $paramod$d482ec995452f6edef73ceacb71c30dc3df86b83\zkf_div.$flatten\u_core.\g_stage[1].u_step.$sub$/mnt/storage/zubax/kulibin2/float/hdl/_zkf_div_core.v:287$597 ($sub).
Removed top 1 bits (of 39) from port B of cell $paramod$d482ec995452f6edef73ceacb71c30dc3df86b83\zkf_div.$flatten\u_core.\g_stage[1].u_step.$sub$/mnt/storage/zubax/kulibin2/float/hdl/_zkf_div_core.v:287$597 ($sub).
Removed top 1 bits (of 39) from port A of cell $paramod$d482ec995452f6edef73ceacb71c30dc3df86b83\zkf_div.$flatten\u_core.\g_stage[19].u_step.$sub$/mnt/storage/zubax/kulibin2/float/hdl/_zkf_div_core.v:285$595 ($sub).
Removed top 3 bits (of 39) from port B of cell $paramod$d482ec995452f6edef73ceacb71c30dc3df86b83\zkf_div.$flatten\u_core.\g_stage[19].u_step.$sub$/mnt/storage/zubax/kulibin2/float/hdl/_zkf_div_core.v:285$595 ($sub).
Removed top 1 bits (of 39) from port A of cell $paramod$d482ec995452f6edef73ceacb71c30dc3df86b83\zkf_div.$flatten\u_core.\g_stage[18].u_step.$sub$/mnt/storage/zubax/kulibin2/float/hdl/_zkf_div_core.v:285$595 ($sub).
Removed top 3 bits (of 39) from port B of cell $paramod$d482ec995452f6edef73ceacb71c30dc3df86b83\zkf_div.$flatten\u_core.\g_stage[18].u_step.$sub$/mnt/storage/zubax/kulibin2/float/hdl/_zkf_div_core.v:285$595 ($sub).
Removed top 1 bits (of 39) from port A of cell $paramod$d482ec995452f6edef73ceacb71c30dc3df86b83\zkf_div.$flatten\u_core.\g_stage[17].u_step.$sub$/mnt/storage/zubax/kulibin2/float/hdl/_zkf_div_core.v:285$595 ($sub).
Removed top 3 bits (of 39) from port B of cell $paramod$d482ec995452f6edef73ceacb71c30dc3df86b83\zkf_div.$flatten\u_core.\g_stage[17].u_step.$sub$/mnt/storage/zubax/kulibin2/float/hdl/_zkf_div_core.v:285$595 ($sub).
Removed top 1 bits (of 39) from port A of cell $paramod$d482ec995452f6edef73ceacb71c30dc3df86b83\zkf_div.$flatten\u_core.\g_stage[16].u_step.$sub$/mnt/storage/zubax/kulibin2/float/hdl/_zkf_div_core.v:285$595 ($sub).
Removed top 3 bits (of 39) from port B of cell $paramod$d482ec995452f6edef73ceacb71c30dc3df86b83\zkf_div.$flatten\u_core.\g_stage[16].u_step.$sub$/mnt/storage/zubax/kulibin2/float/hdl/_zkf_div_core.v:285$595 ($sub).
Removed top 1 bits (of 39) from port A of cell $paramod$d482ec995452f6edef73ceacb71c30dc3df86b83\zkf_div.$flatten\u_core.\g_stage[15].u_step.$sub$/mnt/storage/zubax/kulibin2/float/hdl/_zkf_div_core.v:285$595 ($sub).
Removed top 3 bits (of 39) from port B of cell $paramod$d482ec995452f6edef73ceacb71c30dc3df86b83\zkf_div.$flatten\u_core.\g_stage[15].u_step.$sub$/mnt/storage/zubax/kulibin2/float/hdl/_zkf_div_core.v:285$595 ($sub).
Removed top 1 bits (of 39) from port A of cell $paramod$d482ec995452f6edef73ceacb71c30dc3df86b83\zkf_div.$flatten\u_core.\g_stage[14].u_step.$sub$/mnt/storage/zubax/kulibin2/float/hdl/_zkf_div_core.v:285$595 ($sub).
Removed top 3 bits (of 39) from port B of cell $paramod$d482ec995452f6edef73ceacb71c30dc3df86b83\zkf_div.$flatten\u_core.\g_stage[14].u_step.$sub$/mnt/storage/zubax/kulibin2/float/hdl/_zkf_div_core.v:285$595 ($sub).
Removed top 1 bits (of 39) from port A of cell $paramod$d482ec995452f6edef73ceacb71c30dc3df86b83\zkf_div.$flatten\u_core.\g_stage[13].u_step.$sub$/mnt/storage/zubax/kulibin2/float/hdl/_zkf_div_core.v:285$595 ($sub).
Removed top 3 bits (of 39) from port B of cell $paramod$d482ec995452f6edef73ceacb71c30dc3df86b83\zkf_div.$flatten\u_core.\g_stage[13].u_step.$sub$/mnt/storage/zubax/kulibin2/float/hdl/_zkf_div_core.v:285$595 ($sub).
Removed top 1 bits (of 39) from port A of cell $paramod$d482ec995452f6edef73ceacb71c30dc3df86b83\zkf_div.$flatten\u_core.\g_stage[12].u_step.$sub$/mnt/storage/zubax/kulibin2/float/hdl/_zkf_div_core.v:285$595 ($sub).
Removed top 3 bits (of 39) from port B of cell $paramod$d482ec995452f6edef73ceacb71c30dc3df86b83\zkf_div.$flatten\u_core.\g_stage[12].u_step.$sub$/mnt/storage/zubax/kulibin2/float/hdl/_zkf_div_core.v:285$595 ($sub).
Removed top 1 bits (of 39) from port A of cell $paramod$d482ec995452f6edef73ceacb71c30dc3df86b83\zkf_div.$flatten\u_core.\g_stage[11].u_step.$sub$/mnt/storage/zubax/kulibin2/float/hdl/_zkf_div_core.v:285$595 ($sub).
Removed top 3 bits (of 39) from port B of cell $paramod$d482ec995452f6edef73ceacb71c30dc3df86b83\zkf_div.$flatten\u_core.\g_stage[11].u_step.$sub$/mnt/storage/zubax/kulibin2/float/hdl/_zkf_div_core.v:285$595 ($sub).
Removed top 1 bits (of 39) from port A of cell $paramod$d482ec995452f6edef73ceacb71c30dc3df86b83\zkf_div.$flatten\u_core.\g_stage[10].u_step.$sub$/mnt/storage/zubax/kulibin2/float/hdl/_zkf_div_core.v:285$595 ($sub).
Removed top 3 bits (of 39) from port B of cell $paramod$d482ec995452f6edef73ceacb71c30dc3df86b83\zkf_div.$flatten\u_core.\g_stage[10].u_step.$sub$/mnt/storage/zubax/kulibin2/float/hdl/_zkf_div_core.v:285$595 ($sub).
Removed top 1 bits (of 39) from port A of cell $paramod$d482ec995452f6edef73ceacb71c30dc3df86b83\zkf_div.$flatten\u_core.\g_stage[9].u_step.$sub$/mnt/storage/zubax/kulibin2/float/hdl/_zkf_div_core.v:285$595 ($sub).
Removed top 3 bits (of 39) from port B of cell $paramod$d482ec995452f6edef73ceacb71c30dc3df86b83\zkf_div.$flatten\u_core.\g_stage[9].u_step.$sub$/mnt/storage/zubax/kulibin2/float/hdl/_zkf_div_core.v:285$595 ($sub).
Removed top 1 bits (of 39) from port A of cell $paramod$d482ec995452f6edef73ceacb71c30dc3df86b83\zkf_div.$flatten\u_core.\g_stage[8].u_step.$sub$/mnt/storage/zubax/kulibin2/float/hdl/_zkf_div_core.v:285$595 ($sub).
Removed top 3 bits (of 39) from port B of cell $paramod$d482ec995452f6edef73ceacb71c30dc3df86b83\zkf_div.$flatten\u_core.\g_stage[8].u_step.$sub$/mnt/storage/zubax/kulibin2/float/hdl/_zkf_div_core.v:285$595 ($sub).
Removed top 1 bits (of 39) from port A of cell $paramod$d482ec995452f6edef73ceacb71c30dc3df86b83\zkf_div.$flatten\u_core.\g_stage[7].u_step.$sub$/mnt/storage/zubax/kulibin2/float/hdl/_zkf_div_core.v:285$595 ($sub).
Removed top 3 bits (of 39) from port B of cell $paramod$d482ec995452f6edef73ceacb71c30dc3df86b83\zkf_div.$flatten\u_core.\g_stage[7].u_step.$sub$/mnt/storage/zubax/kulibin2/float/hdl/_zkf_div_core.v:285$595 ($sub).
Removed top 1 bits (of 39) from port A of cell $paramod$d482ec995452f6edef73ceacb71c30dc3df86b83\zkf_div.$flatten\u_core.\g_stage[6].u_step.$sub$/mnt/storage/zubax/kulibin2/float/hdl/_zkf_div_core.v:285$595 ($sub).
Removed top 3 bits (of 39) from port B of cell $paramod$d482ec995452f6edef73ceacb71c30dc3df86b83\zkf_div.$flatten\u_core.\g_stage[6].u_step.$sub$/mnt/storage/zubax/kulibin2/float/hdl/_zkf_div_core.v:285$595 ($sub).
Removed top 1 bits (of 39) from port A of cell $paramod$d482ec995452f6edef73ceacb71c30dc3df86b83\zkf_div.$flatten\u_core.\g_stage[5].u_step.$sub$/mnt/storage/zubax/kulibin2/float/hdl/_zkf_div_core.v:285$595 ($sub).
Removed top 3 bits (of 39) from port B of cell $paramod$d482ec995452f6edef73ceacb71c30dc3df86b83\zkf_div.$flatten\u_core.\g_stage[5].u_step.$sub$/mnt/storage/zubax/kulibin2/float/hdl/_zkf_div_core.v:285$595 ($sub).
Removed top 1 bits (of 39) from port A of cell $paramod$d482ec995452f6edef73ceacb71c30dc3df86b83\zkf_div.$flatten\u_core.\g_stage[4].u_step.$sub$/mnt/storage/zubax/kulibin2/float/hdl/_zkf_div_core.v:285$595 ($sub).
Removed top 3 bits (of 39) from port B of cell $paramod$d482ec995452f6edef73ceacb71c30dc3df86b83\zkf_div.$flatten\u_core.\g_stage[4].u_step.$sub$/mnt/storage/zubax/kulibin2/float/hdl/_zkf_div_core.v:285$595 ($sub).
Removed top 1 bits (of 39) from port A of cell $paramod$d482ec995452f6edef73ceacb71c30dc3df86b83\zkf_div.$flatten\u_core.\g_stage[3].u_step.$sub$/mnt/storage/zubax/kulibin2/float/hdl/_zkf_div_core.v:285$595 ($sub).
Removed top 3 bits (of 39) from port B of cell $paramod$d482ec995452f6edef73ceacb71c30dc3df86b83\zkf_div.$flatten\u_core.\g_stage[3].u_step.$sub$/mnt/storage/zubax/kulibin2/float/hdl/_zkf_div_core.v:285$595 ($sub).
Removed top 1 bits (of 39) from port A of cell $paramod$d482ec995452f6edef73ceacb71c30dc3df86b83\zkf_div.$flatten\u_core.\g_stage[2].u_step.$sub$/mnt/storage/zubax/kulibin2/float/hdl/_zkf_div_core.v:285$595 ($sub).
Removed top 3 bits (of 39) from port B of cell $paramod$d482ec995452f6edef73ceacb71c30dc3df86b83\zkf_div.$flatten\u_core.\g_stage[2].u_step.$sub$/mnt/storage/zubax/kulibin2/float/hdl/_zkf_div_core.v:285$595 ($sub).
Removed top 1 bits (of 39) from port A of cell $paramod$d482ec995452f6edef73ceacb71c30dc3df86b83\zkf_div.$flatten\u_core.\g_stage[1].u_step.$sub$/mnt/storage/zubax/kulibin2/float/hdl/_zkf_div_core.v:285$595 ($sub).
Removed top 3 bits (of 39) from port B of cell $paramod$d482ec995452f6edef73ceacb71c30dc3df86b83\zkf_div.$flatten\u_core.\g_stage[1].u_step.$sub$/mnt/storage/zubax/kulibin2/float/hdl/_zkf_div_core.v:285$595 ($sub).
Removed top 1 bits (of 36) from mux cell $paramod$d482ec995452f6edef73ceacb71c30dc3df86b83\zkf_div.$flatten\u_core.$ternary$/mnt/storage/zubax/kulibin2/float/hdl/_zkf_div_core.v:238$696 ($mux).
Removed top 9 bits (of 10) from mux cell $paramod$d482ec995452f6edef73ceacb71c30dc3df86b83\zkf_div.$flatten\u_core.$ternary$/mnt/storage/zubax/kulibin2/float/hdl/_zkf_div_core.v:203$693 ($mux).
Removed top 1 bits (of 10) from port A of cell $paramod$d482ec995452f6edef73ceacb71c30dc3df86b83\zkf_div.$flatten\u_core.$sub$/mnt/storage/zubax/kulibin2/float/hdl/_zkf_div_core.v:97$688 ($sub).
Removed top 1 bits (of 10) from port B of cell $paramod$d482ec995452f6edef73ceacb71c30dc3df86b83\zkf_div.$flatten\u_core.$sub$/mnt/storage/zubax/kulibin2/float/hdl/_zkf_div_core.v:97$688 ($sub).
Converting cell $paramod$d482ec995452f6edef73ceacb71c30dc3df86b83\zkf_div.$flatten\u_core.$sub$/mnt/storage/zubax/kulibin2/float/hdl/_zkf_div_core.v:97$688 ($sub) from signed to unsigned.
Removed top 1 bits (of 9) from port A of cell $paramod$d482ec995452f6edef73ceacb71c30dc3df86b83\zkf_div.$flatten\u_core.$sub$/mnt/storage/zubax/kulibin2/float/hdl/_zkf_div_core.v:97$688 ($sub).
Removed top 1 bits (of 9) from port B of cell $paramod$d482ec995452f6edef73ceacb71c30dc3df86b83\zkf_div.$flatten\u_core.$sub$/mnt/storage/zubax/kulibin2/float/hdl/_zkf_div_core.v:97$688 ($sub).
Removed top 1 bits (of 10) from port Y of cell $paramod$d482ec995452f6edef73ceacb71c30dc3df86b83\zkf_div.$flatten\u_core.$sub$/mnt/storage/zubax/kulibin2/float/hdl/_zkf_div_core.v:97$688 ($sub).
Removed top 1 bits (of 38) from port A of cell $paramod$d482ec995452f6edef73ceacb71c30dc3df86b83\zkf_div.$flatten\u_core.$add$/mnt/storage/zubax/kulibin2/float/hdl/_zkf_div_core.v:90$687 ($add).
Removed top 2 bits (of 38) from port B of cell $paramod$d482ec995452f6edef73ceacb71c30dc3df86b83\zkf_div.$flatten\u_core.$add$/mnt/storage/zubax/kulibin2/float/hdl/_zkf_div_core.v:90$687 ($add).
Removed top 1 bits (of 36) from mux cell $paramod$d482ec995452f6edef73ceacb71c30dc3df86b83\zkf_div.$flatten\u_core.$ternary$/mnt/storage/zubax/kulibin2/float/hdl/_zkf_div_core.v:89$686 ($mux).
Removed top 43 bits (of 44) from port B of cell $paramod$d482ec995452f6edef73ceacb71c30dc3df86b83\zkf_div.$flatten\u_pack.$add$/mnt/storage/zubax/kulibin2/float/hdl/_zkf_pack.v:92$521 ($add).
Converting cell $paramod$d482ec995452f6edef73ceacb71c30dc3df86b83\zkf_div.$flatten\u_pack.$add$/mnt/storage/zubax/kulibin2/float/hdl/_zkf_pack.v:69$511 ($add) from unsigned to signed.
Removed top 1 bits (of 11) from port A of cell $paramod$d482ec995452f6edef73ceacb71c30dc3df86b83\zkf_div.$flatten\u_pack.$add$/mnt/storage/zubax/kulibin2/float/hdl/_zkf_pack.v:69$511 ($add).
Removed top 3 bits (of 11) from port B of cell $paramod$d482ec995452f6edef73ceacb71c30dc3df86b83\zkf_div.$flatten\u_pack.$add$/mnt/storage/zubax/kulibin2/float/hdl/_zkf_pack.v:69$511 ($add).
Removed top 1 bits (of 36) from wire $paramod$d482ec995452f6edef73ceacb71c30dc3df86b83\zkf_div.$flatten\u_core.$0\significand[35:0].

6.16. Executing PEEPOPT pass (run peephole optimizers).

6.17. Executing OPT_CLEAN pass (remove unused cells and wires).
Finding unused cells or wires in module \top_zkf_div_w8_m36_base..
Finding unused cells or wires in module $paramod$d482ec995452f6edef73ceacb71c30dc3df86b83\zkf_div..
Removed 0 unused cells and 1 unused wires.
<suppressed ~1 debug messages>

6.18. Executing SHARE pass (SAT-based resource sharing).

6.19. Executing TECHMAP pass (map to technology primitives).

6.19.1. Executing Verilog-2005 frontend: /mnt/storage/synth_eval/oss-cad-suite/lib/../share/yosys/cmp2lut.v
Parsing Verilog input from `/mnt/storage/synth_eval/oss-cad-suite/lib/../share/yosys/cmp2lut.v' to AST representation.
Generating RTLIL representation for module `\_90_lut_cmp_'.
Successfully finished Verilog frontend.

6.19.2. Continuing TECHMAP pass.
No more expansions possible.
<suppressed ~36 debug messages>

6.20. Executing OPT_EXPR pass (perform const folding).
Optimizing module top_zkf_div_w8_m36_base.
Optimizing module $paramod$d482ec995452f6edef73ceacb71c30dc3df86b83\zkf_div.

6.21. Executing OPT_CLEAN pass (remove unused cells and wires).
Finding unused cells or wires in module \top_zkf_div_w8_m36_base..
Finding unused cells or wires in module $paramod$d482ec995452f6edef73ceacb71c30dc3df86b83\zkf_div..

6.22. Executing TECHMAP pass (map to technology primitives).

6.22.1. Executing Verilog-2005 frontend: /mnt/storage/synth_eval/oss-cad-suite/lib/../share/yosys/mul2dsp.v
Parsing Verilog input from `/mnt/storage/synth_eval/oss-cad-suite/lib/../share/yosys/mul2dsp.v' to AST representation.
Generating RTLIL representation for module `\_80_mul'.
Generating RTLIL representation for module `\_90_soft_mul'.
Successfully finished Verilog frontend.

6.22.2. Continuing TECHMAP pass.
No more expansions possible.
<suppressed ~4 debug messages>

6.23. Executing TECHMAP pass (map to technology primitives).

6.23.1. Executing Verilog-2005 frontend: /mnt/storage/synth_eval/oss-cad-suite/lib/../share/yosys/lattice/dsp_map_18x18.v
Parsing Verilog input from `/mnt/storage/synth_eval/oss-cad-suite/lib/../share/yosys/lattice/dsp_map_18x18.v' to AST representation.
Generating RTLIL representation for module `$__MUL18X18'.
Successfully finished Verilog frontend.

6.23.2. Continuing TECHMAP pass.
No more expansions possible.
<suppressed ~3 debug messages>

6.24. Executing ALUMACC pass (create $alu and $macc cells).
Extracting $alu and $macc cells in module top_zkf_div_w8_m36_base:
  created 0 $alu and 0 $macc cells.
Extracting $alu and $macc cells in module $paramod$d482ec995452f6edef73ceacb71c30dc3df86b83\zkf_div:
  creating $macc model for $flatten\u_core.$sub$/mnt/storage/zubax/kulibin2/float/hdl/_zkf_div_core.v:89$685 ($sub).
  creating $macc model for $flatten\u_core.$add$/mnt/storage/zubax/kulibin2/float/hdl/_zkf_div_core.v:90$687 ($add).
  creating $macc model for $flatten\u_core.$sub$/mnt/storage/zubax/kulibin2/float/hdl/_zkf_div_core.v:97$688 ($sub).
  creating $macc model for $flatten\u_core.$sub$/mnt/storage/zubax/kulibin2/float/hdl/_zkf_div_core.v:235$695 ($sub).
  creating $macc model for $flatten\u_core.\g_stage[1].u_step.$sub$/mnt/storage/zubax/kulibin2/float/hdl/_zkf_div_core.v:285$595 ($sub).
  creating $macc model for $flatten\u_core.\g_stage[2].u_step.$sub$/mnt/storage/zubax/kulibin2/float/hdl/_zkf_div_core.v:285$595 ($sub).
  creating $macc model for $flatten\u_core.\g_stage[3].u_step.$sub$/mnt/storage/zubax/kulibin2/float/hdl/_zkf_div_core.v:285$595 ($sub).
  creating $macc model for $flatten\u_core.\g_stage[4].u_step.$sub$/mnt/storage/zubax/kulibin2/float/hdl/_zkf_div_core.v:285$595 ($sub).
  creating $macc model for $flatten\u_core.\g_stage[5].u_step.$sub$/mnt/storage/zubax/kulibin2/float/hdl/_zkf_div_core.v:285$595 ($sub).
  creating $macc model for $flatten\u_core.\g_stage[6].u_step.$sub$/mnt/storage/zubax/kulibin2/float/hdl/_zkf_div_core.v:285$595 ($sub).
  creating $macc model for $flatten\u_core.\g_stage[7].u_step.$sub$/mnt/storage/zubax/kulibin2/float/hdl/_zkf_div_core.v:285$595 ($sub).
  creating $macc model for $flatten\u_core.\g_stage[8].u_step.$sub$/mnt/storage/zubax/kulibin2/float/hdl/_zkf_div_core.v:285$595 ($sub).
  creating $macc model for $flatten\u_core.\g_stage[9].u_step.$sub$/mnt/storage/zubax/kulibin2/float/hdl/_zkf_div_core.v:285$595 ($sub).
  creating $macc model for $flatten\u_core.\g_stage[10].u_step.$sub$/mnt/storage/zubax/kulibin2/float/hdl/_zkf_div_core.v:285$595 ($sub).
  creating $macc model for $flatten\u_core.\g_stage[11].u_step.$sub$/mnt/storage/zubax/kulibin2/float/hdl/_zkf_div_core.v:285$595 ($sub).
  creating $macc model for $flatten\u_core.\g_stage[12].u_step.$sub$/mnt/storage/zubax/kulibin2/float/hdl/_zkf_div_core.v:285$595 ($sub).
  creating $macc model for $flatten\u_core.\g_stage[13].u_step.$sub$/mnt/storage/zubax/kulibin2/float/hdl/_zkf_div_core.v:285$595 ($sub).
  creating $macc model for $flatten\u_core.\g_stage[14].u_step.$sub$/mnt/storage/zubax/kulibin2/float/hdl/_zkf_div_core.v:285$595 ($sub).
  creating $macc model for $flatten\u_core.\g_stage[15].u_step.$sub$/mnt/storage/zubax/kulibin2/float/hdl/_zkf_div_core.v:285$595 ($sub).
  creating $macc model for $flatten\u_core.\g_stage[16].u_step.$sub$/mnt/storage/zubax/kulibin2/float/hdl/_zkf_div_core.v:285$595 ($sub).
  creating $macc model for $flatten\u_core.\g_stage[17].u_step.$sub$/mnt/storage/zubax/kulibin2/float/hdl/_zkf_div_core.v:285$595 ($sub).
  creating $macc model for $flatten\u_core.\g_stage[18].u_step.$sub$/mnt/storage/zubax/kulibin2/float/hdl/_zkf_div_core.v:285$595 ($sub).
  creating $macc model for $flatten\u_core.\g_stage[19].u_step.$sub$/mnt/storage/zubax/kulibin2/float/hdl/_zkf_div_core.v:285$595 ($sub).
  creating $macc model for $flatten\u_pack.$add$/mnt/storage/zubax/kulibin2/float/hdl/_zkf_pack.v:92$521 ($add).
  creating $macc model for $flatten\u_core.\g_stage[1].u_step.$sub$/mnt/storage/zubax/kulibin2/float/hdl/_zkf_div_core.v:287$597 ($sub).
  creating $macc model for $flatten\u_core.\g_stage[1].u_step.$sub$/mnt/storage/zubax/kulibin2/float/hdl/_zkf_div_core.v:286$596 ($sub).
  creating $macc model for $flatten\u_core.\g_stage[2].u_step.$sub$/mnt/storage/zubax/kulibin2/float/hdl/_zkf_div_core.v:287$597 ($sub).
  creating $macc model for $flatten\u_core.\g_stage[2].u_step.$sub$/mnt/storage/zubax/kulibin2/float/hdl/_zkf_div_core.v:286$596 ($sub).
  creating $macc model for $flatten\u_core.\g_stage[3].u_step.$sub$/mnt/storage/zubax/kulibin2/float/hdl/_zkf_div_core.v:287$597 ($sub).
  creating $macc model for $flatten\u_core.\g_stage[3].u_step.$sub$/mnt/storage/zubax/kulibin2/float/hdl/_zkf_div_core.v:286$596 ($sub).
  creating $macc model for $flatten\u_core.\g_stage[4].u_step.$sub$/mnt/storage/zubax/kulibin2/float/hdl/_zkf_div_core.v:287$597 ($sub).
  creating $macc model for $flatten\u_core.\g_stage[4].u_step.$sub$/mnt/storage/zubax/kulibin2/float/hdl/_zkf_div_core.v:286$596 ($sub).
  creating $macc model for $flatten\u_core.\g_stage[5].u_step.$sub$/mnt/storage/zubax/kulibin2/float/hdl/_zkf_div_core.v:287$597 ($sub).
  creating $macc model for $flatten\u_core.\g_stage[5].u_step.$sub$/mnt/storage/zubax/kulibin2/float/hdl/_zkf_div_core.v:286$596 ($sub).
  creating $macc model for $flatten\u_core.\g_stage[6].u_step.$sub$/mnt/storage/zubax/kulibin2/float/hdl/_zkf_div_core.v:287$597 ($sub).
  creating $macc model for $flatten\u_core.\g_stage[6].u_step.$sub$/mnt/storage/zubax/kulibin2/float/hdl/_zkf_div_core.v:286$596 ($sub).
  creating $macc model for $flatten\u_core.\g_stage[7].u_step.$sub$/mnt/storage/zubax/kulibin2/float/hdl/_zkf_div_core.v:287$597 ($sub).
  creating $macc model for $flatten\u_core.\g_stage[7].u_step.$sub$/mnt/storage/zubax/kulibin2/float/hdl/_zkf_div_core.v:286$596 ($sub).
  creating $macc model for $flatten\u_core.\g_stage[8].u_step.$sub$/mnt/storage/zubax/kulibin2/float/hdl/_zkf_div_core.v:287$597 ($sub).
  creating $macc model for $flatten\u_core.\g_stage[8].u_step.$sub$/mnt/storage/zubax/kulibin2/float/hdl/_zkf_div_core.v:286$596 ($sub).
  creating $macc model for $flatten\u_core.\g_stage[9].u_step.$sub$/mnt/storage/zubax/kulibin2/float/hdl/_zkf_div_core.v:287$597 ($sub).
  creating $macc model for $flatten\u_core.\g_stage[9].u_step.$sub$/mnt/storage/zubax/kulibin2/float/hdl/_zkf_div_core.v:286$596 ($sub).
  creating $macc model for $flatten\u_core.\g_stage[10].u_step.$sub$/mnt/storage/zubax/kulibin2/float/hdl/_zkf_div_core.v:287$597 ($sub).
  creating $macc model for $flatten\u_core.\g_stage[10].u_step.$sub$/mnt/storage/zubax/kulibin2/float/hdl/_zkf_div_core.v:286$596 ($sub).
  creating $macc model for $flatten\u_core.\g_stage[11].u_step.$sub$/mnt/storage/zubax/kulibin2/float/hdl/_zkf_div_core.v:287$597 ($sub).
  creating $macc model for $flatten\u_core.\g_stage[11].u_step.$sub$/mnt/storage/zubax/kulibin2/float/hdl/_zkf_div_core.v:286$596 ($sub).
  creating $macc model for $flatten\u_core.\g_stage[12].u_step.$sub$/mnt/storage/zubax/kulibin2/float/hdl/_zkf_div_core.v:287$597 ($sub).
  creating $macc model for $flatten\u_core.\g_stage[12].u_step.$sub$/mnt/storage/zubax/kulibin2/float/hdl/_zkf_div_core.v:286$596 ($sub).
  creating $macc model for $flatten\u_core.\g_stage[13].u_step.$sub$/mnt/storage/zubax/kulibin2/float/hdl/_zkf_div_core.v:287$597 ($sub).
  creating $macc model for $flatten\u_core.\g_stage[13].u_step.$sub$/mnt/storage/zubax/kulibin2/float/hdl/_zkf_div_core.v:286$596 ($sub).
  creating $macc model for $flatten\u_core.\g_stage[14].u_step.$sub$/mnt/storage/zubax/kulibin2/float/hdl/_zkf_div_core.v:287$597 ($sub).
  creating $macc model for $flatten\u_core.\g_stage[14].u_step.$sub$/mnt/storage/zubax/kulibin2/float/hdl/_zkf_div_core.v:286$596 ($sub).
  creating $macc model for $flatten\u_core.\g_stage[15].u_step.$sub$/mnt/storage/zubax/kulibin2/float/hdl/_zkf_div_core.v:287$597 ($sub).
  creating $macc model for $flatten\u_core.\g_stage[15].u_step.$sub$/mnt/storage/zubax/kulibin2/float/hdl/_zkf_div_core.v:286$596 ($sub).
  creating $macc model for $flatten\u_core.\g_stage[16].u_step.$sub$/mnt/storage/zubax/kulibin2/float/hdl/_zkf_div_core.v:287$597 ($sub).
  creating $macc model for $flatten\u_core.\g_stage[16].u_step.$sub$/mnt/storage/zubax/kulibin2/float/hdl/_zkf_div_core.v:286$596 ($sub).
  creating $macc model for $flatten\u_core.\g_stage[17].u_step.$sub$/mnt/storage/zubax/kulibin2/float/hdl/_zkf_div_core.v:287$597 ($sub).
  creating $macc model for $flatten\u_core.\g_stage[17].u_step.$sub$/mnt/storage/zubax/kulibin2/float/hdl/_zkf_div_core.v:286$596 ($sub).
  creating $macc model for $flatten\u_core.\g_stage[18].u_step.$sub$/mnt/storage/zubax/kulibin2/float/hdl/_zkf_div_core.v:287$597 ($sub).
  creating $macc model for $flatten\u_core.\g_stage[18].u_step.$sub$/mnt/storage/zubax/kulibin2/float/hdl/_zkf_div_core.v:286$596 ($sub).
  creating $macc model for $flatten\u_core.\g_stage[19].u_step.$sub$/mnt/storage/zubax/kulibin2/float/hdl/_zkf_div_core.v:287$597 ($sub).
  creating $macc model for $flatten\u_core.\g_stage[19].u_step.$sub$/mnt/storage/zubax/kulibin2/float/hdl/_zkf_div_core.v:286$596 ($sub).
  creating $macc model for $flatten\u_pack.$add$/mnt/storage/zubax/kulibin2/float/hdl/_zkf_pack.v:69$511 ($add).
  creating $alu model for $macc $flatten\u_pack.$add$/mnt/storage/zubax/kulibin2/float/hdl/_zkf_pack.v:69$511.
  creating $alu model for $macc $flatten\u_core.\g_stage[19].u_step.$sub$/mnt/storage/zubax/kulibin2/float/hdl/_zkf_div_core.v:286$596.
  creating $alu model for $macc $flatten\u_core.\g_stage[19].u_step.$sub$/mnt/storage/zubax/kulibin2/float/hdl/_zkf_div_core.v:287$597.
  creating $alu model for $macc $flatten\u_core.\g_stage[18].u_step.$sub$/mnt/storage/zubax/kulibin2/float/hdl/_zkf_div_core.v:286$596.
  creating $alu model for $macc $flatten\u_core.\g_stage[18].u_step.$sub$/mnt/storage/zubax/kulibin2/float/hdl/_zkf_div_core.v:287$597.
  creating $alu model for $macc $flatten\u_core.\g_stage[17].u_step.$sub$/mnt/storage/zubax/kulibin2/float/hdl/_zkf_div_core.v:286$596.
  creating $alu model for $macc $flatten\u_core.\g_stage[17].u_step.$sub$/mnt/storage/zubax/kulibin2/float/hdl/_zkf_div_core.v:287$597.
  creating $alu model for $macc $flatten\u_core.\g_stage[16].u_step.$sub$/mnt/storage/zubax/kulibin2/float/hdl/_zkf_div_core.v:286$596.
  creating $alu model for $macc $flatten\u_core.\g_stage[16].u_step.$sub$/mnt/storage/zubax/kulibin2/float/hdl/_zkf_div_core.v:287$597.
  creating $alu model for $macc $flatten\u_core.\g_stage[15].u_step.$sub$/mnt/storage/zubax/kulibin2/float/hdl/_zkf_div_core.v:286$596.
  creating $alu model for $macc $flatten\u_core.\g_stage[15].u_step.$sub$/mnt/storage/zubax/kulibin2/float/hdl/_zkf_div_core.v:287$597.
  creating $alu model for $macc $flatten\u_core.\g_stage[14].u_step.$sub$/mnt/storage/zubax/kulibin2/float/hdl/_zkf_div_core.v:286$596.
  creating $alu model for $macc $flatten\u_core.\g_stage[14].u_step.$sub$/mnt/storage/zubax/kulibin2/float/hdl/_zkf_div_core.v:287$597.
  creating $alu model for $macc $flatten\u_core.\g_stage[13].u_step.$sub$/mnt/storage/zubax/kulibin2/float/hdl/_zkf_div_core.v:286$596.
  creating $alu model for $macc $flatten\u_core.\g_stage[13].u_step.$sub$/mnt/storage/zubax/kulibin2/float/hdl/_zkf_div_core.v:287$597.
  creating $alu model for $macc $flatten\u_core.\g_stage[12].u_step.$sub$/mnt/storage/zubax/kulibin2/float/hdl/_zkf_div_core.v:286$596.
  creating $alu model for $macc $flatten\u_core.\g_stage[12].u_step.$sub$/mnt/storage/zubax/kulibin2/float/hdl/_zkf_div_core.v:287$597.
  creating $alu model for $macc $flatten\u_core.\g_stage[11].u_step.$sub$/mnt/storage/zubax/kulibin2/float/hdl/_zkf_div_core.v:286$596.
  creating $alu model for $macc $flatten\u_core.\g_stage[11].u_step.$sub$/mnt/storage/zubax/kulibin2/float/hdl/_zkf_div_core.v:287$597.
  creating $alu model for $macc $flatten\u_core.\g_stage[10].u_step.$sub$/mnt/storage/zubax/kulibin2/float/hdl/_zkf_div_core.v:286$596.
  creating $alu model for $macc $flatten\u_core.\g_stage[10].u_step.$sub$/mnt/storage/zubax/kulibin2/float/hdl/_zkf_div_core.v:287$597.
  creating $alu model for $macc $flatten\u_core.\g_stage[9].u_step.$sub$/mnt/storage/zubax/kulibin2/float/hdl/_zkf_div_core.v:286$596.
  creating $alu model for $macc $flatten\u_core.\g_stage[9].u_step.$sub$/mnt/storage/zubax/kulibin2/float/hdl/_zkf_div_core.v:287$597.
  creating $alu model for $macc $flatten\u_core.\g_stage[8].u_step.$sub$/mnt/storage/zubax/kulibin2/float/hdl/_zkf_div_core.v:286$596.
  creating $alu model for $macc $flatten\u_core.\g_stage[8].u_step.$sub$/mnt/storage/zubax/kulibin2/float/hdl/_zkf_div_core.v:287$597.
  creating $alu model for $macc $flatten\u_core.\g_stage[7].u_step.$sub$/mnt/storage/zubax/kulibin2/float/hdl/_zkf_div_core.v:286$596.
  creating $alu model for $macc $flatten\u_core.\g_stage[7].u_step.$sub$/mnt/storage/zubax/kulibin2/float/hdl/_zkf_div_core.v:287$597.
  creating $alu model for $macc $flatten\u_core.\g_stage[6].u_step.$sub$/mnt/storage/zubax/kulibin2/float/hdl/_zkf_div_core.v:286$596.
  creating $alu model for $macc $flatten\u_core.\g_stage[6].u_step.$sub$/mnt/storage/zubax/kulibin2/float/hdl/_zkf_div_core.v:287$597.
  creating $alu model for $macc $flatten\u_core.\g_stage[5].u_step.$sub$/mnt/storage/zubax/kulibin2/float/hdl/_zkf_div_core.v:286$596.
  creating $alu model for $macc $flatten\u_core.\g_stage[5].u_step.$sub$/mnt/storage/zubax/kulibin2/float/hdl/_zkf_div_core.v:287$597.
  creating $alu model for $macc $flatten\u_core.\g_stage[4].u_step.$sub$/mnt/storage/zubax/kulibin2/float/hdl/_zkf_div_core.v:286$596.
  creating $alu model for $macc $flatten\u_core.\g_stage[4].u_step.$sub$/mnt/storage/zubax/kulibin2/float/hdl/_zkf_div_core.v:287$597.
  creating $alu model for $macc $flatten\u_core.\g_stage[3].u_step.$sub$/mnt/storage/zubax/kulibin2/float/hdl/_zkf_div_core.v:286$596.
  creating $alu model for $macc $flatten\u_core.\g_stage[3].u_step.$sub$/mnt/storage/zubax/kulibin2/float/hdl/_zkf_div_core.v:287$597.
  creating $alu model for $macc $flatten\u_core.\g_stage[2].u_step.$sub$/mnt/storage/zubax/kulibin2/float/hdl/_zkf_div_core.v:286$596.
  creating $alu model for $macc $flatten\u_core.\g_stage[2].u_step.$sub$/mnt/storage/zubax/kulibin2/float/hdl/_zkf_div_core.v:287$597.
  creating $alu model for $macc $flatten\u_core.\g_stage[1].u_step.$sub$/mnt/storage/zubax/kulibin2/float/hdl/_zkf_div_core.v:286$596.
  creating $alu model for $macc $flatten\u_core.\g_stage[1].u_step.$sub$/mnt/storage/zubax/kulibin2/float/hdl/_zkf_div_core.v:287$597.
  creating $alu model for $macc $flatten\u_pack.$add$/mnt/storage/zubax/kulibin2/float/hdl/_zkf_pack.v:92$521.
  creating $alu model for $macc $flatten\u_core.\g_stage[19].u_step.$sub$/mnt/storage/zubax/kulibin2/float/hdl/_zkf_div_core.v:285$595.
  creating $alu model for $macc $flatten\u_core.\g_stage[18].u_step.$sub$/mnt/storage/zubax/kulibin2/float/hdl/_zkf_div_core.v:285$595.
  creating $alu model for $macc $flatten\u_core.\g_stage[17].u_step.$sub$/mnt/storage/zubax/kulibin2/float/hdl/_zkf_div_core.v:285$595.
  creating $alu model for $macc $flatten\u_core.\g_stage[16].u_step.$sub$/mnt/storage/zubax/kulibin2/float/hdl/_zkf_div_core.v:285$595.
  creating $alu model for $macc $flatten\u_core.\g_stage[15].u_step.$sub$/mnt/storage/zubax/kulibin2/float/hdl/_zkf_div_core.v:285$595.
  creating $alu model for $macc $flatten\u_core.\g_stage[14].u_step.$sub$/mnt/storage/zubax/kulibin2/float/hdl/_zkf_div_core.v:285$595.
  creating $alu model for $macc $flatten\u_core.\g_stage[13].u_step.$sub$/mnt/storage/zubax/kulibin2/float/hdl/_zkf_div_core.v:285$595.
  creating $alu model for $macc $flatten\u_core.\g_stage[12].u_step.$sub$/mnt/storage/zubax/kulibin2/float/hdl/_zkf_div_core.v:285$595.
  creating $alu model for $macc $flatten\u_core.\g_stage[11].u_step.$sub$/mnt/storage/zubax/kulibin2/float/hdl/_zkf_div_core.v:285$595.
  creating $alu model for $macc $flatten\u_core.\g_stage[10].u_step.$sub$/mnt/storage/zubax/kulibin2/float/hdl/_zkf_div_core.v:285$595.
  creating $alu model for $macc $flatten\u_core.\g_stage[9].u_step.$sub$/mnt/storage/zubax/kulibin2/float/hdl/_zkf_div_core.v:285$595.
  creating $alu model for $macc $flatten\u_core.\g_stage[8].u_step.$sub$/mnt/storage/zubax/kulibin2/float/hdl/_zkf_div_core.v:285$595.
  creating $alu model for $macc $flatten\u_core.\g_stage[7].u_step.$sub$/mnt/storage/zubax/kulibin2/float/hdl/_zkf_div_core.v:285$595.
  creating $alu model for $macc $flatten\u_core.\g_stage[6].u_step.$sub$/mnt/storage/zubax/kulibin2/float/hdl/_zkf_div_core.v:285$595.
  creating $alu model for $macc $flatten\u_core.\g_stage[5].u_step.$sub$/mnt/storage/zubax/kulibin2/float/hdl/_zkf_div_core.v:285$595.
  creating $alu model for $macc $flatten\u_core.\g_stage[4].u_step.$sub$/mnt/storage/zubax/kulibin2/float/hdl/_zkf_div_core.v:285$595.
  creating $alu model for $macc $flatten\u_core.\g_stage[3].u_step.$sub$/mnt/storage/zubax/kulibin2/float/hdl/_zkf_div_core.v:285$595.
  creating $alu model for $macc $flatten\u_core.\g_stage[2].u_step.$sub$/mnt/storage/zubax/kulibin2/float/hdl/_zkf_div_core.v:285$595.
  creating $alu model for $macc $flatten\u_core.\g_stage[1].u_step.$sub$/mnt/storage/zubax/kulibin2/float/hdl/_zkf_div_core.v:285$595.
  creating $alu model for $macc $flatten\u_core.$sub$/mnt/storage/zubax/kulibin2/float/hdl/_zkf_div_core.v:235$695.
  creating $alu model for $macc $flatten\u_core.$sub$/mnt/storage/zubax/kulibin2/float/hdl/_zkf_div_core.v:97$688.
  creating $alu model for $macc $flatten\u_core.$add$/mnt/storage/zubax/kulibin2/float/hdl/_zkf_div_core.v:90$687.
  creating $alu model for $macc $flatten\u_core.$sub$/mnt/storage/zubax/kulibin2/float/hdl/_zkf_div_core.v:89$685.
  creating $alu model for $flatten\u_core.$ge$/mnt/storage/zubax/kulibin2/float/hdl/_zkf_div_core.v:88$684 ($ge): merged with $flatten\u_core.$sub$/mnt/storage/zubax/kulibin2/float/hdl/_zkf_div_core.v:89$685.
  creating $alu cell for $flatten\u_core.$sub$/mnt/storage/zubax/kulibin2/float/hdl/_zkf_div_core.v:89$685, $flatten\u_core.$ge$/mnt/storage/zubax/kulibin2/float/hdl/_zkf_div_core.v:88$684: $auto$alumacc.cc:512:replace_alu$1096
  creating $alu cell for $flatten\u_core.$add$/mnt/storage/zubax/kulibin2/float/hdl/_zkf_div_core.v:90$687: $auto$alumacc.cc:512:replace_alu$1109
  creating $alu cell for $flatten\u_core.$sub$/mnt/storage/zubax/kulibin2/float/hdl/_zkf_div_core.v:97$688: $auto$alumacc.cc:512:replace_alu$1112
  creating $alu cell for $flatten\u_core.$sub$/mnt/storage/zubax/kulibin2/float/hdl/_zkf_div_core.v:235$695: $auto$alumacc.cc:512:replace_alu$1115
  creating $alu cell for $flatten\u_core.\g_stage[1].u_step.$sub$/mnt/storage/zubax/kulibin2/float/hdl/_zkf_div_core.v:285$595: $auto$alumacc.cc:512:replace_alu$1118
  creating $alu cell for $flatten\u_core.\g_stage[2].u_step.$sub$/mnt/storage/zubax/kulibin2/float/hdl/_zkf_div_core.v:285$595: $auto$alumacc.cc:512:replace_alu$1121
  creating $alu cell for $flatten\u_core.\g_stage[3].u_step.$sub$/mnt/storage/zubax/kulibin2/float/hdl/_zkf_div_core.v:285$595: $auto$alumacc.cc:512:replace_alu$1124
  creating $alu cell for $flatten\u_core.\g_stage[4].u_step.$sub$/mnt/storage/zubax/kulibin2/float/hdl/_zkf_div_core.v:285$595: $auto$alumacc.cc:512:replace_alu$1127
  creating $alu cell for $flatten\u_core.\g_stage[5].u_step.$sub$/mnt/storage/zubax/kulibin2/float/hdl/_zkf_div_core.v:285$595: $auto$alumacc.cc:512:replace_alu$1130
  creating $alu cell for $flatten\u_core.\g_stage[6].u_step.$sub$/mnt/storage/zubax/kulibin2/float/hdl/_zkf_div_core.v:285$595: $auto$alumacc.cc:512:replace_alu$1133
  creating $alu cell for $flatten\u_core.\g_stage[7].u_step.$sub$/mnt/storage/zubax/kulibin2/float/hdl/_zkf_div_core.v:285$595: $auto$alumacc.cc:512:replace_alu$1136
  creating $alu cell for $flatten\u_core.\g_stage[8].u_step.$sub$/mnt/storage/zubax/kulibin2/float/hdl/_zkf_div_core.v:285$595: $auto$alumacc.cc:512:replace_alu$1139
  creating $alu cell for $flatten\u_core.\g_stage[9].u_step.$sub$/mnt/storage/zubax/kulibin2/float/hdl/_zkf_div_core.v:285$595: $auto$alumacc.cc:512:replace_alu$1142
  creating $alu cell for $flatten\u_core.\g_stage[10].u_step.$sub$/mnt/storage/zubax/kulibin2/float/hdl/_zkf_div_core.v:285$595: $auto$alumacc.cc:512:replace_alu$1145
  creating $alu cell for $flatten\u_core.\g_stage[11].u_step.$sub$/mnt/storage/zubax/kulibin2/float/hdl/_zkf_div_core.v:285$595: $auto$alumacc.cc:512:replace_alu$1148
  creating $alu cell for $flatten\u_core.\g_stage[12].u_step.$sub$/mnt/storage/zubax/kulibin2/float/hdl/_zkf_div_core.v:285$595: $auto$alumacc.cc:512:replace_alu$1151
  creating $alu cell for $flatten\u_core.\g_stage[13].u_step.$sub$/mnt/storage/zubax/kulibin2/float/hdl/_zkf_div_core.v:285$595: $auto$alumacc.cc:512:replace_alu$1154
  creating $alu cell for $flatten\u_core.\g_stage[14].u_step.$sub$/mnt/storage/zubax/kulibin2/float/hdl/_zkf_div_core.v:285$595: $auto$alumacc.cc:512:replace_alu$1157
  creating $alu cell for $flatten\u_core.\g_stage[15].u_step.$sub$/mnt/storage/zubax/kulibin2/float/hdl/_zkf_div_core.v:285$595: $auto$alumacc.cc:512:replace_alu$1160
  creating $alu cell for $flatten\u_core.\g_stage[16].u_step.$sub$/mnt/storage/zubax/kulibin2/float/hdl/_zkf_div_core.v:285$595: $auto$alumacc.cc:512:replace_alu$1163
  creating $alu cell for $flatten\u_core.\g_stage[17].u_step.$sub$/mnt/storage/zubax/kulibin2/float/hdl/_zkf_div_core.v:285$595: $auto$alumacc.cc:512:replace_alu$1166
  creating $alu cell for $flatten\u_core.\g_stage[18].u_step.$sub$/mnt/storage/zubax/kulibin2/float/hdl/_zkf_div_core.v:285$595: $auto$alumacc.cc:512:replace_alu$1169
  creating $alu cell for $flatten\u_core.\g_stage[19].u_step.$sub$/mnt/storage/zubax/kulibin2/float/hdl/_zkf_div_core.v:285$595: $auto$alumacc.cc:512:replace_alu$1172
  creating $alu cell for $flatten\u_pack.$add$/mnt/storage/zubax/kulibin2/float/hdl/_zkf_pack.v:92$521: $auto$alumacc.cc:512:replace_alu$1175
  creating $alu cell for $flatten\u_core.\g_stage[1].u_step.$sub$/mnt/storage/zubax/kulibin2/float/hdl/_zkf_div_core.v:287$597: $auto$alumacc.cc:512:replace_alu$1178
  creating $alu cell for $flatten\u_core.\g_stage[1].u_step.$sub$/mnt/storage/zubax/kulibin2/float/hdl/_zkf_div_core.v:286$596: $auto$alumacc.cc:512:replace_alu$1181
  creating $alu cell for $flatten\u_core.\g_stage[2].u_step.$sub$/mnt/storage/zubax/kulibin2/float/hdl/_zkf_div_core.v:287$597: $auto$alumacc.cc:512:replace_alu$1184
  creating $alu cell for $flatten\u_core.\g_stage[2].u_step.$sub$/mnt/storage/zubax/kulibin2/float/hdl/_zkf_div_core.v:286$596: $auto$alumacc.cc:512:replace_alu$1187
  creating $alu cell for $flatten\u_core.\g_stage[3].u_step.$sub$/mnt/storage/zubax/kulibin2/float/hdl/_zkf_div_core.v:287$597: $auto$alumacc.cc:512:replace_alu$1190
  creating $alu cell for $flatten\u_core.\g_stage[3].u_step.$sub$/mnt/storage/zubax/kulibin2/float/hdl/_zkf_div_core.v:286$596: $auto$alumacc.cc:512:replace_alu$1193
  creating $alu cell for $flatten\u_core.\g_stage[4].u_step.$sub$/mnt/storage/zubax/kulibin2/float/hdl/_zkf_div_core.v:287$597: $auto$alumacc.cc:512:replace_alu$1196
  creating $alu cell for $flatten\u_core.\g_stage[4].u_step.$sub$/mnt/storage/zubax/kulibin2/float/hdl/_zkf_div_core.v:286$596: $auto$alumacc.cc:512:replace_alu$1199
  creating $alu cell for $flatten\u_core.\g_stage[5].u_step.$sub$/mnt/storage/zubax/kulibin2/float/hdl/_zkf_div_core.v:287$597: $auto$alumacc.cc:512:replace_alu$1202
  creating $alu cell for $flatten\u_core.\g_stage[5].u_step.$sub$/mnt/storage/zubax/kulibin2/float/hdl/_zkf_div_core.v:286$596: $auto$alumacc.cc:512:replace_alu$1205
  creating $alu cell for $flatten\u_core.\g_stage[6].u_step.$sub$/mnt/storage/zubax/kulibin2/float/hdl/_zkf_div_core.v:287$597: $auto$alumacc.cc:512:replace_alu$1208
  creating $alu cell for $flatten\u_core.\g_stage[6].u_step.$sub$/mnt/storage/zubax/kulibin2/float/hdl/_zkf_div_core.v:286$596: $auto$alumacc.cc:512:replace_alu$1211
  creating $alu cell for $flatten\u_core.\g_stage[7].u_step.$sub$/mnt/storage/zubax/kulibin2/float/hdl/_zkf_div_core.v:287$597: $auto$alumacc.cc:512:replace_alu$1214
  creating $alu cell for $flatten\u_core.\g_stage[7].u_step.$sub$/mnt/storage/zubax/kulibin2/float/hdl/_zkf_div_core.v:286$596: $auto$alumacc.cc:512:replace_alu$1217
  creating $alu cell for $flatten\u_core.\g_stage[8].u_step.$sub$/mnt/storage/zubax/kulibin2/float/hdl/_zkf_div_core.v:287$597: $auto$alumacc.cc:512:replace_alu$1220
  creating $alu cell for $flatten\u_core.\g_stage[8].u_step.$sub$/mnt/storage/zubax/kulibin2/float/hdl/_zkf_div_core.v:286$596: $auto$alumacc.cc:512:replace_alu$1223
  creating $alu cell for $flatten\u_core.\g_stage[9].u_step.$sub$/mnt/storage/zubax/kulibin2/float/hdl/_zkf_div_core.v:287$597: $auto$alumacc.cc:512:replace_alu$1226
  creating $alu cell for $flatten\u_core.\g_stage[9].u_step.$sub$/mnt/storage/zubax/kulibin2/float/hdl/_zkf_div_core.v:286$596: $auto$alumacc.cc:512:replace_alu$1229
  creating $alu cell for $flatten\u_core.\g_stage[10].u_step.$sub$/mnt/storage/zubax/kulibin2/float/hdl/_zkf_div_core.v:287$597: $auto$alumacc.cc:512:replace_alu$1232
  creating $alu cell for $flatten\u_core.\g_stage[10].u_step.$sub$/mnt/storage/zubax/kulibin2/float/hdl/_zkf_div_core.v:286$596: $auto$alumacc.cc:512:replace_alu$1235
  creating $alu cell for $flatten\u_core.\g_stage[11].u_step.$sub$/mnt/storage/zubax/kulibin2/float/hdl/_zkf_div_core.v:287$597: $auto$alumacc.cc:512:replace_alu$1238
  creating $alu cell for $flatten\u_core.\g_stage[11].u_step.$sub$/mnt/storage/zubax/kulibin2/float/hdl/_zkf_div_core.v:286$596: $auto$alumacc.cc:512:replace_alu$1241
  creating $alu cell for $flatten\u_core.\g_stage[12].u_step.$sub$/mnt/storage/zubax/kulibin2/float/hdl/_zkf_div_core.v:287$597: $auto$alumacc.cc:512:replace_alu$1244
  creating $alu cell for $flatten\u_core.\g_stage[12].u_step.$sub$/mnt/storage/zubax/kulibin2/float/hdl/_zkf_div_core.v:286$596: $auto$alumacc.cc:512:replace_alu$1247
  creating $alu cell for $flatten\u_core.\g_stage[13].u_step.$sub$/mnt/storage/zubax/kulibin2/float/hdl/_zkf_div_core.v:287$597: $auto$alumacc.cc:512:replace_alu$1250
  creating $alu cell for $flatten\u_core.\g_stage[13].u_step.$sub$/mnt/storage/zubax/kulibin2/float/hdl/_zkf_div_core.v:286$596: $auto$alumacc.cc:512:replace_alu$1253
  creating $alu cell for $flatten\u_core.\g_stage[14].u_step.$sub$/mnt/storage/zubax/kulibin2/float/hdl/_zkf_div_core.v:287$597: $auto$alumacc.cc:512:replace_alu$1256
  creating $alu cell for $flatten\u_core.\g_stage[14].u_step.$sub$/mnt/storage/zubax/kulibin2/float/hdl/_zkf_div_core.v:286$596: $auto$alumacc.cc:512:replace_alu$1259
  creating $alu cell for $flatten\u_core.\g_stage[15].u_step.$sub$/mnt/storage/zubax/kulibin2/float/hdl/_zkf_div_core.v:287$597: $auto$alumacc.cc:512:replace_alu$1262
  creating $alu cell for $flatten\u_core.\g_stage[15].u_step.$sub$/mnt/storage/zubax/kulibin2/float/hdl/_zkf_div_core.v:286$596: $auto$alumacc.cc:512:replace_alu$1265
  creating $alu cell for $flatten\u_core.\g_stage[16].u_step.$sub$/mnt/storage/zubax/kulibin2/float/hdl/_zkf_div_core.v:287$597: $auto$alumacc.cc:512:replace_alu$1268
  creating $alu cell for $flatten\u_core.\g_stage[16].u_step.$sub$/mnt/storage/zubax/kulibin2/float/hdl/_zkf_div_core.v:286$596: $auto$alumacc.cc:512:replace_alu$1271
  creating $alu cell for $flatten\u_core.\g_stage[17].u_step.$sub$/mnt/storage/zubax/kulibin2/float/hdl/_zkf_div_core.v:287$597: $auto$alumacc.cc:512:replace_alu$1274
  creating $alu cell for $flatten\u_core.\g_stage[17].u_step.$sub$/mnt/storage/zubax/kulibin2/float/hdl/_zkf_div_core.v:286$596: $auto$alumacc.cc:512:replace_alu$1277
  creating $alu cell for $flatten\u_core.\g_stage[18].u_step.$sub$/mnt/storage/zubax/kulibin2/float/hdl/_zkf_div_core.v:287$597: $auto$alumacc.cc:512:replace_alu$1280
  creating $alu cell for $flatten\u_core.\g_stage[18].u_step.$sub$/mnt/storage/zubax/kulibin2/float/hdl/_zkf_div_core.v:286$596: $auto$alumacc.cc:512:replace_alu$1283
  creating $alu cell for $flatten\u_core.\g_stage[19].u_step.$sub$/mnt/storage/zubax/kulibin2/float/hdl/_zkf_div_core.v:287$597: $auto$alumacc.cc:512:replace_alu$1286
  creating $alu cell for $flatten\u_core.\g_stage[19].u_step.$sub$/mnt/storage/zubax/kulibin2/float/hdl/_zkf_div_core.v:286$596: $auto$alumacc.cc:512:replace_alu$1289
  creating $alu cell for $flatten\u_pack.$add$/mnt/storage/zubax/kulibin2/float/hdl/_zkf_pack.v:69$511: $auto$alumacc.cc:512:replace_alu$1292
  created 63 $alu and 0 $macc cells.

6.25. Executing OPT pass (performing simple optimizations).

6.25.1. Executing OPT_EXPR pass (perform const folding).
Optimizing module top_zkf_div_w8_m36_base.
Optimizing module $paramod$d482ec995452f6edef73ceacb71c30dc3df86b83\zkf_div.

6.25.2. Executing OPT_MERGE pass (detect identical cells).
Finding identical cells in module `\top_zkf_div_w8_m36_base'.
Computing hashes of 7 cells of `\top_zkf_div_w8_m36_base'.
Finding duplicate cells in `\top_zkf_div_w8_m36_base'.
Finding identical cells in module `$paramod$d482ec995452f6edef73ceacb71c30dc3df86b83\zkf_div'.
Computing hashes of 522 cells of `$paramod$d482ec995452f6edef73ceacb71c30dc3df86b83\zkf_div'.
Finding duplicate cells in `$paramod$d482ec995452f6edef73ceacb71c30dc3df86b83\zkf_div'.
Removed a total of 0 cells.

6.25.3. Executing OPT_MUXTREE pass (detect dead branches in mux trees).
Running muxtree optimizer on module \top_zkf_div_w8_m36_base..
  Creating internal representation of mux trees.
  No muxes found in this module.
Running muxtree optimizer on module $paramod$d482ec995452f6edef73ceacb71c30dc3df86b83\zkf_div..
  Creating internal representation of mux trees.
  Evaluating internal representation of mux trees.
  Analyzing evaluation results.
Removed 0 multiplexer ports.
<suppressed ~94 debug messages>

6.25.4. Executing OPT_REDUCE pass (consolidate $*mux and $reduce_* inputs).
  Optimizing cells in module \top_zkf_div_w8_m36_base.
  Optimizing cells in module $paramod$d482ec995452f6edef73ceacb71c30dc3df86b83\zkf_div.
Performed a total of 0 changes.

6.25.5. Executing OPT_MERGE pass (detect identical cells).
Finding identical cells in module `\top_zkf_div_w8_m36_base'.
Computing hashes of 7 cells of `\top_zkf_div_w8_m36_base'.
Finding duplicate cells in `\top_zkf_div_w8_m36_base'.
Finding identical cells in module `$paramod$d482ec995452f6edef73ceacb71c30dc3df86b83\zkf_div'.
Computing hashes of 522 cells of `$paramod$d482ec995452f6edef73ceacb71c30dc3df86b83\zkf_div'.
Finding duplicate cells in `$paramod$d482ec995452f6edef73ceacb71c30dc3df86b83\zkf_div'.
Removed a total of 0 cells.

6.25.6. Executing OPT_DFF pass (perform DFF optimizations).

6.25.7. Executing OPT_CLEAN pass (remove unused cells and wires).
Finding unused cells or wires in module \top_zkf_div_w8_m36_base..
Finding unused cells or wires in module $paramod$d482ec995452f6edef73ceacb71c30dc3df86b83\zkf_div..
Removed 0 unused cells and 1 unused wires.
<suppressed ~1 debug messages>

6.25.8. Executing OPT_EXPR pass (perform const folding).
Optimizing module top_zkf_div_w8_m36_base.
Optimizing module $paramod$d482ec995452f6edef73ceacb71c30dc3df86b83\zkf_div.

6.25.9. Rerunning OPT passes. (Maybe there is more to do..)

6.25.10. Executing OPT_MUXTREE pass (detect dead branches in mux trees).
Running muxtree optimizer on module \top_zkf_div_w8_m36_base..
  Creating internal representation of mux trees.
  No muxes found in this module.
Running muxtree optimizer on module $paramod$d482ec995452f6edef73ceacb71c30dc3df86b83\zkf_div..
  Creating internal representation of mux trees.
  Evaluating internal representation of mux trees.
  Analyzing evaluation results.
Removed 0 multiplexer ports.
<suppressed ~94 debug messages>

6.25.11. Executing OPT_REDUCE pass (consolidate $*mux and $reduce_* inputs).
  Optimizing cells in module \top_zkf_div_w8_m36_base.
  Optimizing cells in module $paramod$d482ec995452f6edef73ceacb71c30dc3df86b83\zkf_div.
Performed a total of 0 changes.

6.25.12. Executing OPT_MERGE pass (detect identical cells).
Finding identical cells in module `\top_zkf_div_w8_m36_base'.
Computing hashes of 7 cells of `\top_zkf_div_w8_m36_base'.
Finding duplicate cells in `\top_zkf_div_w8_m36_base'.
Finding identical cells in module `$paramod$d482ec995452f6edef73ceacb71c30dc3df86b83\zkf_div'.
Computing hashes of 522 cells of `$paramod$d482ec995452f6edef73ceacb71c30dc3df86b83\zkf_div'.
Finding duplicate cells in `$paramod$d482ec995452f6edef73ceacb71c30dc3df86b83\zkf_div'.
Removed a total of 0 cells.

6.25.13. Executing OPT_DFF pass (perform DFF optimizations).

6.25.14. Executing OPT_CLEAN pass (remove unused cells and wires).
Finding unused cells or wires in module \top_zkf_div_w8_m36_base..
Finding unused cells or wires in module $paramod$d482ec995452f6edef73ceacb71c30dc3df86b83\zkf_div..

6.25.15. Executing OPT_EXPR pass (perform const folding).
Optimizing module top_zkf_div_w8_m36_base.
Optimizing module $paramod$d482ec995452f6edef73ceacb71c30dc3df86b83\zkf_div.

6.25.16. Finished fast OPT passes. (There is nothing left to do.)

6.26. Executing MEMORY pass.

6.26.1. Executing OPT_MEM pass (optimize memories).
Performed a total of 0 transformations.

6.26.2. Executing OPT_MEM_PRIORITY pass (removing unnecessary memory write priority relations).
Performed a total of 0 transformations.

6.26.3. Executing OPT_MEM_FEEDBACK pass (finding memory read-to-write feedback paths).

6.26.4. Executing MEMORY_BMUX2ROM pass (converting muxes to ROMs).

6.26.5. Executing MEMORY_DFF pass (merging $dff cells to $memrd).

6.26.6. Executing OPT_CLEAN pass (remove unused cells and wires).
Finding unused cells or wires in module \top_zkf_div_w8_m36_base..
Finding unused cells or wires in module $paramod$d482ec995452f6edef73ceacb71c30dc3df86b83\zkf_div..

6.26.7. Executing MEMORY_SHARE pass (consolidating $memrd/$memwr cells).

6.26.8. Executing OPT_MEM_WIDEN pass (optimize memories where all ports are wide).
Performed a total of 0 transformations.

6.26.9. Executing OPT_CLEAN pass (remove unused cells and wires).
Finding unused cells or wires in module \top_zkf_div_w8_m36_base..
Finding unused cells or wires in module $paramod$d482ec995452f6edef73ceacb71c30dc3df86b83\zkf_div..

6.26.10. Executing MEMORY_COLLECT pass (generating $mem cells).

6.27. Executing OPT_CLEAN pass (remove unused cells and wires).
Finding unused cells or wires in module \top_zkf_div_w8_m36_base..
Finding unused cells or wires in module $paramod$d482ec995452f6edef73ceacb71c30dc3df86b83\zkf_div..

6.28. Executing MEMORY_LIBMAP pass (mapping memories to cells).

6.29. Executing TECHMAP pass (map to technology primitives).

6.29.1. Executing Verilog-2005 frontend: /mnt/storage/synth_eval/oss-cad-suite/lib/../share/yosys/lattice/lutrams_map_trellis.v
Parsing Verilog input from `/mnt/storage/synth_eval/oss-cad-suite/lib/../share/yosys/lattice/lutrams_map_trellis.v' to AST representation.
Generating RTLIL representation for module `$__TRELLIS_DPR16X4_'.
Successfully finished Verilog frontend.

6.29.2. Executing Verilog-2005 frontend: /mnt/storage/synth_eval/oss-cad-suite/lib/../share/yosys/lattice/brams_map_16kd.v
Parsing Verilog input from `/mnt/storage/synth_eval/oss-cad-suite/lib/../share/yosys/lattice/brams_map_16kd.v' to AST representation.
Generating RTLIL representation for module `$__DP16KD_'.
Generating RTLIL representation for module `$__PDPW16KD_'.
Successfully finished Verilog frontend.

6.29.3. Continuing TECHMAP pass.
No more expansions possible.
<suppressed ~5 debug messages>

6.30. Executing OPT pass (performing simple optimizations).

6.30.1. Executing OPT_EXPR pass (perform const folding).
Optimizing module top_zkf_div_w8_m36_base.
Optimizing module $paramod$d482ec995452f6edef73ceacb71c30dc3df86b83\zkf_div.
<suppressed ~39 debug messages>

6.30.2. Executing OPT_MERGE pass (detect identical cells).
Finding identical cells in module `\top_zkf_div_w8_m36_base'.
Computing hashes of 7 cells of `\top_zkf_div_w8_m36_base'.
Finding duplicate cells in `\top_zkf_div_w8_m36_base'.
Finding identical cells in module `$paramod$d482ec995452f6edef73ceacb71c30dc3df86b83\zkf_div'.
Computing hashes of 522 cells of `$paramod$d482ec995452f6edef73ceacb71c30dc3df86b83\zkf_div'.
Finding duplicate cells in `$paramod$d482ec995452f6edef73ceacb71c30dc3df86b83\zkf_div'.
Removed a total of 0 cells.

6.30.3. Executing OPT_DFF pass (perform DFF optimizations).

6.30.4. Executing OPT_CLEAN pass (remove unused cells and wires).
Finding unused cells or wires in module \top_zkf_div_w8_m36_base..
Finding unused cells or wires in module $paramod$d482ec995452f6edef73ceacb71c30dc3df86b83\zkf_div..
Removed 0 unused cells and 19 unused wires.
<suppressed ~1 debug messages>

6.30.5. Finished fast OPT passes.

6.31. Executing MEMORY_MAP pass (converting memories to logic and flip-flops).

6.32. Executing OPT pass (performing simple optimizations).

6.32.1. Executing OPT_EXPR pass (perform const folding).
Optimizing module top_zkf_div_w8_m36_base.
Optimizing module $paramod$d482ec995452f6edef73ceacb71c30dc3df86b83\zkf_div.

6.32.2. Executing OPT_MERGE pass (detect identical cells).
Finding identical cells in module `\top_zkf_div_w8_m36_base'.
Computing hashes of 7 cells of `\top_zkf_div_w8_m36_base'.
Finding duplicate cells in `\top_zkf_div_w8_m36_base'.
Finding identical cells in module `$paramod$d482ec995452f6edef73ceacb71c30dc3df86b83\zkf_div'.
Computing hashes of 522 cells of `$paramod$d482ec995452f6edef73ceacb71c30dc3df86b83\zkf_div'.
Finding duplicate cells in `$paramod$d482ec995452f6edef73ceacb71c30dc3df86b83\zkf_div'.
Removed a total of 0 cells.

6.32.3. Executing OPT_MUXTREE pass (detect dead branches in mux trees).
Running muxtree optimizer on module \top_zkf_div_w8_m36_base..
  Creating internal representation of mux trees.
  No muxes found in this module.
Running muxtree optimizer on module $paramod$d482ec995452f6edef73ceacb71c30dc3df86b83\zkf_div..
  Creating internal representation of mux trees.
  Evaluating internal representation of mux trees.
  Analyzing evaluation results.
Removed 0 multiplexer ports.
<suppressed ~94 debug messages>

6.32.4. Executing OPT_REDUCE pass (consolidate $*mux and $reduce_* inputs).
  Optimizing cells in module \top_zkf_div_w8_m36_base.
  Optimizing cells in module $paramod$d482ec995452f6edef73ceacb71c30dc3df86b83\zkf_div.
Performed a total of 0 changes.

6.32.5. Executing OPT_MERGE pass (detect identical cells).
Finding identical cells in module `\top_zkf_div_w8_m36_base'.
Computing hashes of 7 cells of `\top_zkf_div_w8_m36_base'.
Finding duplicate cells in `\top_zkf_div_w8_m36_base'.
Finding identical cells in module `$paramod$d482ec995452f6edef73ceacb71c30dc3df86b83\zkf_div'.
Computing hashes of 522 cells of `$paramod$d482ec995452f6edef73ceacb71c30dc3df86b83\zkf_div'.
Finding duplicate cells in `$paramod$d482ec995452f6edef73ceacb71c30dc3df86b83\zkf_div'.
Removed a total of 0 cells.

6.32.6. Executing OPT_DFF pass (perform DFF optimizations).

6.32.7. Executing OPT_CLEAN pass (remove unused cells and wires).
Finding unused cells or wires in module \top_zkf_div_w8_m36_base..
Finding unused cells or wires in module $paramod$d482ec995452f6edef73ceacb71c30dc3df86b83\zkf_div..

6.32.8. Executing OPT_EXPR pass (perform const folding).
Optimizing module top_zkf_div_w8_m36_base.
Optimizing module $paramod$d482ec995452f6edef73ceacb71c30dc3df86b83\zkf_div.

6.32.9. Finished fast OPT passes. (There is nothing left to do.)

6.33. Executing TECHMAP pass (map to technology primitives).

6.33.1. Executing Verilog-2005 frontend: /mnt/storage/synth_eval/oss-cad-suite/lib/../share/yosys/techmap.v
Parsing Verilog input from `/mnt/storage/synth_eval/oss-cad-suite/lib/../share/yosys/techmap.v' to AST representation.
Generating RTLIL representation for module `\_90_simplemap_bool_ops'.
Generating RTLIL representation for module `\_90_simplemap_reduce_ops'.
Generating RTLIL representation for module `\_90_simplemap_logic_ops'.
Generating RTLIL representation for module `\_90_simplemap_compare_ops'.
Generating RTLIL representation for module `\_90_simplemap_various'.
Generating RTLIL representation for module `\_90_simplemap_registers'.
Generating RTLIL representation for module `\_90_shift_ops_shr_shl_sshl_sshr'.
Generating RTLIL representation for module `\_90_shift_shiftx'.
Generating RTLIL representation for module `\_90_fa'.
Generating RTLIL representation for module `\_90_lcu_brent_kung'.
Generating RTLIL representation for module `\_90_alu'.
Generating RTLIL representation for module `\_90_macc'.
Generating RTLIL representation for module `\_90_alumacc'.
Generating RTLIL representation for module `$__div_mod_u'.
Generating RTLIL representation for module `$__div_mod_trunc'.
Generating RTLIL representation for module `\_90_div'.
Generating RTLIL representation for module `\_90_mod'.
Generating RTLIL representation for module `$__div_mod_floor'.
Generating RTLIL representation for module `\_90_divfloor'.
Generating RTLIL representation for module `\_90_modfloor'.
Generating RTLIL representation for module `\_90_pow'.
Generating RTLIL representation for module `\_90_demux'.
Generating RTLIL representation for module `\_90_lut'.
Generating RTLIL representation for module `$connect'.
Generating RTLIL representation for module `$input_port'.
Successfully finished Verilog frontend.

6.33.2. Executing Verilog-2005 frontend: /mnt/storage/synth_eval/oss-cad-suite/lib/../share/yosys/lattice/arith_map_ccu2c.v
Parsing Verilog input from `/mnt/storage/synth_eval/oss-cad-suite/lib/../share/yosys/lattice/arith_map_ccu2c.v' to AST representation.
Generating RTLIL representation for module `\_80_ccu2c_alu'.
Successfully finished Verilog frontend.

6.33.3. Continuing TECHMAP pass.
Using template $paramod$8105d46316cb99041c6dc3f486b2ad084df41ba8\_80_ccu2c_alu for cells of type $alu.
Using template $paramod$9441ab9ae4095ae803d5bfc2a41faa09410f8538\_80_ccu2c_alu for cells of type $alu.
Using template $paramod$18f39ac1a520ef7962733dd2be5c8131376f0b74\_80_ccu2c_alu for cells of type $alu.
Using template $paramod$32db0a4456754da09616ae3f20c1234ab9b81c56\_80_ccu2c_alu for cells of type $alu.
Using template $paramod$a7d2dcae4456bbb0bdefe88b353b629243bcbb41\_80_ccu2c_alu for cells of type $alu.
Using template $paramod$3d4d857737ce5ee764ebe220e87ff73b66d6d0ad\_80_ccu2c_alu for cells of type $alu.
Using template $paramod$4ccbe221165818e15f326ddee3d1183c7924e12f\_80_ccu2c_alu for cells of type $alu.
Using template $paramod$339ba2970d3a0c27e8021d0588e1cb0a272e04e9\_80_ccu2c_alu for cells of type $alu.
Using extmapper simplemap for cells of type $reduce_or.
Using extmapper simplemap for cells of type $not.
Using extmapper simplemap for cells of type $or.
Using extmapper simplemap for cells of type $reduce_and.
Using template $paramod$9fb24bf0faa43f804d3c379242188667e42c235c\_80_ccu2c_alu for cells of type $alu.
Using extmapper simplemap for cells of type $dff.
Using extmapper simplemap for cells of type $sdff.
Using extmapper simplemap for cells of type $logic_not.
Using extmapper simplemap for cells of type $mux.
Using extmapper simplemap for cells of type $logic_and.
Using extmapper simplemap for cells of type $logic_or.
Using extmapper simplemap for cells of type $xor.
Using extmapper simplemap for cells of type $eq.
Using extmapper simplemap for cells of type $and.
Using extmapper simplemap for cells of type $pos.
No more expansions possible.
<suppressed ~5915 debug messages>

6.34. Executing OPT pass (performing simple optimizations).

6.34.1. Executing OPT_EXPR pass (perform const folding).
Optimizing module top_zkf_div_w8_m36_base.
Optimizing module $paramod$d482ec995452f6edef73ceacb71c30dc3df86b83\zkf_div.
<suppressed ~3582 debug messages>

6.34.2. Executing OPT_MERGE pass (detect identical cells).
Finding identical cells in module `\top_zkf_div_w8_m36_base'.
Computing hashes of 136 cells of `\top_zkf_div_w8_m36_base'.
Finding duplicate cells in `\top_zkf_div_w8_m36_base'.
Finding identical cells in module `$paramod$d482ec995452f6edef73ceacb71c30dc3df86b83\zkf_div'.
Computing hashes of 15021 cells of `$paramod$d482ec995452f6edef73ceacb71c30dc3df86b83\zkf_div'.
Finding duplicate cells in `$paramod$d482ec995452f6edef73ceacb71c30dc3df86b83\zkf_div'.
Computing hashes of 14281 cells of `$paramod$d482ec995452f6edef73ceacb71c30dc3df86b83\zkf_div'.
Finding duplicate cells in `$paramod$d482ec995452f6edef73ceacb71c30dc3df86b83\zkf_div'.
Computing hashes of 14278 cells of `$paramod$d482ec995452f6edef73ceacb71c30dc3df86b83\zkf_div'.
Finding duplicate cells in `$paramod$d482ec995452f6edef73ceacb71c30dc3df86b83\zkf_div'.
Computing hashes of 14275 cells of `$paramod$d482ec995452f6edef73ceacb71c30dc3df86b83\zkf_div'.
Finding duplicate cells in `$paramod$d482ec995452f6edef73ceacb71c30dc3df86b83\zkf_div'.
Computing hashes of 14272 cells of `$paramod$d482ec995452f6edef73ceacb71c30dc3df86b83\zkf_div'.
Finding duplicate cells in `$paramod$d482ec995452f6edef73ceacb71c30dc3df86b83\zkf_div'.
Computing hashes of 14269 cells of `$paramod$d482ec995452f6edef73ceacb71c30dc3df86b83\zkf_div'.
Finding duplicate cells in `$paramod$d482ec995452f6edef73ceacb71c30dc3df86b83\zkf_div'.
Computing hashes of 14266 cells of `$paramod$d482ec995452f6edef73ceacb71c30dc3df86b83\zkf_div'.
Finding duplicate cells in `$paramod$d482ec995452f6edef73ceacb71c30dc3df86b83\zkf_div'.
Computing hashes of 14263 cells of `$paramod$d482ec995452f6edef73ceacb71c30dc3df86b83\zkf_div'.
Finding duplicate cells in `$paramod$d482ec995452f6edef73ceacb71c30dc3df86b83\zkf_div'.
Computing hashes of 14260 cells of `$paramod$d482ec995452f6edef73ceacb71c30dc3df86b83\zkf_div'.
Finding duplicate cells in `$paramod$d482ec995452f6edef73ceacb71c30dc3df86b83\zkf_div'.
Computing hashes of 14257 cells of `$paramod$d482ec995452f6edef73ceacb71c30dc3df86b83\zkf_div'.
Finding duplicate cells in `$paramod$d482ec995452f6edef73ceacb71c30dc3df86b83\zkf_div'.
Computing hashes of 14254 cells of `$paramod$d482ec995452f6edef73ceacb71c30dc3df86b83\zkf_div'.
Finding duplicate cells in `$paramod$d482ec995452f6edef73ceacb71c30dc3df86b83\zkf_div'.
Computing hashes of 14251 cells of `$paramod$d482ec995452f6edef73ceacb71c30dc3df86b83\zkf_div'.
Finding duplicate cells in `$paramod$d482ec995452f6edef73ceacb71c30dc3df86b83\zkf_div'.
Computing hashes of 14248 cells of `$paramod$d482ec995452f6edef73ceacb71c30dc3df86b83\zkf_div'.
Finding duplicate cells in `$paramod$d482ec995452f6edef73ceacb71c30dc3df86b83\zkf_div'.
Computing hashes of 14245 cells of `$paramod$d482ec995452f6edef73ceacb71c30dc3df86b83\zkf_div'.
Finding duplicate cells in `$paramod$d482ec995452f6edef73ceacb71c30dc3df86b83\zkf_div'.
Computing hashes of 14242 cells of `$paramod$d482ec995452f6edef73ceacb71c30dc3df86b83\zkf_div'.
Finding duplicate cells in `$paramod$d482ec995452f6edef73ceacb71c30dc3df86b83\zkf_div'.
Computing hashes of 14239 cells of `$paramod$d482ec995452f6edef73ceacb71c30dc3df86b83\zkf_div'.
Finding duplicate cells in `$paramod$d482ec995452f6edef73ceacb71c30dc3df86b83\zkf_div'.
Computing hashes of 14236 cells of `$paramod$d482ec995452f6edef73ceacb71c30dc3df86b83\zkf_div'.
Finding duplicate cells in `$paramod$d482ec995452f6edef73ceacb71c30dc3df86b83\zkf_div'.
Computing hashes of 14233 cells of `$paramod$d482ec995452f6edef73ceacb71c30dc3df86b83\zkf_div'.
Finding duplicate cells in `$paramod$d482ec995452f6edef73ceacb71c30dc3df86b83\zkf_div'.
Computing hashes of 14230 cells of `$paramod$d482ec995452f6edef73ceacb71c30dc3df86b83\zkf_div'.
Finding duplicate cells in `$paramod$d482ec995452f6edef73ceacb71c30dc3df86b83\zkf_div'.
Computing hashes of 14227 cells of `$paramod$d482ec995452f6edef73ceacb71c30dc3df86b83\zkf_div'.
Finding duplicate cells in `$paramod$d482ec995452f6edef73ceacb71c30dc3df86b83\zkf_div'.
Computing hashes of 14225 cells of `$paramod$d482ec995452f6edef73ceacb71c30dc3df86b83\zkf_div'.
Finding duplicate cells in `$paramod$d482ec995452f6edef73ceacb71c30dc3df86b83\zkf_div'.
Computing hashes of 14224 cells of `$paramod$d482ec995452f6edef73ceacb71c30dc3df86b83\zkf_div'.
Finding duplicate cells in `$paramod$d482ec995452f6edef73ceacb71c30dc3df86b83\zkf_div'.
<suppressed ~2391 debug messages>
Removed a total of 797 cells.

6.34.3. Executing OPT_DFF pass (perform DFF optimizations).

6.34.4. Executing OPT_CLEAN pass (remove unused cells and wires).
Finding unused cells or wires in module \top_zkf_div_w8_m36_base..
Finding unused cells or wires in module $paramod$d482ec995452f6edef73ceacb71c30dc3df86b83\zkf_div..
Removed 7647 unused cells and 6115 unused wires.
<suppressed ~7648 debug messages>

6.34.5. Finished fast OPT passes.

6.35. Executing ABC pass (technology mapping using ABC).

6.35.1. Summary of detected clock domains:
  3 cells in clk=\clk, en={ }, arst={ }, srst=\rst
  133 cells in clk=\clk, en={ }, arst={ }, srst={ }

6.35.2. Extracting gate netlist of module `\top_zkf_div_w8_m36_base' to `<abc-temp-dir>/input.blif'..
Found matching posedge clock domain: \clk, synchronously reset by \rst

6.35.3. Extracting gate netlist of module `\top_zkf_div_w8_m36_base' to `<abc-temp-dir>/input.blif'..
Found matching posedge clock domain: \clk

6.35.3.1. Executed ABC.
Extracted 2 gates and 4 wires to a netlist network with 2 inputs and 2 outputs.
Running ABC script: <abc-temp-dir>/abc.script
ABC: UC Berkeley, ABC 1.01 (compiled May 12 2026 04:40:36)
ABC: abc 01> empty
ABC: abc 01> source <abc-temp-dir>/abc.script
ABC: + read_blif <abc-temp-dir>/input.blif 
ABC: + read_library <abc-temp-dir>/stdcells.genlib 
ABC: + strash 
ABC: + &get -n 
ABC: + &fraig -x 
ABC: + &put 
ABC: + scorr 
ABC: + dc2 
ABC: + dretime 
ABC: + retime -o -D 1 
ABC: + strash 
ABC: + &get -n 
ABC: + &dch -f 
ABC: + &nf -D 1 
ABC: + &put 
ABC: + write_blif <abc-temp-dir>/output.blif 
ABC: 
ABC: YOSYS_ABC_DONE 

6.35.3.2. Re-integrating ABC results.
ABC RESULTS:               BUF cells:        4
ABC RESULTS:               DFF cells:        2
ABC RESULTS:        internal signals:        0
ABC RESULTS:           input signals:        2
ABC RESULTS:          output signals:        2
Removing temp directory.

6.35.3.1. Executed ABC.
Extracted 133 gates and 266 wires to a netlist network with 133 inputs and 133 outputs.
Running ABC script: <abc-temp-dir>/abc.script
ABC: UC Berkeley, ABC 1.01 (compiled May 12 2026 04:40:36)
ABC: abc 01> empty
ABC: abc 01> source <abc-temp-dir>/abc.script
ABC: + read_blif <abc-temp-dir>/input.blif 
ABC: + read_library <abc-temp-dir>/stdcells.genlib 
ABC: + strash 
ABC: + &get -n 
ABC: Warning: 133 registers in this network have don't-care init values.
ABC: The don't-care are assumed to be 0. The result may not verify.
ABC: Use command "print_latch" to see the init values of registers.
ABC: Use command "zero" to convert or "init" to change the values.
ABC: + &fraig -x 
ABC: + &put 
ABC: + scorr 
ABC: + dc2 
ABC: + dretime 
ABC: + retime -o -D 1 
ABC: + strash 
ABC: + &get -n 
ABC: + &dch -f 
ABC: + &nf -D 1 
ABC: + &put 
ABC: + write_blif <abc-temp-dir>/output.blif 
ABC: 
ABC: YOSYS_ABC_DONE 

6.35.3.2. Re-integrating ABC results.
ABC RESULTS:               BUF cells:      266
ABC RESULTS:               DFF cells:      133
ABC RESULTS:        internal signals:        0
ABC RESULTS:           input signals:      133
ABC RESULTS:          output signals:      133
Removing temp directory.

6.35.4. Summary of detected clock domains:
  42 cells in clk={ }, en={ }, arst={ }, srst={ }
  4 cells in clk=\clk, en={ }, arst={ }, srst=\u_core.g_stage[19].u_raw.raw_next [38]
  23 cells in clk=\clk, en={ }, arst={ }, srst=\rst
  3 cells in clk=\clk, en={ }, arst={ }, srst=!\u_core.initial_bit
  6505 cells in clk=\clk, en={ }, arst={ }, srst={ }

6.35.5. Extracting gate netlist of module `$paramod$d482ec995452f6edef73ceacb71c30dc3df86b83\zkf_div' to `<abc-temp-dir>/input.blif'..
No matching clock domain found. Not extracting any FF cells.

6.35.6. Extracting gate netlist of module `$paramod$d482ec995452f6edef73ceacb71c30dc3df86b83\zkf_div' to `<abc-temp-dir>/input.blif'..
Found matching posedge clock domain: \clk, synchronously reset by \u_core.g_stage[19].u_raw.raw_next [38]

6.35.7. Extracting gate netlist of module `$paramod$d482ec995452f6edef73ceacb71c30dc3df86b83\zkf_div' to `<abc-temp-dir>/input.blif'..
Found matching posedge clock domain: \clk, synchronously reset by \rst

6.35.8. Extracting gate netlist of module `$paramod$d482ec995452f6edef73ceacb71c30dc3df86b83\zkf_div' to `<abc-temp-dir>/input.blif'..
Found matching posedge clock domain: \clk, synchronously reset by !\u_core.initial_bit

6.35.9. Extracting gate netlist of module `$paramod$d482ec995452f6edef73ceacb71c30dc3df86b83\zkf_div' to `<abc-temp-dir>/input.blif'..
Found matching posedge clock domain: \clk

6.35.9.1. Executed ABC.
Extracted 0 gates and 0 wires to a netlist network with 0 inputs and 0 outputs.
Don't call ABC as there is nothing to map.
Removing temp directory.

6.35.9.1. Executed ABC.
Extracted 3 gates and 7 wires to a netlist network with 4 inputs and 3 outputs.
Running ABC script: <abc-temp-dir>/abc.script
ABC: UC Berkeley, ABC 1.01 (compiled May 12 2026 04:40:36)
ABC: abc 01> empty
ABC: abc 01> source <abc-temp-dir>/abc.script
ABC: + read_blif <abc-temp-dir>/input.blif 
ABC: + read_library <abc-temp-dir>/stdcells.genlib 
ABC: + strash 
ABC: + &get -n 
ABC: + &fraig -x 
ABC: + &put 
ABC: + scorr 
ABC: + dc2 
ABC: + dretime 
ABC: + retime -o -D 1 
ABC: + strash 
ABC: + &get -n 
ABC: + &dch -f 
ABC: + &nf -D 1 
ABC: + &put 
ABC: + write_blif <abc-temp-dir>/output.blif 
ABC: 
ABC: YOSYS_ABC_DONE 

6.35.9.2. Re-integrating ABC results.
ABC RESULTS:               AND cells:        2
ABC RESULTS:               DFF cells:        1
ABC RESULTS:               NOT cells:        2
ABC RESULTS:        internal signals:        0
ABC RESULTS:           input signals:        4
ABC RESULTS:          output signals:        3
Removing temp directory.

6.35.9.1. Executed ABC.
Extracted 23 gates and 25 wires to a netlist network with 2 inputs and 1 outputs.
Running ABC script: <abc-temp-dir>/abc.script
ABC: UC Berkeley, ABC 1.01 (compiled May 12 2026 04:40:36)
ABC: abc 01> empty
ABC: abc 01> source <abc-temp-dir>/abc.script
ABC: + read_blif <abc-temp-dir>/input.blif 
ABC: + read_library <abc-temp-dir>/stdcells.genlib 
ABC: + strash 
ABC: + &get -n 
ABC: + &fraig -x 
ABC: + &put 
ABC: + scorr 
ABC: + dc2 
ABC: + dretime 
ABC: + retime -o -D 1 
ABC: + strash 
ABC: + &get -n 
ABC: + &dch -f 
ABC: + &nf -D 1 
ABC: + &put 
ABC: + write_blif <abc-temp-dir>/output.blif 
ABC: 
ABC: YOSYS_ABC_DONE 

6.35.9.2. Re-integrating ABC results.
ABC RESULTS:            ANDNOT cells:        1
ABC RESULTS:               BUF cells:       21
ABC RESULTS:               DFF cells:       21
ABC RESULTS:        internal signals:       22
ABC RESULTS:           input signals:        2
ABC RESULTS:          output signals:        1
Removing temp directory.

6.35.9.1. Executed ABC.
Extracted 1 gates and 2 wires to a netlist network with 1 inputs and 1 outputs.
Running ABC script: <abc-temp-dir>/abc.script
ABC: UC Berkeley, ABC 1.01 (compiled May 12 2026 04:40:36)
ABC: abc 01> empty
ABC: abc 01> source <abc-temp-dir>/abc.script
ABC: + read_blif <abc-temp-dir>/input.blif 
ABC: + read_library <abc-temp-dir>/stdcells.genlib 
ABC: + strash 
ABC: + &get -n 
ABC: + &fraig -x 
ABC: + &put 
ABC: + scorr 
ABC: + dc2 
ABC: + dretime 
ABC: + retime -o -D 1 
ABC: + strash 
ABC: + &get -n 
ABC: + &dch -f 
ABC: + &nf -D 1 
ABC: + &put 
ABC: + write_blif <abc-temp-dir>/output.blif 
ABC: 
ABC: YOSYS_ABC_DONE 

6.35.9.2. Re-integrating ABC results.
ABC RESULTS:               DFF cells:        1
ABC RESULTS:               NOT cells:        2
ABC RESULTS:        internal signals:        0
ABC RESULTS:           input signals:        1
ABC RESULTS:          output signals:        1
Removing temp directory.

6.35.9.1. Executed ABC.
Extracted 5312 gates and 7638 wires to a netlist network with 2324 inputs and 2156 outputs.
Running ABC script: <abc-temp-dir>/abc.script
ABC: empty
ABC: abc 10> source <abc-temp-dir>/abc.script
ABC: + read_blif <abc-temp-dir>/input.blif 
ABC: + read_library <abc-temp-dir>/stdcells.genlib 
ABC: + strash 
ABC: + &get -n 
ABC: Warning: 2799 registers in this network have don't-care init values.
ABC: The don't-care are assumed to be 0. The result may not verify.
ABC: Use command "print_latch" to see the init values of registers.
ABC: Use command "zero" to convert or "init" to change the values.
ABC: + &fraig -x 
ABC: + &put 
ABC: + scorr 
ABC: + dc2 
ABC: + dretime 
ABC: + retime -o -D 1 
ABC: + strash 
ABC: + &get -n 
ABC: + &dch -f 
ABC: + &nf -D 1 
ABC: + &put 
ABC: + write_blif <abc-temp-dir>/output.blif 
ABC: 
ABC: YOSYS_ABC_DONE 

6.35.9.2. Re-integrating ABC results.
ABC RESULTS:               AND cells:      246
ABC RESULTS:            ANDNOT cells:       20
ABC RESULTS:               BUF cells:     4143
ABC RESULTS:               DFF cells:     2798
ABC RESULTS:               MUX cells:     1876
ABC RESULTS:              NAND cells:      231
ABC RESULTS:               NOR cells:       48
ABC RESULTS:               NOT cells:       27
ABC RESULTS:                OR cells:       48
ABC RESULTS:             ORNOT cells:      125
ABC RESULTS:              XNOR cells:       10
ABC RESULTS:        internal signals:     3158
ABC RESULTS:           input signals:     2324
ABC RESULTS:          output signals:     2156
Removing temp directory.
Removing global temp directory.

6.36. Executing OPT_CLEAN pass (remove unused cells and wires).
Finding unused cells or wires in module \top_zkf_div_w8_m36_base..
Finding unused cells or wires in module $paramod$d482ec995452f6edef73ceacb71c30dc3df86b83\zkf_div..
Removed 0 unused cells and 9648 unused wires.
<suppressed ~334 debug messages>

6.37. Executing DFFLEGALIZE pass (convert FFs to types supported by the target).

6.38. Executing OPT_MERGE pass (detect identical cells).
Finding identical cells in module `\top_zkf_div_w8_m36_base'.
Computing hashes of 136 cells of `\top_zkf_div_w8_m36_base'.
Finding duplicate cells in `\top_zkf_div_w8_m36_base'.
Finding identical cells in module `$paramod$d482ec995452f6edef73ceacb71c30dc3df86b83\zkf_div'.
Computing hashes of 6698 cells of `$paramod$d482ec995452f6edef73ceacb71c30dc3df86b83\zkf_div'.
Finding duplicate cells in `$paramod$d482ec995452f6edef73ceacb71c30dc3df86b83\zkf_div'.
Computing hashes of 6697 cells of `$paramod$d482ec995452f6edef73ceacb71c30dc3df86b83\zkf_div'.
Finding duplicate cells in `$paramod$d482ec995452f6edef73ceacb71c30dc3df86b83\zkf_div'.
<suppressed ~3 debug messages>
Removed a total of 1 cells.

6.39. Executing TECHMAP pass (map to technology primitives).

6.39.1. Executing Verilog-2005 frontend: /mnt/storage/synth_eval/oss-cad-suite/lib/../share/yosys/lattice/cells_map_trellis.v
Parsing Verilog input from `/mnt/storage/synth_eval/oss-cad-suite/lib/../share/yosys/lattice/cells_map_trellis.v' to AST representation.
Generating RTLIL representation for module `$_DFF_N_'.
Generating RTLIL representation for module `$_DFF_P_'.
Generating RTLIL representation for module `$_DFFE_NN_'.
Generating RTLIL representation for module `$_DFFE_PN_'.
Generating RTLIL representation for module `$_DFFE_NP_'.
Generating RTLIL representation for module `$_DFFE_PP_'.
Generating RTLIL representation for module `$_DFF_NP0_'.
Generating RTLIL representation for module `$_DFF_NP1_'.
Generating RTLIL representation for module `$_DFF_PP0_'.
Generating RTLIL representation for module `$_DFF_PP1_'.
Generating RTLIL representation for module `$_SDFF_NP0_'.
Generating RTLIL representation for module `$_SDFF_NP1_'.
Generating RTLIL representation for module `$_SDFF_PP0_'.
Generating RTLIL representation for module `$_SDFF_PP1_'.
Generating RTLIL representation for module `$_DFFE_NP0P_'.
Generating RTLIL representation for module `$_DFFE_NP1P_'.
Generating RTLIL representation for module `$_DFFE_PP0P_'.
Generating RTLIL representation for module `$_DFFE_PP1P_'.
Generating RTLIL representation for module `$_DFFE_NP0N_'.
Generating RTLIL representation for module `$_DFFE_NP1N_'.
Generating RTLIL representation for module `$_DFFE_PP0N_'.
Generating RTLIL representation for module `$_DFFE_PP1N_'.
Generating RTLIL representation for module `$_SDFFE_NP0P_'.
Generating RTLIL representation for module `$_SDFFE_NP1P_'.
Generating RTLIL representation for module `$_SDFFE_PP0P_'.
Generating RTLIL representation for module `$_SDFFE_PP1P_'.
Generating RTLIL representation for module `$_SDFFE_NP0N_'.
Generating RTLIL representation for module `$_SDFFE_NP1N_'.
Generating RTLIL representation for module `$_SDFFE_PP0N_'.
Generating RTLIL representation for module `$_SDFFE_PP1N_'.
Generating RTLIL representation for module `$_ALDFF_NP_'.
Generating RTLIL representation for module `$_ALDFF_PP_'.
Generating RTLIL representation for module `$_ALDFFE_NPN_'.
Generating RTLIL representation for module `$_ALDFFE_NPP_'.
Generating RTLIL representation for module `$_ALDFFE_PPN_'.
Generating RTLIL representation for module `$_ALDFFE_PPP_'.
Generating RTLIL representation for module `\FD1P3AX'.
Generating RTLIL representation for module `\FD1P3AY'.
Generating RTLIL representation for module `\FD1P3BX'.
Generating RTLIL representation for module `\FD1P3DX'.
Generating RTLIL representation for module `\FD1P3IX'.
Generating RTLIL representation for module `\FD1P3JX'.
Generating RTLIL representation for module `\FD1S3AX'.
Generating RTLIL representation for module `\FD1S3AY'.
Generating RTLIL representation for module `\FD1S3BX'.
Generating RTLIL representation for module `\FD1S3DX'.
Generating RTLIL representation for module `\FD1S3IX'.
Generating RTLIL representation for module `\FD1S3JX'.
Generating RTLIL representation for module `\IFS1P3BX'.
Generating RTLIL representation for module `\IFS1P3DX'.
Generating RTLIL representation for module `\IFS1P3IX'.
Generating RTLIL representation for module `\IFS1P3JX'.
Generating RTLIL representation for module `\OFS1P3BX'.
Generating RTLIL representation for module `\OFS1P3DX'.
Generating RTLIL representation for module `\OFS1P3IX'.
Generating RTLIL representation for module `\OFS1P3JX'.
Generating RTLIL representation for module `\IB'.
Generating RTLIL representation for module `\IBPU'.
Generating RTLIL representation for module `\IBPD'.
Generating RTLIL representation for module `\OB'.
Generating RTLIL representation for module `\OBZ'.
Generating RTLIL representation for module `\OBZPU'.
Generating RTLIL representation for module `\OBZPD'.
Generating RTLIL representation for module `\OBCO'.
Generating RTLIL representation for module `\BB'.
Generating RTLIL representation for module `\BBPU'.
Generating RTLIL representation for module `\BBPD'.
Generating RTLIL representation for module `\ILVDS'.
Generating RTLIL representation for module `\OLVDS'.
Successfully finished Verilog frontend.

6.39.2. Continuing TECHMAP pass.
Using template $paramod$_DFF_P_\_TECHMAP_WIREINIT_Q_=1'x for cells of type $_DFF_P_.
Using template $_SDFF_PP0_ for cells of type $_SDFF_PP0_.
No more expansions possible.
<suppressed ~3038 debug messages>

6.40. Executing OPT_EXPR pass (perform const folding).
Optimizing module top_zkf_div_w8_m36_base.
Optimizing module $paramod$d482ec995452f6edef73ceacb71c30dc3df86b83\zkf_div.
<suppressed ~559 debug messages>

6.41. Executing SIMPLEMAP pass (map simple cells to gate primitives).

6.42. Executing LATTICE_GSR pass (implement FF init values).
Handling GSR in top_zkf_div_w8_m36_base.
Handling GSR in $paramod$d482ec995452f6edef73ceacb71c30dc3df86b83\zkf_div.

6.43. Executing ATTRMVCP pass (move or copy attributes).

6.44. Executing OPT_CLEAN pass (remove unused cells and wires).
Finding unused cells or wires in module \top_zkf_div_w8_m36_base..
Finding unused cells or wires in module $paramod$d482ec995452f6edef73ceacb71c30dc3df86b83\zkf_div..
Removed 0 unused cells and 11850 unused wires.
<suppressed ~2 debug messages>

6.45. Executing ABC pass (technology mapping using ABC).

6.45.1. Extracting gate netlist of module `\top_zkf_div_w8_m36_base' to `<abc-temp-dir>/input.blif'..

6.45.1.1. Executed ABC.
Extracted 0 gates and 0 wires to a netlist network with 0 inputs and 0 outputs.
Don't call ABC as there is nothing to map.
Removing temp directory.

6.45.2. Extracting gate netlist of module `$paramod$d482ec995452f6edef73ceacb71c30dc3df86b83\zkf_div' to `<abc-temp-dir>/input.blif'..

6.45.2.1. Executed ABC.
Extracted 2638 gates and 5606 wires to a netlist network with 2968 inputs and 815 outputs.
Running ABC script: <abc-temp-dir>/abc.script
ABC: UC Berkeley, ABC 1.01 (compiled May 12 2026 04:40:36)
ABC: abc 01> empty
ABC: abc 01> source <abc-temp-dir>/abc.script
ABC: + read_blif <abc-temp-dir>/input.blif 
ABC: + read_library <abc-temp-dir>/stdcells.genlib 
ABC: + strash 
ABC: + &get -n 
ABC: + &fraig -x 
ABC: + &put 
ABC: + scorr 
ABC: Warning: The network is combinational (run "fraig" or "fraig_sweep").
ABC: + dc2 
ABC: + dretime 
ABC: + strash 
ABC: + &get -n 
ABC: + &dch -f 
ABC: + &nf 
ABC: + &put 
ABC: + write_blif <abc-temp-dir>/output.blif 
ABC: 
ABC: YOSYS_ABC_DONE 

6.45.2.2. Re-integrating ABC results.
ABC RESULTS:               AND cells:      227
ABC RESULTS:            ANDNOT cells:       23
ABC RESULTS:               MUX cells:     1877
ABC RESULTS:              NAND cells:      191
ABC RESULTS:               NOR cells:       84
ABC RESULTS:               NOT cells:       35
ABC RESULTS:                OR cells:       11
ABC RESULTS:             ORNOT cells:      109
ABC RESULTS:              XNOR cells:       18
ABC RESULTS:        internal signals:     1823
ABC RESULTS:           input signals:     2968
ABC RESULTS:          output signals:      815
Removing temp directory.
Removing global temp directory.

6.46. Executing TECHMAP pass (map to technology primitives).

6.46.1. Executing Verilog-2005 frontend: /mnt/storage/synth_eval/oss-cad-suite/lib/../share/yosys/lattice/latches_map.v
Parsing Verilog input from `/mnt/storage/synth_eval/oss-cad-suite/lib/../share/yosys/lattice/latches_map.v' to AST representation.
Generating RTLIL representation for module `$_DLATCH_N_'.
Generating RTLIL representation for module `$_DLATCH_P_'.
Successfully finished Verilog frontend.

6.46.2. Continuing TECHMAP pass.
No more expansions possible.
<suppressed ~4 debug messages>

6.47. Executing ABC pass (technology mapping using ABC).

6.47.1. Summary of detected clock domains:
  136 cells in clk={ }, en={ }, arst={ }, srst={ }

6.47.2. Extracting gate netlist of module `\top_zkf_div_w8_m36_base' to `<abc-temp-dir>/input.blif'..
No matching clock domain found. Not extracting any FF cells.

6.47.2.1. Executed ABC.
Extracted 0 gates and 0 wires to a netlist network with 0 inputs and 0 outputs.
Don't call ABC as there is nothing to map.
Removing temp directory.

6.47.3. Summary of detected clock domains:
  6634 cells in clk={ }, en={ }, arst={ }, srst={ }

6.47.4. Extracting gate netlist of module `$paramod$d482ec995452f6edef73ceacb71c30dc3df86b83\zkf_div' to `<abc-temp-dir>/input.blif'..
No matching clock domain found. Not extracting any FF cells.

6.47.4.1. Executed ABC.
Extracted 2575 gates and 5543 wires to a netlist network with 2968 inputs and 815 outputs.
Running ABC script: <abc-temp-dir>/abc.script
ABC: UC Berkeley, ABC 1.01 (compiled May 12 2026 04:40:36)
ABC: abc 01> empty
ABC: abc 01> source <abc-temp-dir>/abc.script
ABC: + read_blif <abc-temp-dir>/input.blif 
ABC: + read_lut <abc-temp-dir>/lutdefs.txt 
ABC: + strash 
ABC: + &get -n 
ABC: + &fraig -x 
ABC: + &put 
ABC: + scorr 
ABC: Warning: The network is combinational (run "fraig" or "fraig_sweep").
ABC: + dc2 
ABC: + dretime 
ABC: + strash 
ABC: + dch -f 
ABC: + if 
ABC: + mfs2 
ABC: + dress <abc-temp-dir>/input.blif 
ABC: Total number of equiv classes                =    1483.
ABC: Participating nodes from both networks       =    2967.
ABC: Participating nodes from the first network   =    1483. (  96.24 % of nodes)
ABC: Participating nodes from the second network  =    1484. (  96.30 % of nodes)
ABC: Node pairs (any polarity)                    =    1483. (  96.24 % of names can be moved)
ABC: Node pairs (same polarity)                   =     878. (  56.98 % of names can be moved)
ABC: Total runtime =     0.32 sec
ABC: + write_blif <abc-temp-dir>/output.blif 
ABC: 
ABC: YOSYS_ABC_DONE 

6.47.4.2. Re-integrating ABC results.
ABC RESULTS:              $lut cells:     1540
ABC RESULTS:        internal signals:     1760
ABC RESULTS:           input signals:     2968
ABC RESULTS:          output signals:      815
Removing temp directory.
Removing global temp directory.
Removed 0 unused cells and 11149 unused wires.

6.48. Executing TECHMAP pass (map to technology primitives).

6.48.1. Executing Verilog-2005 frontend: /mnt/storage/synth_eval/oss-cad-suite/lib/../share/yosys/lattice/cells_map_trellis.v
Parsing Verilog input from `/mnt/storage/synth_eval/oss-cad-suite/lib/../share/yosys/lattice/cells_map_trellis.v' to AST representation.
Generating RTLIL representation for module `$_DFF_N_'.
Generating RTLIL representation for module `$_DFF_P_'.
Generating RTLIL representation for module `$_DFFE_NN_'.
Generating RTLIL representation for module `$_DFFE_PN_'.
Generating RTLIL representation for module `$_DFFE_NP_'.
Generating RTLIL representation for module `$_DFFE_PP_'.
Generating RTLIL representation for module `$_DFF_NP0_'.
Generating RTLIL representation for module `$_DFF_NP1_'.
Generating RTLIL representation for module `$_DFF_PP0_'.
Generating RTLIL representation for module `$_DFF_PP1_'.
Generating RTLIL representation for module `$_SDFF_NP0_'.
Generating RTLIL representation for module `$_SDFF_NP1_'.
Generating RTLIL representation for module `$_SDFF_PP0_'.
Generating RTLIL representation for module `$_SDFF_PP1_'.
Generating RTLIL representation for module `$_DFFE_NP0P_'.
Generating RTLIL representation for module `$_DFFE_NP1P_'.
Generating RTLIL representation for module `$_DFFE_PP0P_'.
Generating RTLIL representation for module `$_DFFE_PP1P_'.
Generating RTLIL representation for module `$_DFFE_NP0N_'.
Generating RTLIL representation for module `$_DFFE_NP1N_'.
Generating RTLIL representation for module `$_DFFE_PP0N_'.
Generating RTLIL representation for module `$_DFFE_PP1N_'.
Generating RTLIL representation for module `$_SDFFE_NP0P_'.
Generating RTLIL representation for module `$_SDFFE_NP1P_'.
Generating RTLIL representation for module `$_SDFFE_PP0P_'.
Generating RTLIL representation for module `$_SDFFE_PP1P_'.
Generating RTLIL representation for module `$_SDFFE_NP0N_'.
Generating RTLIL representation for module `$_SDFFE_NP1N_'.
Generating RTLIL representation for module `$_SDFFE_PP0N_'.
Generating RTLIL representation for module `$_SDFFE_PP1N_'.
Generating RTLIL representation for module `$_ALDFF_NP_'.
Generating RTLIL representation for module `$_ALDFF_PP_'.
Generating RTLIL representation for module `$_ALDFFE_NPN_'.
Generating RTLIL representation for module `$_ALDFFE_NPP_'.
Generating RTLIL representation for module `$_ALDFFE_PPN_'.
Generating RTLIL representation for module `$_ALDFFE_PPP_'.
Generating RTLIL representation for module `\FD1P3AX'.
Generating RTLIL representation for module `\FD1P3AY'.
Generating RTLIL representation for module `\FD1P3BX'.
Generating RTLIL representation for module `\FD1P3DX'.
Generating RTLIL representation for module `\FD1P3IX'.
Generating RTLIL representation for module `\FD1P3JX'.
Generating RTLIL representation for module `\FD1S3AX'.
Generating RTLIL representation for module `\FD1S3AY'.
Generating RTLIL representation for module `\FD1S3BX'.
Generating RTLIL representation for module `\FD1S3DX'.
Generating RTLIL representation for module `\FD1S3IX'.
Generating RTLIL representation for module `\FD1S3JX'.
Generating RTLIL representation for module `\IFS1P3BX'.
Generating RTLIL representation for module `\IFS1P3DX'.
Generating RTLIL representation for module `\IFS1P3IX'.
Generating RTLIL representation for module `\IFS1P3JX'.
Generating RTLIL representation for module `\OFS1P3BX'.
Generating RTLIL representation for module `\OFS1P3DX'.
Generating RTLIL representation for module `\OFS1P3IX'.
Generating RTLIL representation for module `\OFS1P3JX'.
Generating RTLIL representation for module `\IB'.
Generating RTLIL representation for module `\IBPU'.
Generating RTLIL representation for module `\IBPD'.
Generating RTLIL representation for module `\OB'.
Generating RTLIL representation for module `\OBZ'.
Generating RTLIL representation for module `\OBZPU'.
Generating RTLIL representation for module `\OBZPD'.
Generating RTLIL representation for module `\OBCO'.
Generating RTLIL representation for module `\BB'.
Generating RTLIL representation for module `\BBPU'.
Generating RTLIL representation for module `\BBPD'.
Generating RTLIL representation for module `\ILVDS'.
Generating RTLIL representation for module `\OLVDS'.
Generating RTLIL representation for module `$lut'.
Successfully finished Verilog frontend.

6.48.2. Continuing TECHMAP pass.
Using template $paramod$lut\WIDTH=32'00000000000000000000000000000001\LUT=2'01 for cells of type $lut.
Using template $paramod$43779580bfffd5d5a9f321249a174febf1dac288$lut for cells of type $lut.
Using template $paramod$f45429e380905f064bb0bad3a8bdb941708e63a7$lut for cells of type $lut.
Using template $paramod$lut\WIDTH=32'00000000000000000000000000000010\LUT=4'1001 for cells of type $lut.
Using template $paramod$fedcddf7a4357754b8c2c1b3c873f3560b924a39$lut for cells of type $lut.
Using template $paramod$2d07c1a6c53c7b878509360922c4fa5ebedc3011$lut for cells of type $lut.
Using template $paramod$8b09f347504cfc0d3d65fbb4601497936543b1b3$lut for cells of type $lut.
Using template $paramod$251994398653c4cf8de320f1e306e535d5d2d624$lut for cells of type $lut.
Using template $paramod$f44e1eab45e047e709d5dfed32527eb1f7745488$lut for cells of type $lut.
Using template $paramod$525425bfbe66d72ee88210d059d9a74f55ab8de8$lut for cells of type $lut.
Using template $paramod$b79aa1e0df6929743cff9f2e5d75875a1fb9a4e1$lut for cells of type $lut.
Using template $paramod$lut\WIDTH=32'00000000000000000000000000000011\LUT=8'11001010 for cells of type $lut.
Using template $paramod$02ce196aab75ced28cf9de5b370b2c327500b461$lut for cells of type $lut.
Using template $paramod$lut\WIDTH=32'00000000000000000000000000000011\LUT=8'00001101 for cells of type $lut.
Using template $paramod$lut\WIDTH=32'00000000000000000000000000000010\LUT=4'1000 for cells of type $lut.
Using template $paramod$7bb6a37e65823eeb4b38c370fec30ab082759a14$lut for cells of type $lut.
Using template $paramod$658b9ed803f0d3d335616d3858b53e0a2522f1e8$lut for cells of type $lut.
Using template $paramod$lut\WIDTH=32'00000000000000000000000000000011\LUT=8'00000001 for cells of type $lut.
Using template $paramod$lut\WIDTH=32'00000000000000000000000000000011\LUT=8'10000000 for cells of type $lut.
Using template $paramod$571404c0889eaf57f492cb5e37f8acb5df5852f9$lut for cells of type $lut.
Using template $paramod$lut\WIDTH=32'00000000000000000000000000000011\LUT=8'01110000 for cells of type $lut.
Using template $paramod$e5759512db67494ff77fbdfc66dff4006376568f$lut for cells of type $lut.
Using template $paramod$e9c77024ca501b890c641f9c0b10e27242db8730$lut for cells of type $lut.
Using template $paramod$6d6beead1425af15cf78b27fd9b11b41b5d4bce8$lut for cells of type $lut.
Using template $paramod$56d36648044d0bf0f892c2050a60c21ad090a3b1$lut for cells of type $lut.
Using template $paramod$lut\WIDTH=32'00000000000000000000000000000011\LUT=8'01011100 for cells of type $lut.
Using template $paramod$lut\WIDTH=32'00000000000000000000000000000011\LUT=8'01001111 for cells of type $lut.
Using template $paramod$a4df2b5be2b644499880e088a11556935f22b401$lut for cells of type $lut.
Using template $paramod$68ddec0fa51e887f01749f7dbab50dc0a13f0f42$lut for cells of type $lut.
Using template $paramod$c1a19a87ccbbb03d43a72335db63f692ddf82cc1$lut for cells of type $lut.
Using template $paramod$lut\WIDTH=32'00000000000000000000000000000011\LUT=8'10101100 for cells of type $lut.
Using template $paramod$4e115fda7df2e35206b57277c1e9b791162b6f83$lut for cells of type $lut.
Using template $paramod$eb453e5c4284f97a8ffea70cb552841f9d2d6223$lut for cells of type $lut.
Using template $paramod$eba7de026ff587370e320127e266317dae097a89$lut for cells of type $lut.
Using template $paramod$lut\WIDTH=32'00000000000000000000000000000011\LUT=8'10110100 for cells of type $lut.
Using template $paramod$b4f15f202f50520dbc381cd0880ac94f830f05a8$lut for cells of type $lut.
Using template $paramod$c24ed72ebb67e9ead6029e42e909ef7fc0abbb11$lut for cells of type $lut.
Using template $paramod$e49f6e3576ef1a6d2f58c54414dbb786af8cc869$lut for cells of type $lut.
Using template $paramod$83a094b6fe9fb738dfff353a8cb39fb4b34c4f40$lut for cells of type $lut.
Using template $paramod$lut\WIDTH=32'00000000000000000000000000000011\LUT=8'11000101 for cells of type $lut.
Using template $paramod$acf24144bd04b2510ba144e14b69922c6aff2b7e$lut for cells of type $lut.
Using template $paramod$be8282095362741f5a910d91024b3d35dc5717ac$lut for cells of type $lut.
Using template $paramod$9bdc414229f06e785dc8fd97a243faa9336e164a$lut for cells of type $lut.
Using template $paramod$lut\WIDTH=32'00000000000000000000000000000010\LUT=4'0001 for cells of type $lut.
Using template $paramod$055cca5c33be7071ea2c95c54d4ca51aff6c6dd5$lut for cells of type $lut.
Using template $paramod$09194da5f2c8e08bed8f609fd0e254d8629b24b3$lut for cells of type $lut.
Using template $paramod$lut\WIDTH=32'00000000000000000000000000000010\LUT=4'0100 for cells of type $lut.
Using template $paramod$8e224a63a74b6daf8fc2e441cb0688a65e7a4073$lut for cells of type $lut.
Using template $paramod$1f1c2285d3199e0f5231afa4adf5ed82133f9995$lut for cells of type $lut.
Using template $paramod$1bf62ab10e48d71d6497bccacf5c70420c470fe9$lut for cells of type $lut.
Using template $paramod$lut\WIDTH=32'00000000000000000000000000000011\LUT=8'00010000 for cells of type $lut.
Using template $paramod$2630a772ee6bcf3f5f3480dd4fea36f7132e1a15$lut for cells of type $lut.
Using template $paramod$bf0916c6d7935eef0257c8c924841f67bcefce14$lut for cells of type $lut.
Using template $paramod$ee19d45db61acb4c70d938b97483a4ed4b792645$lut for cells of type $lut.
Using template $paramod$4b2297966ddb718657b80566604f97685ffc0120$lut for cells of type $lut.
Using template $paramod$6b0849254d6c87461fb93e37cc18f089f61eb912$lut for cells of type $lut.
Using template $paramod$82b4a585d1edcb5c6e755dc9bd3392228a1c1304$lut for cells of type $lut.
Using template $paramod$3a1aa4045d6b59cbde5239f56ad51a4cc15a6b2b$lut for cells of type $lut.
No more expansions possible.
<suppressed ~2366 debug messages>

6.49. Executing OPT_LUT_INS pass (discard unused LUT inputs).
Optimizing LUTs in top_zkf_div_w8_m36_base.
Optimizing LUTs in $paramod$d482ec995452f6edef73ceacb71c30dc3df86b83\zkf_div.
  Optimizing lut $abc$35333$auto$blifparse.cc:557:parse_blif$35344.genblk1.genblk1.genblk1.genblk1.genblk1.genblk1.genblk1.lut2 (4 -> 3)
  Optimizing lut $abc$35333$auto$blifparse.cc:557:parse_blif$35344.genblk1.genblk1.genblk1.genblk1.genblk1.genblk1.genblk1.lut3 (4 -> 3)
  Optimizing lut $abc$35333$auto$blifparse.cc:557:parse_blif$35344.genblk1.genblk1.genblk1.genblk1.genblk1.genblk1.genblk1.lut4 (4 -> 3)
  Optimizing lut $abc$35333$auto$blifparse.cc:557:parse_blif$35344.genblk1.genblk1.genblk1.genblk1.genblk1.genblk1.genblk1.lut5 (4 -> 2)
  Optimizing lut $abc$35333$auto$blifparse.cc:557:parse_blif$35344.genblk1.genblk1.genblk1.genblk1.genblk1.genblk1.genblk1.lut7 (4 -> 3)
  Optimizing lut $abc$35333$auto$blifparse.cc:557:parse_blif$35356.genblk1.genblk1.genblk1.genblk1.genblk1.genblk1.lut2 (4 -> 0)
  Optimizing lut $abc$35333$auto$blifparse.cc:557:parse_blif$35356.genblk1.genblk1.genblk1.genblk1.genblk1.genblk1.lut3 (4 -> 0)
  Optimizing lut $abc$35333$auto$blifparse.cc:557:parse_blif$35357.genblk1.genblk1.genblk1.genblk1.genblk1.genblk1.genblk1.lut1 (4 -> 0)
  Optimizing lut $abc$35333$auto$blifparse.cc:557:parse_blif$35357.genblk1.genblk1.genblk1.genblk1.genblk1.genblk1.genblk1.lut2 (4 -> 0)
  Optimizing lut $abc$35333$auto$blifparse.cc:557:parse_blif$35357.genblk1.genblk1.genblk1.genblk1.genblk1.genblk1.genblk1.lut3 (4 -> 0)
  Optimizing lut $abc$35333$auto$blifparse.cc:557:parse_blif$35357.genblk1.genblk1.genblk1.genblk1.genblk1.genblk1.genblk1.lut4 (4 -> 0)
  Optimizing lut $abc$35333$auto$blifparse.cc:557:parse_blif$35357.genblk1.genblk1.genblk1.genblk1.genblk1.genblk1.genblk1.lut5 (4 -> 0)
  Optimizing lut $abc$35333$auto$blifparse.cc:557:parse_blif$35357.genblk1.genblk1.genblk1.genblk1.genblk1.genblk1.genblk1.lut6 (4 -> 0)
  Optimizing lut $abc$35333$auto$blifparse.cc:557:parse_blif$35357.genblk1.genblk1.genblk1.genblk1.genblk1.genblk1.genblk1.lut7 (4 -> 0)
  Optimizing lut $abc$35333$auto$blifparse.cc:557:parse_blif$35364.genblk1.genblk1.genblk1.genblk1.genblk1.genblk1.genblk1.lut2 (4 -> 0)
  Optimizing lut $abc$35333$auto$blifparse.cc:557:parse_blif$35364.genblk1.genblk1.genblk1.genblk1.genblk1.genblk1.genblk1.lut3 (4 -> 0)
  Optimizing lut $abc$35333$auto$blifparse.cc:557:parse_blif$35364.genblk1.genblk1.genblk1.genblk1.genblk1.genblk1.genblk1.lut4 (4 -> 3)
  Optimizing lut $abc$35333$auto$blifparse.cc:557:parse_blif$35364.genblk1.genblk1.genblk1.genblk1.genblk1.genblk1.genblk1.lut5 (4 -> 3)
  Optimizing lut $abc$35333$auto$blifparse.cc:557:parse_blif$35364.genblk1.genblk1.genblk1.genblk1.genblk1.genblk1.genblk1.lut6 (4 -> 3)
  Optimizing lut $abc$35333$auto$blifparse.cc:557:parse_blif$35386.genblk1.genblk1.genblk1.genblk1.genblk1.genblk1.lut2 (4 -> 0)
  Optimizing lut $abc$35333$auto$blifparse.cc:557:parse_blif$35396.genblk1.genblk1.genblk1.genblk1.genblk1.lut1 (4 -> 3)
  Optimizing lut $abc$35333$auto$blifparse.cc:557:parse_blif$35660.genblk1.genblk1.genblk1.genblk1.genblk1.lut1 (4 -> 3)
  Optimizing lut $abc$35333$auto$blifparse.cc:557:parse_blif$36218.genblk1.genblk1.genblk1.genblk1.genblk1.lut1 (4 -> 3)
  Optimizing lut $abc$35333$auto$blifparse.cc:557:parse_blif$36363.genblk1.genblk1.genblk1.genblk1.genblk1.lut1 (4 -> 3)
  Optimizing lut $abc$35333$auto$blifparse.cc:557:parse_blif$36565.genblk1.genblk1.genblk1.genblk1.genblk1.lut1 (4 -> 3)
  Optimizing lut $abc$35333$auto$blifparse.cc:557:parse_blif$36820.genblk1.genblk1.genblk1.genblk1.genblk1.genblk1.genblk1.lut2 (4 -> 0)
  Optimizing lut $abc$35333$auto$blifparse.cc:557:parse_blif$36820.genblk1.genblk1.genblk1.genblk1.genblk1.genblk1.genblk1.lut4 (4 -> 0)
  Optimizing lut $abc$35333$auto$blifparse.cc:557:parse_blif$36820.genblk1.genblk1.genblk1.genblk1.genblk1.genblk1.genblk1.lut5 (4 -> 0)
  Optimizing lut $abc$35333$auto$blifparse.cc:557:parse_blif$36820.genblk1.genblk1.genblk1.genblk1.genblk1.genblk1.genblk1.lut6 (4 -> 0)
  Optimizing lut $abc$35333$auto$blifparse.cc:557:parse_blif$36820.genblk1.genblk1.genblk1.genblk1.genblk1.genblk1.genblk1.lut7 (4 -> 0)
  Optimizing lut $abc$35333$auto$blifparse.cc:557:parse_blif$36850.genblk1.genblk1.genblk1.genblk1.genblk1.genblk1.genblk1.lut2 (4 -> 0)
  Optimizing lut $abc$35333$auto$blifparse.cc:557:parse_blif$36850.genblk1.genblk1.genblk1.genblk1.genblk1.genblk1.genblk1.lut4 (4 -> 0)
  Optimizing lut $abc$35333$auto$blifparse.cc:557:parse_blif$36850.genblk1.genblk1.genblk1.genblk1.genblk1.genblk1.genblk1.lut5 (4 -> 0)
  Optimizing lut $abc$35333$auto$blifparse.cc:557:parse_blif$36850.genblk1.genblk1.genblk1.genblk1.genblk1.genblk1.genblk1.lut6 (4 -> 0)
  Optimizing lut $abc$35333$auto$blifparse.cc:557:parse_blif$36850.genblk1.genblk1.genblk1.genblk1.genblk1.genblk1.genblk1.lut7 (4 -> 0)
  Optimizing lut $abc$35333$auto$blifparse.cc:557:parse_blif$36821.genblk1.genblk1.genblk1.genblk1.genblk1.genblk1.genblk1.lut1 (4 -> 0)
  Optimizing lut $abc$35333$auto$blifparse.cc:557:parse_blif$36821.genblk1.genblk1.genblk1.genblk1.genblk1.genblk1.genblk1.lut2 (4 -> 0)
  Optimizing lut $abc$35333$auto$blifparse.cc:557:parse_blif$36821.genblk1.genblk1.genblk1.genblk1.genblk1.genblk1.genblk1.lut3 (4 -> 0)
  Optimizing lut $abc$35333$auto$blifparse.cc:557:parse_blif$36821.genblk1.genblk1.genblk1.genblk1.genblk1.genblk1.genblk1.lut4 (4 -> 0)
  Optimizing lut $abc$35333$auto$blifparse.cc:557:parse_blif$36821.genblk1.genblk1.genblk1.genblk1.genblk1.genblk1.genblk1.lut5 (4 -> 0)
  Optimizing lut $abc$35333$auto$blifparse.cc:557:parse_blif$36821.genblk1.genblk1.genblk1.genblk1.genblk1.genblk1.genblk1.lut6 (4 -> 0)
  Optimizing lut $abc$35333$auto$blifparse.cc:557:parse_blif$36825.genblk1.genblk1.genblk1.genblk1.genblk1.genblk1.lut2 (4 -> 0)
  Optimizing lut $abc$35333$auto$blifparse.cc:557:parse_blif$36826.genblk1.genblk1.genblk1.genblk1.genblk1.genblk1.lut1 (4 -> 0)
  Optimizing lut $abc$35333$auto$blifparse.cc:557:parse_blif$36826.genblk1.genblk1.genblk1.genblk1.genblk1.genblk1.lut2 (4 -> 0)
  Optimizing lut $abc$35333$auto$blifparse.cc:557:parse_blif$36827.genblk1.genblk1.genblk1.genblk1.genblk1.genblk1.lut1 (4 -> 0)
  Optimizing lut $abc$35333$auto$blifparse.cc:557:parse_blif$36827.genblk1.genblk1.genblk1.genblk1.genblk1.genblk1.lut2 (4 -> 0)
  Optimizing lut $abc$35333$auto$blifparse.cc:557:parse_blif$36832.genblk1.genblk1.genblk1.genblk1.genblk1.genblk1.lut2 (4 -> 0)
  Optimizing lut $abc$35333$auto$blifparse.cc:557:parse_blif$35341.genblk1.genblk1.genblk1.genblk1.genblk1.lut1 (4 -> 0)
  Optimizing lut $abc$35333$auto$blifparse.cc:557:parse_blif$36820.genblk1.genblk1.genblk1.genblk1.genblk1.genblk1.genblk1.lut1 (4 -> 0)
  Optimizing lut $abc$35333$auto$blifparse.cc:557:parse_blif$35344.genblk1.genblk1.genblk1.genblk1.genblk1.genblk1.genblk1.lut1 (4 -> 2)
  Optimizing lut $abc$35333$auto$blifparse.cc:557:parse_blif$35344.genblk1.genblk1.genblk1.genblk1.genblk1.genblk1.genblk1.lut0 (4 -> 2)
  Optimizing lut $abc$35333$auto$blifparse.cc:557:parse_blif$35356.genblk1.genblk1.genblk1.genblk1.genblk1.genblk1.lut1 (4 -> 0)
  Optimizing lut $abc$35333$auto$blifparse.cc:557:parse_blif$35358.genblk1.genblk1.genblk1.genblk1.genblk1.lut0 (4 -> 0)
  Optimizing lut $abc$35333$auto$blifparse.cc:557:parse_blif$35364.genblk1.genblk1.genblk1.genblk1.genblk1.genblk1.genblk1.lut1 (4 -> 0)
  Optimizing lut $abc$35333$auto$blifparse.cc:557:parse_blif$35364.genblk1.genblk1.genblk1.genblk1.genblk1.genblk1.genblk1.lut0 (4 -> 0)
  Optimizing lut $abc$35333$auto$blifparse.cc:557:parse_blif$35375.genblk1.genblk1.genblk1.genblk1.genblk1.lut0 (4 -> 0)
  Optimizing lut $abc$35333$auto$blifparse.cc:557:parse_blif$35376.genblk1.genblk1.genblk1.genblk1.genblk1.lut0 (4 -> 0)
  Optimizing lut $abc$35333$auto$blifparse.cc:557:parse_blif$35381.genblk1.genblk1.genblk1.genblk1.genblk1.lut1 (4 -> 0)
  Optimizing lut $abc$35333$auto$blifparse.cc:557:parse_blif$35386.genblk1.genblk1.genblk1.genblk1.genblk1.genblk1.lut1 (4 -> 0)
  Optimizing lut $abc$35333$auto$blifparse.cc:557:parse_blif$35386.genblk1.genblk1.genblk1.genblk1.genblk1.genblk1.lut0 (4 -> 0)
  Optimizing lut $abc$35333$auto$blifparse.cc:557:parse_blif$35391.genblk1.genblk1.genblk1.genblk1.genblk1.lut0 (4 -> 0)
  Optimizing lut $abc$35333$auto$blifparse.cc:557:parse_blif$35395.genblk1.genblk1.genblk1.genblk1.genblk1.lut1 (4 -> 1)
  Optimizing lut $abc$35333$auto$blifparse.cc:557:parse_blif$35395.genblk1.genblk1.genblk1.genblk1.genblk1.lut0 (4 -> 3)
  Optimizing lut $abc$35333$auto$blifparse.cc:557:parse_blif$35396.genblk1.genblk1.genblk1.genblk1.genblk1.lut0 (4 -> 1)
  Optimizing lut $abc$35333$auto$blifparse.cc:557:parse_blif$35400.genblk1.genblk1.genblk1.genblk1.genblk1.lut0 (4 -> 0)
  Optimizing lut $abc$35333$auto$blifparse.cc:557:parse_blif$35402.genblk1.genblk1.genblk1.genblk1.genblk1.lut1 (4 -> 3)
  Optimizing lut $abc$35333$auto$blifparse.cc:557:parse_blif$35402.genblk1.genblk1.genblk1.genblk1.genblk1.lut0 (4 -> 1)
  Optimizing lut $abc$35333$auto$blifparse.cc:557:parse_blif$35407.genblk1.genblk1.genblk1.genblk1.genblk1.lut1 (4 -> 3)
  Optimizing lut $abc$35333$auto$blifparse.cc:557:parse_blif$35407.genblk1.genblk1.genblk1.genblk1.genblk1.lut0 (4 -> 1)
  Optimizing lut $abc$35333$auto$blifparse.cc:557:parse_blif$35417.genblk1.genblk1.genblk1.genblk1.genblk1.lut0 (4 -> 0)
  Optimizing lut $abc$35333$auto$blifparse.cc:557:parse_blif$35423.genblk1.genblk1.genblk1.genblk1.genblk1.lut1 (4 -> 3)
  Optimizing lut $abc$35333$auto$blifparse.cc:557:parse_blif$35423.genblk1.genblk1.genblk1.genblk1.genblk1.lut0 (4 -> 1)
  Optimizing lut $abc$35333$auto$blifparse.cc:557:parse_blif$35425.genblk1.genblk1.genblk1.genblk1.genblk1.lut1 (4 -> 3)
  Optimizing lut $abc$35333$auto$blifparse.cc:557:parse_blif$35425.genblk1.genblk1.genblk1.genblk1.genblk1.lut0 (4 -> 1)
  Optimizing lut $abc$35333$auto$blifparse.cc:557:parse_blif$35427.genblk1.genblk1.genblk1.genblk1.genblk1.lut1 (4 -> 3)
  Optimizing lut $abc$35333$auto$blifparse.cc:557:parse_blif$35427.genblk1.genblk1.genblk1.genblk1.genblk1.lut0 (4 -> 1)
  Optimizing lut $abc$35333$auto$blifparse.cc:557:parse_blif$35429.genblk1.genblk1.genblk1.genblk1.genblk1.lut1 (4 -> 3)
  Optimizing lut $abc$35333$auto$blifparse.cc:557:parse_blif$35429.genblk1.genblk1.genblk1.genblk1.genblk1.lut0 (4 -> 1)
  Optimizing lut $abc$35333$auto$blifparse.cc:557:parse_blif$35431.genblk1.genblk1.genblk1.genblk1.genblk1.lut1 (4 -> 3)
  Optimizing lut $abc$35333$auto$blifparse.cc:557:parse_blif$35431.genblk1.genblk1.genblk1.genblk1.genblk1.lut0 (4 -> 1)
  Optimizing lut $abc$35333$auto$blifparse.cc:557:parse_blif$35433.genblk1.genblk1.genblk1.genblk1.genblk1.lut1 (4 -> 3)
  Optimizing lut $abc$35333$auto$blifparse.cc:557:parse_blif$35433.genblk1.genblk1.genblk1.genblk1.genblk1.lut0 (4 -> 1)
  Optimizing lut $abc$35333$auto$blifparse.cc:557:parse_blif$35435.genblk1.genblk1.genblk1.genblk1.genblk1.lut1 (4 -> 3)
  Optimizing lut $abc$35333$auto$blifparse.cc:557:parse_blif$35435.genblk1.genblk1.genblk1.genblk1.genblk1.lut0 (4 -> 1)
  Optimizing lut $abc$35333$auto$blifparse.cc:557:parse_blif$35437.genblk1.genblk1.genblk1.genblk1.genblk1.lut1 (4 -> 3)
  Optimizing lut $abc$35333$auto$blifparse.cc:557:parse_blif$35437.genblk1.genblk1.genblk1.genblk1.genblk1.lut0 (4 -> 1)
  Optimizing lut $abc$35333$auto$blifparse.cc:557:parse_blif$35439.genblk1.genblk1.genblk1.genblk1.genblk1.lut1 (4 -> 3)
  Optimizing lut $abc$35333$auto$blifparse.cc:557:parse_blif$35439.genblk1.genblk1.genblk1.genblk1.genblk1.lut0 (4 -> 1)
  Optimizing lut $abc$35333$auto$blifparse.cc:557:parse_blif$35441.genblk1.genblk1.genblk1.genblk1.genblk1.lut1 (4 -> 3)
  Optimizing lut $abc$35333$auto$blifparse.cc:557:parse_blif$35441.genblk1.genblk1.genblk1.genblk1.genblk1.lut0 (4 -> 1)
  Optimizing lut $abc$35333$auto$blifparse.cc:557:parse_blif$35443.genblk1.genblk1.genblk1.genblk1.genblk1.lut1 (4 -> 3)
  Optimizing lut $abc$35333$auto$blifparse.cc:557:parse_blif$35443.genblk1.genblk1.genblk1.genblk1.genblk1.lut0 (4 -> 1)
  Optimizing lut $abc$35333$auto$blifparse.cc:557:parse_blif$35445.genblk1.genblk1.genblk1.genblk1.genblk1.lut1 (4 -> 3)
  Optimizing lut $abc$35333$auto$blifparse.cc:557:parse_blif$35445.genblk1.genblk1.genblk1.genblk1.genblk1.lut0 (4 -> 1)
  Optimizing lut $abc$35333$auto$blifparse.cc:557:parse_blif$35447.genblk1.genblk1.genblk1.genblk1.genblk1.lut1 (4 -> 3)
  Optimizing lut $abc$35333$auto$blifparse.cc:557:parse_blif$35447.genblk1.genblk1.genblk1.genblk1.genblk1.lut0 (4 -> 1)
  Optimizing lut $abc$35333$auto$blifparse.cc:557:parse_blif$35449.genblk1.genblk1.genblk1.genblk1.genblk1.lut1 (4 -> 3)
  Optimizing lut $abc$35333$auto$blifparse.cc:557:parse_blif$35449.genblk1.genblk1.genblk1.genblk1.genblk1.lut0 (4 -> 1)
  Optimizing lut $abc$35333$auto$blifparse.cc:557:parse_blif$35451.genblk1.genblk1.genblk1.genblk1.genblk1.lut1 (4 -> 3)
  Optimizing lut $abc$35333$auto$blifparse.cc:557:parse_blif$35451.genblk1.genblk1.genblk1.genblk1.genblk1.lut0 (4 -> 1)
  Optimizing lut $abc$35333$auto$blifparse.cc:557:parse_blif$35453.genblk1.genblk1.genblk1.genblk1.genblk1.lut1 (4 -> 3)
  Optimizing lut $abc$35333$auto$blifparse.cc:557:parse_blif$35453.genblk1.genblk1.genblk1.genblk1.genblk1.lut0 (4 -> 1)
  Optimizing lut $abc$35333$auto$blifparse.cc:557:parse_blif$35455.genblk1.genblk1.genblk1.genblk1.genblk1.lut1 (4 -> 3)
  Optimizing lut $abc$35333$auto$blifparse.cc:557:parse_blif$35455.genblk1.genblk1.genblk1.genblk1.genblk1.lut0 (4 -> 1)
  Optimizing lut $abc$35333$auto$blifparse.cc:557:parse_blif$35457.genblk1.genblk1.genblk1.genblk1.genblk1.lut1 (4 -> 3)
  Optimizing lut $abc$35333$auto$blifparse.cc:557:parse_blif$35457.genblk1.genblk1.genblk1.genblk1.genblk1.lut0 (4 -> 1)
  Optimizing lut $abc$35333$auto$blifparse.cc:557:parse_blif$35459.genblk1.genblk1.genblk1.genblk1.genblk1.lut1 (4 -> 3)
  Optimizing lut $abc$35333$auto$blifparse.cc:557:parse_blif$35459.genblk1.genblk1.genblk1.genblk1.genblk1.lut0 (4 -> 1)
  Optimizing lut $abc$35333$auto$blifparse.cc:557:parse_blif$35461.genblk1.genblk1.genblk1.genblk1.genblk1.lut1 (4 -> 3)
  Optimizing lut $abc$35333$auto$blifparse.cc:557:parse_blif$35461.genblk1.genblk1.genblk1.genblk1.genblk1.lut0 (4 -> 1)
  Optimizing lut $abc$35333$auto$blifparse.cc:557:parse_blif$35465.genblk1.genblk1.genblk1.genblk1.genblk1.lut1 (4 -> 3)
  Optimizing lut $abc$35333$auto$blifparse.cc:557:parse_blif$35465.genblk1.genblk1.genblk1.genblk1.genblk1.lut0 (4 -> 1)
  Optimizing lut $abc$35333$auto$blifparse.cc:557:parse_blif$35467.genblk1.genblk1.genblk1.genblk1.genblk1.lut1 (4 -> 3)
  Optimizing lut $abc$35333$auto$blifparse.cc:557:parse_blif$35467.genblk1.genblk1.genblk1.genblk1.genblk1.lut0 (4 -> 1)
  Optimizing lut $abc$35333$auto$blifparse.cc:557:parse_blif$35469.genblk1.genblk1.genblk1.genblk1.genblk1.lut1 (4 -> 3)
  Optimizing lut $abc$35333$auto$blifparse.cc:557:parse_blif$35469.genblk1.genblk1.genblk1.genblk1.genblk1.lut0 (4 -> 1)
  Optimizing lut $abc$35333$auto$blifparse.cc:557:parse_blif$35473.genblk1.genblk1.genblk1.genblk1.genblk1.lut1 (4 -> 3)
  Optimizing lut $abc$35333$auto$blifparse.cc:557:parse_blif$35473.genblk1.genblk1.genblk1.genblk1.genblk1.lut0 (4 -> 1)
  Optimizing lut $abc$35333$auto$blifparse.cc:557:parse_blif$35475.genblk1.genblk1.genblk1.genblk1.genblk1.lut1 (4 -> 3)
  Optimizing lut $abc$35333$auto$blifparse.cc:557:parse_blif$35475.genblk1.genblk1.genblk1.genblk1.genblk1.lut0 (4 -> 1)
  Optimizing lut $abc$35333$auto$blifparse.cc:557:parse_blif$35477.genblk1.genblk1.genblk1.genblk1.genblk1.lut1 (4 -> 3)
  Optimizing lut $abc$35333$auto$blifparse.cc:557:parse_blif$35477.genblk1.genblk1.genblk1.genblk1.genblk1.lut0 (4 -> 1)
  Optimizing lut $abc$35333$auto$blifparse.cc:557:parse_blif$35479.genblk1.genblk1.genblk1.genblk1.genblk1.lut1 (4 -> 3)
  Optimizing lut $abc$35333$auto$blifparse.cc:557:parse_blif$35479.genblk1.genblk1.genblk1.genblk1.genblk1.lut0 (4 -> 1)
  Optimizing lut $abc$35333$auto$blifparse.cc:557:parse_blif$35481.genblk1.genblk1.genblk1.genblk1.genblk1.lut1 (4 -> 3)
  Optimizing lut $abc$35333$auto$blifparse.cc:557:parse_blif$35481.genblk1.genblk1.genblk1.genblk1.genblk1.lut0 (4 -> 1)
  Optimizing lut $abc$35333$auto$blifparse.cc:557:parse_blif$35483.genblk1.genblk1.genblk1.genblk1.genblk1.lut1 (4 -> 3)
  Optimizing lut $abc$35333$auto$blifparse.cc:557:parse_blif$35483.genblk1.genblk1.genblk1.genblk1.genblk1.lut0 (4 -> 1)
  Optimizing lut $abc$35333$auto$blifparse.cc:557:parse_blif$35485.genblk1.genblk1.genblk1.genblk1.genblk1.lut1 (4 -> 3)
  Optimizing lut $abc$35333$auto$blifparse.cc:557:parse_blif$35485.genblk1.genblk1.genblk1.genblk1.genblk1.lut0 (4 -> 1)
  Optimizing lut $abc$35333$auto$blifparse.cc:557:parse_blif$35487.genblk1.genblk1.genblk1.genblk1.genblk1.lut1 (4 -> 3)
  Optimizing lut $abc$35333$auto$blifparse.cc:557:parse_blif$35487.genblk1.genblk1.genblk1.genblk1.genblk1.lut0 (4 -> 1)
  Optimizing lut $abc$35333$auto$blifparse.cc:557:parse_blif$35489.genblk1.genblk1.genblk1.genblk1.genblk1.lut1 (4 -> 3)
  Optimizing lut $abc$35333$auto$blifparse.cc:557:parse_blif$35489.genblk1.genblk1.genblk1.genblk1.genblk1.lut0 (4 -> 1)
  Optimizing lut $abc$35333$auto$blifparse.cc:557:parse_blif$35491.genblk1.genblk1.genblk1.genblk1.genblk1.lut1 (4 -> 3)
  Optimizing lut $abc$35333$auto$blifparse.cc:557:parse_blif$35491.genblk1.genblk1.genblk1.genblk1.genblk1.lut0 (4 -> 1)
  Optimizing lut $abc$35333$auto$blifparse.cc:557:parse_blif$35493.genblk1.genblk1.genblk1.genblk1.genblk1.lut1 (4 -> 3)
  Optimizing lut $abc$35333$auto$blifparse.cc:557:parse_blif$35493.genblk1.genblk1.genblk1.genblk1.genblk1.lut0 (4 -> 1)
  Optimizing lut $abc$35333$auto$blifparse.cc:557:parse_blif$35495.genblk1.genblk1.genblk1.genblk1.genblk1.lut1 (4 -> 3)
  Optimizing lut $abc$35333$auto$blifparse.cc:557:parse_blif$35495.genblk1.genblk1.genblk1.genblk1.genblk1.lut0 (4 -> 1)
  Optimizing lut $abc$35333$auto$blifparse.cc:557:parse_blif$35497.genblk1.genblk1.genblk1.genblk1.genblk1.lut1 (4 -> 3)
  Optimizing lut $abc$35333$auto$blifparse.cc:557:parse_blif$35497.genblk1.genblk1.genblk1.genblk1.genblk1.lut0 (4 -> 1)
  Optimizing lut $abc$35333$auto$blifparse.cc:557:parse_blif$35499.genblk1.genblk1.genblk1.genblk1.genblk1.lut1 (4 -> 3)
  Optimizing lut $abc$35333$auto$blifparse.cc:557:parse_blif$35499.genblk1.genblk1.genblk1.genblk1.genblk1.lut0 (4 -> 1)
  Optimizing lut $abc$35333$auto$blifparse.cc:557:parse_blif$35501.genblk1.genblk1.genblk1.genblk1.genblk1.lut1 (4 -> 3)
  Optimizing lut $abc$35333$auto$blifparse.cc:557:parse_blif$35501.genblk1.genblk1.genblk1.genblk1.genblk1.lut0 (4 -> 1)
  Optimizing lut $abc$35333$auto$blifparse.cc:557:parse_blif$35503.genblk1.genblk1.genblk1.genblk1.genblk1.lut1 (4 -> 3)
  Optimizing lut $abc$35333$auto$blifparse.cc:557:parse_blif$35503.genblk1.genblk1.genblk1.genblk1.genblk1.lut0 (4 -> 1)
  Optimizing lut $abc$35333$auto$blifparse.cc:557:parse_blif$35505.genblk1.genblk1.genblk1.genblk1.genblk1.lut1 (4 -> 3)
  Optimizing lut $abc$35333$auto$blifparse.cc:557:parse_blif$35505.genblk1.genblk1.genblk1.genblk1.genblk1.lut0 (4 -> 1)
  Optimizing lut $abc$35333$auto$blifparse.cc:557:parse_blif$35507.genblk1.genblk1.genblk1.genblk1.genblk1.lut1 (4 -> 3)
  Optimizing lut $abc$35333$auto$blifparse.cc:557:parse_blif$35507.genblk1.genblk1.genblk1.genblk1.genblk1.lut0 (4 -> 1)
  Optimizing lut $abc$35333$auto$blifparse.cc:557:parse_blif$35509.genblk1.genblk1.genblk1.genblk1.genblk1.lut1 (4 -> 3)
  Optimizing lut $abc$35333$auto$blifparse.cc:557:parse_blif$35509.genblk1.genblk1.genblk1.genblk1.genblk1.lut0 (4 -> 1)
  Optimizing lut $abc$35333$auto$blifparse.cc:557:parse_blif$35511.genblk1.genblk1.genblk1.genblk1.genblk1.lut1 (4 -> 3)
  Optimizing lut $abc$35333$auto$blifparse.cc:557:parse_blif$35511.genblk1.genblk1.genblk1.genblk1.genblk1.lut0 (4 -> 1)
  Optimizing lut $abc$35333$auto$blifparse.cc:557:parse_blif$35513.genblk1.genblk1.genblk1.genblk1.genblk1.lut1 (4 -> 3)
  Optimizing lut $abc$35333$auto$blifparse.cc:557:parse_blif$35513.genblk1.genblk1.genblk1.genblk1.genblk1.lut0 (4 -> 1)
  Optimizing lut $abc$35333$auto$blifparse.cc:557:parse_blif$35515.genblk1.genblk1.genblk1.genblk1.genblk1.lut1 (4 -> 3)
  Optimizing lut $abc$35333$auto$blifparse.cc:557:parse_blif$35515.genblk1.genblk1.genblk1.genblk1.genblk1.lut0 (4 -> 1)
  Optimizing lut $abc$35333$auto$blifparse.cc:557:parse_blif$35517.genblk1.genblk1.genblk1.genblk1.genblk1.lut1 (4 -> 3)
  Optimizing lut $abc$35333$auto$blifparse.cc:557:parse_blif$35517.genblk1.genblk1.genblk1.genblk1.genblk1.lut0 (4 -> 1)
  Optimizing lut $abc$35333$auto$blifparse.cc:557:parse_blif$35519.genblk1.genblk1.genblk1.genblk1.genblk1.lut1 (4 -> 3)
  Optimizing lut $abc$35333$auto$blifparse.cc:557:parse_blif$35519.genblk1.genblk1.genblk1.genblk1.genblk1.lut0 (4 -> 1)
  Optimizing lut $abc$35333$auto$blifparse.cc:557:parse_blif$35521.genblk1.genblk1.genblk1.genblk1.genblk1.lut1 (4 -> 3)
  Optimizing lut $abc$35333$auto$blifparse.cc:557:parse_blif$35521.genblk1.genblk1.genblk1.genblk1.genblk1.lut0 (4 -> 1)
  Optimizing lut $abc$35333$auto$blifparse.cc:557:parse_blif$35523.genblk1.genblk1.genblk1.genblk1.genblk1.lut1 (4 -> 3)
  Optimizing lut $abc$35333$auto$blifparse.cc:557:parse_blif$35523.genblk1.genblk1.genblk1.genblk1.genblk1.lut0 (4 -> 1)
  Optimizing lut $abc$35333$auto$blifparse.cc:557:parse_blif$35525.genblk1.genblk1.genblk1.genblk1.genblk1.lut1 (4 -> 3)
  Optimizing lut $abc$35333$auto$blifparse.cc:557:parse_blif$35525.genblk1.genblk1.genblk1.genblk1.genblk1.lut0 (4 -> 1)
  Optimizing lut $abc$35333$auto$blifparse.cc:557:parse_blif$35527.genblk1.genblk1.genblk1.genblk1.genblk1.lut1 (4 -> 3)
  Optimizing lut $abc$35333$auto$blifparse.cc:557:parse_blif$35527.genblk1.genblk1.genblk1.genblk1.genblk1.lut0 (4 -> 1)
  Optimizing lut $abc$35333$auto$blifparse.cc:557:parse_blif$35529.genblk1.genblk1.genblk1.genblk1.genblk1.lut1 (4 -> 3)
  Optimizing lut $abc$35333$auto$blifparse.cc:557:parse_blif$35529.genblk1.genblk1.genblk1.genblk1.genblk1.lut0 (4 -> 1)
  Optimizing lut $abc$35333$auto$blifparse.cc:557:parse_blif$35541.genblk1.genblk1.genblk1.genblk1.genblk1.lut1 (4 -> 3)
  Optimizing lut $abc$35333$auto$blifparse.cc:557:parse_blif$35541.genblk1.genblk1.genblk1.genblk1.genblk1.lut0 (4 -> 1)
  Optimizing lut $abc$35333$auto$blifparse.cc:557:parse_blif$35543.genblk1.genblk1.genblk1.genblk1.genblk1.lut1 (4 -> 3)
  Optimizing lut $abc$35333$auto$blifparse.cc:557:parse_blif$35543.genblk1.genblk1.genblk1.genblk1.genblk1.lut0 (4 -> 1)
  Optimizing lut $abc$35333$auto$blifparse.cc:557:parse_blif$35545.genblk1.genblk1.genblk1.genblk1.genblk1.lut1 (4 -> 3)
  Optimizing lut $abc$35333$auto$blifparse.cc:557:parse_blif$35545.genblk1.genblk1.genblk1.genblk1.genblk1.lut0 (4 -> 1)
  Optimizing lut $abc$35333$auto$blifparse.cc:557:parse_blif$35547.genblk1.genblk1.genblk1.genblk1.genblk1.lut1 (4 -> 3)
  Optimizing lut $abc$35333$auto$blifparse.cc:557:parse_blif$35547.genblk1.genblk1.genblk1.genblk1.genblk1.lut0 (4 -> 1)
  Optimizing lut $abc$35333$auto$blifparse.cc:557:parse_blif$35549.genblk1.genblk1.genblk1.genblk1.genblk1.lut1 (4 -> 3)
  Optimizing lut $abc$35333$auto$blifparse.cc:557:parse_blif$35549.genblk1.genblk1.genblk1.genblk1.genblk1.lut0 (4 -> 1)
  Optimizing lut $abc$35333$auto$blifparse.cc:557:parse_blif$35551.genblk1.genblk1.genblk1.genblk1.genblk1.lut1 (4 -> 3)
  Optimizing lut $abc$35333$auto$blifparse.cc:557:parse_blif$35551.genblk1.genblk1.genblk1.genblk1.genblk1.lut0 (4 -> 1)
  Optimizing lut $abc$35333$auto$blifparse.cc:557:parse_blif$35553.genblk1.genblk1.genblk1.genblk1.genblk1.lut1 (4 -> 3)
  Optimizing lut $abc$35333$auto$blifparse.cc:557:parse_blif$35553.genblk1.genblk1.genblk1.genblk1.genblk1.lut0 (4 -> 1)
  Optimizing lut $abc$35333$auto$blifparse.cc:557:parse_blif$35555.genblk1.genblk1.genblk1.genblk1.genblk1.lut1 (4 -> 3)
  Optimizing lut $abc$35333$auto$blifparse.cc:557:parse_blif$35555.genblk1.genblk1.genblk1.genblk1.genblk1.lut0 (4 -> 1)
  Optimizing lut $abc$35333$auto$blifparse.cc:557:parse_blif$35557.genblk1.genblk1.genblk1.genblk1.genblk1.lut1 (4 -> 3)
  Optimizing lut $abc$35333$auto$blifparse.cc:557:parse_blif$35557.genblk1.genblk1.genblk1.genblk1.genblk1.lut0 (4 -> 1)
  Optimizing lut $abc$35333$auto$blifparse.cc:557:parse_blif$35559.genblk1.genblk1.genblk1.genblk1.genblk1.lut1 (4 -> 3)
  Optimizing lut $abc$35333$auto$blifparse.cc:557:parse_blif$35559.genblk1.genblk1.genblk1.genblk1.genblk1.lut0 (4 -> 1)
  Optimizing lut $abc$35333$auto$blifparse.cc:557:parse_blif$35563.genblk1.genblk1.genblk1.genblk1.genblk1.lut1 (4 -> 3)
  Optimizing lut $abc$35333$auto$blifparse.cc:557:parse_blif$35563.genblk1.genblk1.genblk1.genblk1.genblk1.lut0 (4 -> 1)
  Optimizing lut $abc$35333$auto$blifparse.cc:557:parse_blif$35565.genblk1.genblk1.genblk1.genblk1.genblk1.lut1 (4 -> 3)
  Optimizing lut $abc$35333$auto$blifparse.cc:557:parse_blif$35565.genblk1.genblk1.genblk1.genblk1.genblk1.lut0 (4 -> 1)
  Optimizing lut $abc$35333$auto$blifparse.cc:557:parse_blif$35567.genblk1.genblk1.genblk1.genblk1.genblk1.lut1 (4 -> 3)
  Optimizing lut $abc$35333$auto$blifparse.cc:557:parse_blif$35567.genblk1.genblk1.genblk1.genblk1.genblk1.lut0 (4 -> 1)
  Optimizing lut $abc$35333$auto$blifparse.cc:557:parse_blif$35569.genblk1.genblk1.genblk1.genblk1.genblk1.lut1 (4 -> 3)
  Optimizing lut $abc$35333$auto$blifparse.cc:557:parse_blif$35569.genblk1.genblk1.genblk1.genblk1.genblk1.lut0 (4 -> 1)
  Optimizing lut $abc$35333$auto$blifparse.cc:557:parse_blif$35571.genblk1.genblk1.genblk1.genblk1.genblk1.lut1 (4 -> 3)
  Optimizing lut $abc$35333$auto$blifparse.cc:557:parse_blif$35571.genblk1.genblk1.genblk1.genblk1.genblk1.lut0 (4 -> 1)
  Optimizing lut $abc$35333$auto$blifparse.cc:557:parse_blif$35573.genblk1.genblk1.genblk1.genblk1.genblk1.lut1 (4 -> 3)
  Optimizing lut $abc$35333$auto$blifparse.cc:557:parse_blif$35573.genblk1.genblk1.genblk1.genblk1.genblk1.lut0 (4 -> 1)
  Optimizing lut $abc$35333$auto$blifparse.cc:557:parse_blif$35575.genblk1.genblk1.genblk1.genblk1.genblk1.lut1 (4 -> 3)
  Optimizing lut $abc$35333$auto$blifparse.cc:557:parse_blif$35575.genblk1.genblk1.genblk1.genblk1.genblk1.lut0 (4 -> 1)
  Optimizing lut $abc$35333$auto$blifparse.cc:557:parse_blif$35577.genblk1.genblk1.genblk1.genblk1.genblk1.lut1 (4 -> 3)
  Optimizing lut $abc$35333$auto$blifparse.cc:557:parse_blif$35577.genblk1.genblk1.genblk1.genblk1.genblk1.lut0 (4 -> 1)
  Optimizing lut $abc$35333$auto$blifparse.cc:557:parse_blif$35579.genblk1.genblk1.genblk1.genblk1.genblk1.lut1 (4 -> 3)
  Optimizing lut $abc$35333$auto$blifparse.cc:557:parse_blif$35579.genblk1.genblk1.genblk1.genblk1.genblk1.lut0 (4 -> 1)
  Optimizing lut $abc$35333$auto$blifparse.cc:557:parse_blif$35581.genblk1.genblk1.genblk1.genblk1.genblk1.lut1 (4 -> 3)
  Optimizing lut $abc$35333$auto$blifparse.cc:557:parse_blif$35581.genblk1.genblk1.genblk1.genblk1.genblk1.lut0 (4 -> 1)
  Optimizing lut $abc$35333$auto$blifparse.cc:557:parse_blif$35583.genblk1.genblk1.genblk1.genblk1.genblk1.lut1 (4 -> 3)
  Optimizing lut $abc$35333$auto$blifparse.cc:557:parse_blif$35583.genblk1.genblk1.genblk1.genblk1.genblk1.lut0 (4 -> 1)
  Optimizing lut $abc$35333$auto$blifparse.cc:557:parse_blif$35585.genblk1.genblk1.genblk1.genblk1.genblk1.lut1 (4 -> 3)
  Optimizing lut $abc$35333$auto$blifparse.cc:557:parse_blif$35585.genblk1.genblk1.genblk1.genblk1.genblk1.lut0 (4 -> 1)
  Optimizing lut $abc$35333$auto$blifparse.cc:557:parse_blif$35587.genblk1.genblk1.genblk1.genblk1.genblk1.lut1 (4 -> 3)
  Optimizing lut $abc$35333$auto$blifparse.cc:557:parse_blif$35587.genblk1.genblk1.genblk1.genblk1.genblk1.lut0 (4 -> 1)
  Optimizing lut $abc$35333$auto$blifparse.cc:557:parse_blif$35589.genblk1.genblk1.genblk1.genblk1.genblk1.lut1 (4 -> 3)
  Optimizing lut $abc$35333$auto$blifparse.cc:557:parse_blif$35589.genblk1.genblk1.genblk1.genblk1.genblk1.lut0 (4 -> 1)
  Optimizing lut $abc$35333$auto$blifparse.cc:557:parse_blif$35591.genblk1.genblk1.genblk1.genblk1.genblk1.lut1 (4 -> 3)
  Optimizing lut $abc$35333$auto$blifparse.cc:557:parse_blif$35591.genblk1.genblk1.genblk1.genblk1.genblk1.lut0 (4 -> 1)
  Optimizing lut $abc$35333$auto$blifparse.cc:557:parse_blif$35593.genblk1.genblk1.genblk1.genblk1.genblk1.lut1 (4 -> 3)
  Optimizing lut $abc$35333$auto$blifparse.cc:557:parse_blif$35593.genblk1.genblk1.genblk1.genblk1.genblk1.lut0 (4 -> 1)
  Optimizing lut $abc$35333$auto$blifparse.cc:557:parse_blif$35595.genblk1.genblk1.genblk1.genblk1.genblk1.lut1 (4 -> 3)
  Optimizing lut $abc$35333$auto$blifparse.cc:557:parse_blif$35595.genblk1.genblk1.genblk1.genblk1.genblk1.lut0 (4 -> 1)
  Optimizing lut $abc$35333$auto$blifparse.cc:557:parse_blif$35597.genblk1.genblk1.genblk1.genblk1.genblk1.lut1 (4 -> 3)
  Optimizing lut $abc$35333$auto$blifparse.cc:557:parse_blif$35597.genblk1.genblk1.genblk1.genblk1.genblk1.lut0 (4 -> 1)
  Optimizing lut $abc$35333$auto$blifparse.cc:557:parse_blif$35599.genblk1.genblk1.genblk1.genblk1.genblk1.lut1 (4 -> 3)
  Optimizing lut $abc$35333$auto$blifparse.cc:557:parse_blif$35599.genblk1.genblk1.genblk1.genblk1.genblk1.lut0 (4 -> 1)
  Optimizing lut $abc$35333$auto$blifparse.cc:557:parse_blif$35601.genblk1.genblk1.genblk1.genblk1.genblk1.lut1 (4 -> 3)
  Optimizing lut $abc$35333$auto$blifparse.cc:557:parse_blif$35601.genblk1.genblk1.genblk1.genblk1.genblk1.lut0 (4 -> 1)
  Optimizing lut $abc$35333$auto$blifparse.cc:557:parse_blif$35603.genblk1.genblk1.genblk1.genblk1.genblk1.lut1 (4 -> 3)
  Optimizing lut $abc$35333$auto$blifparse.cc:557:parse_blif$35603.genblk1.genblk1.genblk1.genblk1.genblk1.lut0 (4 -> 1)
  Optimizing lut $abc$35333$auto$blifparse.cc:557:parse_blif$35605.genblk1.genblk1.genblk1.genblk1.genblk1.lut1 (4 -> 3)
  Optimizing lut $abc$35333$auto$blifparse.cc:557:parse_blif$35605.genblk1.genblk1.genblk1.genblk1.genblk1.lut0 (4 -> 1)
  Optimizing lut $abc$35333$auto$blifparse.cc:557:parse_blif$35607.genblk1.genblk1.genblk1.genblk1.genblk1.lut1 (4 -> 3)
  Optimizing lut $abc$35333$auto$blifparse.cc:557:parse_blif$35607.genblk1.genblk1.genblk1.genblk1.genblk1.lut0 (4 -> 1)
  Optimizing lut $abc$35333$auto$blifparse.cc:557:parse_blif$35609.genblk1.genblk1.genblk1.genblk1.genblk1.lut1 (4 -> 3)
  Optimizing lut $abc$35333$auto$blifparse.cc:557:parse_blif$35609.genblk1.genblk1.genblk1.genblk1.genblk1.lut0 (4 -> 1)
  Optimizing lut $abc$35333$auto$blifparse.cc:557:parse_blif$35611.genblk1.genblk1.genblk1.genblk1.genblk1.lut1 (4 -> 3)
  Optimizing lut $abc$35333$auto$blifparse.cc:557:parse_blif$35611.genblk1.genblk1.genblk1.genblk1.genblk1.lut0 (4 -> 1)
  Optimizing lut $abc$35333$auto$blifparse.cc:557:parse_blif$35613.genblk1.genblk1.genblk1.genblk1.genblk1.lut1 (4 -> 3)
  Optimizing lut $abc$35333$auto$blifparse.cc:557:parse_blif$35613.genblk1.genblk1.genblk1.genblk1.genblk1.lut0 (4 -> 1)
  Optimizing lut $abc$35333$auto$blifparse.cc:557:parse_blif$35615.genblk1.genblk1.genblk1.genblk1.genblk1.lut1 (4 -> 3)
  Optimizing lut $abc$35333$auto$blifparse.cc:557:parse_blif$35615.genblk1.genblk1.genblk1.genblk1.genblk1.lut0 (4 -> 1)
  Optimizing lut $abc$35333$auto$blifparse.cc:557:parse_blif$35617.genblk1.genblk1.genblk1.genblk1.genblk1.lut1 (4 -> 3)
  Optimizing lut $abc$35333$auto$blifparse.cc:557:parse_blif$35617.genblk1.genblk1.genblk1.genblk1.genblk1.lut0 (4 -> 1)
  Optimizing lut $abc$35333$auto$blifparse.cc:557:parse_blif$35619.genblk1.genblk1.genblk1.genblk1.genblk1.lut1 (4 -> 3)
  Optimizing lut $abc$35333$auto$blifparse.cc:557:parse_blif$35619.genblk1.genblk1.genblk1.genblk1.genblk1.lut0 (4 -> 1)
  Optimizing lut $abc$35333$auto$blifparse.cc:557:parse_blif$35621.genblk1.genblk1.genblk1.genblk1.genblk1.lut1 (4 -> 3)
  Optimizing lut $abc$35333$auto$blifparse.cc:557:parse_blif$35621.genblk1.genblk1.genblk1.genblk1.genblk1.lut0 (4 -> 1)
  Optimizing lut $abc$35333$auto$blifparse.cc:557:parse_blif$35623.genblk1.genblk1.genblk1.genblk1.genblk1.lut1 (4 -> 3)
  Optimizing lut $abc$35333$auto$blifparse.cc:557:parse_blif$35623.genblk1.genblk1.genblk1.genblk1.genblk1.lut0 (4 -> 1)
  Optimizing lut $abc$35333$auto$blifparse.cc:557:parse_blif$35625.genblk1.genblk1.genblk1.genblk1.genblk1.lut1 (4 -> 3)
  Optimizing lut $abc$35333$auto$blifparse.cc:557:parse_blif$35625.genblk1.genblk1.genblk1.genblk1.genblk1.lut0 (4 -> 1)
  Optimizing lut $abc$35333$auto$blifparse.cc:557:parse_blif$35627.genblk1.genblk1.genblk1.genblk1.genblk1.lut1 (4 -> 3)
  Optimizing lut $abc$35333$auto$blifparse.cc:557:parse_blif$35627.genblk1.genblk1.genblk1.genblk1.genblk1.lut0 (4 -> 1)
  Optimizing lut $abc$35333$auto$blifparse.cc:557:parse_blif$35629.genblk1.genblk1.genblk1.genblk1.genblk1.lut1 (4 -> 3)
  Optimizing lut $abc$35333$auto$blifparse.cc:557:parse_blif$35629.genblk1.genblk1.genblk1.genblk1.genblk1.lut0 (4 -> 1)
  Optimizing lut $abc$35333$auto$blifparse.cc:557:parse_blif$35631.genblk1.genblk1.genblk1.genblk1.genblk1.lut1 (4 -> 3)
  Optimizing lut $abc$35333$auto$blifparse.cc:557:parse_blif$35631.genblk1.genblk1.genblk1.genblk1.genblk1.lut0 (4 -> 1)
  Optimizing lut $abc$35333$auto$blifparse.cc:557:parse_blif$35633.genblk1.genblk1.genblk1.genblk1.genblk1.lut1 (4 -> 3)
  Optimizing lut $abc$35333$auto$blifparse.cc:557:parse_blif$35633.genblk1.genblk1.genblk1.genblk1.genblk1.lut0 (4 -> 1)
  Optimizing lut $abc$35333$auto$blifparse.cc:557:parse_blif$35635.genblk1.genblk1.genblk1.genblk1.genblk1.lut1 (4 -> 3)
  Optimizing lut $abc$35333$auto$blifparse.cc:557:parse_blif$35635.genblk1.genblk1.genblk1.genblk1.genblk1.lut0 (4 -> 1)
  Optimizing lut $abc$35333$auto$blifparse.cc:557:parse_blif$35637.genblk1.genblk1.genblk1.genblk1.genblk1.lut1 (4 -> 3)
  Optimizing lut $abc$35333$auto$blifparse.cc:557:parse_blif$35637.genblk1.genblk1.genblk1.genblk1.genblk1.lut0 (4 -> 1)
  Optimizing lut $abc$35333$auto$blifparse.cc:557:parse_blif$35639.genblk1.genblk1.genblk1.genblk1.genblk1.lut1 (4 -> 3)
  Optimizing lut $abc$35333$auto$blifparse.cc:557:parse_blif$35639.genblk1.genblk1.genblk1.genblk1.genblk1.lut0 (4 -> 1)
  Optimizing lut $abc$35333$auto$blifparse.cc:557:parse_blif$35641.genblk1.genblk1.genblk1.genblk1.genblk1.lut1 (4 -> 3)
  Optimizing lut $abc$35333$auto$blifparse.cc:557:parse_blif$35641.genblk1.genblk1.genblk1.genblk1.genblk1.lut0 (4 -> 1)
  Optimizing lut $abc$35333$auto$blifparse.cc:557:parse_blif$35643.genblk1.genblk1.genblk1.genblk1.genblk1.lut1 (4 -> 3)
  Optimizing lut $abc$35333$auto$blifparse.cc:557:parse_blif$35643.genblk1.genblk1.genblk1.genblk1.genblk1.lut0 (4 -> 1)
  Optimizing lut $abc$35333$auto$blifparse.cc:557:parse_blif$35645.genblk1.genblk1.genblk1.genblk1.genblk1.lut1 (4 -> 3)
  Optimizing lut $abc$35333$auto$blifparse.cc:557:parse_blif$35645.genblk1.genblk1.genblk1.genblk1.genblk1.lut0 (4 -> 1)
  Optimizing lut $abc$35333$auto$blifparse.cc:557:parse_blif$35647.genblk1.genblk1.genblk1.genblk1.genblk1.lut1 (4 -> 3)
  Optimizing lut $abc$35333$auto$blifparse.cc:557:parse_blif$35647.genblk1.genblk1.genblk1.genblk1.genblk1.lut0 (4 -> 1)
  Optimizing lut $abc$35333$auto$blifparse.cc:557:parse_blif$35649.genblk1.genblk1.genblk1.genblk1.genblk1.lut1 (4 -> 3)
  Optimizing lut $abc$35333$auto$blifparse.cc:557:parse_blif$35649.genblk1.genblk1.genblk1.genblk1.genblk1.lut0 (4 -> 1)
  Optimizing lut $abc$35333$auto$blifparse.cc:557:parse_blif$35651.genblk1.genblk1.genblk1.genblk1.genblk1.lut1 (4 -> 3)
  Optimizing lut $abc$35333$auto$blifparse.cc:557:parse_blif$35651.genblk1.genblk1.genblk1.genblk1.genblk1.lut0 (4 -> 1)
  Optimizing lut $abc$35333$auto$blifparse.cc:557:parse_blif$35653.genblk1.genblk1.genblk1.genblk1.genblk1.lut1 (4 -> 3)
  Optimizing lut $abc$35333$auto$blifparse.cc:557:parse_blif$35653.genblk1.genblk1.genblk1.genblk1.genblk1.lut0 (4 -> 1)
  Optimizing lut $abc$35333$auto$blifparse.cc:557:parse_blif$35655.genblk1.genblk1.genblk1.genblk1.genblk1.lut1 (4 -> 3)
  Optimizing lut $abc$35333$auto$blifparse.cc:557:parse_blif$35655.genblk1.genblk1.genblk1.genblk1.genblk1.lut0 (4 -> 1)
  Optimizing lut $abc$35333$auto$blifparse.cc:557:parse_blif$35657.genblk1.genblk1.genblk1.genblk1.genblk1.lut1 (4 -> 3)
  Optimizing lut $abc$35333$auto$blifparse.cc:557:parse_blif$35657.genblk1.genblk1.genblk1.genblk1.genblk1.lut0 (4 -> 1)
  Optimizing lut $abc$35333$auto$blifparse.cc:557:parse_blif$35659.genblk1.genblk1.genblk1.genblk1.genblk1.lut1 (4 -> 3)
  Optimizing lut $abc$35333$auto$blifparse.cc:557:parse_blif$35659.genblk1.genblk1.genblk1.genblk1.genblk1.lut0 (4 -> 1)
  Optimizing lut $abc$35333$auto$blifparse.cc:557:parse_blif$35660.genblk1.genblk1.genblk1.genblk1.genblk1.lut0 (4 -> 1)
  Optimizing lut $abc$35333$auto$blifparse.cc:557:parse_blif$35663.genblk1.genblk1.genblk1.genblk1.genblk1.lut1 (4 -> 3)
  Optimizing lut $abc$35333$auto$blifparse.cc:557:parse_blif$35663.genblk1.genblk1.genblk1.genblk1.genblk1.lut0 (4 -> 1)
  Optimizing lut $abc$35333$auto$blifparse.cc:557:parse_blif$35666.genblk1.genblk1.genblk1.genblk1.genblk1.lut1 (4 -> 3)
  Optimizing lut $abc$35333$auto$blifparse.cc:557:parse_blif$35666.genblk1.genblk1.genblk1.genblk1.genblk1.lut0 (4 -> 1)
  Optimizing lut $abc$35333$auto$blifparse.cc:557:parse_blif$35669.genblk1.genblk1.genblk1.genblk1.genblk1.lut1 (4 -> 3)
  Optimizing lut $abc$35333$auto$blifparse.cc:557:parse_blif$35669.genblk1.genblk1.genblk1.genblk1.genblk1.lut0 (4 -> 1)
  Optimizing lut $abc$35333$auto$blifparse.cc:557:parse_blif$35672.genblk1.genblk1.genblk1.genblk1.genblk1.lut1 (4 -> 3)
  Optimizing lut $abc$35333$auto$blifparse.cc:557:parse_blif$35672.genblk1.genblk1.genblk1.genblk1.genblk1.lut0 (4 -> 1)
  Optimizing lut $abc$35333$auto$blifparse.cc:557:parse_blif$35675.genblk1.genblk1.genblk1.genblk1.genblk1.lut1 (4 -> 3)
  Optimizing lut $abc$35333$auto$blifparse.cc:557:parse_blif$35675.genblk1.genblk1.genblk1.genblk1.genblk1.lut0 (4 -> 1)
  Optimizing lut $abc$35333$auto$blifparse.cc:557:parse_blif$35678.genblk1.genblk1.genblk1.genblk1.genblk1.lut1 (4 -> 3)
  Optimizing lut $abc$35333$auto$blifparse.cc:557:parse_blif$35678.genblk1.genblk1.genblk1.genblk1.genblk1.lut0 (4 -> 1)
  Optimizing lut $abc$35333$auto$blifparse.cc:557:parse_blif$35681.genblk1.genblk1.genblk1.genblk1.genblk1.lut1 (4 -> 3)
  Optimizing lut $abc$35333$auto$blifparse.cc:557:parse_blif$35681.genblk1.genblk1.genblk1.genblk1.genblk1.lut0 (4 -> 1)
  Optimizing lut $abc$35333$auto$blifparse.cc:557:parse_blif$35684.genblk1.genblk1.genblk1.genblk1.genblk1.lut1 (4 -> 3)
  Optimizing lut $abc$35333$auto$blifparse.cc:557:parse_blif$35684.genblk1.genblk1.genblk1.genblk1.genblk1.lut0 (4 -> 1)
  Optimizing lut $abc$35333$auto$blifparse.cc:557:parse_blif$35687.genblk1.genblk1.genblk1.genblk1.genblk1.lut1 (4 -> 3)
  Optimizing lut $abc$35333$auto$blifparse.cc:557:parse_blif$35687.genblk1.genblk1.genblk1.genblk1.genblk1.lut0 (4 -> 1)
  Optimizing lut $abc$35333$auto$blifparse.cc:557:parse_blif$35690.genblk1.genblk1.genblk1.genblk1.genblk1.lut1 (4 -> 3)
  Optimizing lut $abc$35333$auto$blifparse.cc:557:parse_blif$35690.genblk1.genblk1.genblk1.genblk1.genblk1.lut0 (4 -> 1)
  Optimizing lut $abc$35333$auto$blifparse.cc:557:parse_blif$35693.genblk1.genblk1.genblk1.genblk1.genblk1.lut1 (4 -> 3)
  Optimizing lut $abc$35333$auto$blifparse.cc:557:parse_blif$35693.genblk1.genblk1.genblk1.genblk1.genblk1.lut0 (4 -> 1)
  Optimizing lut $abc$35333$auto$blifparse.cc:557:parse_blif$35696.genblk1.genblk1.genblk1.genblk1.genblk1.lut1 (4 -> 3)
  Optimizing lut $abc$35333$auto$blifparse.cc:557:parse_blif$35696.genblk1.genblk1.genblk1.genblk1.genblk1.lut0 (4 -> 1)
  Optimizing lut $abc$35333$auto$blifparse.cc:557:parse_blif$35699.genblk1.genblk1.genblk1.genblk1.genblk1.lut1 (4 -> 3)
  Optimizing lut $abc$35333$auto$blifparse.cc:557:parse_blif$35699.genblk1.genblk1.genblk1.genblk1.genblk1.lut0 (4 -> 1)
  Optimizing lut $abc$35333$auto$blifparse.cc:557:parse_blif$35702.genblk1.genblk1.genblk1.genblk1.genblk1.lut1 (4 -> 3)
  Optimizing lut $abc$35333$auto$blifparse.cc:557:parse_blif$35702.genblk1.genblk1.genblk1.genblk1.genblk1.lut0 (4 -> 1)
  Optimizing lut $abc$35333$auto$blifparse.cc:557:parse_blif$35705.genblk1.genblk1.genblk1.genblk1.genblk1.lut1 (4 -> 3)
  Optimizing lut $abc$35333$auto$blifparse.cc:557:parse_blif$35705.genblk1.genblk1.genblk1.genblk1.genblk1.lut0 (4 -> 1)
  Optimizing lut $abc$35333$auto$blifparse.cc:557:parse_blif$35708.genblk1.genblk1.genblk1.genblk1.genblk1.lut1 (4 -> 3)
  Optimizing lut $abc$35333$auto$blifparse.cc:557:parse_blif$35708.genblk1.genblk1.genblk1.genblk1.genblk1.lut0 (4 -> 1)
  Optimizing lut $abc$35333$auto$blifparse.cc:557:parse_blif$35711.genblk1.genblk1.genblk1.genblk1.genblk1.lut1 (4 -> 3)
  Optimizing lut $abc$35333$auto$blifparse.cc:557:parse_blif$35711.genblk1.genblk1.genblk1.genblk1.genblk1.lut0 (4 -> 1)
  Optimizing lut $abc$35333$auto$blifparse.cc:557:parse_blif$35714.genblk1.genblk1.genblk1.genblk1.genblk1.lut1 (4 -> 3)
  Optimizing lut $abc$35333$auto$blifparse.cc:557:parse_blif$35714.genblk1.genblk1.genblk1.genblk1.genblk1.lut0 (4 -> 1)
  Optimizing lut $abc$35333$auto$blifparse.cc:557:parse_blif$35717.genblk1.genblk1.genblk1.genblk1.genblk1.lut1 (4 -> 3)
  Optimizing lut $abc$35333$auto$blifparse.cc:557:parse_blif$35717.genblk1.genblk1.genblk1.genblk1.genblk1.lut0 (4 -> 1)
  Optimizing lut $abc$35333$auto$blifparse.cc:557:parse_blif$35720.genblk1.genblk1.genblk1.genblk1.genblk1.lut1 (4 -> 3)
  Optimizing lut $abc$35333$auto$blifparse.cc:557:parse_blif$35720.genblk1.genblk1.genblk1.genblk1.genblk1.lut0 (4 -> 1)
  Optimizing lut $abc$35333$auto$blifparse.cc:557:parse_blif$35723.genblk1.genblk1.genblk1.genblk1.genblk1.lut1 (4 -> 3)
  Optimizing lut $abc$35333$auto$blifparse.cc:557:parse_blif$35723.genblk1.genblk1.genblk1.genblk1.genblk1.lut0 (4 -> 1)
  Optimizing lut $abc$35333$auto$blifparse.cc:557:parse_blif$35726.genblk1.genblk1.genblk1.genblk1.genblk1.lut1 (4 -> 3)
  Optimizing lut $abc$35333$auto$blifparse.cc:557:parse_blif$35726.genblk1.genblk1.genblk1.genblk1.genblk1.lut0 (4 -> 1)
  Optimizing lut $abc$35333$auto$blifparse.cc:557:parse_blif$35729.genblk1.genblk1.genblk1.genblk1.genblk1.lut1 (4 -> 3)
  Optimizing lut $abc$35333$auto$blifparse.cc:557:parse_blif$35729.genblk1.genblk1.genblk1.genblk1.genblk1.lut0 (4 -> 1)
  Optimizing lut $abc$35333$auto$blifparse.cc:557:parse_blif$35732.genblk1.genblk1.genblk1.genblk1.genblk1.lut1 (4 -> 3)
  Optimizing lut $abc$35333$auto$blifparse.cc:557:parse_blif$35732.genblk1.genblk1.genblk1.genblk1.genblk1.lut0 (4 -> 1)
  Optimizing lut $abc$35333$auto$blifparse.cc:557:parse_blif$35735.genblk1.genblk1.genblk1.genblk1.genblk1.lut1 (4 -> 3)
  Optimizing lut $abc$35333$auto$blifparse.cc:557:parse_blif$35735.genblk1.genblk1.genblk1.genblk1.genblk1.lut0 (4 -> 1)
  Optimizing lut $abc$35333$auto$blifparse.cc:557:parse_blif$35738.genblk1.genblk1.genblk1.genblk1.genblk1.lut1 (4 -> 3)
  Optimizing lut $abc$35333$auto$blifparse.cc:557:parse_blif$35738.genblk1.genblk1.genblk1.genblk1.genblk1.lut0 (4 -> 1)
  Optimizing lut $abc$35333$auto$blifparse.cc:557:parse_blif$35741.genblk1.genblk1.genblk1.genblk1.genblk1.lut1 (4 -> 3)
  Optimizing lut $abc$35333$auto$blifparse.cc:557:parse_blif$35741.genblk1.genblk1.genblk1.genblk1.genblk1.lut0 (4 -> 1)
  Optimizing lut $abc$35333$auto$blifparse.cc:557:parse_blif$35744.genblk1.genblk1.genblk1.genblk1.genblk1.lut1 (4 -> 3)
  Optimizing lut $abc$35333$auto$blifparse.cc:557:parse_blif$35744.genblk1.genblk1.genblk1.genblk1.genblk1.lut0 (4 -> 1)
  Optimizing lut $abc$35333$auto$blifparse.cc:557:parse_blif$35747.genblk1.genblk1.genblk1.genblk1.genblk1.lut1 (4 -> 3)
  Optimizing lut $abc$35333$auto$blifparse.cc:557:parse_blif$35747.genblk1.genblk1.genblk1.genblk1.genblk1.lut0 (4 -> 1)
  Optimizing lut $abc$35333$auto$blifparse.cc:557:parse_blif$35750.genblk1.genblk1.genblk1.genblk1.genblk1.lut1 (4 -> 3)
  Optimizing lut $abc$35333$auto$blifparse.cc:557:parse_blif$35750.genblk1.genblk1.genblk1.genblk1.genblk1.lut0 (4 -> 1)
  Optimizing lut $abc$35333$auto$blifparse.cc:557:parse_blif$35753.genblk1.genblk1.genblk1.genblk1.genblk1.lut1 (4 -> 3)
  Optimizing lut $abc$35333$auto$blifparse.cc:557:parse_blif$35753.genblk1.genblk1.genblk1.genblk1.genblk1.lut0 (4 -> 1)
  Optimizing lut $abc$35333$auto$blifparse.cc:557:parse_blif$35756.genblk1.genblk1.genblk1.genblk1.genblk1.lut1 (4 -> 3)
  Optimizing lut $abc$35333$auto$blifparse.cc:557:parse_blif$35756.genblk1.genblk1.genblk1.genblk1.genblk1.lut0 (4 -> 1)
  Optimizing lut $abc$35333$auto$blifparse.cc:557:parse_blif$35759.genblk1.genblk1.genblk1.genblk1.genblk1.lut1 (4 -> 3)
  Optimizing lut $abc$35333$auto$blifparse.cc:557:parse_blif$35759.genblk1.genblk1.genblk1.genblk1.genblk1.lut0 (4 -> 1)
  Optimizing lut $abc$35333$auto$blifparse.cc:557:parse_blif$35763.genblk1.genblk1.genblk1.genblk1.genblk1.lut1 (4 -> 3)
  Optimizing lut $abc$35333$auto$blifparse.cc:557:parse_blif$35763.genblk1.genblk1.genblk1.genblk1.genblk1.lut0 (4 -> 1)
  Optimizing lut $abc$35333$auto$blifparse.cc:557:parse_blif$35765.genblk1.genblk1.genblk1.genblk1.genblk1.lut1 (4 -> 3)
  Optimizing lut $abc$35333$auto$blifparse.cc:557:parse_blif$35765.genblk1.genblk1.genblk1.genblk1.genblk1.lut0 (4 -> 1)
  Optimizing lut $abc$35333$auto$blifparse.cc:557:parse_blif$35767.genblk1.genblk1.genblk1.genblk1.genblk1.lut1 (4 -> 3)
  Optimizing lut $abc$35333$auto$blifparse.cc:557:parse_blif$35767.genblk1.genblk1.genblk1.genblk1.genblk1.lut0 (4 -> 1)
  Optimizing lut $abc$35333$auto$blifparse.cc:557:parse_blif$35769.genblk1.genblk1.genblk1.genblk1.genblk1.lut1 (4 -> 3)
  Optimizing lut $abc$35333$auto$blifparse.cc:557:parse_blif$35769.genblk1.genblk1.genblk1.genblk1.genblk1.lut0 (4 -> 1)
  Optimizing lut $abc$35333$auto$blifparse.cc:557:parse_blif$35771.genblk1.genblk1.genblk1.genblk1.genblk1.lut1 (4 -> 3)
  Optimizing lut $abc$35333$auto$blifparse.cc:557:parse_blif$35771.genblk1.genblk1.genblk1.genblk1.genblk1.lut0 (4 -> 1)
  Optimizing lut $abc$35333$auto$blifparse.cc:557:parse_blif$35773.genblk1.genblk1.genblk1.genblk1.genblk1.lut1 (4 -> 3)
  Optimizing lut $abc$35333$auto$blifparse.cc:557:parse_blif$35773.genblk1.genblk1.genblk1.genblk1.genblk1.lut0 (4 -> 1)
  Optimizing lut $abc$35333$auto$blifparse.cc:557:parse_blif$35775.genblk1.genblk1.genblk1.genblk1.genblk1.lut1 (4 -> 3)
  Optimizing lut $abc$35333$auto$blifparse.cc:557:parse_blif$35775.genblk1.genblk1.genblk1.genblk1.genblk1.lut0 (4 -> 1)
  Optimizing lut $abc$35333$auto$blifparse.cc:557:parse_blif$35777.genblk1.genblk1.genblk1.genblk1.genblk1.lut1 (4 -> 3)
  Optimizing lut $abc$35333$auto$blifparse.cc:557:parse_blif$35777.genblk1.genblk1.genblk1.genblk1.genblk1.lut0 (4 -> 1)
  Optimizing lut $abc$35333$auto$blifparse.cc:557:parse_blif$35779.genblk1.genblk1.genblk1.genblk1.genblk1.lut1 (4 -> 3)
  Optimizing lut $abc$35333$auto$blifparse.cc:557:parse_blif$35779.genblk1.genblk1.genblk1.genblk1.genblk1.lut0 (4 -> 1)
  Optimizing lut $abc$35333$auto$blifparse.cc:557:parse_blif$35781.genblk1.genblk1.genblk1.genblk1.genblk1.lut1 (4 -> 3)
  Optimizing lut $abc$35333$auto$blifparse.cc:557:parse_blif$35781.genblk1.genblk1.genblk1.genblk1.genblk1.lut0 (4 -> 1)
  Optimizing lut $abc$35333$auto$blifparse.cc:557:parse_blif$35783.genblk1.genblk1.genblk1.genblk1.genblk1.lut1 (4 -> 3)
  Optimizing lut $abc$35333$auto$blifparse.cc:557:parse_blif$35783.genblk1.genblk1.genblk1.genblk1.genblk1.lut0 (4 -> 1)
  Optimizing lut $abc$35333$auto$blifparse.cc:557:parse_blif$35785.genblk1.genblk1.genblk1.genblk1.genblk1.lut1 (4 -> 3)
  Optimizing lut $abc$35333$auto$blifparse.cc:557:parse_blif$35785.genblk1.genblk1.genblk1.genblk1.genblk1.lut0 (4 -> 1)
  Optimizing lut $abc$35333$auto$blifparse.cc:557:parse_blif$35787.genblk1.genblk1.genblk1.genblk1.genblk1.lut1 (4 -> 3)
  Optimizing lut $abc$35333$auto$blifparse.cc:557:parse_blif$35787.genblk1.genblk1.genblk1.genblk1.genblk1.lut0 (4 -> 1)
  Optimizing lut $abc$35333$auto$blifparse.cc:557:parse_blif$35789.genblk1.genblk1.genblk1.genblk1.genblk1.lut1 (4 -> 3)
  Optimizing lut $abc$35333$auto$blifparse.cc:557:parse_blif$35789.genblk1.genblk1.genblk1.genblk1.genblk1.lut0 (4 -> 1)
  Optimizing lut $abc$35333$auto$blifparse.cc:557:parse_blif$35791.genblk1.genblk1.genblk1.genblk1.genblk1.lut1 (4 -> 3)
  Optimizing lut $abc$35333$auto$blifparse.cc:557:parse_blif$35791.genblk1.genblk1.genblk1.genblk1.genblk1.lut0 (4 -> 1)
  Optimizing lut $abc$35333$auto$blifparse.cc:557:parse_blif$35793.genblk1.genblk1.genblk1.genblk1.genblk1.lut1 (4 -> 3)
  Optimizing lut $abc$35333$auto$blifparse.cc:557:parse_blif$35793.genblk1.genblk1.genblk1.genblk1.genblk1.lut0 (4 -> 1)
  Optimizing lut $abc$35333$auto$blifparse.cc:557:parse_blif$35795.genblk1.genblk1.genblk1.genblk1.genblk1.lut1 (4 -> 3)
  Optimizing lut $abc$35333$auto$blifparse.cc:557:parse_blif$35795.genblk1.genblk1.genblk1.genblk1.genblk1.lut0 (4 -> 1)
  Optimizing lut $abc$35333$auto$blifparse.cc:557:parse_blif$35797.genblk1.genblk1.genblk1.genblk1.genblk1.lut1 (4 -> 3)
  Optimizing lut $abc$35333$auto$blifparse.cc:557:parse_blif$35797.genblk1.genblk1.genblk1.genblk1.genblk1.lut0 (4 -> 1)
  Optimizing lut $abc$35333$auto$blifparse.cc:557:parse_blif$35799.genblk1.genblk1.genblk1.genblk1.genblk1.lut1 (4 -> 3)
  Optimizing lut $abc$35333$auto$blifparse.cc:557:parse_blif$35799.genblk1.genblk1.genblk1.genblk1.genblk1.lut0 (4 -> 1)
  Optimizing lut $abc$35333$auto$blifparse.cc:557:parse_blif$35805.genblk1.genblk1.genblk1.genblk1.genblk1.lut1 (4 -> 3)
  Optimizing lut $abc$35333$auto$blifparse.cc:557:parse_blif$35805.genblk1.genblk1.genblk1.genblk1.genblk1.lut0 (4 -> 1)
  Optimizing lut $abc$35333$auto$blifparse.cc:557:parse_blif$35807.genblk1.genblk1.genblk1.genblk1.genblk1.lut1 (4 -> 3)
  Optimizing lut $abc$35333$auto$blifparse.cc:557:parse_blif$35807.genblk1.genblk1.genblk1.genblk1.genblk1.lut0 (4 -> 1)
  Optimizing lut $abc$35333$auto$blifparse.cc:557:parse_blif$35809.genblk1.genblk1.genblk1.genblk1.genblk1.lut1 (4 -> 3)
  Optimizing lut $abc$35333$auto$blifparse.cc:557:parse_blif$35809.genblk1.genblk1.genblk1.genblk1.genblk1.lut0 (4 -> 1)
  Optimizing lut $abc$35333$auto$blifparse.cc:557:parse_blif$35811.genblk1.genblk1.genblk1.genblk1.genblk1.lut1 (4 -> 3)
  Optimizing lut $abc$35333$auto$blifparse.cc:557:parse_blif$35811.genblk1.genblk1.genblk1.genblk1.genblk1.lut0 (4 -> 1)
  Optimizing lut $abc$35333$auto$blifparse.cc:557:parse_blif$35813.genblk1.genblk1.genblk1.genblk1.genblk1.lut1 (4 -> 3)
  Optimizing lut $abc$35333$auto$blifparse.cc:557:parse_blif$35813.genblk1.genblk1.genblk1.genblk1.genblk1.lut0 (4 -> 1)
  Optimizing lut $abc$35333$auto$blifparse.cc:557:parse_blif$35815.genblk1.genblk1.genblk1.genblk1.genblk1.lut1 (4 -> 3)
  Optimizing lut $abc$35333$auto$blifparse.cc:557:parse_blif$35815.genblk1.genblk1.genblk1.genblk1.genblk1.lut0 (4 -> 1)
  Optimizing lut $abc$35333$auto$blifparse.cc:557:parse_blif$35817.genblk1.genblk1.genblk1.genblk1.genblk1.lut1 (4 -> 3)
  Optimizing lut $abc$35333$auto$blifparse.cc:557:parse_blif$35817.genblk1.genblk1.genblk1.genblk1.genblk1.lut0 (4 -> 1)
  Optimizing lut $abc$35333$auto$blifparse.cc:557:parse_blif$35819.genblk1.genblk1.genblk1.genblk1.genblk1.lut1 (4 -> 3)
  Optimizing lut $abc$35333$auto$blifparse.cc:557:parse_blif$35819.genblk1.genblk1.genblk1.genblk1.genblk1.lut0 (4 -> 1)
  Optimizing lut $abc$35333$auto$blifparse.cc:557:parse_blif$35821.genblk1.genblk1.genblk1.genblk1.genblk1.lut1 (4 -> 3)
  Optimizing lut $abc$35333$auto$blifparse.cc:557:parse_blif$35821.genblk1.genblk1.genblk1.genblk1.genblk1.lut0 (4 -> 1)
  Optimizing lut $abc$35333$auto$blifparse.cc:557:parse_blif$35823.genblk1.genblk1.genblk1.genblk1.genblk1.lut1 (4 -> 3)
  Optimizing lut $abc$35333$auto$blifparse.cc:557:parse_blif$35823.genblk1.genblk1.genblk1.genblk1.genblk1.lut0 (4 -> 1)
  Optimizing lut $abc$35333$auto$blifparse.cc:557:parse_blif$35825.genblk1.genblk1.genblk1.genblk1.genblk1.lut1 (4 -> 3)
  Optimizing lut $abc$35333$auto$blifparse.cc:557:parse_blif$35825.genblk1.genblk1.genblk1.genblk1.genblk1.lut0 (4 -> 1)
  Optimizing lut $abc$35333$auto$blifparse.cc:557:parse_blif$35827.genblk1.genblk1.genblk1.genblk1.genblk1.lut1 (4 -> 3)
  Optimizing lut $abc$35333$auto$blifparse.cc:557:parse_blif$35827.genblk1.genblk1.genblk1.genblk1.genblk1.lut0 (4 -> 1)
  Optimizing lut $abc$35333$auto$blifparse.cc:557:parse_blif$35829.genblk1.genblk1.genblk1.genblk1.genblk1.lut1 (4 -> 3)
  Optimizing lut $abc$35333$auto$blifparse.cc:557:parse_blif$35829.genblk1.genblk1.genblk1.genblk1.genblk1.lut0 (4 -> 1)
  Optimizing lut $abc$35333$auto$blifparse.cc:557:parse_blif$35831.genblk1.genblk1.genblk1.genblk1.genblk1.lut1 (4 -> 3)
  Optimizing lut $abc$35333$auto$blifparse.cc:557:parse_blif$35831.genblk1.genblk1.genblk1.genblk1.genblk1.lut0 (4 -> 1)
  Optimizing lut $abc$35333$auto$blifparse.cc:557:parse_blif$35833.genblk1.genblk1.genblk1.genblk1.genblk1.lut1 (4 -> 3)
  Optimizing lut $abc$35333$auto$blifparse.cc:557:parse_blif$35833.genblk1.genblk1.genblk1.genblk1.genblk1.lut0 (4 -> 1)
  Optimizing lut $abc$35333$auto$blifparse.cc:557:parse_blif$35835.genblk1.genblk1.genblk1.genblk1.genblk1.lut1 (4 -> 3)
  Optimizing lut $abc$35333$auto$blifparse.cc:557:parse_blif$35835.genblk1.genblk1.genblk1.genblk1.genblk1.lut0 (4 -> 1)
  Optimizing lut $abc$35333$auto$blifparse.cc:557:parse_blif$35837.genblk1.genblk1.genblk1.genblk1.genblk1.lut1 (4 -> 3)
  Optimizing lut $abc$35333$auto$blifparse.cc:557:parse_blif$35837.genblk1.genblk1.genblk1.genblk1.genblk1.lut0 (4 -> 1)
  Optimizing lut $abc$35333$auto$blifparse.cc:557:parse_blif$35839.genblk1.genblk1.genblk1.genblk1.genblk1.lut1 (4 -> 3)
  Optimizing lut $abc$35333$auto$blifparse.cc:557:parse_blif$35839.genblk1.genblk1.genblk1.genblk1.genblk1.lut0 (4 -> 1)
  Optimizing lut $abc$35333$auto$blifparse.cc:557:parse_blif$35841.genblk1.genblk1.genblk1.genblk1.genblk1.lut1 (4 -> 3)
  Optimizing lut $abc$35333$auto$blifparse.cc:557:parse_blif$35841.genblk1.genblk1.genblk1.genblk1.genblk1.lut0 (4 -> 1)
  Optimizing lut $abc$35333$auto$blifparse.cc:557:parse_blif$35843.genblk1.genblk1.genblk1.genblk1.genblk1.lut1 (4 -> 3)
  Optimizing lut $abc$35333$auto$blifparse.cc:557:parse_blif$35843.genblk1.genblk1.genblk1.genblk1.genblk1.lut0 (4 -> 1)
  Optimizing lut $abc$35333$auto$blifparse.cc:557:parse_blif$35845.genblk1.genblk1.genblk1.genblk1.genblk1.lut1 (4 -> 3)
  Optimizing lut $abc$35333$auto$blifparse.cc:557:parse_blif$35845.genblk1.genblk1.genblk1.genblk1.genblk1.lut0 (4 -> 1)
  Optimizing lut $abc$35333$auto$blifparse.cc:557:parse_blif$35847.genblk1.genblk1.genblk1.genblk1.genblk1.lut1 (4 -> 3)
  Optimizing lut $abc$35333$auto$blifparse.cc:557:parse_blif$35847.genblk1.genblk1.genblk1.genblk1.genblk1.lut0 (4 -> 1)
  Optimizing lut $abc$35333$auto$blifparse.cc:557:parse_blif$35849.genblk1.genblk1.genblk1.genblk1.genblk1.lut1 (4 -> 3)
  Optimizing lut $abc$35333$auto$blifparse.cc:557:parse_blif$35849.genblk1.genblk1.genblk1.genblk1.genblk1.lut0 (4 -> 1)
  Optimizing lut $abc$35333$auto$blifparse.cc:557:parse_blif$35851.genblk1.genblk1.genblk1.genblk1.genblk1.lut1 (4 -> 3)
  Optimizing lut $abc$35333$auto$blifparse.cc:557:parse_blif$35851.genblk1.genblk1.genblk1.genblk1.genblk1.lut0 (4 -> 1)
  Optimizing lut $abc$35333$auto$blifparse.cc:557:parse_blif$35853.genblk1.genblk1.genblk1.genblk1.genblk1.lut1 (4 -> 3)
  Optimizing lut $abc$35333$auto$blifparse.cc:557:parse_blif$35853.genblk1.genblk1.genblk1.genblk1.genblk1.lut0 (4 -> 1)
  Optimizing lut $abc$35333$auto$blifparse.cc:557:parse_blif$35855.genblk1.genblk1.genblk1.genblk1.genblk1.lut1 (4 -> 3)
  Optimizing lut $abc$35333$auto$blifparse.cc:557:parse_blif$35855.genblk1.genblk1.genblk1.genblk1.genblk1.lut0 (4 -> 1)
  Optimizing lut $abc$35333$auto$blifparse.cc:557:parse_blif$35857.genblk1.genblk1.genblk1.genblk1.genblk1.lut1 (4 -> 3)
  Optimizing lut $abc$35333$auto$blifparse.cc:557:parse_blif$35857.genblk1.genblk1.genblk1.genblk1.genblk1.lut0 (4 -> 1)
  Optimizing lut $abc$35333$auto$blifparse.cc:557:parse_blif$35859.genblk1.genblk1.genblk1.genblk1.genblk1.lut1 (4 -> 3)
  Optimizing lut $abc$35333$auto$blifparse.cc:557:parse_blif$35859.genblk1.genblk1.genblk1.genblk1.genblk1.lut0 (4 -> 1)
  Optimizing lut $abc$35333$auto$blifparse.cc:557:parse_blif$35861.genblk1.genblk1.genblk1.genblk1.genblk1.lut1 (4 -> 3)
  Optimizing lut $abc$35333$auto$blifparse.cc:557:parse_blif$35861.genblk1.genblk1.genblk1.genblk1.genblk1.lut0 (4 -> 1)
  Optimizing lut $abc$35333$auto$blifparse.cc:557:parse_blif$35863.genblk1.genblk1.genblk1.genblk1.genblk1.lut1 (4 -> 3)
  Optimizing lut $abc$35333$auto$blifparse.cc:557:parse_blif$35863.genblk1.genblk1.genblk1.genblk1.genblk1.lut0 (4 -> 1)
  Optimizing lut $abc$35333$auto$blifparse.cc:557:parse_blif$35865.genblk1.genblk1.genblk1.genblk1.genblk1.lut1 (4 -> 3)
  Optimizing lut $abc$35333$auto$blifparse.cc:557:parse_blif$35865.genblk1.genblk1.genblk1.genblk1.genblk1.lut0 (4 -> 1)
  Optimizing lut $abc$35333$auto$blifparse.cc:557:parse_blif$35867.genblk1.genblk1.genblk1.genblk1.genblk1.lut1 (4 -> 3)
  Optimizing lut $abc$35333$auto$blifparse.cc:557:parse_blif$35867.genblk1.genblk1.genblk1.genblk1.genblk1.lut0 (4 -> 1)
  Optimizing lut $abc$35333$auto$blifparse.cc:557:parse_blif$35869.genblk1.genblk1.genblk1.genblk1.genblk1.lut1 (4 -> 3)
  Optimizing lut $abc$35333$auto$blifparse.cc:557:parse_blif$35869.genblk1.genblk1.genblk1.genblk1.genblk1.lut0 (4 -> 1)
  Optimizing lut $abc$35333$auto$blifparse.cc:557:parse_blif$35871.genblk1.genblk1.genblk1.genblk1.genblk1.lut1 (4 -> 3)
  Optimizing lut $abc$35333$auto$blifparse.cc:557:parse_blif$35871.genblk1.genblk1.genblk1.genblk1.genblk1.lut0 (4 -> 1)
  Optimizing lut $abc$35333$auto$blifparse.cc:557:parse_blif$35873.genblk1.genblk1.genblk1.genblk1.genblk1.lut1 (4 -> 3)
  Optimizing lut $abc$35333$auto$blifparse.cc:557:parse_blif$35873.genblk1.genblk1.genblk1.genblk1.genblk1.lut0 (4 -> 1)
  Optimizing lut $abc$35333$auto$blifparse.cc:557:parse_blif$35875.genblk1.genblk1.genblk1.genblk1.genblk1.lut1 (4 -> 3)
  Optimizing lut $abc$35333$auto$blifparse.cc:557:parse_blif$35875.genblk1.genblk1.genblk1.genblk1.genblk1.lut0 (4 -> 1)
  Optimizing lut $abc$35333$auto$blifparse.cc:557:parse_blif$35877.genblk1.genblk1.genblk1.genblk1.genblk1.lut1 (4 -> 3)
  Optimizing lut $abc$35333$auto$blifparse.cc:557:parse_blif$35877.genblk1.genblk1.genblk1.genblk1.genblk1.lut0 (4 -> 1)
  Optimizing lut $abc$35333$auto$blifparse.cc:557:parse_blif$35879.genblk1.genblk1.genblk1.genblk1.genblk1.lut1 (4 -> 3)
  Optimizing lut $abc$35333$auto$blifparse.cc:557:parse_blif$35879.genblk1.genblk1.genblk1.genblk1.genblk1.lut0 (4 -> 1)
  Optimizing lut $abc$35333$auto$blifparse.cc:557:parse_blif$35881.genblk1.genblk1.genblk1.genblk1.genblk1.lut1 (4 -> 3)
  Optimizing lut $abc$35333$auto$blifparse.cc:557:parse_blif$35881.genblk1.genblk1.genblk1.genblk1.genblk1.lut0 (4 -> 1)
  Optimizing lut $abc$35333$auto$blifparse.cc:557:parse_blif$35883.genblk1.genblk1.genblk1.genblk1.genblk1.lut1 (4 -> 3)
  Optimizing lut $abc$35333$auto$blifparse.cc:557:parse_blif$35883.genblk1.genblk1.genblk1.genblk1.genblk1.lut0 (4 -> 1)
  Optimizing lut $abc$35333$auto$blifparse.cc:557:parse_blif$35885.genblk1.genblk1.genblk1.genblk1.genblk1.lut1 (4 -> 3)
  Optimizing lut $abc$35333$auto$blifparse.cc:557:parse_blif$35885.genblk1.genblk1.genblk1.genblk1.genblk1.lut0 (4 -> 1)
  Optimizing lut $abc$35333$auto$blifparse.cc:557:parse_blif$35887.genblk1.genblk1.genblk1.genblk1.genblk1.lut1 (4 -> 3)
  Optimizing lut $abc$35333$auto$blifparse.cc:557:parse_blif$35887.genblk1.genblk1.genblk1.genblk1.genblk1.lut0 (4 -> 1)
  Optimizing lut $abc$35333$auto$blifparse.cc:557:parse_blif$35893.genblk1.genblk1.genblk1.genblk1.genblk1.lut1 (4 -> 3)
  Optimizing lut $abc$35333$auto$blifparse.cc:557:parse_blif$35893.genblk1.genblk1.genblk1.genblk1.genblk1.lut0 (4 -> 1)
  Optimizing lut $abc$35333$auto$blifparse.cc:557:parse_blif$35895.genblk1.genblk1.genblk1.genblk1.genblk1.lut1 (4 -> 3)
  Optimizing lut $abc$35333$auto$blifparse.cc:557:parse_blif$35895.genblk1.genblk1.genblk1.genblk1.genblk1.lut0 (4 -> 1)
  Optimizing lut $abc$35333$auto$blifparse.cc:557:parse_blif$35897.genblk1.genblk1.genblk1.genblk1.genblk1.lut1 (4 -> 3)
  Optimizing lut $abc$35333$auto$blifparse.cc:557:parse_blif$35897.genblk1.genblk1.genblk1.genblk1.genblk1.lut0 (4 -> 1)
  Optimizing lut $abc$35333$auto$blifparse.cc:557:parse_blif$35899.genblk1.genblk1.genblk1.genblk1.genblk1.lut1 (4 -> 3)
  Optimizing lut $abc$35333$auto$blifparse.cc:557:parse_blif$35899.genblk1.genblk1.genblk1.genblk1.genblk1.lut0 (4 -> 1)
  Optimizing lut $abc$35333$auto$blifparse.cc:557:parse_blif$35901.genblk1.genblk1.genblk1.genblk1.genblk1.lut1 (4 -> 3)
  Optimizing lut $abc$35333$auto$blifparse.cc:557:parse_blif$35901.genblk1.genblk1.genblk1.genblk1.genblk1.lut0 (4 -> 1)
  Optimizing lut $abc$35333$auto$blifparse.cc:557:parse_blif$35903.genblk1.genblk1.genblk1.genblk1.genblk1.lut1 (4 -> 3)
  Optimizing lut $abc$35333$auto$blifparse.cc:557:parse_blif$35903.genblk1.genblk1.genblk1.genblk1.genblk1.lut0 (4 -> 1)
  Optimizing lut $abc$35333$auto$blifparse.cc:557:parse_blif$35905.genblk1.genblk1.genblk1.genblk1.genblk1.lut1 (4 -> 3)
  Optimizing lut $abc$35333$auto$blifparse.cc:557:parse_blif$35905.genblk1.genblk1.genblk1.genblk1.genblk1.lut0 (4 -> 1)
  Optimizing lut $abc$35333$auto$blifparse.cc:557:parse_blif$35907.genblk1.genblk1.genblk1.genblk1.genblk1.lut1 (4 -> 3)
  Optimizing lut $abc$35333$auto$blifparse.cc:557:parse_blif$35907.genblk1.genblk1.genblk1.genblk1.genblk1.lut0 (4 -> 1)
  Optimizing lut $abc$35333$auto$blifparse.cc:557:parse_blif$35909.genblk1.genblk1.genblk1.genblk1.genblk1.lut1 (4 -> 3)
  Optimizing lut $abc$35333$auto$blifparse.cc:557:parse_blif$35909.genblk1.genblk1.genblk1.genblk1.genblk1.lut0 (4 -> 1)
  Optimizing lut $abc$35333$auto$blifparse.cc:557:parse_blif$35911.genblk1.genblk1.genblk1.genblk1.genblk1.lut1 (4 -> 3)
  Optimizing lut $abc$35333$auto$blifparse.cc:557:parse_blif$35911.genblk1.genblk1.genblk1.genblk1.genblk1.lut0 (4 -> 1)
  Optimizing lut $abc$35333$auto$blifparse.cc:557:parse_blif$35913.genblk1.genblk1.genblk1.genblk1.genblk1.lut1 (4 -> 3)
  Optimizing lut $abc$35333$auto$blifparse.cc:557:parse_blif$35913.genblk1.genblk1.genblk1.genblk1.genblk1.lut0 (4 -> 1)
  Optimizing lut $abc$35333$auto$blifparse.cc:557:parse_blif$35915.genblk1.genblk1.genblk1.genblk1.genblk1.lut1 (4 -> 3)
  Optimizing lut $abc$35333$auto$blifparse.cc:557:parse_blif$35915.genblk1.genblk1.genblk1.genblk1.genblk1.lut0 (4 -> 1)
  Optimizing lut $abc$35333$auto$blifparse.cc:557:parse_blif$35917.genblk1.genblk1.genblk1.genblk1.genblk1.lut1 (4 -> 3)
  Optimizing lut $abc$35333$auto$blifparse.cc:557:parse_blif$35917.genblk1.genblk1.genblk1.genblk1.genblk1.lut0 (4 -> 1)
  Optimizing lut $abc$35333$auto$blifparse.cc:557:parse_blif$35919.genblk1.genblk1.genblk1.genblk1.genblk1.lut1 (4 -> 3)
  Optimizing lut $abc$35333$auto$blifparse.cc:557:parse_blif$35919.genblk1.genblk1.genblk1.genblk1.genblk1.lut0 (4 -> 1)
  Optimizing lut $abc$35333$auto$blifparse.cc:557:parse_blif$35921.genblk1.genblk1.genblk1.genblk1.genblk1.lut1 (4 -> 3)
  Optimizing lut $abc$35333$auto$blifparse.cc:557:parse_blif$35921.genblk1.genblk1.genblk1.genblk1.genblk1.lut0 (4 -> 1)
  Optimizing lut $abc$35333$auto$blifparse.cc:557:parse_blif$35923.genblk1.genblk1.genblk1.genblk1.genblk1.lut1 (4 -> 3)
  Optimizing lut $abc$35333$auto$blifparse.cc:557:parse_blif$35923.genblk1.genblk1.genblk1.genblk1.genblk1.lut0 (4 -> 1)
  Optimizing lut $abc$35333$auto$blifparse.cc:557:parse_blif$35925.genblk1.genblk1.genblk1.genblk1.genblk1.lut1 (4 -> 3)
  Optimizing lut $abc$35333$auto$blifparse.cc:557:parse_blif$35925.genblk1.genblk1.genblk1.genblk1.genblk1.lut0 (4 -> 1)
  Optimizing lut $abc$35333$auto$blifparse.cc:557:parse_blif$35927.genblk1.genblk1.genblk1.genblk1.genblk1.lut1 (4 -> 3)
  Optimizing lut $abc$35333$auto$blifparse.cc:557:parse_blif$35927.genblk1.genblk1.genblk1.genblk1.genblk1.lut0 (4 -> 1)
  Optimizing lut $abc$35333$auto$blifparse.cc:557:parse_blif$35929.genblk1.genblk1.genblk1.genblk1.genblk1.lut1 (4 -> 3)
  Optimizing lut $abc$35333$auto$blifparse.cc:557:parse_blif$35929.genblk1.genblk1.genblk1.genblk1.genblk1.lut0 (4 -> 1)
  Optimizing lut $abc$35333$auto$blifparse.cc:557:parse_blif$35931.genblk1.genblk1.genblk1.genblk1.genblk1.lut1 (4 -> 3)
  Optimizing lut $abc$35333$auto$blifparse.cc:557:parse_blif$35931.genblk1.genblk1.genblk1.genblk1.genblk1.lut0 (4 -> 1)
  Optimizing lut $abc$35333$auto$blifparse.cc:557:parse_blif$35933.genblk1.genblk1.genblk1.genblk1.genblk1.lut1 (4 -> 3)
  Optimizing lut $abc$35333$auto$blifparse.cc:557:parse_blif$35933.genblk1.genblk1.genblk1.genblk1.genblk1.lut0 (4 -> 1)
  Optimizing lut $abc$35333$auto$blifparse.cc:557:parse_blif$35935.genblk1.genblk1.genblk1.genblk1.genblk1.lut1 (4 -> 3)
  Optimizing lut $abc$35333$auto$blifparse.cc:557:parse_blif$35935.genblk1.genblk1.genblk1.genblk1.genblk1.lut0 (4 -> 1)
  Optimizing lut $abc$35333$auto$blifparse.cc:557:parse_blif$35937.genblk1.genblk1.genblk1.genblk1.genblk1.lut1 (4 -> 3)
  Optimizing lut $abc$35333$auto$blifparse.cc:557:parse_blif$35937.genblk1.genblk1.genblk1.genblk1.genblk1.lut0 (4 -> 1)
  Optimizing lut $abc$35333$auto$blifparse.cc:557:parse_blif$35939.genblk1.genblk1.genblk1.genblk1.genblk1.lut1 (4 -> 3)
  Optimizing lut $abc$35333$auto$blifparse.cc:557:parse_blif$35939.genblk1.genblk1.genblk1.genblk1.genblk1.lut0 (4 -> 1)
  Optimizing lut $abc$35333$auto$blifparse.cc:557:parse_blif$35941.genblk1.genblk1.genblk1.genblk1.genblk1.lut1 (4 -> 3)
  Optimizing lut $abc$35333$auto$blifparse.cc:557:parse_blif$35941.genblk1.genblk1.genblk1.genblk1.genblk1.lut0 (4 -> 1)
  Optimizing lut $abc$35333$auto$blifparse.cc:557:parse_blif$35943.genblk1.genblk1.genblk1.genblk1.genblk1.lut1 (4 -> 3)
  Optimizing lut $abc$35333$auto$blifparse.cc:557:parse_blif$35943.genblk1.genblk1.genblk1.genblk1.genblk1.lut0 (4 -> 1)
  Optimizing lut $abc$35333$auto$blifparse.cc:557:parse_blif$35945.genblk1.genblk1.genblk1.genblk1.genblk1.lut1 (4 -> 3)
  Optimizing lut $abc$35333$auto$blifparse.cc:557:parse_blif$35945.genblk1.genblk1.genblk1.genblk1.genblk1.lut0 (4 -> 1)
  Optimizing lut $abc$35333$auto$blifparse.cc:557:parse_blif$35947.genblk1.genblk1.genblk1.genblk1.genblk1.lut1 (4 -> 3)
  Optimizing lut $abc$35333$auto$blifparse.cc:557:parse_blif$35947.genblk1.genblk1.genblk1.genblk1.genblk1.lut0 (4 -> 1)
  Optimizing lut $abc$35333$auto$blifparse.cc:557:parse_blif$35949.genblk1.genblk1.genblk1.genblk1.genblk1.lut1 (4 -> 3)
  Optimizing lut $abc$35333$auto$blifparse.cc:557:parse_blif$35949.genblk1.genblk1.genblk1.genblk1.genblk1.lut0 (4 -> 1)
  Optimizing lut $abc$35333$auto$blifparse.cc:557:parse_blif$35951.genblk1.genblk1.genblk1.genblk1.genblk1.lut1 (4 -> 3)
  Optimizing lut $abc$35333$auto$blifparse.cc:557:parse_blif$35951.genblk1.genblk1.genblk1.genblk1.genblk1.lut0 (4 -> 1)
  Optimizing lut $abc$35333$auto$blifparse.cc:557:parse_blif$35953.genblk1.genblk1.genblk1.genblk1.genblk1.lut1 (4 -> 3)
  Optimizing lut $abc$35333$auto$blifparse.cc:557:parse_blif$35953.genblk1.genblk1.genblk1.genblk1.genblk1.lut0 (4 -> 1)
  Optimizing lut $abc$35333$auto$blifparse.cc:557:parse_blif$35955.genblk1.genblk1.genblk1.genblk1.genblk1.lut1 (4 -> 3)
  Optimizing lut $abc$35333$auto$blifparse.cc:557:parse_blif$35955.genblk1.genblk1.genblk1.genblk1.genblk1.lut0 (4 -> 1)
  Optimizing lut $abc$35333$auto$blifparse.cc:557:parse_blif$35957.genblk1.genblk1.genblk1.genblk1.genblk1.lut1 (4 -> 3)
  Optimizing lut $abc$35333$auto$blifparse.cc:557:parse_blif$35957.genblk1.genblk1.genblk1.genblk1.genblk1.lut0 (4 -> 1)
  Optimizing lut $abc$35333$auto$blifparse.cc:557:parse_blif$35963.genblk1.genblk1.genblk1.genblk1.genblk1.lut1 (4 -> 3)
  Optimizing lut $abc$35333$auto$blifparse.cc:557:parse_blif$35963.genblk1.genblk1.genblk1.genblk1.genblk1.lut0 (4 -> 1)
  Optimizing lut $abc$35333$auto$blifparse.cc:557:parse_blif$35965.genblk1.genblk1.genblk1.genblk1.genblk1.lut1 (4 -> 3)
  Optimizing lut $abc$35333$auto$blifparse.cc:557:parse_blif$35965.genblk1.genblk1.genblk1.genblk1.genblk1.lut0 (4 -> 1)
  Optimizing lut $abc$35333$auto$blifparse.cc:557:parse_blif$35967.genblk1.genblk1.genblk1.genblk1.genblk1.lut1 (4 -> 3)
  Optimizing lut $abc$35333$auto$blifparse.cc:557:parse_blif$35967.genblk1.genblk1.genblk1.genblk1.genblk1.lut0 (4 -> 1)
  Optimizing lut $abc$35333$auto$blifparse.cc:557:parse_blif$35969.genblk1.genblk1.genblk1.genblk1.genblk1.lut1 (4 -> 3)
  Optimizing lut $abc$35333$auto$blifparse.cc:557:parse_blif$35969.genblk1.genblk1.genblk1.genblk1.genblk1.lut0 (4 -> 1)
  Optimizing lut $abc$35333$auto$blifparse.cc:557:parse_blif$35971.genblk1.genblk1.genblk1.genblk1.genblk1.lut1 (4 -> 3)
  Optimizing lut $abc$35333$auto$blifparse.cc:557:parse_blif$35971.genblk1.genblk1.genblk1.genblk1.genblk1.lut0 (4 -> 1)
  Optimizing lut $abc$35333$auto$blifparse.cc:557:parse_blif$35973.genblk1.genblk1.genblk1.genblk1.genblk1.lut1 (4 -> 3)
  Optimizing lut $abc$35333$auto$blifparse.cc:557:parse_blif$35973.genblk1.genblk1.genblk1.genblk1.genblk1.lut0 (4 -> 1)
  Optimizing lut $abc$35333$auto$blifparse.cc:557:parse_blif$35975.genblk1.genblk1.genblk1.genblk1.genblk1.lut1 (4 -> 3)
  Optimizing lut $abc$35333$auto$blifparse.cc:557:parse_blif$35975.genblk1.genblk1.genblk1.genblk1.genblk1.lut0 (4 -> 1)
  Optimizing lut $abc$35333$auto$blifparse.cc:557:parse_blif$35977.genblk1.genblk1.genblk1.genblk1.genblk1.lut1 (4 -> 3)
  Optimizing lut $abc$35333$auto$blifparse.cc:557:parse_blif$35977.genblk1.genblk1.genblk1.genblk1.genblk1.lut0 (4 -> 1)
  Optimizing lut $abc$35333$auto$blifparse.cc:557:parse_blif$35979.genblk1.genblk1.genblk1.genblk1.genblk1.lut1 (4 -> 3)
  Optimizing lut $abc$35333$auto$blifparse.cc:557:parse_blif$35979.genblk1.genblk1.genblk1.genblk1.genblk1.lut0 (4 -> 1)
  Optimizing lut $abc$35333$auto$blifparse.cc:557:parse_blif$35981.genblk1.genblk1.genblk1.genblk1.genblk1.lut1 (4 -> 3)
  Optimizing lut $abc$35333$auto$blifparse.cc:557:parse_blif$35981.genblk1.genblk1.genblk1.genblk1.genblk1.lut0 (4 -> 1)
  Optimizing lut $abc$35333$auto$blifparse.cc:557:parse_blif$35983.genblk1.genblk1.genblk1.genblk1.genblk1.lut1 (4 -> 3)
  Optimizing lut $abc$35333$auto$blifparse.cc:557:parse_blif$35983.genblk1.genblk1.genblk1.genblk1.genblk1.lut0 (4 -> 1)
  Optimizing lut $abc$35333$auto$blifparse.cc:557:parse_blif$35985.genblk1.genblk1.genblk1.genblk1.genblk1.lut1 (4 -> 3)
  Optimizing lut $abc$35333$auto$blifparse.cc:557:parse_blif$35985.genblk1.genblk1.genblk1.genblk1.genblk1.lut0 (4 -> 1)
  Optimizing lut $abc$35333$auto$blifparse.cc:557:parse_blif$35987.genblk1.genblk1.genblk1.genblk1.genblk1.lut1 (4 -> 3)
  Optimizing lut $abc$35333$auto$blifparse.cc:557:parse_blif$35987.genblk1.genblk1.genblk1.genblk1.genblk1.lut0 (4 -> 1)
  Optimizing lut $abc$35333$auto$blifparse.cc:557:parse_blif$35989.genblk1.genblk1.genblk1.genblk1.genblk1.lut1 (4 -> 3)
  Optimizing lut $abc$35333$auto$blifparse.cc:557:parse_blif$35989.genblk1.genblk1.genblk1.genblk1.genblk1.lut0 (4 -> 1)
  Optimizing lut $abc$35333$auto$blifparse.cc:557:parse_blif$35991.genblk1.genblk1.genblk1.genblk1.genblk1.lut1 (4 -> 3)
  Optimizing lut $abc$35333$auto$blifparse.cc:557:parse_blif$35991.genblk1.genblk1.genblk1.genblk1.genblk1.lut0 (4 -> 1)
  Optimizing lut $abc$35333$auto$blifparse.cc:557:parse_blif$35993.genblk1.genblk1.genblk1.genblk1.genblk1.lut1 (4 -> 3)
  Optimizing lut $abc$35333$auto$blifparse.cc:557:parse_blif$35993.genblk1.genblk1.genblk1.genblk1.genblk1.lut0 (4 -> 1)
  Optimizing lut $abc$35333$auto$blifparse.cc:557:parse_blif$35995.genblk1.genblk1.genblk1.genblk1.genblk1.lut1 (4 -> 3)
  Optimizing lut $abc$35333$auto$blifparse.cc:557:parse_blif$35995.genblk1.genblk1.genblk1.genblk1.genblk1.lut0 (4 -> 1)
  Optimizing lut $abc$35333$auto$blifparse.cc:557:parse_blif$35997.genblk1.genblk1.genblk1.genblk1.genblk1.lut1 (4 -> 3)
  Optimizing lut $abc$35333$auto$blifparse.cc:557:parse_blif$35997.genblk1.genblk1.genblk1.genblk1.genblk1.lut0 (4 -> 1)
  Optimizing lut $abc$35333$auto$blifparse.cc:557:parse_blif$35999.genblk1.genblk1.genblk1.genblk1.genblk1.lut1 (4 -> 3)
  Optimizing lut $abc$35333$auto$blifparse.cc:557:parse_blif$35999.genblk1.genblk1.genblk1.genblk1.genblk1.lut0 (4 -> 1)
  Optimizing lut $abc$35333$auto$blifparse.cc:557:parse_blif$36001.genblk1.genblk1.genblk1.genblk1.genblk1.lut1 (4 -> 3)
  Optimizing lut $abc$35333$auto$blifparse.cc:557:parse_blif$36001.genblk1.genblk1.genblk1.genblk1.genblk1.lut0 (4 -> 1)
  Optimizing lut $abc$35333$auto$blifparse.cc:557:parse_blif$36003.genblk1.genblk1.genblk1.genblk1.genblk1.lut1 (4 -> 3)
  Optimizing lut $abc$35333$auto$blifparse.cc:557:parse_blif$36003.genblk1.genblk1.genblk1.genblk1.genblk1.lut0 (4 -> 1)
  Optimizing lut $abc$35333$auto$blifparse.cc:557:parse_blif$36005.genblk1.genblk1.genblk1.genblk1.genblk1.lut1 (4 -> 3)
  Optimizing lut $abc$35333$auto$blifparse.cc:557:parse_blif$36005.genblk1.genblk1.genblk1.genblk1.genblk1.lut0 (4 -> 1)
  Optimizing lut $abc$35333$auto$blifparse.cc:557:parse_blif$36007.genblk1.genblk1.genblk1.genblk1.genblk1.lut1 (4 -> 3)
  Optimizing lut $abc$35333$auto$blifparse.cc:557:parse_blif$36007.genblk1.genblk1.genblk1.genblk1.genblk1.lut0 (4 -> 1)
  Optimizing lut $abc$35333$auto$blifparse.cc:557:parse_blif$36009.genblk1.genblk1.genblk1.genblk1.genblk1.lut1 (4 -> 3)
  Optimizing lut $abc$35333$auto$blifparse.cc:557:parse_blif$36009.genblk1.genblk1.genblk1.genblk1.genblk1.lut0 (4 -> 1)
  Optimizing lut $abc$35333$auto$blifparse.cc:557:parse_blif$36011.genblk1.genblk1.genblk1.genblk1.genblk1.lut1 (4 -> 3)
  Optimizing lut $abc$35333$auto$blifparse.cc:557:parse_blif$36011.genblk1.genblk1.genblk1.genblk1.genblk1.lut0 (4 -> 1)
  Optimizing lut $abc$35333$auto$blifparse.cc:557:parse_blif$36013.genblk1.genblk1.genblk1.genblk1.genblk1.lut1 (4 -> 3)
  Optimizing lut $abc$35333$auto$blifparse.cc:557:parse_blif$36013.genblk1.genblk1.genblk1.genblk1.genblk1.lut0 (4 -> 1)
  Optimizing lut $abc$35333$auto$blifparse.cc:557:parse_blif$36015.genblk1.genblk1.genblk1.genblk1.genblk1.lut1 (4 -> 3)
  Optimizing lut $abc$35333$auto$blifparse.cc:557:parse_blif$36015.genblk1.genblk1.genblk1.genblk1.genblk1.lut0 (4 -> 1)
  Optimizing lut $abc$35333$auto$blifparse.cc:557:parse_blif$36017.genblk1.genblk1.genblk1.genblk1.genblk1.lut1 (4 -> 3)
  Optimizing lut $abc$35333$auto$blifparse.cc:557:parse_blif$36017.genblk1.genblk1.genblk1.genblk1.genblk1.lut0 (4 -> 1)
  Optimizing lut $abc$35333$auto$blifparse.cc:557:parse_blif$36019.genblk1.genblk1.genblk1.genblk1.genblk1.lut1 (4 -> 3)
  Optimizing lut $abc$35333$auto$blifparse.cc:557:parse_blif$36019.genblk1.genblk1.genblk1.genblk1.genblk1.lut0 (4 -> 1)
  Optimizing lut $abc$35333$auto$blifparse.cc:557:parse_blif$36021.genblk1.genblk1.genblk1.genblk1.genblk1.lut1 (4 -> 3)
  Optimizing lut $abc$35333$auto$blifparse.cc:557:parse_blif$36021.genblk1.genblk1.genblk1.genblk1.genblk1.lut0 (4 -> 1)
  Optimizing lut $abc$35333$auto$blifparse.cc:557:parse_blif$36023.genblk1.genblk1.genblk1.genblk1.genblk1.lut1 (4 -> 3)
  Optimizing lut $abc$35333$auto$blifparse.cc:557:parse_blif$36023.genblk1.genblk1.genblk1.genblk1.genblk1.lut0 (4 -> 1)
  Optimizing lut $abc$35333$auto$blifparse.cc:557:parse_blif$36025.genblk1.genblk1.genblk1.genblk1.genblk1.lut1 (4 -> 3)
  Optimizing lut $abc$35333$auto$blifparse.cc:557:parse_blif$36025.genblk1.genblk1.genblk1.genblk1.genblk1.lut0 (4 -> 1)
  Optimizing lut $abc$35333$auto$blifparse.cc:557:parse_blif$36027.genblk1.genblk1.genblk1.genblk1.genblk1.lut1 (4 -> 3)
  Optimizing lut $abc$35333$auto$blifparse.cc:557:parse_blif$36027.genblk1.genblk1.genblk1.genblk1.genblk1.lut0 (4 -> 1)
  Optimizing lut $abc$35333$auto$blifparse.cc:557:parse_blif$36029.genblk1.genblk1.genblk1.genblk1.genblk1.lut1 (4 -> 3)
  Optimizing lut $abc$35333$auto$blifparse.cc:557:parse_blif$36029.genblk1.genblk1.genblk1.genblk1.genblk1.lut0 (4 -> 1)
  Optimizing lut $abc$35333$auto$blifparse.cc:557:parse_blif$36031.genblk1.genblk1.genblk1.genblk1.genblk1.lut1 (4 -> 3)
  Optimizing lut $abc$35333$auto$blifparse.cc:557:parse_blif$36031.genblk1.genblk1.genblk1.genblk1.genblk1.lut0 (4 -> 1)
  Optimizing lut $abc$35333$auto$blifparse.cc:557:parse_blif$36033.genblk1.genblk1.genblk1.genblk1.genblk1.lut1 (4 -> 3)
  Optimizing lut $abc$35333$auto$blifparse.cc:557:parse_blif$36033.genblk1.genblk1.genblk1.genblk1.genblk1.lut0 (4 -> 1)
  Optimizing lut $abc$35333$auto$blifparse.cc:557:parse_blif$36035.genblk1.genblk1.genblk1.genblk1.genblk1.lut1 (4 -> 3)
  Optimizing lut $abc$35333$auto$blifparse.cc:557:parse_blif$36035.genblk1.genblk1.genblk1.genblk1.genblk1.lut0 (4 -> 1)
  Optimizing lut $abc$35333$auto$blifparse.cc:557:parse_blif$36037.genblk1.genblk1.genblk1.genblk1.genblk1.lut1 (4 -> 3)
  Optimizing lut $abc$35333$auto$blifparse.cc:557:parse_blif$36037.genblk1.genblk1.genblk1.genblk1.genblk1.lut0 (4 -> 1)
  Optimizing lut $abc$35333$auto$blifparse.cc:557:parse_blif$36039.genblk1.genblk1.genblk1.genblk1.genblk1.lut1 (4 -> 3)
  Optimizing lut $abc$35333$auto$blifparse.cc:557:parse_blif$36039.genblk1.genblk1.genblk1.genblk1.genblk1.lut0 (4 -> 1)
  Optimizing lut $abc$35333$auto$blifparse.cc:557:parse_blif$36041.genblk1.genblk1.genblk1.genblk1.genblk1.lut1 (4 -> 3)
  Optimizing lut $abc$35333$auto$blifparse.cc:557:parse_blif$36041.genblk1.genblk1.genblk1.genblk1.genblk1.lut0 (4 -> 1)
  Optimizing lut $abc$35333$auto$blifparse.cc:557:parse_blif$36043.genblk1.genblk1.genblk1.genblk1.genblk1.lut1 (4 -> 3)
  Optimizing lut $abc$35333$auto$blifparse.cc:557:parse_blif$36043.genblk1.genblk1.genblk1.genblk1.genblk1.lut0 (4 -> 1)
  Optimizing lut $abc$35333$auto$blifparse.cc:557:parse_blif$36045.genblk1.genblk1.genblk1.genblk1.genblk1.lut1 (4 -> 3)
  Optimizing lut $abc$35333$auto$blifparse.cc:557:parse_blif$36045.genblk1.genblk1.genblk1.genblk1.genblk1.lut0 (4 -> 1)
  Optimizing lut $abc$35333$auto$blifparse.cc:557:parse_blif$36047.genblk1.genblk1.genblk1.genblk1.genblk1.lut1 (4 -> 3)
  Optimizing lut $abc$35333$auto$blifparse.cc:557:parse_blif$36047.genblk1.genblk1.genblk1.genblk1.genblk1.lut0 (4 -> 1)
  Optimizing lut $abc$35333$auto$blifparse.cc:557:parse_blif$36049.genblk1.genblk1.genblk1.genblk1.genblk1.lut1 (4 -> 3)
  Optimizing lut $abc$35333$auto$blifparse.cc:557:parse_blif$36049.genblk1.genblk1.genblk1.genblk1.genblk1.lut0 (4 -> 1)
  Optimizing lut $abc$35333$auto$blifparse.cc:557:parse_blif$36051.genblk1.genblk1.genblk1.genblk1.genblk1.lut1 (4 -> 3)
  Optimizing lut $abc$35333$auto$blifparse.cc:557:parse_blif$36051.genblk1.genblk1.genblk1.genblk1.genblk1.lut0 (4 -> 1)
  Optimizing lut $abc$35333$auto$blifparse.cc:557:parse_blif$36053.genblk1.genblk1.genblk1.genblk1.genblk1.lut1 (4 -> 3)
  Optimizing lut $abc$35333$auto$blifparse.cc:557:parse_blif$36053.genblk1.genblk1.genblk1.genblk1.genblk1.lut0 (4 -> 1)
  Optimizing lut $abc$35333$auto$blifparse.cc:557:parse_blif$36059.genblk1.genblk1.genblk1.genblk1.genblk1.lut1 (4 -> 3)
  Optimizing lut $abc$35333$auto$blifparse.cc:557:parse_blif$36059.genblk1.genblk1.genblk1.genblk1.genblk1.lut0 (4 -> 1)
  Optimizing lut $abc$35333$auto$blifparse.cc:557:parse_blif$36061.genblk1.genblk1.genblk1.genblk1.genblk1.lut1 (4 -> 3)
  Optimizing lut $abc$35333$auto$blifparse.cc:557:parse_blif$36061.genblk1.genblk1.genblk1.genblk1.genblk1.lut0 (4 -> 1)
  Optimizing lut $abc$35333$auto$blifparse.cc:557:parse_blif$36063.genblk1.genblk1.genblk1.genblk1.genblk1.lut1 (4 -> 3)
  Optimizing lut $abc$35333$auto$blifparse.cc:557:parse_blif$36063.genblk1.genblk1.genblk1.genblk1.genblk1.lut0 (4 -> 1)
  Optimizing lut $abc$35333$auto$blifparse.cc:557:parse_blif$36065.genblk1.genblk1.genblk1.genblk1.genblk1.lut1 (4 -> 3)
  Optimizing lut $abc$35333$auto$blifparse.cc:557:parse_blif$36065.genblk1.genblk1.genblk1.genblk1.genblk1.lut0 (4 -> 1)
  Optimizing lut $abc$35333$auto$blifparse.cc:557:parse_blif$36067.genblk1.genblk1.genblk1.genblk1.genblk1.lut1 (4 -> 3)
  Optimizing lut $abc$35333$auto$blifparse.cc:557:parse_blif$36067.genblk1.genblk1.genblk1.genblk1.genblk1.lut0 (4 -> 1)
  Optimizing lut $abc$35333$auto$blifparse.cc:557:parse_blif$36069.genblk1.genblk1.genblk1.genblk1.genblk1.lut1 (4 -> 3)
  Optimizing lut $abc$35333$auto$blifparse.cc:557:parse_blif$36069.genblk1.genblk1.genblk1.genblk1.genblk1.lut0 (4 -> 1)
  Optimizing lut $abc$35333$auto$blifparse.cc:557:parse_blif$36071.genblk1.genblk1.genblk1.genblk1.genblk1.lut1 (4 -> 3)
  Optimizing lut $abc$35333$auto$blifparse.cc:557:parse_blif$36071.genblk1.genblk1.genblk1.genblk1.genblk1.lut0 (4 -> 1)
  Optimizing lut $abc$35333$auto$blifparse.cc:557:parse_blif$36075.genblk1.genblk1.genblk1.genblk1.genblk1.lut1 (4 -> 3)
  Optimizing lut $abc$35333$auto$blifparse.cc:557:parse_blif$36075.genblk1.genblk1.genblk1.genblk1.genblk1.lut0 (4 -> 1)
  Optimizing lut $abc$35333$auto$blifparse.cc:557:parse_blif$36079.genblk1.genblk1.genblk1.genblk1.genblk1.lut1 (4 -> 3)
  Optimizing lut $abc$35333$auto$blifparse.cc:557:parse_blif$36079.genblk1.genblk1.genblk1.genblk1.genblk1.lut0 (4 -> 1)
  Optimizing lut $abc$35333$auto$blifparse.cc:557:parse_blif$36081.genblk1.genblk1.genblk1.genblk1.genblk1.lut1 (4 -> 3)
  Optimizing lut $abc$35333$auto$blifparse.cc:557:parse_blif$36081.genblk1.genblk1.genblk1.genblk1.genblk1.lut0 (4 -> 1)
  Optimizing lut $abc$35333$auto$blifparse.cc:557:parse_blif$36083.genblk1.genblk1.genblk1.genblk1.genblk1.lut1 (4 -> 3)
  Optimizing lut $abc$35333$auto$blifparse.cc:557:parse_blif$36083.genblk1.genblk1.genblk1.genblk1.genblk1.lut0 (4 -> 1)
  Optimizing lut $abc$35333$auto$blifparse.cc:557:parse_blif$36085.genblk1.genblk1.genblk1.genblk1.genblk1.lut1 (4 -> 3)
  Optimizing lut $abc$35333$auto$blifparse.cc:557:parse_blif$36085.genblk1.genblk1.genblk1.genblk1.genblk1.lut0 (4 -> 1)
  Optimizing lut $abc$35333$auto$blifparse.cc:557:parse_blif$36087.genblk1.genblk1.genblk1.genblk1.genblk1.lut1 (4 -> 3)
  Optimizing lut $abc$35333$auto$blifparse.cc:557:parse_blif$36087.genblk1.genblk1.genblk1.genblk1.genblk1.lut0 (4 -> 1)
  Optimizing lut $abc$35333$auto$blifparse.cc:557:parse_blif$36089.genblk1.genblk1.genblk1.genblk1.genblk1.lut1 (4 -> 3)
  Optimizing lut $abc$35333$auto$blifparse.cc:557:parse_blif$36089.genblk1.genblk1.genblk1.genblk1.genblk1.lut0 (4 -> 1)
  Optimizing lut $abc$35333$auto$blifparse.cc:557:parse_blif$36091.genblk1.genblk1.genblk1.genblk1.genblk1.lut1 (4 -> 3)
  Optimizing lut $abc$35333$auto$blifparse.cc:557:parse_blif$36091.genblk1.genblk1.genblk1.genblk1.genblk1.lut0 (4 -> 1)
  Optimizing lut $abc$35333$auto$blifparse.cc:557:parse_blif$36093.genblk1.genblk1.genblk1.genblk1.genblk1.lut1 (4 -> 3)
  Optimizing lut $abc$35333$auto$blifparse.cc:557:parse_blif$36093.genblk1.genblk1.genblk1.genblk1.genblk1.lut0 (4 -> 1)
  Optimizing lut $abc$35333$auto$blifparse.cc:557:parse_blif$36095.genblk1.genblk1.genblk1.genblk1.genblk1.lut1 (4 -> 3)
  Optimizing lut $abc$35333$auto$blifparse.cc:557:parse_blif$36095.genblk1.genblk1.genblk1.genblk1.genblk1.lut0 (4 -> 1)
  Optimizing lut $abc$35333$auto$blifparse.cc:557:parse_blif$36097.genblk1.genblk1.genblk1.genblk1.genblk1.lut1 (4 -> 3)
  Optimizing lut $abc$35333$auto$blifparse.cc:557:parse_blif$36097.genblk1.genblk1.genblk1.genblk1.genblk1.lut0 (4 -> 1)
  Optimizing lut $abc$35333$auto$blifparse.cc:557:parse_blif$36099.genblk1.genblk1.genblk1.genblk1.genblk1.lut1 (4 -> 3)
  Optimizing lut $abc$35333$auto$blifparse.cc:557:parse_blif$36099.genblk1.genblk1.genblk1.genblk1.genblk1.lut0 (4 -> 1)
  Optimizing lut $abc$35333$auto$blifparse.cc:557:parse_blif$36101.genblk1.genblk1.genblk1.genblk1.genblk1.lut1 (4 -> 3)
  Optimizing lut $abc$35333$auto$blifparse.cc:557:parse_blif$36101.genblk1.genblk1.genblk1.genblk1.genblk1.lut0 (4 -> 1)
  Optimizing lut $abc$35333$auto$blifparse.cc:557:parse_blif$36103.genblk1.genblk1.genblk1.genblk1.genblk1.lut1 (4 -> 3)
  Optimizing lut $abc$35333$auto$blifparse.cc:557:parse_blif$36103.genblk1.genblk1.genblk1.genblk1.genblk1.lut0 (4 -> 1)
  Optimizing lut $abc$35333$auto$blifparse.cc:557:parse_blif$36105.genblk1.genblk1.genblk1.genblk1.genblk1.lut1 (4 -> 3)
  Optimizing lut $abc$35333$auto$blifparse.cc:557:parse_blif$36105.genblk1.genblk1.genblk1.genblk1.genblk1.lut0 (4 -> 1)
  Optimizing lut $abc$35333$auto$blifparse.cc:557:parse_blif$36107.genblk1.genblk1.genblk1.genblk1.genblk1.lut1 (4 -> 3)
  Optimizing lut $abc$35333$auto$blifparse.cc:557:parse_blif$36107.genblk1.genblk1.genblk1.genblk1.genblk1.lut0 (4 -> 1)
  Optimizing lut $abc$35333$auto$blifparse.cc:557:parse_blif$36109.genblk1.genblk1.genblk1.genblk1.genblk1.lut1 (4 -> 3)
  Optimizing lut $abc$35333$auto$blifparse.cc:557:parse_blif$36109.genblk1.genblk1.genblk1.genblk1.genblk1.lut0 (4 -> 1)
  Optimizing lut $abc$35333$auto$blifparse.cc:557:parse_blif$36111.genblk1.genblk1.genblk1.genblk1.genblk1.lut1 (4 -> 3)
  Optimizing lut $abc$35333$auto$blifparse.cc:557:parse_blif$36111.genblk1.genblk1.genblk1.genblk1.genblk1.lut0 (4 -> 1)
  Optimizing lut $abc$35333$auto$blifparse.cc:557:parse_blif$36113.genblk1.genblk1.genblk1.genblk1.genblk1.lut1 (4 -> 3)
  Optimizing lut $abc$35333$auto$blifparse.cc:557:parse_blif$36113.genblk1.genblk1.genblk1.genblk1.genblk1.lut0 (4 -> 1)
  Optimizing lut $abc$35333$auto$blifparse.cc:557:parse_blif$36115.genblk1.genblk1.genblk1.genblk1.genblk1.lut1 (4 -> 3)
  Optimizing lut $abc$35333$auto$blifparse.cc:557:parse_blif$36115.genblk1.genblk1.genblk1.genblk1.genblk1.lut0 (4 -> 1)
  Optimizing lut $abc$35333$auto$blifparse.cc:557:parse_blif$36117.genblk1.genblk1.genblk1.genblk1.genblk1.lut1 (4 -> 3)
  Optimizing lut $abc$35333$auto$blifparse.cc:557:parse_blif$36117.genblk1.genblk1.genblk1.genblk1.genblk1.lut0 (4 -> 1)
  Optimizing lut $abc$35333$auto$blifparse.cc:557:parse_blif$36119.genblk1.genblk1.genblk1.genblk1.genblk1.lut1 (4 -> 3)
  Optimizing lut $abc$35333$auto$blifparse.cc:557:parse_blif$36119.genblk1.genblk1.genblk1.genblk1.genblk1.lut0 (4 -> 1)
  Optimizing lut $abc$35333$auto$blifparse.cc:557:parse_blif$36121.genblk1.genblk1.genblk1.genblk1.genblk1.lut1 (4 -> 3)
  Optimizing lut $abc$35333$auto$blifparse.cc:557:parse_blif$36121.genblk1.genblk1.genblk1.genblk1.genblk1.lut0 (4 -> 1)
  Optimizing lut $abc$35333$auto$blifparse.cc:557:parse_blif$36123.genblk1.genblk1.genblk1.genblk1.genblk1.lut1 (4 -> 3)
  Optimizing lut $abc$35333$auto$blifparse.cc:557:parse_blif$36123.genblk1.genblk1.genblk1.genblk1.genblk1.lut0 (4 -> 1)
  Optimizing lut $abc$35333$auto$blifparse.cc:557:parse_blif$36125.genblk1.genblk1.genblk1.genblk1.genblk1.lut1 (4 -> 3)
  Optimizing lut $abc$35333$auto$blifparse.cc:557:parse_blif$36125.genblk1.genblk1.genblk1.genblk1.genblk1.lut0 (4 -> 1)
  Optimizing lut $abc$35333$auto$blifparse.cc:557:parse_blif$36127.genblk1.genblk1.genblk1.genblk1.genblk1.lut1 (4 -> 3)
  Optimizing lut $abc$35333$auto$blifparse.cc:557:parse_blif$36127.genblk1.genblk1.genblk1.genblk1.genblk1.lut0 (4 -> 1)
  Optimizing lut $abc$35333$auto$blifparse.cc:557:parse_blif$36129.genblk1.genblk1.genblk1.genblk1.genblk1.lut1 (4 -> 3)
  Optimizing lut $abc$35333$auto$blifparse.cc:557:parse_blif$36129.genblk1.genblk1.genblk1.genblk1.genblk1.lut0 (4 -> 1)
  Optimizing lut $abc$35333$auto$blifparse.cc:557:parse_blif$36131.genblk1.genblk1.genblk1.genblk1.genblk1.lut1 (4 -> 3)
  Optimizing lut $abc$35333$auto$blifparse.cc:557:parse_blif$36131.genblk1.genblk1.genblk1.genblk1.genblk1.lut0 (4 -> 1)
  Optimizing lut $abc$35333$auto$blifparse.cc:557:parse_blif$36133.genblk1.genblk1.genblk1.genblk1.genblk1.lut1 (4 -> 3)
  Optimizing lut $abc$35333$auto$blifparse.cc:557:parse_blif$36133.genblk1.genblk1.genblk1.genblk1.genblk1.lut0 (4 -> 1)
  Optimizing lut $abc$35333$auto$blifparse.cc:557:parse_blif$36135.genblk1.genblk1.genblk1.genblk1.genblk1.lut1 (4 -> 3)
  Optimizing lut $abc$35333$auto$blifparse.cc:557:parse_blif$36135.genblk1.genblk1.genblk1.genblk1.genblk1.lut0 (4 -> 1)
  Optimizing lut $abc$35333$auto$blifparse.cc:557:parse_blif$36137.genblk1.genblk1.genblk1.genblk1.genblk1.lut1 (4 -> 3)
  Optimizing lut $abc$35333$auto$blifparse.cc:557:parse_blif$36137.genblk1.genblk1.genblk1.genblk1.genblk1.lut0 (4 -> 1)
  Optimizing lut $abc$35333$auto$blifparse.cc:557:parse_blif$36139.genblk1.genblk1.genblk1.genblk1.genblk1.lut1 (4 -> 3)
  Optimizing lut $abc$35333$auto$blifparse.cc:557:parse_blif$36139.genblk1.genblk1.genblk1.genblk1.genblk1.lut0 (4 -> 1)
  Optimizing lut $abc$35333$auto$blifparse.cc:557:parse_blif$36141.genblk1.genblk1.genblk1.genblk1.genblk1.lut1 (4 -> 3)
  Optimizing lut $abc$35333$auto$blifparse.cc:557:parse_blif$36141.genblk1.genblk1.genblk1.genblk1.genblk1.lut0 (4 -> 1)
  Optimizing lut $abc$35333$auto$blifparse.cc:557:parse_blif$36147.genblk1.genblk1.genblk1.genblk1.genblk1.lut1 (4 -> 3)
  Optimizing lut $abc$35333$auto$blifparse.cc:557:parse_blif$36147.genblk1.genblk1.genblk1.genblk1.genblk1.lut0 (4 -> 1)
  Optimizing lut $abc$35333$auto$blifparse.cc:557:parse_blif$36149.genblk1.genblk1.genblk1.genblk1.genblk1.lut1 (4 -> 3)
  Optimizing lut $abc$35333$auto$blifparse.cc:557:parse_blif$36149.genblk1.genblk1.genblk1.genblk1.genblk1.lut0 (4 -> 1)
  Optimizing lut $abc$35333$auto$blifparse.cc:557:parse_blif$36151.genblk1.genblk1.genblk1.genblk1.genblk1.lut1 (4 -> 3)
  Optimizing lut $abc$35333$auto$blifparse.cc:557:parse_blif$36151.genblk1.genblk1.genblk1.genblk1.genblk1.lut0 (4 -> 1)
  Optimizing lut $abc$35333$auto$blifparse.cc:557:parse_blif$36153.genblk1.genblk1.genblk1.genblk1.genblk1.lut1 (4 -> 3)
  Optimizing lut $abc$35333$auto$blifparse.cc:557:parse_blif$36153.genblk1.genblk1.genblk1.genblk1.genblk1.lut0 (4 -> 1)
  Optimizing lut $abc$35333$auto$blifparse.cc:557:parse_blif$36155.genblk1.genblk1.genblk1.genblk1.genblk1.lut1 (4 -> 3)
  Optimizing lut $abc$35333$auto$blifparse.cc:557:parse_blif$36155.genblk1.genblk1.genblk1.genblk1.genblk1.lut0 (4 -> 1)
  Optimizing lut $abc$35333$auto$blifparse.cc:557:parse_blif$36157.genblk1.genblk1.genblk1.genblk1.genblk1.lut1 (4 -> 3)
  Optimizing lut $abc$35333$auto$blifparse.cc:557:parse_blif$36157.genblk1.genblk1.genblk1.genblk1.genblk1.lut0 (4 -> 1)
  Optimizing lut $abc$35333$auto$blifparse.cc:557:parse_blif$36159.genblk1.genblk1.genblk1.genblk1.genblk1.lut1 (4 -> 3)
  Optimizing lut $abc$35333$auto$blifparse.cc:557:parse_blif$36159.genblk1.genblk1.genblk1.genblk1.genblk1.lut0 (4 -> 1)
  Optimizing lut $abc$35333$auto$blifparse.cc:557:parse_blif$36161.genblk1.genblk1.genblk1.genblk1.genblk1.lut1 (4 -> 3)
  Optimizing lut $abc$35333$auto$blifparse.cc:557:parse_blif$36161.genblk1.genblk1.genblk1.genblk1.genblk1.lut0 (4 -> 1)
  Optimizing lut $abc$35333$auto$blifparse.cc:557:parse_blif$36163.genblk1.genblk1.genblk1.genblk1.genblk1.lut1 (4 -> 3)
  Optimizing lut $abc$35333$auto$blifparse.cc:557:parse_blif$36163.genblk1.genblk1.genblk1.genblk1.genblk1.lut0 (4 -> 1)
  Optimizing lut $abc$35333$auto$blifparse.cc:557:parse_blif$36165.genblk1.genblk1.genblk1.genblk1.genblk1.lut1 (4 -> 3)
  Optimizing lut $abc$35333$auto$blifparse.cc:557:parse_blif$36165.genblk1.genblk1.genblk1.genblk1.genblk1.lut0 (4 -> 1)
  Optimizing lut $abc$35333$auto$blifparse.cc:557:parse_blif$36167.genblk1.genblk1.genblk1.genblk1.genblk1.lut1 (4 -> 3)
  Optimizing lut $abc$35333$auto$blifparse.cc:557:parse_blif$36167.genblk1.genblk1.genblk1.genblk1.genblk1.lut0 (4 -> 1)
  Optimizing lut $abc$35333$auto$blifparse.cc:557:parse_blif$36169.genblk1.genblk1.genblk1.genblk1.genblk1.lut1 (4 -> 3)
  Optimizing lut $abc$35333$auto$blifparse.cc:557:parse_blif$36169.genblk1.genblk1.genblk1.genblk1.genblk1.lut0 (4 -> 1)
  Optimizing lut $abc$35333$auto$blifparse.cc:557:parse_blif$36171.genblk1.genblk1.genblk1.genblk1.genblk1.lut1 (4 -> 3)
  Optimizing lut $abc$35333$auto$blifparse.cc:557:parse_blif$36171.genblk1.genblk1.genblk1.genblk1.genblk1.lut0 (4 -> 1)
  Optimizing lut $abc$35333$auto$blifparse.cc:557:parse_blif$36173.genblk1.genblk1.genblk1.genblk1.genblk1.lut1 (4 -> 3)
  Optimizing lut $abc$35333$auto$blifparse.cc:557:parse_blif$36173.genblk1.genblk1.genblk1.genblk1.genblk1.lut0 (4 -> 1)
  Optimizing lut $abc$35333$auto$blifparse.cc:557:parse_blif$36175.genblk1.genblk1.genblk1.genblk1.genblk1.lut1 (4 -> 3)
  Optimizing lut $abc$35333$auto$blifparse.cc:557:parse_blif$36175.genblk1.genblk1.genblk1.genblk1.genblk1.lut0 (4 -> 1)
  Optimizing lut $abc$35333$auto$blifparse.cc:557:parse_blif$36177.genblk1.genblk1.genblk1.genblk1.genblk1.lut1 (4 -> 3)
  Optimizing lut $abc$35333$auto$blifparse.cc:557:parse_blif$36177.genblk1.genblk1.genblk1.genblk1.genblk1.lut0 (4 -> 1)
  Optimizing lut $abc$35333$auto$blifparse.cc:557:parse_blif$36179.genblk1.genblk1.genblk1.genblk1.genblk1.lut1 (4 -> 3)
  Optimizing lut $abc$35333$auto$blifparse.cc:557:parse_blif$36179.genblk1.genblk1.genblk1.genblk1.genblk1.lut0 (4 -> 1)
  Optimizing lut $abc$35333$auto$blifparse.cc:557:parse_blif$36181.genblk1.genblk1.genblk1.genblk1.genblk1.lut1 (4 -> 3)
  Optimizing lut $abc$35333$auto$blifparse.cc:557:parse_blif$36181.genblk1.genblk1.genblk1.genblk1.genblk1.lut0 (4 -> 1)
  Optimizing lut $abc$35333$auto$blifparse.cc:557:parse_blif$36183.genblk1.genblk1.genblk1.genblk1.genblk1.lut1 (4 -> 3)
  Optimizing lut $abc$35333$auto$blifparse.cc:557:parse_blif$36183.genblk1.genblk1.genblk1.genblk1.genblk1.lut0 (4 -> 1)
  Optimizing lut $abc$35333$auto$blifparse.cc:557:parse_blif$36185.genblk1.genblk1.genblk1.genblk1.genblk1.lut1 (4 -> 3)
  Optimizing lut $abc$35333$auto$blifparse.cc:557:parse_blif$36185.genblk1.genblk1.genblk1.genblk1.genblk1.lut0 (4 -> 1)
  Optimizing lut $abc$35333$auto$blifparse.cc:557:parse_blif$36187.genblk1.genblk1.genblk1.genblk1.genblk1.lut1 (4 -> 3)
  Optimizing lut $abc$35333$auto$blifparse.cc:557:parse_blif$36187.genblk1.genblk1.genblk1.genblk1.genblk1.lut0 (4 -> 1)
  Optimizing lut $abc$35333$auto$blifparse.cc:557:parse_blif$36189.genblk1.genblk1.genblk1.genblk1.genblk1.lut1 (4 -> 3)
  Optimizing lut $abc$35333$auto$blifparse.cc:557:parse_blif$36189.genblk1.genblk1.genblk1.genblk1.genblk1.lut0 (4 -> 1)
  Optimizing lut $abc$35333$auto$blifparse.cc:557:parse_blif$36191.genblk1.genblk1.genblk1.genblk1.genblk1.lut1 (4 -> 3)
  Optimizing lut $abc$35333$auto$blifparse.cc:557:parse_blif$36191.genblk1.genblk1.genblk1.genblk1.genblk1.lut0 (4 -> 1)
  Optimizing lut $abc$35333$auto$blifparse.cc:557:parse_blif$36193.genblk1.genblk1.genblk1.genblk1.genblk1.lut1 (4 -> 3)
  Optimizing lut $abc$35333$auto$blifparse.cc:557:parse_blif$36193.genblk1.genblk1.genblk1.genblk1.genblk1.lut0 (4 -> 1)
  Optimizing lut $abc$35333$auto$blifparse.cc:557:parse_blif$36195.genblk1.genblk1.genblk1.genblk1.genblk1.lut1 (4 -> 3)
  Optimizing lut $abc$35333$auto$blifparse.cc:557:parse_blif$36195.genblk1.genblk1.genblk1.genblk1.genblk1.lut0 (4 -> 1)
  Optimizing lut $abc$35333$auto$blifparse.cc:557:parse_blif$36197.genblk1.genblk1.genblk1.genblk1.genblk1.lut1 (4 -> 3)
  Optimizing lut $abc$35333$auto$blifparse.cc:557:parse_blif$36197.genblk1.genblk1.genblk1.genblk1.genblk1.lut0 (4 -> 1)
  Optimizing lut $abc$35333$auto$blifparse.cc:557:parse_blif$36199.genblk1.genblk1.genblk1.genblk1.genblk1.lut1 (4 -> 3)
  Optimizing lut $abc$35333$auto$blifparse.cc:557:parse_blif$36199.genblk1.genblk1.genblk1.genblk1.genblk1.lut0 (4 -> 1)
  Optimizing lut $abc$35333$auto$blifparse.cc:557:parse_blif$36201.genblk1.genblk1.genblk1.genblk1.genblk1.lut1 (4 -> 3)
  Optimizing lut $abc$35333$auto$blifparse.cc:557:parse_blif$36201.genblk1.genblk1.genblk1.genblk1.genblk1.lut0 (4 -> 1)
  Optimizing lut $abc$35333$auto$blifparse.cc:557:parse_blif$36203.genblk1.genblk1.genblk1.genblk1.genblk1.lut1 (4 -> 3)
  Optimizing lut $abc$35333$auto$blifparse.cc:557:parse_blif$36203.genblk1.genblk1.genblk1.genblk1.genblk1.lut0 (4 -> 1)
  Optimizing lut $abc$35333$auto$blifparse.cc:557:parse_blif$36205.genblk1.genblk1.genblk1.genblk1.genblk1.lut1 (4 -> 3)
  Optimizing lut $abc$35333$auto$blifparse.cc:557:parse_blif$36205.genblk1.genblk1.genblk1.genblk1.genblk1.lut0 (4 -> 1)
  Optimizing lut $abc$35333$auto$blifparse.cc:557:parse_blif$36207.genblk1.genblk1.genblk1.genblk1.genblk1.lut1 (4 -> 3)
  Optimizing lut $abc$35333$auto$blifparse.cc:557:parse_blif$36207.genblk1.genblk1.genblk1.genblk1.genblk1.lut0 (4 -> 1)
  Optimizing lut $abc$35333$auto$blifparse.cc:557:parse_blif$36209.genblk1.genblk1.genblk1.genblk1.genblk1.lut1 (4 -> 3)
  Optimizing lut $abc$35333$auto$blifparse.cc:557:parse_blif$36209.genblk1.genblk1.genblk1.genblk1.genblk1.lut0 (4 -> 1)
  Optimizing lut $abc$35333$auto$blifparse.cc:557:parse_blif$36211.genblk1.genblk1.genblk1.genblk1.genblk1.lut1 (4 -> 3)
  Optimizing lut $abc$35333$auto$blifparse.cc:557:parse_blif$36211.genblk1.genblk1.genblk1.genblk1.genblk1.lut0 (4 -> 1)
  Optimizing lut $abc$35333$auto$blifparse.cc:557:parse_blif$36217.genblk1.genblk1.genblk1.genblk1.genblk1.lut1 (4 -> 3)
  Optimizing lut $abc$35333$auto$blifparse.cc:557:parse_blif$36217.genblk1.genblk1.genblk1.genblk1.genblk1.lut0 (4 -> 1)
  Optimizing lut $abc$35333$auto$blifparse.cc:557:parse_blif$36218.genblk1.genblk1.genblk1.genblk1.genblk1.lut0 (4 -> 1)
  Optimizing lut $abc$35333$auto$blifparse.cc:557:parse_blif$36222.genblk1.genblk1.genblk1.genblk1.genblk1.lut1 (4 -> 3)
  Optimizing lut $abc$35333$auto$blifparse.cc:557:parse_blif$36222.genblk1.genblk1.genblk1.genblk1.genblk1.lut0 (4 -> 1)
  Optimizing lut $abc$35333$auto$blifparse.cc:557:parse_blif$36224.genblk1.genblk1.genblk1.genblk1.genblk1.lut1 (4 -> 3)
  Optimizing lut $abc$35333$auto$blifparse.cc:557:parse_blif$36224.genblk1.genblk1.genblk1.genblk1.genblk1.lut0 (4 -> 1)
  Optimizing lut $abc$35333$auto$blifparse.cc:557:parse_blif$36226.genblk1.genblk1.genblk1.genblk1.genblk1.lut1 (4 -> 3)
  Optimizing lut $abc$35333$auto$blifparse.cc:557:parse_blif$36226.genblk1.genblk1.genblk1.genblk1.genblk1.lut0 (4 -> 1)
  Optimizing lut $abc$35333$auto$blifparse.cc:557:parse_blif$36228.genblk1.genblk1.genblk1.genblk1.genblk1.lut1 (4 -> 3)
  Optimizing lut $abc$35333$auto$blifparse.cc:557:parse_blif$36228.genblk1.genblk1.genblk1.genblk1.genblk1.lut0 (4 -> 1)
  Optimizing lut $abc$35333$auto$blifparse.cc:557:parse_blif$36230.genblk1.genblk1.genblk1.genblk1.genblk1.lut1 (4 -> 3)
  Optimizing lut $abc$35333$auto$blifparse.cc:557:parse_blif$36230.genblk1.genblk1.genblk1.genblk1.genblk1.lut0 (4 -> 1)
  Optimizing lut $abc$35333$auto$blifparse.cc:557:parse_blif$36232.genblk1.genblk1.genblk1.genblk1.genblk1.lut1 (4 -> 3)
  Optimizing lut $abc$35333$auto$blifparse.cc:557:parse_blif$36232.genblk1.genblk1.genblk1.genblk1.genblk1.lut0 (4 -> 1)
  Optimizing lut $abc$35333$auto$blifparse.cc:557:parse_blif$36234.genblk1.genblk1.genblk1.genblk1.genblk1.lut1 (4 -> 3)
  Optimizing lut $abc$35333$auto$blifparse.cc:557:parse_blif$36234.genblk1.genblk1.genblk1.genblk1.genblk1.lut0 (4 -> 1)
  Optimizing lut $abc$35333$auto$blifparse.cc:557:parse_blif$36236.genblk1.genblk1.genblk1.genblk1.genblk1.lut1 (4 -> 3)
  Optimizing lut $abc$35333$auto$blifparse.cc:557:parse_blif$36236.genblk1.genblk1.genblk1.genblk1.genblk1.lut0 (4 -> 1)
  Optimizing lut $abc$35333$auto$blifparse.cc:557:parse_blif$36238.genblk1.genblk1.genblk1.genblk1.genblk1.lut1 (4 -> 3)
  Optimizing lut $abc$35333$auto$blifparse.cc:557:parse_blif$36238.genblk1.genblk1.genblk1.genblk1.genblk1.lut0 (4 -> 1)
  Optimizing lut $abc$35333$auto$blifparse.cc:557:parse_blif$36240.genblk1.genblk1.genblk1.genblk1.genblk1.lut1 (4 -> 3)
  Optimizing lut $abc$35333$auto$blifparse.cc:557:parse_blif$36240.genblk1.genblk1.genblk1.genblk1.genblk1.lut0 (4 -> 1)
  Optimizing lut $abc$35333$auto$blifparse.cc:557:parse_blif$36242.genblk1.genblk1.genblk1.genblk1.genblk1.lut1 (4 -> 3)
  Optimizing lut $abc$35333$auto$blifparse.cc:557:parse_blif$36242.genblk1.genblk1.genblk1.genblk1.genblk1.lut0 (4 -> 1)
  Optimizing lut $abc$35333$auto$blifparse.cc:557:parse_blif$36244.genblk1.genblk1.genblk1.genblk1.genblk1.lut1 (4 -> 3)
  Optimizing lut $abc$35333$auto$blifparse.cc:557:parse_blif$36244.genblk1.genblk1.genblk1.genblk1.genblk1.lut0 (4 -> 1)
  Optimizing lut $abc$35333$auto$blifparse.cc:557:parse_blif$36246.genblk1.genblk1.genblk1.genblk1.genblk1.lut1 (4 -> 3)
  Optimizing lut $abc$35333$auto$blifparse.cc:557:parse_blif$36246.genblk1.genblk1.genblk1.genblk1.genblk1.lut0 (4 -> 1)
  Optimizing lut $abc$35333$auto$blifparse.cc:557:parse_blif$36248.genblk1.genblk1.genblk1.genblk1.genblk1.lut1 (4 -> 3)
  Optimizing lut $abc$35333$auto$blifparse.cc:557:parse_blif$36248.genblk1.genblk1.genblk1.genblk1.genblk1.lut0 (4 -> 1)
  Optimizing lut $abc$35333$auto$blifparse.cc:557:parse_blif$36250.genblk1.genblk1.genblk1.genblk1.genblk1.lut1 (4 -> 3)
  Optimizing lut $abc$35333$auto$blifparse.cc:557:parse_blif$36250.genblk1.genblk1.genblk1.genblk1.genblk1.lut0 (4 -> 1)
  Optimizing lut $abc$35333$auto$blifparse.cc:557:parse_blif$36252.genblk1.genblk1.genblk1.genblk1.genblk1.lut1 (4 -> 3)
  Optimizing lut $abc$35333$auto$blifparse.cc:557:parse_blif$36252.genblk1.genblk1.genblk1.genblk1.genblk1.lut0 (4 -> 1)
  Optimizing lut $abc$35333$auto$blifparse.cc:557:parse_blif$36254.genblk1.genblk1.genblk1.genblk1.genblk1.lut1 (4 -> 3)
  Optimizing lut $abc$35333$auto$blifparse.cc:557:parse_blif$36254.genblk1.genblk1.genblk1.genblk1.genblk1.lut0 (4 -> 1)
  Optimizing lut $abc$35333$auto$blifparse.cc:557:parse_blif$36256.genblk1.genblk1.genblk1.genblk1.genblk1.lut1 (4 -> 3)
  Optimizing lut $abc$35333$auto$blifparse.cc:557:parse_blif$36256.genblk1.genblk1.genblk1.genblk1.genblk1.lut0 (4 -> 1)
  Optimizing lut $abc$35333$auto$blifparse.cc:557:parse_blif$36258.genblk1.genblk1.genblk1.genblk1.genblk1.lut1 (4 -> 3)
  Optimizing lut $abc$35333$auto$blifparse.cc:557:parse_blif$36258.genblk1.genblk1.genblk1.genblk1.genblk1.lut0 (4 -> 1)
  Optimizing lut $abc$35333$auto$blifparse.cc:557:parse_blif$36260.genblk1.genblk1.genblk1.genblk1.genblk1.lut1 (4 -> 3)
  Optimizing lut $abc$35333$auto$blifparse.cc:557:parse_blif$36260.genblk1.genblk1.genblk1.genblk1.genblk1.lut0 (4 -> 1)
  Optimizing lut $abc$35333$auto$blifparse.cc:557:parse_blif$36262.genblk1.genblk1.genblk1.genblk1.genblk1.lut1 (4 -> 3)
  Optimizing lut $abc$35333$auto$blifparse.cc:557:parse_blif$36262.genblk1.genblk1.genblk1.genblk1.genblk1.lut0 (4 -> 1)
  Optimizing lut $abc$35333$auto$blifparse.cc:557:parse_blif$36264.genblk1.genblk1.genblk1.genblk1.genblk1.lut1 (4 -> 3)
  Optimizing lut $abc$35333$auto$blifparse.cc:557:parse_blif$36264.genblk1.genblk1.genblk1.genblk1.genblk1.lut0 (4 -> 1)
  Optimizing lut $abc$35333$auto$blifparse.cc:557:parse_blif$36266.genblk1.genblk1.genblk1.genblk1.genblk1.lut1 (4 -> 3)
  Optimizing lut $abc$35333$auto$blifparse.cc:557:parse_blif$36266.genblk1.genblk1.genblk1.genblk1.genblk1.lut0 (4 -> 1)
  Optimizing lut $abc$35333$auto$blifparse.cc:557:parse_blif$36268.genblk1.genblk1.genblk1.genblk1.genblk1.lut1 (4 -> 3)
  Optimizing lut $abc$35333$auto$blifparse.cc:557:parse_blif$36268.genblk1.genblk1.genblk1.genblk1.genblk1.lut0 (4 -> 1)
  Optimizing lut $abc$35333$auto$blifparse.cc:557:parse_blif$36270.genblk1.genblk1.genblk1.genblk1.genblk1.lut1 (4 -> 3)
  Optimizing lut $abc$35333$auto$blifparse.cc:557:parse_blif$36270.genblk1.genblk1.genblk1.genblk1.genblk1.lut0 (4 -> 1)
  Optimizing lut $abc$35333$auto$blifparse.cc:557:parse_blif$36272.genblk1.genblk1.genblk1.genblk1.genblk1.lut1 (4 -> 3)
  Optimizing lut $abc$35333$auto$blifparse.cc:557:parse_blif$36272.genblk1.genblk1.genblk1.genblk1.genblk1.lut0 (4 -> 1)
  Optimizing lut $abc$35333$auto$blifparse.cc:557:parse_blif$36274.genblk1.genblk1.genblk1.genblk1.genblk1.lut1 (4 -> 3)
  Optimizing lut $abc$35333$auto$blifparse.cc:557:parse_blif$36274.genblk1.genblk1.genblk1.genblk1.genblk1.lut0 (4 -> 1)
  Optimizing lut $abc$35333$auto$blifparse.cc:557:parse_blif$36276.genblk1.genblk1.genblk1.genblk1.genblk1.lut1 (4 -> 3)
  Optimizing lut $abc$35333$auto$blifparse.cc:557:parse_blif$36276.genblk1.genblk1.genblk1.genblk1.genblk1.lut0 (4 -> 1)
  Optimizing lut $abc$35333$auto$blifparse.cc:557:parse_blif$36278.genblk1.genblk1.genblk1.genblk1.genblk1.lut1 (4 -> 3)
  Optimizing lut $abc$35333$auto$blifparse.cc:557:parse_blif$36278.genblk1.genblk1.genblk1.genblk1.genblk1.lut0 (4 -> 1)
  Optimizing lut $abc$35333$auto$blifparse.cc:557:parse_blif$36280.genblk1.genblk1.genblk1.genblk1.genblk1.lut1 (4 -> 3)
  Optimizing lut $abc$35333$auto$blifparse.cc:557:parse_blif$36280.genblk1.genblk1.genblk1.genblk1.genblk1.lut0 (4 -> 1)
  Optimizing lut $abc$35333$auto$blifparse.cc:557:parse_blif$36282.genblk1.genblk1.genblk1.genblk1.genblk1.lut1 (4 -> 3)
  Optimizing lut $abc$35333$auto$blifparse.cc:557:parse_blif$36282.genblk1.genblk1.genblk1.genblk1.genblk1.lut0 (4 -> 1)
  Optimizing lut $abc$35333$auto$blifparse.cc:557:parse_blif$36284.genblk1.genblk1.genblk1.genblk1.genblk1.lut1 (4 -> 3)
  Optimizing lut $abc$35333$auto$blifparse.cc:557:parse_blif$36284.genblk1.genblk1.genblk1.genblk1.genblk1.lut0 (4 -> 1)
  Optimizing lut $abc$35333$auto$blifparse.cc:557:parse_blif$36286.genblk1.genblk1.genblk1.genblk1.genblk1.lut1 (4 -> 3)
  Optimizing lut $abc$35333$auto$blifparse.cc:557:parse_blif$36286.genblk1.genblk1.genblk1.genblk1.genblk1.lut0 (4 -> 1)
  Optimizing lut $abc$35333$auto$blifparse.cc:557:parse_blif$36288.genblk1.genblk1.genblk1.genblk1.genblk1.lut1 (4 -> 3)
  Optimizing lut $abc$35333$auto$blifparse.cc:557:parse_blif$36288.genblk1.genblk1.genblk1.genblk1.genblk1.lut0 (4 -> 1)
  Optimizing lut $abc$35333$auto$blifparse.cc:557:parse_blif$36290.genblk1.genblk1.genblk1.genblk1.genblk1.lut1 (4 -> 3)
  Optimizing lut $abc$35333$auto$blifparse.cc:557:parse_blif$36290.genblk1.genblk1.genblk1.genblk1.genblk1.lut0 (4 -> 1)
  Optimizing lut $abc$35333$auto$blifparse.cc:557:parse_blif$36292.genblk1.genblk1.genblk1.genblk1.genblk1.lut1 (4 -> 3)
  Optimizing lut $abc$35333$auto$blifparse.cc:557:parse_blif$36292.genblk1.genblk1.genblk1.genblk1.genblk1.lut0 (4 -> 1)
  Optimizing lut $abc$35333$auto$blifparse.cc:557:parse_blif$36294.genblk1.genblk1.genblk1.genblk1.genblk1.lut1 (4 -> 3)
  Optimizing lut $abc$35333$auto$blifparse.cc:557:parse_blif$36294.genblk1.genblk1.genblk1.genblk1.genblk1.lut0 (4 -> 1)
  Optimizing lut $abc$35333$auto$blifparse.cc:557:parse_blif$36296.genblk1.genblk1.genblk1.genblk1.genblk1.lut1 (4 -> 3)
  Optimizing lut $abc$35333$auto$blifparse.cc:557:parse_blif$36296.genblk1.genblk1.genblk1.genblk1.genblk1.lut0 (4 -> 1)
  Optimizing lut $abc$35333$auto$blifparse.cc:557:parse_blif$36298.genblk1.genblk1.genblk1.genblk1.genblk1.lut1 (4 -> 3)
  Optimizing lut $abc$35333$auto$blifparse.cc:557:parse_blif$36298.genblk1.genblk1.genblk1.genblk1.genblk1.lut0 (4 -> 1)
  Optimizing lut $abc$35333$auto$blifparse.cc:557:parse_blif$36300.genblk1.genblk1.genblk1.genblk1.genblk1.lut1 (4 -> 3)
  Optimizing lut $abc$35333$auto$blifparse.cc:557:parse_blif$36300.genblk1.genblk1.genblk1.genblk1.genblk1.lut0 (4 -> 1)
  Optimizing lut $abc$35333$auto$blifparse.cc:557:parse_blif$36302.genblk1.genblk1.genblk1.genblk1.genblk1.lut1 (4 -> 3)
  Optimizing lut $abc$35333$auto$blifparse.cc:557:parse_blif$36302.genblk1.genblk1.genblk1.genblk1.genblk1.lut0 (4 -> 1)
  Optimizing lut $abc$35333$auto$blifparse.cc:557:parse_blif$36304.genblk1.genblk1.genblk1.genblk1.genblk1.lut1 (4 -> 3)
  Optimizing lut $abc$35333$auto$blifparse.cc:557:parse_blif$36304.genblk1.genblk1.genblk1.genblk1.genblk1.lut0 (4 -> 1)
  Optimizing lut $abc$35333$auto$blifparse.cc:557:parse_blif$36306.genblk1.genblk1.genblk1.genblk1.genblk1.lut1 (4 -> 3)
  Optimizing lut $abc$35333$auto$blifparse.cc:557:parse_blif$36306.genblk1.genblk1.genblk1.genblk1.genblk1.lut0 (4 -> 1)
  Optimizing lut $abc$35333$auto$blifparse.cc:557:parse_blif$36308.genblk1.genblk1.genblk1.genblk1.genblk1.lut1 (4 -> 3)
  Optimizing lut $abc$35333$auto$blifparse.cc:557:parse_blif$36308.genblk1.genblk1.genblk1.genblk1.genblk1.lut0 (4 -> 1)
  Optimizing lut $abc$35333$auto$blifparse.cc:557:parse_blif$36310.genblk1.genblk1.genblk1.genblk1.genblk1.lut1 (4 -> 3)
  Optimizing lut $abc$35333$auto$blifparse.cc:557:parse_blif$36310.genblk1.genblk1.genblk1.genblk1.genblk1.lut0 (4 -> 1)
  Optimizing lut $abc$35333$auto$blifparse.cc:557:parse_blif$36312.genblk1.genblk1.genblk1.genblk1.genblk1.lut1 (4 -> 3)
  Optimizing lut $abc$35333$auto$blifparse.cc:557:parse_blif$36312.genblk1.genblk1.genblk1.genblk1.genblk1.lut0 (4 -> 1)
  Optimizing lut $abc$35333$auto$blifparse.cc:557:parse_blif$36314.genblk1.genblk1.genblk1.genblk1.genblk1.lut1 (4 -> 3)
  Optimizing lut $abc$35333$auto$blifparse.cc:557:parse_blif$36314.genblk1.genblk1.genblk1.genblk1.genblk1.lut0 (4 -> 1)
  Optimizing lut $abc$35333$auto$blifparse.cc:557:parse_blif$36316.genblk1.genblk1.genblk1.genblk1.genblk1.lut1 (4 -> 3)
  Optimizing lut $abc$35333$auto$blifparse.cc:557:parse_blif$36316.genblk1.genblk1.genblk1.genblk1.genblk1.lut0 (4 -> 1)
  Optimizing lut $abc$35333$auto$blifparse.cc:557:parse_blif$36318.genblk1.genblk1.genblk1.genblk1.genblk1.lut1 (4 -> 3)
  Optimizing lut $abc$35333$auto$blifparse.cc:557:parse_blif$36318.genblk1.genblk1.genblk1.genblk1.genblk1.lut0 (4 -> 1)
  Optimizing lut $abc$35333$auto$blifparse.cc:557:parse_blif$36320.genblk1.genblk1.genblk1.genblk1.genblk1.lut1 (4 -> 3)
  Optimizing lut $abc$35333$auto$blifparse.cc:557:parse_blif$36320.genblk1.genblk1.genblk1.genblk1.genblk1.lut0 (4 -> 1)
  Optimizing lut $abc$35333$auto$blifparse.cc:557:parse_blif$36322.genblk1.genblk1.genblk1.genblk1.genblk1.lut1 (4 -> 3)
  Optimizing lut $abc$35333$auto$blifparse.cc:557:parse_blif$36322.genblk1.genblk1.genblk1.genblk1.genblk1.lut0 (4 -> 1)
  Optimizing lut $abc$35333$auto$blifparse.cc:557:parse_blif$36324.genblk1.genblk1.genblk1.genblk1.genblk1.lut1 (4 -> 3)
  Optimizing lut $abc$35333$auto$blifparse.cc:557:parse_blif$36324.genblk1.genblk1.genblk1.genblk1.genblk1.lut0 (4 -> 1)
  Optimizing lut $abc$35333$auto$blifparse.cc:557:parse_blif$36326.genblk1.genblk1.genblk1.genblk1.genblk1.lut1 (4 -> 3)
  Optimizing lut $abc$35333$auto$blifparse.cc:557:parse_blif$36326.genblk1.genblk1.genblk1.genblk1.genblk1.lut0 (4 -> 1)
  Optimizing lut $abc$35333$auto$blifparse.cc:557:parse_blif$36328.genblk1.genblk1.genblk1.genblk1.genblk1.lut1 (4 -> 3)
  Optimizing lut $abc$35333$auto$blifparse.cc:557:parse_blif$36328.genblk1.genblk1.genblk1.genblk1.genblk1.lut0 (4 -> 1)
  Optimizing lut $abc$35333$auto$blifparse.cc:557:parse_blif$36330.genblk1.genblk1.genblk1.genblk1.genblk1.lut1 (4 -> 3)
  Optimizing lut $abc$35333$auto$blifparse.cc:557:parse_blif$36330.genblk1.genblk1.genblk1.genblk1.genblk1.lut0 (4 -> 1)
  Optimizing lut $abc$35333$auto$blifparse.cc:557:parse_blif$36332.genblk1.genblk1.genblk1.genblk1.genblk1.lut1 (4 -> 3)
  Optimizing lut $abc$35333$auto$blifparse.cc:557:parse_blif$36332.genblk1.genblk1.genblk1.genblk1.genblk1.lut0 (4 -> 1)
  Optimizing lut $abc$35333$auto$blifparse.cc:557:parse_blif$36334.genblk1.genblk1.genblk1.genblk1.genblk1.lut1 (4 -> 3)
  Optimizing lut $abc$35333$auto$blifparse.cc:557:parse_blif$36334.genblk1.genblk1.genblk1.genblk1.genblk1.lut0 (4 -> 1)
  Optimizing lut $abc$35333$auto$blifparse.cc:557:parse_blif$36336.genblk1.genblk1.genblk1.genblk1.genblk1.lut1 (4 -> 3)
  Optimizing lut $abc$35333$auto$blifparse.cc:557:parse_blif$36336.genblk1.genblk1.genblk1.genblk1.genblk1.lut0 (4 -> 1)
  Optimizing lut $abc$35333$auto$blifparse.cc:557:parse_blif$36338.genblk1.genblk1.genblk1.genblk1.genblk1.lut1 (4 -> 3)
  Optimizing lut $abc$35333$auto$blifparse.cc:557:parse_blif$36338.genblk1.genblk1.genblk1.genblk1.genblk1.lut0 (4 -> 1)
  Optimizing lut $abc$35333$auto$blifparse.cc:557:parse_blif$36340.genblk1.genblk1.genblk1.genblk1.genblk1.lut1 (4 -> 3)
  Optimizing lut $abc$35333$auto$blifparse.cc:557:parse_blif$36340.genblk1.genblk1.genblk1.genblk1.genblk1.lut0 (4 -> 1)
  Optimizing lut $abc$35333$auto$blifparse.cc:557:parse_blif$36342.genblk1.genblk1.genblk1.genblk1.genblk1.lut1 (4 -> 3)
  Optimizing lut $abc$35333$auto$blifparse.cc:557:parse_blif$36342.genblk1.genblk1.genblk1.genblk1.genblk1.lut0 (4 -> 1)
  Optimizing lut $abc$35333$auto$blifparse.cc:557:parse_blif$36344.genblk1.genblk1.genblk1.genblk1.genblk1.lut1 (4 -> 3)
  Optimizing lut $abc$35333$auto$blifparse.cc:557:parse_blif$36344.genblk1.genblk1.genblk1.genblk1.genblk1.lut0 (4 -> 1)
  Optimizing lut $abc$35333$auto$blifparse.cc:557:parse_blif$36346.genblk1.genblk1.genblk1.genblk1.genblk1.lut1 (4 -> 3)
  Optimizing lut $abc$35333$auto$blifparse.cc:557:parse_blif$36346.genblk1.genblk1.genblk1.genblk1.genblk1.lut0 (4 -> 1)
  Optimizing lut $abc$35333$auto$blifparse.cc:557:parse_blif$36348.genblk1.genblk1.genblk1.genblk1.genblk1.lut1 (4 -> 3)
  Optimizing lut $abc$35333$auto$blifparse.cc:557:parse_blif$36348.genblk1.genblk1.genblk1.genblk1.genblk1.lut0 (4 -> 1)
  Optimizing lut $abc$35333$auto$blifparse.cc:557:parse_blif$36350.genblk1.genblk1.genblk1.genblk1.genblk1.lut1 (4 -> 3)
  Optimizing lut $abc$35333$auto$blifparse.cc:557:parse_blif$36350.genblk1.genblk1.genblk1.genblk1.genblk1.lut0 (4 -> 1)
  Optimizing lut $abc$35333$auto$blifparse.cc:557:parse_blif$36352.genblk1.genblk1.genblk1.genblk1.genblk1.lut1 (4 -> 3)
  Optimizing lut $abc$35333$auto$blifparse.cc:557:parse_blif$36352.genblk1.genblk1.genblk1.genblk1.genblk1.lut0 (4 -> 1)
  Optimizing lut $abc$35333$auto$blifparse.cc:557:parse_blif$36354.genblk1.genblk1.genblk1.genblk1.genblk1.lut1 (4 -> 3)
  Optimizing lut $abc$35333$auto$blifparse.cc:557:parse_blif$36354.genblk1.genblk1.genblk1.genblk1.genblk1.lut0 (4 -> 1)
  Optimizing lut $abc$35333$auto$blifparse.cc:557:parse_blif$36356.genblk1.genblk1.genblk1.genblk1.genblk1.lut1 (4 -> 3)
  Optimizing lut $abc$35333$auto$blifparse.cc:557:parse_blif$36356.genblk1.genblk1.genblk1.genblk1.genblk1.lut0 (4 -> 1)
  Optimizing lut $abc$35333$auto$blifparse.cc:557:parse_blif$36358.genblk1.genblk1.genblk1.genblk1.genblk1.lut1 (4 -> 3)
  Optimizing lut $abc$35333$auto$blifparse.cc:557:parse_blif$36358.genblk1.genblk1.genblk1.genblk1.genblk1.lut0 (4 -> 1)
  Optimizing lut $abc$35333$auto$blifparse.cc:557:parse_blif$36360.genblk1.genblk1.genblk1.genblk1.genblk1.lut1 (4 -> 3)
  Optimizing lut $abc$35333$auto$blifparse.cc:557:parse_blif$36360.genblk1.genblk1.genblk1.genblk1.genblk1.lut0 (4 -> 1)
  Optimizing lut $abc$35333$auto$blifparse.cc:557:parse_blif$36362.genblk1.genblk1.genblk1.genblk1.genblk1.lut1 (4 -> 3)
  Optimizing lut $abc$35333$auto$blifparse.cc:557:parse_blif$36362.genblk1.genblk1.genblk1.genblk1.genblk1.lut0 (4 -> 1)
  Optimizing lut $abc$35333$auto$blifparse.cc:557:parse_blif$36363.genblk1.genblk1.genblk1.genblk1.genblk1.lut0 (4 -> 1)
  Optimizing lut $abc$35333$auto$blifparse.cc:557:parse_blif$36367.genblk1.genblk1.genblk1.genblk1.genblk1.lut1 (4 -> 3)
  Optimizing lut $abc$35333$auto$blifparse.cc:557:parse_blif$36367.genblk1.genblk1.genblk1.genblk1.genblk1.lut0 (4 -> 1)
  Optimizing lut $abc$35333$auto$blifparse.cc:557:parse_blif$36369.genblk1.genblk1.genblk1.genblk1.genblk1.lut1 (4 -> 3)
  Optimizing lut $abc$35333$auto$blifparse.cc:557:parse_blif$36369.genblk1.genblk1.genblk1.genblk1.genblk1.lut0 (4 -> 1)
  Optimizing lut $abc$35333$auto$blifparse.cc:557:parse_blif$36371.genblk1.genblk1.genblk1.genblk1.genblk1.lut1 (4 -> 3)
  Optimizing lut $abc$35333$auto$blifparse.cc:557:parse_blif$36371.genblk1.genblk1.genblk1.genblk1.genblk1.lut0 (4 -> 1)
  Optimizing lut $abc$35333$auto$blifparse.cc:557:parse_blif$36373.genblk1.genblk1.genblk1.genblk1.genblk1.lut1 (4 -> 3)
  Optimizing lut $abc$35333$auto$blifparse.cc:557:parse_blif$36373.genblk1.genblk1.genblk1.genblk1.genblk1.lut0 (4 -> 1)
  Optimizing lut $abc$35333$auto$blifparse.cc:557:parse_blif$36375.genblk1.genblk1.genblk1.genblk1.genblk1.lut1 (4 -> 3)
  Optimizing lut $abc$35333$auto$blifparse.cc:557:parse_blif$36375.genblk1.genblk1.genblk1.genblk1.genblk1.lut0 (4 -> 1)
  Optimizing lut $abc$35333$auto$blifparse.cc:557:parse_blif$36377.genblk1.genblk1.genblk1.genblk1.genblk1.lut1 (4 -> 3)
  Optimizing lut $abc$35333$auto$blifparse.cc:557:parse_blif$36377.genblk1.genblk1.genblk1.genblk1.genblk1.lut0 (4 -> 1)
  Optimizing lut $abc$35333$auto$blifparse.cc:557:parse_blif$36379.genblk1.genblk1.genblk1.genblk1.genblk1.lut1 (4 -> 3)
  Optimizing lut $abc$35333$auto$blifparse.cc:557:parse_blif$36379.genblk1.genblk1.genblk1.genblk1.genblk1.lut0 (4 -> 1)
  Optimizing lut $abc$35333$auto$blifparse.cc:557:parse_blif$36381.genblk1.genblk1.genblk1.genblk1.genblk1.lut1 (4 -> 3)
  Optimizing lut $abc$35333$auto$blifparse.cc:557:parse_blif$36381.genblk1.genblk1.genblk1.genblk1.genblk1.lut0 (4 -> 1)
  Optimizing lut $abc$35333$auto$blifparse.cc:557:parse_blif$36383.genblk1.genblk1.genblk1.genblk1.genblk1.lut1 (4 -> 3)
  Optimizing lut $abc$35333$auto$blifparse.cc:557:parse_blif$36383.genblk1.genblk1.genblk1.genblk1.genblk1.lut0 (4 -> 1)
  Optimizing lut $abc$35333$auto$blifparse.cc:557:parse_blif$36385.genblk1.genblk1.genblk1.genblk1.genblk1.lut1 (4 -> 3)
  Optimizing lut $abc$35333$auto$blifparse.cc:557:parse_blif$36385.genblk1.genblk1.genblk1.genblk1.genblk1.lut0 (4 -> 1)
  Optimizing lut $abc$35333$auto$blifparse.cc:557:parse_blif$36387.genblk1.genblk1.genblk1.genblk1.genblk1.lut1 (4 -> 3)
  Optimizing lut $abc$35333$auto$blifparse.cc:557:parse_blif$36387.genblk1.genblk1.genblk1.genblk1.genblk1.lut0 (4 -> 1)
  Optimizing lut $abc$35333$auto$blifparse.cc:557:parse_blif$36389.genblk1.genblk1.genblk1.genblk1.genblk1.lut1 (4 -> 3)
  Optimizing lut $abc$35333$auto$blifparse.cc:557:parse_blif$36389.genblk1.genblk1.genblk1.genblk1.genblk1.lut0 (4 -> 1)
  Optimizing lut $abc$35333$auto$blifparse.cc:557:parse_blif$36391.genblk1.genblk1.genblk1.genblk1.genblk1.lut1 (4 -> 3)
  Optimizing lut $abc$35333$auto$blifparse.cc:557:parse_blif$36391.genblk1.genblk1.genblk1.genblk1.genblk1.lut0 (4 -> 1)
  Optimizing lut $abc$35333$auto$blifparse.cc:557:parse_blif$36393.genblk1.genblk1.genblk1.genblk1.genblk1.lut1 (4 -> 3)
  Optimizing lut $abc$35333$auto$blifparse.cc:557:parse_blif$36393.genblk1.genblk1.genblk1.genblk1.genblk1.lut0 (4 -> 1)
  Optimizing lut $abc$35333$auto$blifparse.cc:557:parse_blif$36395.genblk1.genblk1.genblk1.genblk1.genblk1.lut1 (4 -> 3)
  Optimizing lut $abc$35333$auto$blifparse.cc:557:parse_blif$36395.genblk1.genblk1.genblk1.genblk1.genblk1.lut0 (4 -> 1)
  Optimizing lut $abc$35333$auto$blifparse.cc:557:parse_blif$36397.genblk1.genblk1.genblk1.genblk1.genblk1.lut1 (4 -> 3)
  Optimizing lut $abc$35333$auto$blifparse.cc:557:parse_blif$36397.genblk1.genblk1.genblk1.genblk1.genblk1.lut0 (4 -> 1)
  Optimizing lut $abc$35333$auto$blifparse.cc:557:parse_blif$36399.genblk1.genblk1.genblk1.genblk1.genblk1.lut1 (4 -> 3)
  Optimizing lut $abc$35333$auto$blifparse.cc:557:parse_blif$36399.genblk1.genblk1.genblk1.genblk1.genblk1.lut0 (4 -> 1)
  Optimizing lut $abc$35333$auto$blifparse.cc:557:parse_blif$36401.genblk1.genblk1.genblk1.genblk1.genblk1.lut1 (4 -> 3)
  Optimizing lut $abc$35333$auto$blifparse.cc:557:parse_blif$36401.genblk1.genblk1.genblk1.genblk1.genblk1.lut0 (4 -> 1)
  Optimizing lut $abc$35333$auto$blifparse.cc:557:parse_blif$36403.genblk1.genblk1.genblk1.genblk1.genblk1.lut1 (4 -> 3)
  Optimizing lut $abc$35333$auto$blifparse.cc:557:parse_blif$36403.genblk1.genblk1.genblk1.genblk1.genblk1.lut0 (4 -> 1)
  Optimizing lut $abc$35333$auto$blifparse.cc:557:parse_blif$36405.genblk1.genblk1.genblk1.genblk1.genblk1.lut1 (4 -> 3)
  Optimizing lut $abc$35333$auto$blifparse.cc:557:parse_blif$36405.genblk1.genblk1.genblk1.genblk1.genblk1.lut0 (4 -> 1)
  Optimizing lut $abc$35333$auto$blifparse.cc:557:parse_blif$36407.genblk1.genblk1.genblk1.genblk1.genblk1.lut1 (4 -> 3)
  Optimizing lut $abc$35333$auto$blifparse.cc:557:parse_blif$36407.genblk1.genblk1.genblk1.genblk1.genblk1.lut0 (4 -> 1)
  Optimizing lut $abc$35333$auto$blifparse.cc:557:parse_blif$36409.genblk1.genblk1.genblk1.genblk1.genblk1.lut1 (4 -> 3)
  Optimizing lut $abc$35333$auto$blifparse.cc:557:parse_blif$36409.genblk1.genblk1.genblk1.genblk1.genblk1.lut0 (4 -> 1)
  Optimizing lut $abc$35333$auto$blifparse.cc:557:parse_blif$36411.genblk1.genblk1.genblk1.genblk1.genblk1.lut1 (4 -> 3)
  Optimizing lut $abc$35333$auto$blifparse.cc:557:parse_blif$36411.genblk1.genblk1.genblk1.genblk1.genblk1.lut0 (4 -> 1)
  Optimizing lut $abc$35333$auto$blifparse.cc:557:parse_blif$36413.genblk1.genblk1.genblk1.genblk1.genblk1.lut1 (4 -> 3)
  Optimizing lut $abc$35333$auto$blifparse.cc:557:parse_blif$36413.genblk1.genblk1.genblk1.genblk1.genblk1.lut0 (4 -> 1)
  Optimizing lut $abc$35333$auto$blifparse.cc:557:parse_blif$36415.genblk1.genblk1.genblk1.genblk1.genblk1.lut1 (4 -> 3)
  Optimizing lut $abc$35333$auto$blifparse.cc:557:parse_blif$36415.genblk1.genblk1.genblk1.genblk1.genblk1.lut0 (4 -> 1)
  Optimizing lut $abc$35333$auto$blifparse.cc:557:parse_blif$36417.genblk1.genblk1.genblk1.genblk1.genblk1.lut1 (4 -> 3)
  Optimizing lut $abc$35333$auto$blifparse.cc:557:parse_blif$36417.genblk1.genblk1.genblk1.genblk1.genblk1.lut0 (4 -> 1)
  Optimizing lut $abc$35333$auto$blifparse.cc:557:parse_blif$36419.genblk1.genblk1.genblk1.genblk1.genblk1.lut1 (4 -> 3)
  Optimizing lut $abc$35333$auto$blifparse.cc:557:parse_blif$36419.genblk1.genblk1.genblk1.genblk1.genblk1.lut0 (4 -> 1)
  Optimizing lut $abc$35333$auto$blifparse.cc:557:parse_blif$36421.genblk1.genblk1.genblk1.genblk1.genblk1.lut1 (4 -> 3)
  Optimizing lut $abc$35333$auto$blifparse.cc:557:parse_blif$36421.genblk1.genblk1.genblk1.genblk1.genblk1.lut0 (4 -> 1)
  Optimizing lut $abc$35333$auto$blifparse.cc:557:parse_blif$36423.genblk1.genblk1.genblk1.genblk1.genblk1.lut1 (4 -> 3)
  Optimizing lut $abc$35333$auto$blifparse.cc:557:parse_blif$36423.genblk1.genblk1.genblk1.genblk1.genblk1.lut0 (4 -> 1)
  Optimizing lut $abc$35333$auto$blifparse.cc:557:parse_blif$36425.genblk1.genblk1.genblk1.genblk1.genblk1.lut1 (4 -> 3)
  Optimizing lut $abc$35333$auto$blifparse.cc:557:parse_blif$36425.genblk1.genblk1.genblk1.genblk1.genblk1.lut0 (4 -> 1)
  Optimizing lut $abc$35333$auto$blifparse.cc:557:parse_blif$36427.genblk1.genblk1.genblk1.genblk1.genblk1.lut1 (4 -> 3)
  Optimizing lut $abc$35333$auto$blifparse.cc:557:parse_blif$36427.genblk1.genblk1.genblk1.genblk1.genblk1.lut0 (4 -> 1)
  Optimizing lut $abc$35333$auto$blifparse.cc:557:parse_blif$36429.genblk1.genblk1.genblk1.genblk1.genblk1.lut1 (4 -> 3)
  Optimizing lut $abc$35333$auto$blifparse.cc:557:parse_blif$36429.genblk1.genblk1.genblk1.genblk1.genblk1.lut0 (4 -> 1)
  Optimizing lut $abc$35333$auto$blifparse.cc:557:parse_blif$36431.genblk1.genblk1.genblk1.genblk1.genblk1.lut1 (4 -> 3)
  Optimizing lut $abc$35333$auto$blifparse.cc:557:parse_blif$36431.genblk1.genblk1.genblk1.genblk1.genblk1.lut0 (4 -> 1)
  Optimizing lut $abc$35333$auto$blifparse.cc:557:parse_blif$36433.genblk1.genblk1.genblk1.genblk1.genblk1.lut1 (4 -> 3)
  Optimizing lut $abc$35333$auto$blifparse.cc:557:parse_blif$36433.genblk1.genblk1.genblk1.genblk1.genblk1.lut0 (4 -> 1)
  Optimizing lut $abc$35333$auto$blifparse.cc:557:parse_blif$36435.genblk1.genblk1.genblk1.genblk1.genblk1.lut1 (4 -> 3)
  Optimizing lut $abc$35333$auto$blifparse.cc:557:parse_blif$36435.genblk1.genblk1.genblk1.genblk1.genblk1.lut0 (4 -> 1)
  Optimizing lut $abc$35333$auto$blifparse.cc:557:parse_blif$36437.genblk1.genblk1.genblk1.genblk1.genblk1.lut1 (4 -> 3)
  Optimizing lut $abc$35333$auto$blifparse.cc:557:parse_blif$36437.genblk1.genblk1.genblk1.genblk1.genblk1.lut0 (4 -> 1)
  Optimizing lut $abc$35333$auto$blifparse.cc:557:parse_blif$36439.genblk1.genblk1.genblk1.genblk1.genblk1.lut1 (4 -> 3)
  Optimizing lut $abc$35333$auto$blifparse.cc:557:parse_blif$36439.genblk1.genblk1.genblk1.genblk1.genblk1.lut0 (4 -> 1)
  Optimizing lut $abc$35333$auto$blifparse.cc:557:parse_blif$36441.genblk1.genblk1.genblk1.genblk1.genblk1.lut1 (4 -> 3)
  Optimizing lut $abc$35333$auto$blifparse.cc:557:parse_blif$36441.genblk1.genblk1.genblk1.genblk1.genblk1.lut0 (4 -> 1)
  Optimizing lut $abc$35333$auto$blifparse.cc:557:parse_blif$36445.genblk1.genblk1.genblk1.genblk1.genblk1.lut1 (4 -> 3)
  Optimizing lut $abc$35333$auto$blifparse.cc:557:parse_blif$36445.genblk1.genblk1.genblk1.genblk1.genblk1.lut0 (4 -> 1)
  Optimizing lut $abc$35333$auto$blifparse.cc:557:parse_blif$36447.genblk1.genblk1.genblk1.genblk1.genblk1.lut1 (4 -> 3)
  Optimizing lut $abc$35333$auto$blifparse.cc:557:parse_blif$36447.genblk1.genblk1.genblk1.genblk1.genblk1.lut0 (4 -> 1)
  Optimizing lut $abc$35333$auto$blifparse.cc:557:parse_blif$36449.genblk1.genblk1.genblk1.genblk1.genblk1.lut1 (4 -> 3)
  Optimizing lut $abc$35333$auto$blifparse.cc:557:parse_blif$36449.genblk1.genblk1.genblk1.genblk1.genblk1.lut0 (4 -> 1)
  Optimizing lut $abc$35333$auto$blifparse.cc:557:parse_blif$36451.genblk1.genblk1.genblk1.genblk1.genblk1.lut1 (4 -> 3)
  Optimizing lut $abc$35333$auto$blifparse.cc:557:parse_blif$36451.genblk1.genblk1.genblk1.genblk1.genblk1.lut0 (4 -> 1)
  Optimizing lut $abc$35333$auto$blifparse.cc:557:parse_blif$36453.genblk1.genblk1.genblk1.genblk1.genblk1.lut1 (4 -> 3)
  Optimizing lut $abc$35333$auto$blifparse.cc:557:parse_blif$36453.genblk1.genblk1.genblk1.genblk1.genblk1.lut0 (4 -> 1)
  Optimizing lut $abc$35333$auto$blifparse.cc:557:parse_blif$36457.genblk1.genblk1.genblk1.genblk1.genblk1.lut1 (4 -> 3)
  Optimizing lut $abc$35333$auto$blifparse.cc:557:parse_blif$36457.genblk1.genblk1.genblk1.genblk1.genblk1.lut0 (4 -> 1)
  Optimizing lut $abc$35333$auto$blifparse.cc:557:parse_blif$36459.genblk1.genblk1.genblk1.genblk1.genblk1.lut1 (4 -> 3)
  Optimizing lut $abc$35333$auto$blifparse.cc:557:parse_blif$36459.genblk1.genblk1.genblk1.genblk1.genblk1.lut0 (4 -> 1)
  Optimizing lut $abc$35333$auto$blifparse.cc:557:parse_blif$36461.genblk1.genblk1.genblk1.genblk1.genblk1.lut1 (4 -> 3)
  Optimizing lut $abc$35333$auto$blifparse.cc:557:parse_blif$36461.genblk1.genblk1.genblk1.genblk1.genblk1.lut0 (4 -> 1)
  Optimizing lut $abc$35333$auto$blifparse.cc:557:parse_blif$36463.genblk1.genblk1.genblk1.genblk1.genblk1.lut1 (4 -> 3)
  Optimizing lut $abc$35333$auto$blifparse.cc:557:parse_blif$36463.genblk1.genblk1.genblk1.genblk1.genblk1.lut0 (4 -> 1)
  Optimizing lut $abc$35333$auto$blifparse.cc:557:parse_blif$36465.genblk1.genblk1.genblk1.genblk1.genblk1.lut1 (4 -> 3)
  Optimizing lut $abc$35333$auto$blifparse.cc:557:parse_blif$36465.genblk1.genblk1.genblk1.genblk1.genblk1.lut0 (4 -> 1)
  Optimizing lut $abc$35333$auto$blifparse.cc:557:parse_blif$36467.genblk1.genblk1.genblk1.genblk1.genblk1.lut1 (4 -> 3)
  Optimizing lut $abc$35333$auto$blifparse.cc:557:parse_blif$36467.genblk1.genblk1.genblk1.genblk1.genblk1.lut0 (4 -> 1)
  Optimizing lut $abc$35333$auto$blifparse.cc:557:parse_blif$36469.genblk1.genblk1.genblk1.genblk1.genblk1.lut1 (4 -> 3)
  Optimizing lut $abc$35333$auto$blifparse.cc:557:parse_blif$36469.genblk1.genblk1.genblk1.genblk1.genblk1.lut0 (4 -> 1)
  Optimizing lut $abc$35333$auto$blifparse.cc:557:parse_blif$36471.genblk1.genblk1.genblk1.genblk1.genblk1.lut1 (4 -> 3)
  Optimizing lut $abc$35333$auto$blifparse.cc:557:parse_blif$36471.genblk1.genblk1.genblk1.genblk1.genblk1.lut0 (4 -> 1)
  Optimizing lut $abc$35333$auto$blifparse.cc:557:parse_blif$36473.genblk1.genblk1.genblk1.genblk1.genblk1.lut1 (4 -> 3)
  Optimizing lut $abc$35333$auto$blifparse.cc:557:parse_blif$36473.genblk1.genblk1.genblk1.genblk1.genblk1.lut0 (4 -> 1)
  Optimizing lut $abc$35333$auto$blifparse.cc:557:parse_blif$36475.genblk1.genblk1.genblk1.genblk1.genblk1.lut1 (4 -> 3)
  Optimizing lut $abc$35333$auto$blifparse.cc:557:parse_blif$36475.genblk1.genblk1.genblk1.genblk1.genblk1.lut0 (4 -> 1)
  Optimizing lut $abc$35333$auto$blifparse.cc:557:parse_blif$36477.genblk1.genblk1.genblk1.genblk1.genblk1.lut1 (4 -> 3)
  Optimizing lut $abc$35333$auto$blifparse.cc:557:parse_blif$36477.genblk1.genblk1.genblk1.genblk1.genblk1.lut0 (4 -> 1)
  Optimizing lut $abc$35333$auto$blifparse.cc:557:parse_blif$36479.genblk1.genblk1.genblk1.genblk1.genblk1.lut1 (4 -> 3)
  Optimizing lut $abc$35333$auto$blifparse.cc:557:parse_blif$36479.genblk1.genblk1.genblk1.genblk1.genblk1.lut0 (4 -> 1)
  Optimizing lut $abc$35333$auto$blifparse.cc:557:parse_blif$36481.genblk1.genblk1.genblk1.genblk1.genblk1.lut1 (4 -> 3)
  Optimizing lut $abc$35333$auto$blifparse.cc:557:parse_blif$36481.genblk1.genblk1.genblk1.genblk1.genblk1.lut0 (4 -> 1)
  Optimizing lut $abc$35333$auto$blifparse.cc:557:parse_blif$36483.genblk1.genblk1.genblk1.genblk1.genblk1.lut1 (4 -> 3)
  Optimizing lut $abc$35333$auto$blifparse.cc:557:parse_blif$36483.genblk1.genblk1.genblk1.genblk1.genblk1.lut0 (4 -> 1)
  Optimizing lut $abc$35333$auto$blifparse.cc:557:parse_blif$36485.genblk1.genblk1.genblk1.genblk1.genblk1.lut1 (4 -> 3)
  Optimizing lut $abc$35333$auto$blifparse.cc:557:parse_blif$36485.genblk1.genblk1.genblk1.genblk1.genblk1.lut0 (4 -> 1)
  Optimizing lut $abc$35333$auto$blifparse.cc:557:parse_blif$36487.genblk1.genblk1.genblk1.genblk1.genblk1.lut1 (4 -> 3)
  Optimizing lut $abc$35333$auto$blifparse.cc:557:parse_blif$36487.genblk1.genblk1.genblk1.genblk1.genblk1.lut0 (4 -> 1)
  Optimizing lut $abc$35333$auto$blifparse.cc:557:parse_blif$36489.genblk1.genblk1.genblk1.genblk1.genblk1.lut1 (4 -> 3)
  Optimizing lut $abc$35333$auto$blifparse.cc:557:parse_blif$36489.genblk1.genblk1.genblk1.genblk1.genblk1.lut0 (4 -> 1)
  Optimizing lut $abc$35333$auto$blifparse.cc:557:parse_blif$36491.genblk1.genblk1.genblk1.genblk1.genblk1.lut1 (4 -> 3)
  Optimizing lut $abc$35333$auto$blifparse.cc:557:parse_blif$36491.genblk1.genblk1.genblk1.genblk1.genblk1.lut0 (4 -> 1)
  Optimizing lut $abc$35333$auto$blifparse.cc:557:parse_blif$36493.genblk1.genblk1.genblk1.genblk1.genblk1.lut1 (4 -> 3)
  Optimizing lut $abc$35333$auto$blifparse.cc:557:parse_blif$36493.genblk1.genblk1.genblk1.genblk1.genblk1.lut0 (4 -> 1)
  Optimizing lut $abc$35333$auto$blifparse.cc:557:parse_blif$36495.genblk1.genblk1.genblk1.genblk1.genblk1.lut1 (4 -> 3)
  Optimizing lut $abc$35333$auto$blifparse.cc:557:parse_blif$36495.genblk1.genblk1.genblk1.genblk1.genblk1.lut0 (4 -> 1)
  Optimizing lut $abc$35333$auto$blifparse.cc:557:parse_blif$36497.genblk1.genblk1.genblk1.genblk1.genblk1.lut1 (4 -> 3)
  Optimizing lut $abc$35333$auto$blifparse.cc:557:parse_blif$36497.genblk1.genblk1.genblk1.genblk1.genblk1.lut0 (4 -> 1)
  Optimizing lut $abc$35333$auto$blifparse.cc:557:parse_blif$36499.genblk1.genblk1.genblk1.genblk1.genblk1.lut1 (4 -> 3)
  Optimizing lut $abc$35333$auto$blifparse.cc:557:parse_blif$36499.genblk1.genblk1.genblk1.genblk1.genblk1.lut0 (4 -> 1)
  Optimizing lut $abc$35333$auto$blifparse.cc:557:parse_blif$36501.genblk1.genblk1.genblk1.genblk1.genblk1.lut1 (4 -> 3)
  Optimizing lut $abc$35333$auto$blifparse.cc:557:parse_blif$36501.genblk1.genblk1.genblk1.genblk1.genblk1.lut0 (4 -> 1)
  Optimizing lut $abc$35333$auto$blifparse.cc:557:parse_blif$36503.genblk1.genblk1.genblk1.genblk1.genblk1.lut1 (4 -> 3)
  Optimizing lut $abc$35333$auto$blifparse.cc:557:parse_blif$36503.genblk1.genblk1.genblk1.genblk1.genblk1.lut0 (4 -> 1)
  Optimizing lut $abc$35333$auto$blifparse.cc:557:parse_blif$36509.genblk1.genblk1.genblk1.genblk1.genblk1.lut1 (4 -> 3)
  Optimizing lut $abc$35333$auto$blifparse.cc:557:parse_blif$36509.genblk1.genblk1.genblk1.genblk1.genblk1.lut0 (4 -> 1)
  Optimizing lut $abc$35333$auto$blifparse.cc:557:parse_blif$36511.genblk1.genblk1.genblk1.genblk1.genblk1.lut1 (4 -> 3)
  Optimizing lut $abc$35333$auto$blifparse.cc:557:parse_blif$36511.genblk1.genblk1.genblk1.genblk1.genblk1.lut0 (4 -> 1)
  Optimizing lut $abc$35333$auto$blifparse.cc:557:parse_blif$36513.genblk1.genblk1.genblk1.genblk1.genblk1.lut1 (4 -> 3)
  Optimizing lut $abc$35333$auto$blifparse.cc:557:parse_blif$36513.genblk1.genblk1.genblk1.genblk1.genblk1.lut0 (4 -> 1)
  Optimizing lut $abc$35333$auto$blifparse.cc:557:parse_blif$36515.genblk1.genblk1.genblk1.genblk1.genblk1.lut1 (4 -> 3)
  Optimizing lut $abc$35333$auto$blifparse.cc:557:parse_blif$36515.genblk1.genblk1.genblk1.genblk1.genblk1.lut0 (4 -> 1)
  Optimizing lut $abc$35333$auto$blifparse.cc:557:parse_blif$36517.genblk1.genblk1.genblk1.genblk1.genblk1.lut1 (4 -> 3)
  Optimizing lut $abc$35333$auto$blifparse.cc:557:parse_blif$36517.genblk1.genblk1.genblk1.genblk1.genblk1.lut0 (4 -> 1)
  Optimizing lut $abc$35333$auto$blifparse.cc:557:parse_blif$36519.genblk1.genblk1.genblk1.genblk1.genblk1.lut1 (4 -> 3)
  Optimizing lut $abc$35333$auto$blifparse.cc:557:parse_blif$36519.genblk1.genblk1.genblk1.genblk1.genblk1.lut0 (4 -> 1)
  Optimizing lut $abc$35333$auto$blifparse.cc:557:parse_blif$36521.genblk1.genblk1.genblk1.genblk1.genblk1.lut1 (4 -> 3)
  Optimizing lut $abc$35333$auto$blifparse.cc:557:parse_blif$36521.genblk1.genblk1.genblk1.genblk1.genblk1.lut0 (4 -> 1)
  Optimizing lut $abc$35333$auto$blifparse.cc:557:parse_blif$36523.genblk1.genblk1.genblk1.genblk1.genblk1.lut1 (4 -> 3)
  Optimizing lut $abc$35333$auto$blifparse.cc:557:parse_blif$36523.genblk1.genblk1.genblk1.genblk1.genblk1.lut0 (4 -> 1)
  Optimizing lut $abc$35333$auto$blifparse.cc:557:parse_blif$36548.genblk1.genblk1.genblk1.genblk1.genblk1.lut1 (4 -> 3)
  Optimizing lut $abc$35333$auto$blifparse.cc:557:parse_blif$36548.genblk1.genblk1.genblk1.genblk1.genblk1.lut0 (4 -> 1)
  Optimizing lut $abc$35333$auto$blifparse.cc:557:parse_blif$36550.genblk1.genblk1.genblk1.genblk1.genblk1.lut1 (4 -> 3)
  Optimizing lut $abc$35333$auto$blifparse.cc:557:parse_blif$36550.genblk1.genblk1.genblk1.genblk1.genblk1.lut0 (4 -> 1)
  Optimizing lut $abc$35333$auto$blifparse.cc:557:parse_blif$36552.genblk1.genblk1.genblk1.genblk1.genblk1.lut1 (4 -> 3)
  Optimizing lut $abc$35333$auto$blifparse.cc:557:parse_blif$36552.genblk1.genblk1.genblk1.genblk1.genblk1.lut0 (4 -> 1)
  Optimizing lut $abc$35333$auto$blifparse.cc:557:parse_blif$36558.genblk1.genblk1.genblk1.genblk1.genblk1.lut1 (4 -> 3)
  Optimizing lut $abc$35333$auto$blifparse.cc:557:parse_blif$36558.genblk1.genblk1.genblk1.genblk1.genblk1.lut0 (4 -> 1)
  Optimizing lut $abc$35333$auto$blifparse.cc:557:parse_blif$36560.genblk1.genblk1.genblk1.genblk1.genblk1.lut1 (4 -> 3)
  Optimizing lut $abc$35333$auto$blifparse.cc:557:parse_blif$36560.genblk1.genblk1.genblk1.genblk1.genblk1.lut0 (4 -> 1)
  Optimizing lut $abc$35333$auto$blifparse.cc:557:parse_blif$36562.genblk1.genblk1.genblk1.genblk1.genblk1.lut1 (4 -> 3)
  Optimizing lut $abc$35333$auto$blifparse.cc:557:parse_blif$36562.genblk1.genblk1.genblk1.genblk1.genblk1.lut0 (4 -> 1)
  Optimizing lut $abc$35333$auto$blifparse.cc:557:parse_blif$36564.genblk1.genblk1.genblk1.genblk1.genblk1.lut1 (4 -> 3)
  Optimizing lut $abc$35333$auto$blifparse.cc:557:parse_blif$36564.genblk1.genblk1.genblk1.genblk1.genblk1.lut0 (4 -> 1)
  Optimizing lut $abc$35333$auto$blifparse.cc:557:parse_blif$36565.genblk1.genblk1.genblk1.genblk1.genblk1.lut0 (4 -> 1)
  Optimizing lut $abc$35333$auto$blifparse.cc:557:parse_blif$36569.genblk1.genblk1.genblk1.genblk1.genblk1.lut1 (4 -> 3)
  Optimizing lut $abc$35333$auto$blifparse.cc:557:parse_blif$36569.genblk1.genblk1.genblk1.genblk1.genblk1.lut0 (4 -> 1)
  Optimizing lut $abc$35333$auto$blifparse.cc:557:parse_blif$36571.genblk1.genblk1.genblk1.genblk1.genblk1.lut1 (4 -> 3)
  Optimizing lut $abc$35333$auto$blifparse.cc:557:parse_blif$36571.genblk1.genblk1.genblk1.genblk1.genblk1.lut0 (4 -> 1)
  Optimizing lut $abc$35333$auto$blifparse.cc:557:parse_blif$36573.genblk1.genblk1.genblk1.genblk1.genblk1.lut1 (4 -> 3)
  Optimizing lut $abc$35333$auto$blifparse.cc:557:parse_blif$36573.genblk1.genblk1.genblk1.genblk1.genblk1.lut0 (4 -> 1)
  Optimizing lut $abc$35333$auto$blifparse.cc:557:parse_blif$36575.genblk1.genblk1.genblk1.genblk1.genblk1.lut1 (4 -> 3)
  Optimizing lut $abc$35333$auto$blifparse.cc:557:parse_blif$36575.genblk1.genblk1.genblk1.genblk1.genblk1.lut0 (4 -> 1)
  Optimizing lut $abc$35333$auto$blifparse.cc:557:parse_blif$36577.genblk1.genblk1.genblk1.genblk1.genblk1.lut1 (4 -> 3)
  Optimizing lut $abc$35333$auto$blifparse.cc:557:parse_blif$36577.genblk1.genblk1.genblk1.genblk1.genblk1.lut0 (4 -> 1)
  Optimizing lut $abc$35333$auto$blifparse.cc:557:parse_blif$36579.genblk1.genblk1.genblk1.genblk1.genblk1.lut1 (4 -> 3)
  Optimizing lut $abc$35333$auto$blifparse.cc:557:parse_blif$36579.genblk1.genblk1.genblk1.genblk1.genblk1.lut0 (4 -> 1)
  Optimizing lut $abc$35333$auto$blifparse.cc:557:parse_blif$36581.genblk1.genblk1.genblk1.genblk1.genblk1.lut1 (4 -> 3)
  Optimizing lut $abc$35333$auto$blifparse.cc:557:parse_blif$36581.genblk1.genblk1.genblk1.genblk1.genblk1.lut0 (4 -> 1)
  Optimizing lut $abc$35333$auto$blifparse.cc:557:parse_blif$36583.genblk1.genblk1.genblk1.genblk1.genblk1.lut1 (4 -> 3)
  Optimizing lut $abc$35333$auto$blifparse.cc:557:parse_blif$36583.genblk1.genblk1.genblk1.genblk1.genblk1.lut0 (4 -> 1)
  Optimizing lut $abc$35333$auto$blifparse.cc:557:parse_blif$36585.genblk1.genblk1.genblk1.genblk1.genblk1.lut1 (4 -> 3)
  Optimizing lut $abc$35333$auto$blifparse.cc:557:parse_blif$36585.genblk1.genblk1.genblk1.genblk1.genblk1.lut0 (4 -> 1)
  Optimizing lut $abc$35333$auto$blifparse.cc:557:parse_blif$36587.genblk1.genblk1.genblk1.genblk1.genblk1.lut1 (4 -> 3)
  Optimizing lut $abc$35333$auto$blifparse.cc:557:parse_blif$36587.genblk1.genblk1.genblk1.genblk1.genblk1.lut0 (4 -> 1)
  Optimizing lut $abc$35333$auto$blifparse.cc:557:parse_blif$36589.genblk1.genblk1.genblk1.genblk1.genblk1.lut1 (4 -> 3)
  Optimizing lut $abc$35333$auto$blifparse.cc:557:parse_blif$36589.genblk1.genblk1.genblk1.genblk1.genblk1.lut0 (4 -> 1)
  Optimizing lut $abc$35333$auto$blifparse.cc:557:parse_blif$36591.genblk1.genblk1.genblk1.genblk1.genblk1.lut1 (4 -> 3)
  Optimizing lut $abc$35333$auto$blifparse.cc:557:parse_blif$36591.genblk1.genblk1.genblk1.genblk1.genblk1.lut0 (4 -> 1)
  Optimizing lut $abc$35333$auto$blifparse.cc:557:parse_blif$36596.genblk1.genblk1.genblk1.genblk1.genblk1.lut1 (4 -> 3)
  Optimizing lut $abc$35333$auto$blifparse.cc:557:parse_blif$36596.genblk1.genblk1.genblk1.genblk1.genblk1.lut0 (4 -> 1)
  Optimizing lut $abc$35333$auto$blifparse.cc:557:parse_blif$36598.genblk1.genblk1.genblk1.genblk1.genblk1.lut1 (4 -> 3)
  Optimizing lut $abc$35333$auto$blifparse.cc:557:parse_blif$36598.genblk1.genblk1.genblk1.genblk1.genblk1.lut0 (4 -> 1)
  Optimizing lut $abc$35333$auto$blifparse.cc:557:parse_blif$36600.genblk1.genblk1.genblk1.genblk1.genblk1.lut1 (4 -> 3)
  Optimizing lut $abc$35333$auto$blifparse.cc:557:parse_blif$36600.genblk1.genblk1.genblk1.genblk1.genblk1.lut0 (4 -> 1)
  Optimizing lut $abc$35333$auto$blifparse.cc:557:parse_blif$36602.genblk1.genblk1.genblk1.genblk1.genblk1.lut1 (4 -> 3)
  Optimizing lut $abc$35333$auto$blifparse.cc:557:parse_blif$36602.genblk1.genblk1.genblk1.genblk1.genblk1.lut0 (4 -> 1)
  Optimizing lut $abc$35333$auto$blifparse.cc:557:parse_blif$36604.genblk1.genblk1.genblk1.genblk1.genblk1.lut1 (4 -> 3)
  Optimizing lut $abc$35333$auto$blifparse.cc:557:parse_blif$36604.genblk1.genblk1.genblk1.genblk1.genblk1.lut0 (4 -> 1)
  Optimizing lut $abc$35333$auto$blifparse.cc:557:parse_blif$36606.genblk1.genblk1.genblk1.genblk1.genblk1.lut1 (4 -> 3)
  Optimizing lut $abc$35333$auto$blifparse.cc:557:parse_blif$36606.genblk1.genblk1.genblk1.genblk1.genblk1.lut0 (4 -> 1)
  Optimizing lut $abc$35333$auto$blifparse.cc:557:parse_blif$36608.genblk1.genblk1.genblk1.genblk1.genblk1.lut1 (4 -> 3)
  Optimizing lut $abc$35333$auto$blifparse.cc:557:parse_blif$36608.genblk1.genblk1.genblk1.genblk1.genblk1.lut0 (4 -> 1)
  Optimizing lut $abc$35333$auto$blifparse.cc:557:parse_blif$36610.genblk1.genblk1.genblk1.genblk1.genblk1.lut1 (4 -> 3)
  Optimizing lut $abc$35333$auto$blifparse.cc:557:parse_blif$36610.genblk1.genblk1.genblk1.genblk1.genblk1.lut0 (4 -> 1)
  Optimizing lut $abc$35333$auto$blifparse.cc:557:parse_blif$36612.genblk1.genblk1.genblk1.genblk1.genblk1.lut1 (4 -> 3)
  Optimizing lut $abc$35333$auto$blifparse.cc:557:parse_blif$36612.genblk1.genblk1.genblk1.genblk1.genblk1.lut0 (4 -> 1)
  Optimizing lut $abc$35333$auto$blifparse.cc:557:parse_blif$36614.genblk1.genblk1.genblk1.genblk1.genblk1.lut1 (4 -> 3)
  Optimizing lut $abc$35333$auto$blifparse.cc:557:parse_blif$36614.genblk1.genblk1.genblk1.genblk1.genblk1.lut0 (4 -> 1)
  Optimizing lut $abc$35333$auto$blifparse.cc:557:parse_blif$36616.genblk1.genblk1.genblk1.genblk1.genblk1.lut1 (4 -> 3)
  Optimizing lut $abc$35333$auto$blifparse.cc:557:parse_blif$36616.genblk1.genblk1.genblk1.genblk1.genblk1.lut0 (4 -> 1)
  Optimizing lut $abc$35333$auto$blifparse.cc:557:parse_blif$36618.genblk1.genblk1.genblk1.genblk1.genblk1.lut1 (4 -> 3)
  Optimizing lut $abc$35333$auto$blifparse.cc:557:parse_blif$36618.genblk1.genblk1.genblk1.genblk1.genblk1.lut0 (4 -> 1)
  Optimizing lut $abc$35333$auto$blifparse.cc:557:parse_blif$36621.genblk1.genblk1.genblk1.genblk1.genblk1.lut1 (4 -> 3)
  Optimizing lut $abc$35333$auto$blifparse.cc:557:parse_blif$36621.genblk1.genblk1.genblk1.genblk1.genblk1.lut0 (4 -> 1)
  Optimizing lut $abc$35333$auto$blifparse.cc:557:parse_blif$36623.genblk1.genblk1.genblk1.genblk1.genblk1.lut1 (4 -> 3)
  Optimizing lut $abc$35333$auto$blifparse.cc:557:parse_blif$36623.genblk1.genblk1.genblk1.genblk1.genblk1.lut0 (4 -> 1)
  Optimizing lut $abc$35333$auto$blifparse.cc:557:parse_blif$36627.genblk1.genblk1.genblk1.genblk1.genblk1.lut1 (4 -> 3)
  Optimizing lut $abc$35333$auto$blifparse.cc:557:parse_blif$36627.genblk1.genblk1.genblk1.genblk1.genblk1.lut0 (4 -> 1)
  Optimizing lut $abc$35333$auto$blifparse.cc:557:parse_blif$36629.genblk1.genblk1.genblk1.genblk1.genblk1.lut1 (4 -> 3)
  Optimizing lut $abc$35333$auto$blifparse.cc:557:parse_blif$36629.genblk1.genblk1.genblk1.genblk1.genblk1.lut0 (4 -> 1)
  Optimizing lut $abc$35333$auto$blifparse.cc:557:parse_blif$36631.genblk1.genblk1.genblk1.genblk1.genblk1.lut1 (4 -> 3)
  Optimizing lut $abc$35333$auto$blifparse.cc:557:parse_blif$36631.genblk1.genblk1.genblk1.genblk1.genblk1.lut0 (4 -> 1)
  Optimizing lut $abc$35333$auto$blifparse.cc:557:parse_blif$36633.genblk1.genblk1.genblk1.genblk1.genblk1.lut1 (4 -> 3)
  Optimizing lut $abc$35333$auto$blifparse.cc:557:parse_blif$36633.genblk1.genblk1.genblk1.genblk1.genblk1.lut0 (4 -> 1)
  Optimizing lut $abc$35333$auto$blifparse.cc:557:parse_blif$36635.genblk1.genblk1.genblk1.genblk1.genblk1.lut1 (4 -> 3)
  Optimizing lut $abc$35333$auto$blifparse.cc:557:parse_blif$36635.genblk1.genblk1.genblk1.genblk1.genblk1.lut0 (4 -> 1)
  Optimizing lut $abc$35333$auto$blifparse.cc:557:parse_blif$36637.genblk1.genblk1.genblk1.genblk1.genblk1.lut1 (4 -> 3)
  Optimizing lut $abc$35333$auto$blifparse.cc:557:parse_blif$36637.genblk1.genblk1.genblk1.genblk1.genblk1.lut0 (4 -> 1)
  Optimizing lut $abc$35333$auto$blifparse.cc:557:parse_blif$36639.genblk1.genblk1.genblk1.genblk1.genblk1.lut1 (4 -> 3)
  Optimizing lut $abc$35333$auto$blifparse.cc:557:parse_blif$36639.genblk1.genblk1.genblk1.genblk1.genblk1.lut0 (4 -> 1)
  Optimizing lut $abc$35333$auto$blifparse.cc:557:parse_blif$36641.genblk1.genblk1.genblk1.genblk1.genblk1.lut1 (4 -> 3)
  Optimizing lut $abc$35333$auto$blifparse.cc:557:parse_blif$36641.genblk1.genblk1.genblk1.genblk1.genblk1.lut0 (4 -> 1)
  Optimizing lut $abc$35333$auto$blifparse.cc:557:parse_blif$36643.genblk1.genblk1.genblk1.genblk1.genblk1.lut1 (4 -> 3)
  Optimizing lut $abc$35333$auto$blifparse.cc:557:parse_blif$36643.genblk1.genblk1.genblk1.genblk1.genblk1.lut0 (4 -> 1)
  Optimizing lut $abc$35333$auto$blifparse.cc:557:parse_blif$36645.genblk1.genblk1.genblk1.genblk1.genblk1.lut1 (4 -> 3)
  Optimizing lut $abc$35333$auto$blifparse.cc:557:parse_blif$36645.genblk1.genblk1.genblk1.genblk1.genblk1.lut0 (4 -> 1)
  Optimizing lut $abc$35333$auto$blifparse.cc:557:parse_blif$36647.genblk1.genblk1.genblk1.genblk1.genblk1.lut1 (4 -> 3)
  Optimizing lut $abc$35333$auto$blifparse.cc:557:parse_blif$36647.genblk1.genblk1.genblk1.genblk1.genblk1.lut0 (4 -> 1)
  Optimizing lut $abc$35333$auto$blifparse.cc:557:parse_blif$36649.genblk1.genblk1.genblk1.genblk1.genblk1.lut1 (4 -> 3)
  Optimizing lut $abc$35333$auto$blifparse.cc:557:parse_blif$36649.genblk1.genblk1.genblk1.genblk1.genblk1.lut0 (4 -> 1)
  Optimizing lut $abc$35333$auto$blifparse.cc:557:parse_blif$36651.genblk1.genblk1.genblk1.genblk1.genblk1.lut1 (4 -> 3)
  Optimizing lut $abc$35333$auto$blifparse.cc:557:parse_blif$36651.genblk1.genblk1.genblk1.genblk1.genblk1.lut0 (4 -> 1)
  Optimizing lut $abc$35333$auto$blifparse.cc:557:parse_blif$36653.genblk1.genblk1.genblk1.genblk1.genblk1.lut1 (4 -> 3)
  Optimizing lut $abc$35333$auto$blifparse.cc:557:parse_blif$36653.genblk1.genblk1.genblk1.genblk1.genblk1.lut0 (4 -> 1)
  Optimizing lut $abc$35333$auto$blifparse.cc:557:parse_blif$36655.genblk1.genblk1.genblk1.genblk1.genblk1.lut1 (4 -> 3)
  Optimizing lut $abc$35333$auto$blifparse.cc:557:parse_blif$36655.genblk1.genblk1.genblk1.genblk1.genblk1.lut0 (4 -> 1)
  Optimizing lut $abc$35333$auto$blifparse.cc:557:parse_blif$36657.genblk1.genblk1.genblk1.genblk1.genblk1.lut1 (4 -> 3)
  Optimizing lut $abc$35333$auto$blifparse.cc:557:parse_blif$36657.genblk1.genblk1.genblk1.genblk1.genblk1.lut0 (4 -> 1)
  Optimizing lut $abc$35333$auto$blifparse.cc:557:parse_blif$36659.genblk1.genblk1.genblk1.genblk1.genblk1.lut1 (4 -> 3)
  Optimizing lut $abc$35333$auto$blifparse.cc:557:parse_blif$36659.genblk1.genblk1.genblk1.genblk1.genblk1.lut0 (4 -> 1)
  Optimizing lut $abc$35333$auto$blifparse.cc:557:parse_blif$36661.genblk1.genblk1.genblk1.genblk1.genblk1.lut1 (4 -> 3)
  Optimizing lut $abc$35333$auto$blifparse.cc:557:parse_blif$36661.genblk1.genblk1.genblk1.genblk1.genblk1.lut0 (4 -> 1)
  Optimizing lut $abc$35333$auto$blifparse.cc:557:parse_blif$36663.genblk1.genblk1.genblk1.genblk1.genblk1.lut1 (4 -> 3)
  Optimizing lut $abc$35333$auto$blifparse.cc:557:parse_blif$36663.genblk1.genblk1.genblk1.genblk1.genblk1.lut0 (4 -> 1)
  Optimizing lut $abc$35333$auto$blifparse.cc:557:parse_blif$36665.genblk1.genblk1.genblk1.genblk1.genblk1.lut1 (4 -> 3)
  Optimizing lut $abc$35333$auto$blifparse.cc:557:parse_blif$36665.genblk1.genblk1.genblk1.genblk1.genblk1.lut0 (4 -> 1)
  Optimizing lut $abc$35333$auto$blifparse.cc:557:parse_blif$36667.genblk1.genblk1.genblk1.genblk1.genblk1.lut1 (4 -> 3)
  Optimizing lut $abc$35333$auto$blifparse.cc:557:parse_blif$36667.genblk1.genblk1.genblk1.genblk1.genblk1.lut0 (4 -> 1)
  Optimizing lut $abc$35333$auto$blifparse.cc:557:parse_blif$36669.genblk1.genblk1.genblk1.genblk1.genblk1.lut1 (4 -> 3)
  Optimizing lut $abc$35333$auto$blifparse.cc:557:parse_blif$36669.genblk1.genblk1.genblk1.genblk1.genblk1.lut0 (4 -> 1)
  Optimizing lut $abc$35333$auto$blifparse.cc:557:parse_blif$36671.genblk1.genblk1.genblk1.genblk1.genblk1.lut1 (4 -> 3)
  Optimizing lut $abc$35333$auto$blifparse.cc:557:parse_blif$36671.genblk1.genblk1.genblk1.genblk1.genblk1.lut0 (4 -> 1)
  Optimizing lut $abc$35333$auto$blifparse.cc:557:parse_blif$36673.genblk1.genblk1.genblk1.genblk1.genblk1.lut1 (4 -> 3)
  Optimizing lut $abc$35333$auto$blifparse.cc:557:parse_blif$36673.genblk1.genblk1.genblk1.genblk1.genblk1.lut0 (4 -> 1)
  Optimizing lut $abc$35333$auto$blifparse.cc:557:parse_blif$36675.genblk1.genblk1.genblk1.genblk1.genblk1.lut1 (4 -> 3)
  Optimizing lut $abc$35333$auto$blifparse.cc:557:parse_blif$36675.genblk1.genblk1.genblk1.genblk1.genblk1.lut0 (4 -> 1)
  Optimizing lut $abc$35333$auto$blifparse.cc:557:parse_blif$36677.genblk1.genblk1.genblk1.genblk1.genblk1.lut1 (4 -> 3)
  Optimizing lut $abc$35333$auto$blifparse.cc:557:parse_blif$36677.genblk1.genblk1.genblk1.genblk1.genblk1.lut0 (4 -> 1)
  Optimizing lut $abc$35333$auto$blifparse.cc:557:parse_blif$36679.genblk1.genblk1.genblk1.genblk1.genblk1.lut1 (4 -> 3)
  Optimizing lut $abc$35333$auto$blifparse.cc:557:parse_blif$36679.genblk1.genblk1.genblk1.genblk1.genblk1.lut0 (4 -> 1)
  Optimizing lut $abc$35333$auto$blifparse.cc:557:parse_blif$36681.genblk1.genblk1.genblk1.genblk1.genblk1.lut1 (4 -> 3)
  Optimizing lut $abc$35333$auto$blifparse.cc:557:parse_blif$36681.genblk1.genblk1.genblk1.genblk1.genblk1.lut0 (4 -> 1)
  Optimizing lut $abc$35333$auto$blifparse.cc:557:parse_blif$36683.genblk1.genblk1.genblk1.genblk1.genblk1.lut1 (4 -> 3)
  Optimizing lut $abc$35333$auto$blifparse.cc:557:parse_blif$36683.genblk1.genblk1.genblk1.genblk1.genblk1.lut0 (4 -> 1)
  Optimizing lut $abc$35333$auto$blifparse.cc:557:parse_blif$36685.genblk1.genblk1.genblk1.genblk1.genblk1.lut1 (4 -> 3)
  Optimizing lut $abc$35333$auto$blifparse.cc:557:parse_blif$36685.genblk1.genblk1.genblk1.genblk1.genblk1.lut0 (4 -> 1)
  Optimizing lut $abc$35333$auto$blifparse.cc:557:parse_blif$36687.genblk1.genblk1.genblk1.genblk1.genblk1.lut1 (4 -> 3)
  Optimizing lut $abc$35333$auto$blifparse.cc:557:parse_blif$36687.genblk1.genblk1.genblk1.genblk1.genblk1.lut0 (4 -> 1)
  Optimizing lut $abc$35333$auto$blifparse.cc:557:parse_blif$36689.genblk1.genblk1.genblk1.genblk1.genblk1.lut1 (4 -> 3)
  Optimizing lut $abc$35333$auto$blifparse.cc:557:parse_blif$36689.genblk1.genblk1.genblk1.genblk1.genblk1.lut0 (4 -> 1)
  Optimizing lut $abc$35333$auto$blifparse.cc:557:parse_blif$36691.genblk1.genblk1.genblk1.genblk1.genblk1.lut1 (4 -> 3)
  Optimizing lut $abc$35333$auto$blifparse.cc:557:parse_blif$36691.genblk1.genblk1.genblk1.genblk1.genblk1.lut0 (4 -> 1)
  Optimizing lut $abc$35333$auto$blifparse.cc:557:parse_blif$36693.genblk1.genblk1.genblk1.genblk1.genblk1.lut1 (4 -> 3)
  Optimizing lut $abc$35333$auto$blifparse.cc:557:parse_blif$36693.genblk1.genblk1.genblk1.genblk1.genblk1.lut0 (4 -> 1)
  Optimizing lut $abc$35333$auto$blifparse.cc:557:parse_blif$36695.genblk1.genblk1.genblk1.genblk1.genblk1.lut1 (4 -> 3)
  Optimizing lut $abc$35333$auto$blifparse.cc:557:parse_blif$36695.genblk1.genblk1.genblk1.genblk1.genblk1.lut0 (4 -> 1)
  Optimizing lut $abc$35333$auto$blifparse.cc:557:parse_blif$36697.genblk1.genblk1.genblk1.genblk1.genblk1.lut1 (4 -> 3)
  Optimizing lut $abc$35333$auto$blifparse.cc:557:parse_blif$36697.genblk1.genblk1.genblk1.genblk1.genblk1.lut0 (4 -> 1)
  Optimizing lut $abc$35333$auto$blifparse.cc:557:parse_blif$36699.genblk1.genblk1.genblk1.genblk1.genblk1.lut1 (4 -> 3)
  Optimizing lut $abc$35333$auto$blifparse.cc:557:parse_blif$36699.genblk1.genblk1.genblk1.genblk1.genblk1.lut0 (4 -> 1)
  Optimizing lut $abc$35333$auto$blifparse.cc:557:parse_blif$36701.genblk1.genblk1.genblk1.genblk1.genblk1.lut1 (4 -> 3)
  Optimizing lut $abc$35333$auto$blifparse.cc:557:parse_blif$36701.genblk1.genblk1.genblk1.genblk1.genblk1.lut0 (4 -> 1)
  Optimizing lut $abc$35333$auto$blifparse.cc:557:parse_blif$36703.genblk1.genblk1.genblk1.genblk1.genblk1.lut1 (4 -> 3)
  Optimizing lut $abc$35333$auto$blifparse.cc:557:parse_blif$36703.genblk1.genblk1.genblk1.genblk1.genblk1.lut0 (4 -> 1)
  Optimizing lut $abc$35333$auto$blifparse.cc:557:parse_blif$36705.genblk1.genblk1.genblk1.genblk1.genblk1.lut1 (4 -> 3)
  Optimizing lut $abc$35333$auto$blifparse.cc:557:parse_blif$36705.genblk1.genblk1.genblk1.genblk1.genblk1.lut0 (4 -> 1)
  Optimizing lut $abc$35333$auto$blifparse.cc:557:parse_blif$36707.genblk1.genblk1.genblk1.genblk1.genblk1.lut1 (4 -> 3)
  Optimizing lut $abc$35333$auto$blifparse.cc:557:parse_blif$36707.genblk1.genblk1.genblk1.genblk1.genblk1.lut0 (4 -> 1)
  Optimizing lut $abc$35333$auto$blifparse.cc:557:parse_blif$36710.genblk1.genblk1.genblk1.genblk1.genblk1.lut1 (4 -> 3)
  Optimizing lut $abc$35333$auto$blifparse.cc:557:parse_blif$36710.genblk1.genblk1.genblk1.genblk1.genblk1.lut0 (4 -> 1)
  Optimizing lut $abc$35333$auto$blifparse.cc:557:parse_blif$36712.genblk1.genblk1.genblk1.genblk1.genblk1.lut1 (4 -> 3)
  Optimizing lut $abc$35333$auto$blifparse.cc:557:parse_blif$36712.genblk1.genblk1.genblk1.genblk1.genblk1.lut0 (4 -> 1)
  Optimizing lut $abc$35333$auto$blifparse.cc:557:parse_blif$36714.genblk1.genblk1.genblk1.genblk1.genblk1.lut1 (4 -> 3)
  Optimizing lut $abc$35333$auto$blifparse.cc:557:parse_blif$36714.genblk1.genblk1.genblk1.genblk1.genblk1.lut0 (4 -> 1)
  Optimizing lut $abc$35333$auto$blifparse.cc:557:parse_blif$36716.genblk1.genblk1.genblk1.genblk1.genblk1.lut1 (4 -> 3)
  Optimizing lut $abc$35333$auto$blifparse.cc:557:parse_blif$36716.genblk1.genblk1.genblk1.genblk1.genblk1.lut0 (4 -> 1)
  Optimizing lut $abc$35333$auto$blifparse.cc:557:parse_blif$36718.genblk1.genblk1.genblk1.genblk1.genblk1.lut1 (4 -> 3)
  Optimizing lut $abc$35333$auto$blifparse.cc:557:parse_blif$36718.genblk1.genblk1.genblk1.genblk1.genblk1.lut0 (4 -> 1)
  Optimizing lut $abc$35333$auto$blifparse.cc:557:parse_blif$36720.genblk1.genblk1.genblk1.genblk1.genblk1.lut1 (4 -> 3)
  Optimizing lut $abc$35333$auto$blifparse.cc:557:parse_blif$36720.genblk1.genblk1.genblk1.genblk1.genblk1.lut0 (4 -> 1)
  Optimizing lut $abc$35333$auto$blifparse.cc:557:parse_blif$36722.genblk1.genblk1.genblk1.genblk1.genblk1.lut1 (4 -> 3)
  Optimizing lut $abc$35333$auto$blifparse.cc:557:parse_blif$36722.genblk1.genblk1.genblk1.genblk1.genblk1.lut0 (4 -> 1)
  Optimizing lut $abc$35333$auto$blifparse.cc:557:parse_blif$36724.genblk1.genblk1.genblk1.genblk1.genblk1.lut1 (4 -> 3)
  Optimizing lut $abc$35333$auto$blifparse.cc:557:parse_blif$36724.genblk1.genblk1.genblk1.genblk1.genblk1.lut0 (4 -> 1)
  Optimizing lut $abc$35333$auto$blifparse.cc:557:parse_blif$36726.genblk1.genblk1.genblk1.genblk1.genblk1.lut1 (4 -> 3)
  Optimizing lut $abc$35333$auto$blifparse.cc:557:parse_blif$36726.genblk1.genblk1.genblk1.genblk1.genblk1.lut0 (4 -> 1)
  Optimizing lut $abc$35333$auto$blifparse.cc:557:parse_blif$36728.genblk1.genblk1.genblk1.genblk1.genblk1.lut1 (4 -> 3)
  Optimizing lut $abc$35333$auto$blifparse.cc:557:parse_blif$36728.genblk1.genblk1.genblk1.genblk1.genblk1.lut0 (4 -> 1)
  Optimizing lut $abc$35333$auto$blifparse.cc:557:parse_blif$36730.genblk1.genblk1.genblk1.genblk1.genblk1.lut1 (4 -> 3)
  Optimizing lut $abc$35333$auto$blifparse.cc:557:parse_blif$36730.genblk1.genblk1.genblk1.genblk1.genblk1.lut0 (4 -> 1)
  Optimizing lut $abc$35333$auto$blifparse.cc:557:parse_blif$36732.genblk1.genblk1.genblk1.genblk1.genblk1.lut1 (4 -> 3)
  Optimizing lut $abc$35333$auto$blifparse.cc:557:parse_blif$36732.genblk1.genblk1.genblk1.genblk1.genblk1.lut0 (4 -> 1)
  Optimizing lut $abc$35333$auto$blifparse.cc:557:parse_blif$36734.genblk1.genblk1.genblk1.genblk1.genblk1.lut1 (4 -> 3)
  Optimizing lut $abc$35333$auto$blifparse.cc:557:parse_blif$36734.genblk1.genblk1.genblk1.genblk1.genblk1.lut0 (4 -> 1)
  Optimizing lut $abc$35333$auto$blifparse.cc:557:parse_blif$36736.genblk1.genblk1.genblk1.genblk1.genblk1.lut1 (4 -> 3)
  Optimizing lut $abc$35333$auto$blifparse.cc:557:parse_blif$36736.genblk1.genblk1.genblk1.genblk1.genblk1.lut0 (4 -> 1)
  Optimizing lut $abc$35333$auto$blifparse.cc:557:parse_blif$36738.genblk1.genblk1.genblk1.genblk1.genblk1.lut1 (4 -> 3)
  Optimizing lut $abc$35333$auto$blifparse.cc:557:parse_blif$36738.genblk1.genblk1.genblk1.genblk1.genblk1.lut0 (4 -> 1)
  Optimizing lut $abc$35333$auto$blifparse.cc:557:parse_blif$36740.genblk1.genblk1.genblk1.genblk1.genblk1.lut1 (4 -> 3)
  Optimizing lut $abc$35333$auto$blifparse.cc:557:parse_blif$36740.genblk1.genblk1.genblk1.genblk1.genblk1.lut0 (4 -> 1)
  Optimizing lut $abc$35333$auto$blifparse.cc:557:parse_blif$36742.genblk1.genblk1.genblk1.genblk1.genblk1.lut1 (4 -> 3)
  Optimizing lut $abc$35333$auto$blifparse.cc:557:parse_blif$36742.genblk1.genblk1.genblk1.genblk1.genblk1.lut0 (4 -> 1)
  Optimizing lut $abc$35333$auto$blifparse.cc:557:parse_blif$36744.genblk1.genblk1.genblk1.genblk1.genblk1.lut1 (4 -> 3)
  Optimizing lut $abc$35333$auto$blifparse.cc:557:parse_blif$36744.genblk1.genblk1.genblk1.genblk1.genblk1.lut0 (4 -> 1)
  Optimizing lut $abc$35333$auto$blifparse.cc:557:parse_blif$36746.genblk1.genblk1.genblk1.genblk1.genblk1.lut1 (4 -> 3)
  Optimizing lut $abc$35333$auto$blifparse.cc:557:parse_blif$36746.genblk1.genblk1.genblk1.genblk1.genblk1.lut0 (4 -> 1)
  Optimizing lut $abc$35333$auto$blifparse.cc:557:parse_blif$36748.genblk1.genblk1.genblk1.genblk1.genblk1.lut1 (4 -> 3)
  Optimizing lut $abc$35333$auto$blifparse.cc:557:parse_blif$36748.genblk1.genblk1.genblk1.genblk1.genblk1.lut0 (4 -> 1)
  Optimizing lut $abc$35333$auto$blifparse.cc:557:parse_blif$36750.genblk1.genblk1.genblk1.genblk1.genblk1.lut1 (4 -> 3)
  Optimizing lut $abc$35333$auto$blifparse.cc:557:parse_blif$36750.genblk1.genblk1.genblk1.genblk1.genblk1.lut0 (4 -> 1)
  Optimizing lut $abc$35333$auto$blifparse.cc:557:parse_blif$36752.genblk1.genblk1.genblk1.genblk1.genblk1.lut1 (4 -> 3)
  Optimizing lut $abc$35333$auto$blifparse.cc:557:parse_blif$36752.genblk1.genblk1.genblk1.genblk1.genblk1.lut0 (4 -> 1)
  Optimizing lut $abc$35333$auto$blifparse.cc:557:parse_blif$36754.genblk1.genblk1.genblk1.genblk1.genblk1.lut1 (4 -> 3)
  Optimizing lut $abc$35333$auto$blifparse.cc:557:parse_blif$36754.genblk1.genblk1.genblk1.genblk1.genblk1.lut0 (4 -> 1)
  Optimizing lut $abc$35333$auto$blifparse.cc:557:parse_blif$36756.genblk1.genblk1.genblk1.genblk1.genblk1.lut1 (4 -> 3)
  Optimizing lut $abc$35333$auto$blifparse.cc:557:parse_blif$36756.genblk1.genblk1.genblk1.genblk1.genblk1.lut0 (4 -> 1)
  Optimizing lut $abc$35333$auto$blifparse.cc:557:parse_blif$36758.genblk1.genblk1.genblk1.genblk1.genblk1.lut1 (4 -> 3)
  Optimizing lut $abc$35333$auto$blifparse.cc:557:parse_blif$36758.genblk1.genblk1.genblk1.genblk1.genblk1.lut0 (4 -> 1)
  Optimizing lut $abc$35333$auto$blifparse.cc:557:parse_blif$36760.genblk1.genblk1.genblk1.genblk1.genblk1.lut1 (4 -> 3)
  Optimizing lut $abc$35333$auto$blifparse.cc:557:parse_blif$36760.genblk1.genblk1.genblk1.genblk1.genblk1.lut0 (4 -> 1)
  Optimizing lut $abc$35333$auto$blifparse.cc:557:parse_blif$36762.genblk1.genblk1.genblk1.genblk1.genblk1.lut1 (4 -> 3)
  Optimizing lut $abc$35333$auto$blifparse.cc:557:parse_blif$36762.genblk1.genblk1.genblk1.genblk1.genblk1.lut0 (4 -> 1)
  Optimizing lut $abc$35333$auto$blifparse.cc:557:parse_blif$36764.genblk1.genblk1.genblk1.genblk1.genblk1.lut1 (4 -> 3)
  Optimizing lut $abc$35333$auto$blifparse.cc:557:parse_blif$36764.genblk1.genblk1.genblk1.genblk1.genblk1.lut0 (4 -> 1)
  Optimizing lut $abc$35333$auto$blifparse.cc:557:parse_blif$36766.genblk1.genblk1.genblk1.genblk1.genblk1.lut1 (4 -> 3)
  Optimizing lut $abc$35333$auto$blifparse.cc:557:parse_blif$36766.genblk1.genblk1.genblk1.genblk1.genblk1.lut0 (4 -> 1)
  Optimizing lut $abc$35333$auto$blifparse.cc:557:parse_blif$36768.genblk1.genblk1.genblk1.genblk1.genblk1.lut1 (4 -> 3)
  Optimizing lut $abc$35333$auto$blifparse.cc:557:parse_blif$36768.genblk1.genblk1.genblk1.genblk1.genblk1.lut0 (4 -> 1)
  Optimizing lut $abc$35333$auto$blifparse.cc:557:parse_blif$36770.genblk1.genblk1.genblk1.genblk1.genblk1.lut1 (4 -> 3)
  Optimizing lut $abc$35333$auto$blifparse.cc:557:parse_blif$36770.genblk1.genblk1.genblk1.genblk1.genblk1.lut0 (4 -> 1)
  Optimizing lut $abc$35333$auto$blifparse.cc:557:parse_blif$36772.genblk1.genblk1.genblk1.genblk1.genblk1.lut1 (4 -> 3)
  Optimizing lut $abc$35333$auto$blifparse.cc:557:parse_blif$36772.genblk1.genblk1.genblk1.genblk1.genblk1.lut0 (4 -> 1)
  Optimizing lut $abc$35333$auto$blifparse.cc:557:parse_blif$36774.genblk1.genblk1.genblk1.genblk1.genblk1.lut1 (4 -> 3)
  Optimizing lut $abc$35333$auto$blifparse.cc:557:parse_blif$36774.genblk1.genblk1.genblk1.genblk1.genblk1.lut0 (4 -> 1)
  Optimizing lut $abc$35333$auto$blifparse.cc:557:parse_blif$36776.genblk1.genblk1.genblk1.genblk1.genblk1.lut1 (4 -> 3)
  Optimizing lut $abc$35333$auto$blifparse.cc:557:parse_blif$36776.genblk1.genblk1.genblk1.genblk1.genblk1.lut0 (4 -> 1)
  Optimizing lut $abc$35333$auto$blifparse.cc:557:parse_blif$36820.genblk1.genblk1.genblk1.genblk1.genblk1.genblk1.genblk1.lut0 (4 -> 0)
  Optimizing lut $abc$35333$auto$blifparse.cc:557:parse_blif$36821.genblk1.genblk1.genblk1.genblk1.genblk1.genblk1.genblk1.lut0 (4 -> 0)
  Optimizing lut $abc$35333$auto$blifparse.cc:557:parse_blif$36825.genblk1.genblk1.genblk1.genblk1.genblk1.genblk1.lut1 (4 -> 0)
  Optimizing lut $abc$35333$auto$blifparse.cc:557:parse_blif$36829.genblk1.genblk1.genblk1.genblk1.genblk1.lut0 (4 -> 0)
  Optimizing lut $abc$35333$auto$blifparse.cc:557:parse_blif$36832.genblk1.genblk1.genblk1.genblk1.genblk1.genblk1.lut1 (4 -> 0)
  Optimizing lut $abc$35333$auto$blifparse.cc:557:parse_blif$36835.genblk1.genblk1.genblk1.genblk1.genblk1.lut0 (4 -> 0)
  Optimizing lut $abc$35333$auto$blifparse.cc:557:parse_blif$36837.genblk1.genblk1.genblk1.genblk1.genblk1.lut0 (4 -> 0)
  Optimizing lut $abc$35333$auto$blifparse.cc:557:parse_blif$36841.genblk1.genblk1.genblk1.genblk1.genblk1.lut0 (4 -> 0)
  Optimizing lut $abc$35333$auto$blifparse.cc:557:parse_blif$36845.genblk1.genblk1.genblk1.genblk1.genblk1.lut0 (4 -> 0)
  Optimizing lut $abc$35333$auto$blifparse.cc:557:parse_blif$36850.genblk1.genblk1.genblk1.genblk1.genblk1.genblk1.genblk1.lut1 (4 -> 0)
  Optimizing lut $abc$35333$auto$blifparse.cc:557:parse_blif$36850.genblk1.genblk1.genblk1.genblk1.genblk1.genblk1.genblk1.lut0 (4 -> 0)
Removed 0 unused cells and 3194 unused wires.

6.50. Executing AUTONAME pass.
Renamed 135 objects in module top_zkf_div_w8_m36_base (5 iterations).
Renamed 10587 objects in module $paramod$d482ec995452f6edef73ceacb71c30dc3df86b83\zkf_div (496 iterations).
<suppressed ~10722 debug messages>

6.51. Executing HIERARCHY pass (managing design hierarchy).
Attribute `top' found on module `top_zkf_div_w8_m36_base'. Setting top module to top_zkf_div_w8_m36_base.

6.51.1. Analyzing design hierarchy..
Top module:  \top_zkf_div_w8_m36_base
Used module:     $paramod$d482ec995452f6edef73ceacb71c30dc3df86b83\zkf_div

6.51.2. Analyzing design hierarchy..
Top module:  \top_zkf_div_w8_m36_base
Used module:     $paramod$d482ec995452f6edef73ceacb71c30dc3df86b83\zkf_div
Removed 0 unused modules.

6.52. Printing statistics.

=== top_zkf_div_w8_m36_base ===

        +----------Local Count, excluding submodules.
        | 
       17 wires
      318 wire bits
       17 public wires
      318 public wire bits
        8 ports
      137 port bits
      136 submodules
        1   $paramod$d482ec995452f6edef73ceacb71c30dc3df86b83\zkf_div
      135   TRELLIS_FF

=== $paramod$d482ec995452f6edef73ceacb71c30dc3df86b83\zkf_div ===

        +----------Local Count, excluding submodules.
        | 
     3987 wires
    22078 wire bits
     3987 public wires
    22078 public wire bits
        8 ports
      137 port bits
       42 cells
       42   $scopeinfo
     6943 submodules
     1196   CCU2C
       24   L6MUX21
     2233   LUT4
      669   PFUMX
     2821   TRELLIS_FF

=== design hierarchy ===

        +----------Count including submodules.
        | 
       42 top_zkf_div_w8_m36_base
       42 $paramod$d482ec995452f6edef73ceacb71c30dc3df86b83\zkf_div

        +----------Count including submodules.
        | 
     4004 wires
    22396 wire bits
     4004 public wires
    22396 public wire bits
       16 ports
      274 port bits
        - memories
        - memory bits
        - processes
       42 cells
       42   $scopeinfo
      136 submodules
        1   $paramod$d482ec995452f6edef73ceacb71c30dc3df86b83\zkf_div
      135   TRELLIS_FF

6.53. Executing CHECK pass (checking for obvious problems).
Checking module top_zkf_div_w8_m36_base...
Checking module $paramod$d482ec995452f6edef73ceacb71c30dc3df86b83\zkf_div...
Found and reported 0 problems.

6.54. Executing JSON backend.

Warnings: 9 unique messages, 45 total
End of script. Logfile hash: 7aa9cb9562, time: 27.06s, user: 11.30s, system: 0.26s, MEM: 127.45 MB peak
Yosys 0.64+215 (git sha1 54866d154, clang++ 18.1.8 -fPIC -O3)
Time spent: 26% 1x autoname (3 sec), 23% 3x abc (3 sec), ...
$ yosys -s /mnt/storage/test/zkf-vs-flopoco/artifacts/targets/ecp5-yosys/rows/zkf_div_w8_m36_base/yosys.ys


[exit code 0]
