Copyright 1986-2022 Xilinx, Inc. All Rights Reserved. Copyright 2022-2026 Advanced Micro Devices, Inc. All Rights Reserved.
------------------------------------------------------------------------------------------------------------------------------------------------------------------------------------------------------------------
| Tool Version : Vivado v.2025.2.1 (lin64) Build 6403652 Thu Mar 19 13:47:00 MDT 2026
| Date         : Sat May 23 23:24:11 2026
| Host         : deep-thought running 64-bit Manjaro Linux
| Command      : report_timing_summary -file /mnt/storage/test/zkf-vs-flopoco/artifacts/targets/spartan7-vivado/rows/flopoco_add_we8_wf17_zynq7000_native_single_f200/timing_summary.rpt -max_paths 10 -nworst 10
| Design       : top_flopoco_add_we8_wf17_zynq7000_native_single_f200
| Device       : 7s50-csga324
| Speed File   : -1  PRODUCTION 1.23 2018-06-13
| Design State : Routed
------------------------------------------------------------------------------------------------------------------------------------------------------------------------------------------------------------------

Timing Summary Report

------------------------------------------------------------------------------------------------
| Timer Settings
| --------------
------------------------------------------------------------------------------------------------

  Enable Multi Corner Analysis               :  Yes
  Enable Pessimism Removal                   :  Yes
  Pessimism Removal Resolution               :  Nearest Common Node
  Enable Input Delay Default Clock           :  No
  Enable Preset / Clear Arcs                 :  No
  Disable Flight Delays                      :  No
  Ignore I/O Paths                           :  No
  Timing Early Launch at Borrowing Latches   :  No
  Borrow Time for Max Delay Exceptions       :  Yes
  Merge Timing Exceptions                    :  Yes
  Inter-SLR Compensation                     :  Conservative

  Corner  Analyze    Analyze    
  Name    Max Paths  Min Paths  
  ------  ---------  ---------  
  Slow    Yes        Yes        
  Fast    Yes        Yes        


------------------------------------------------------------------------------------------------
| Report Methodology
| ------------------
------------------------------------------------------------------------------------------------

No report available as report_methodology has not been run prior. Run report_methodology on the current design for the summary of methodology violations.



check_timing report

Table of Contents
-----------------
1. checking no_clock (0)
2. checking constant_clock (0)
3. checking pulse_width_clock (0)
4. checking unconstrained_internal_endpoints (0)
5. checking no_input_delay (56)
6. checking no_output_delay (28)
7. checking multiple_clock (0)
8. checking generated_clocks (0)
9. checking loops (0)
10. checking partial_input_delay (0)
11. checking partial_output_delay (0)
12. checking latch_loops (0)

1. checking no_clock (0)
------------------------
 There are 0 register/latch pins with no clock.


2. checking constant_clock (0)
------------------------------
 There are 0 register/latch pins with constant_clock.


3. checking pulse_width_clock (0)
---------------------------------
 There are 0 register/latch pins which need pulse_width check


4. checking unconstrained_internal_endpoints (0)
------------------------------------------------
 There are 0 pins that are not constrained for maximum delay.

 There are 0 pins that are not constrained for maximum delay due to constant clock.


5. checking no_input_delay (56)
-------------------------------
 There are 56 input ports with no input delay specified. (HIGH)

 There are 0 input ports with no input delay but user has a false path constraint.


6. checking no_output_delay (28)
--------------------------------
 There are 28 ports with no output delay specified. (HIGH)

 There are 0 ports with no output delay but user has a false path constraint

 There are 0 ports with no output delay but with a timing clock defined on it or propagating through it


7. checking multiple_clock (0)
------------------------------
 There are 0 register/latch pins with multiple clocks.


8. checking generated_clocks (0)
--------------------------------
 There are 0 generated clocks that are not connected to a clock source.


9. checking loops (0)
---------------------
 There are 0 combinational loops in the design.


10. checking partial_input_delay (0)
------------------------------------
 There are 0 input ports with partial input delay specified.


11. checking partial_output_delay (0)
-------------------------------------
 There are 0 ports with partial output delay specified.


12. checking latch_loops (0)
----------------------------
 There are 0 combinational latch loops in the design through latch input



------------------------------------------------------------------------------------------------
| Design Timing Summary
| ---------------------
------------------------------------------------------------------------------------------------

    WNS(ns)      TNS(ns)  TNS Failing Endpoints  TNS Total Endpoints      WHS(ns)      THS(ns)  THS Failing Endpoints  THS Total Endpoints     WPWS(ns)     TPWS(ns)  TPWS Failing Endpoints  TPWS Total Endpoints  
    -------      -------  ---------------------  -------------------      -------      -------  ---------------------  -------------------     --------     --------  ----------------------  --------------------  
      0.015        0.000                      0                  217        0.149        0.000                      0                  217        2.353        0.000                       0                   261  


All user specified timing constraints are met.


------------------------------------------------------------------------------------------------
| Clock Summary
| -------------
------------------------------------------------------------------------------------------------

Clock  Waveform(ns)         Period(ns)      Frequency(MHz)
-----  ------------         ----------      --------------
clk    {0.000 3.333}        6.667           149.993         


------------------------------------------------------------------------------------------------
| Intra Clock Table
| -----------------
------------------------------------------------------------------------------------------------

Clock             WNS(ns)      TNS(ns)  TNS Failing Endpoints  TNS Total Endpoints      WHS(ns)      THS(ns)  THS Failing Endpoints  THS Total Endpoints     WPWS(ns)     TPWS(ns)  TPWS Failing Endpoints  TPWS Total Endpoints  
-----             -------      -------  ---------------------  -------------------      -------      -------  ---------------------  -------------------     --------     --------  ----------------------  --------------------  
clk                 0.015        0.000                      0                  217        0.149        0.000                      0                  217        2.353        0.000                       0                   261  


------------------------------------------------------------------------------------------------
| Inter Clock Table
| -----------------
------------------------------------------------------------------------------------------------

From Clock    To Clock          WNS(ns)      TNS(ns)  TNS Failing Endpoints  TNS Total Endpoints      WHS(ns)      THS(ns)  THS Failing Endpoints  THS Total Endpoints  
----------    --------          -------      -------  ---------------------  -------------------      -------      -------  ---------------------  -------------------  


------------------------------------------------------------------------------------------------
| Other Path Groups Table
| -----------------------
------------------------------------------------------------------------------------------------

Path Group    From Clock    To Clock          WNS(ns)      TNS(ns)  TNS Failing Endpoints  TNS Total Endpoints      WHS(ns)      THS(ns)  THS Failing Endpoints  THS Total Endpoints  
----------    ----------    --------          -------      -------  ---------------------  -------------------      -------      -------  ---------------------  -------------------  


------------------------------------------------------------------------------------------------
| Timing Details
| --------------
------------------------------------------------------------------------------------------------


---------------------------------------------------------------------------------------------------
From Clock:  clk
  To Clock:  clk

Setup :            0  Failing Endpoints,  Worst Slack        0.015ns,  Total Violation        0.000ns
Hold  :            0  Failing Endpoints,  Worst Slack        0.149ns,  Total Violation        0.000ns
PW    :            0  Failing Endpoints,  Worst Slack        2.353ns,  Total Violation        0.000ns
---------------------------------------------------------------------------------------------------


Max Delay Paths
--------------------------------------------------------------------------------------
Slack (MET) :             0.015ns  (required time - arrival time)
  Source:                 Y_r_reg[1]/C
                            (rising edge-triggered cell FDRE clocked by clk  {rise@0.000ns fall@3.333ns period=6.667ns})
  Destination:            u_dut/RightShifterComponent/level2_d1_reg[2]/D
                            (rising edge-triggered cell FDRE clocked by clk  {rise@0.000ns fall@3.333ns period=6.667ns})
  Path Group:             clk
  Path Type:              Setup (Max at Slow Process Corner)
  Requirement:            6.667ns  (clk rise@6.667ns - clk rise@0.000ns)
  Data Path Delay:        6.597ns  (logic 3.207ns (48.612%)  route 3.390ns (51.388%))
  Logic Levels:           11  (CARRY4=6 LUT2=1 LUT4=2 LUT6=2)
  Clock Path Skew:        -0.049ns (DCD - SCD + CPR)
    Destination Clock Delay (DCD):    0.924ns = ( 7.591 - 6.667 ) 
    Source Clock Delay      (SCD):    0.973ns
    Clock Pessimism Removal (CPR):    0.000ns
  Clock Uncertainty:      0.035ns  ((TSJ^2 + TIJ^2)^1/2 + DJ) / 2 + PE
    Total System Jitter     (TSJ):    0.071ns
    Total Input Jitter      (TIJ):    0.000ns
    Discrete Jitter          (DJ):    0.000ns
    Phase Error              (PE):    0.000ns

    Location             Delay type                Incr(ns)  Path(ns)    Netlist Resource(s)
  -------------------------------------------------------------------    -------------------
                         (clock clk rise edge)        0.000     0.000 r  
                                                      0.000     0.000 r  clk (IN)
                         net (fo=260, unset)          0.973     0.973    clk
    SLICE_X1Y71          FDRE                                         r  Y_r_reg[1]/C
  -------------------------------------------------------------------    -------------------
    SLICE_X1Y71          FDRE (Prop_fdre_C_Q)         0.456     1.429 r  Y_r_reg[1]/Q
                         net (fo=6, routed)           0.800     2.229    u_dut/level3_d1_reg[3][1]
    SLICE_X3Y71          LUT4 (Prop_lut4_I0_O)        0.124     2.353 r  u_dut/ltOp_carry_i_8/O
                         net (fo=1, routed)           0.000     2.353    u_dut/ltOp_carry_i_8_n_0
    SLICE_X3Y71          CARRY4 (Prop_carry4_S[0]_CO[3])
                                                      0.532     2.885 r  u_dut/ltOp_carry/CO[3]
                         net (fo=1, routed)           0.000     2.885    u_dut/ltOp_carry_n_0
    SLICE_X3Y72          CARRY4 (Prop_carry4_CI_CO[3])
                                                      0.114     2.999 r  u_dut/ltOp_carry__0/CO[3]
                         net (fo=1, routed)           0.000     2.999    u_dut/ltOp_carry__0_n_0
    SLICE_X3Y73          CARRY4 (Prop_carry4_CI_CO[3])
                                                      0.114     3.113 r  u_dut/ltOp_carry__1/CO[3]
                         net (fo=1, routed)           0.000     3.113    u_dut/ltOp_carry__1_n_0
    SLICE_X3Y74          CARRY4 (Prop_carry4_CI_CO[1])
                                                      0.157     3.270 r  u_dut/ltOp_carry__2/CO[1]
                         net (fo=80, routed)          0.810     4.080    u_dut/ltOp
    SLICE_X3Y75          LUT2 (Prop_lut2_I0_O)        0.355     4.435 r  u_dut/i__carry_i_3/O
                         net (fo=1, routed)           0.000     4.435    u_dut/p_1_in[1]
    SLICE_X3Y75          CARRY4 (Prop_carry4_DI[1]_CO[3])
                                                      0.470     4.905 r  u_dut/_inferred__1/i__carry/CO[3]
                         net (fo=1, routed)           0.000     4.905    u_dut/_inferred__1/i__carry_n_0
    SLICE_X3Y76          CARRY4 (Prop_carry4_CI_O[1])
                                                      0.334     5.239 r  u_dut/_inferred__1/i__carry__0/O[1]
                         net (fo=7, routed)           0.727     5.966    u_dut/RightShifterComponent/level2_d1_reg[19]_0[1]
    SLICE_X0Y76          LUT4 (Prop_lut4_I2_O)        0.303     6.269 r  u_dut/RightShifterComponent/level2_d1[18]_i_2/O
                         net (fo=16, routed)          0.402     6.670    u_dut/RightShifterComponent/level2_d1[18]_i_2_n_0
    SLICE_X0Y78          LUT6 (Prop_lut6_I3_O)        0.124     6.794 r  u_dut/RightShifterComponent/level4_d1[2]_i_1/O
                         net (fo=3, routed)           0.652     7.446    u_dut/RightShifterComponent/level4[2]
    SLICE_X3Y77          LUT6 (Prop_lut6_I0_O)        0.124     7.570 r  u_dut/RightShifterComponent/level2_d1[2]_i_1/O
                         net (fo=1, routed)           0.000     7.570    u_dut/RightShifterComponent/level2_d1[2]_i_1_n_0
    SLICE_X3Y77          FDRE                                         r  u_dut/RightShifterComponent/level2_d1_reg[2]/D
  -------------------------------------------------------------------    -------------------

                         (clock clk rise edge)        6.667     6.667 r  
                                                      0.000     6.667 r  clk (IN)
                         net (fo=260, unset)          0.924     7.591    u_dut/RightShifterComponent/clk
    SLICE_X3Y77          FDRE                                         r  u_dut/RightShifterComponent/level2_d1_reg[2]/C
                         clock pessimism              0.000     7.591    
                         clock uncertainty           -0.035     7.556    
    SLICE_X3Y77          FDRE (Setup_fdre_C_D)        0.029     7.585    u_dut/RightShifterComponent/level2_d1_reg[2]
  -------------------------------------------------------------------
                         required time                          7.585    
                         arrival time                          -7.570    
  -------------------------------------------------------------------
                         slack                                  0.015    

Slack (MET) :             0.015ns  (required time - arrival time)
  Source:                 Y_r_reg[1]/C
                            (rising edge-triggered cell FDRE clocked by clk  {rise@0.000ns fall@3.333ns period=6.667ns})
  Destination:            u_dut/RightShifterComponent/level2_d1_reg[2]/D
                            (rising edge-triggered cell FDRE clocked by clk  {rise@0.000ns fall@3.333ns period=6.667ns})
  Path Group:             clk
  Path Type:              Setup (Max at Slow Process Corner)
  Requirement:            6.667ns  (clk rise@6.667ns - clk rise@0.000ns)
  Data Path Delay:        6.597ns  (logic 3.207ns (48.612%)  route 3.390ns (51.388%))
  Logic Levels:           11  (CARRY4=6 LUT2=1 LUT4=2 LUT6=2)
  Clock Path Skew:        -0.049ns (DCD - SCD + CPR)
    Destination Clock Delay (DCD):    0.924ns = ( 7.591 - 6.667 ) 
    Source Clock Delay      (SCD):    0.973ns
    Clock Pessimism Removal (CPR):    0.000ns
  Clock Uncertainty:      0.035ns  ((TSJ^2 + TIJ^2)^1/2 + DJ) / 2 + PE
    Total System Jitter     (TSJ):    0.071ns
    Total Input Jitter      (TIJ):    0.000ns
    Discrete Jitter          (DJ):    0.000ns
    Phase Error              (PE):    0.000ns

    Location             Delay type                Incr(ns)  Path(ns)    Netlist Resource(s)
  -------------------------------------------------------------------    -------------------
                         (clock clk rise edge)        0.000     0.000 r  
                                                      0.000     0.000 r  clk (IN)
                         net (fo=260, unset)          0.973     0.973    clk
    SLICE_X1Y71          FDRE                                         r  Y_r_reg[1]/C
  -------------------------------------------------------------------    -------------------
    SLICE_X1Y71          FDRE (Prop_fdre_C_Q)         0.456     1.429 r  Y_r_reg[1]/Q
                         net (fo=6, routed)           0.800     2.229    u_dut/level3_d1_reg[3][1]
    SLICE_X3Y71          LUT4 (Prop_lut4_I0_O)        0.124     2.353 f  u_dut/ltOp_carry_i_8/O
                         net (fo=1, routed)           0.000     2.353    u_dut/ltOp_carry_i_8_n_0
    SLICE_X3Y71          CARRY4 (Prop_carry4_S[0]_CO[3])
                                                      0.532     2.885 r  u_dut/ltOp_carry/CO[3]
                         net (fo=1, routed)           0.000     2.885    u_dut/ltOp_carry_n_0
    SLICE_X3Y72          CARRY4 (Prop_carry4_CI_CO[3])
                                                      0.114     2.999 r  u_dut/ltOp_carry__0/CO[3]
                         net (fo=1, routed)           0.000     2.999    u_dut/ltOp_carry__0_n_0
    SLICE_X3Y73          CARRY4 (Prop_carry4_CI_CO[3])
                                                      0.114     3.113 r  u_dut/ltOp_carry__1/CO[3]
                         net (fo=1, routed)           0.000     3.113    u_dut/ltOp_carry__1_n_0
    SLICE_X3Y74          CARRY4 (Prop_carry4_CI_CO[1])
                                                      0.157     3.270 r  u_dut/ltOp_carry__2/CO[1]
                         net (fo=80, routed)          0.810     4.080    u_dut/ltOp
    SLICE_X3Y75          LUT2 (Prop_lut2_I0_O)        0.355     4.435 r  u_dut/i__carry_i_3/O
                         net (fo=1, routed)           0.000     4.435    u_dut/p_1_in[1]
    SLICE_X3Y75          CARRY4 (Prop_carry4_DI[1]_CO[3])
                                                      0.470     4.905 r  u_dut/_inferred__1/i__carry/CO[3]
                         net (fo=1, routed)           0.000     4.905    u_dut/_inferred__1/i__carry_n_0
    SLICE_X3Y76          CARRY4 (Prop_carry4_CI_O[1])
                                                      0.334     5.239 r  u_dut/_inferred__1/i__carry__0/O[1]
                         net (fo=7, routed)           0.727     5.966    u_dut/RightShifterComponent/level2_d1_reg[19]_0[1]
    SLICE_X0Y76          LUT4 (Prop_lut4_I2_O)        0.303     6.269 r  u_dut/RightShifterComponent/level2_d1[18]_i_2/O
                         net (fo=16, routed)          0.402     6.670    u_dut/RightShifterComponent/level2_d1[18]_i_2_n_0
    SLICE_X0Y78          LUT6 (Prop_lut6_I3_O)        0.124     6.794 r  u_dut/RightShifterComponent/level4_d1[2]_i_1/O
                         net (fo=3, routed)           0.652     7.446    u_dut/RightShifterComponent/level4[2]
    SLICE_X3Y77          LUT6 (Prop_lut6_I0_O)        0.124     7.570 r  u_dut/RightShifterComponent/level2_d1[2]_i_1/O
                         net (fo=1, routed)           0.000     7.570    u_dut/RightShifterComponent/level2_d1[2]_i_1_n_0
    SLICE_X3Y77          FDRE                                         r  u_dut/RightShifterComponent/level2_d1_reg[2]/D
  -------------------------------------------------------------------    -------------------

                         (clock clk rise edge)        6.667     6.667 r  
                                                      0.000     6.667 r  clk (IN)
                         net (fo=260, unset)          0.924     7.591    u_dut/RightShifterComponent/clk
    SLICE_X3Y77          FDRE                                         r  u_dut/RightShifterComponent/level2_d1_reg[2]/C
                         clock pessimism              0.000     7.591    
                         clock uncertainty           -0.035     7.556    
    SLICE_X3Y77          FDRE (Setup_fdre_C_D)        0.029     7.585    u_dut/RightShifterComponent/level2_d1_reg[2]
  -------------------------------------------------------------------
                         required time                          7.585    
                         arrival time                          -7.570    
  -------------------------------------------------------------------
                         slack                                  0.015    

Slack (MET) :             0.015ns  (required time - arrival time)
  Source:                 Y_r_reg[1]/C
                            (rising edge-triggered cell FDRE clocked by clk  {rise@0.000ns fall@3.333ns period=6.667ns})
  Destination:            u_dut/RightShifterComponent/level2_d1_reg[2]/D
                            (rising edge-triggered cell FDRE clocked by clk  {rise@0.000ns fall@3.333ns period=6.667ns})
  Path Group:             clk
  Path Type:              Setup (Max at Slow Process Corner)
  Requirement:            6.667ns  (clk rise@6.667ns - clk rise@0.000ns)
  Data Path Delay:        6.597ns  (logic 3.207ns (48.612%)  route 3.390ns (51.388%))
  Logic Levels:           11  (CARRY4=6 LUT2=1 LUT4=2 LUT6=2)
  Clock Path Skew:        -0.049ns (DCD - SCD + CPR)
    Destination Clock Delay (DCD):    0.924ns = ( 7.591 - 6.667 ) 
    Source Clock Delay      (SCD):    0.973ns
    Clock Pessimism Removal (CPR):    0.000ns
  Clock Uncertainty:      0.035ns  ((TSJ^2 + TIJ^2)^1/2 + DJ) / 2 + PE
    Total System Jitter     (TSJ):    0.071ns
    Total Input Jitter      (TIJ):    0.000ns
    Discrete Jitter          (DJ):    0.000ns
    Phase Error              (PE):    0.000ns

    Location             Delay type                Incr(ns)  Path(ns)    Netlist Resource(s)
  -------------------------------------------------------------------    -------------------
                         (clock clk rise edge)        0.000     0.000 r  
                                                      0.000     0.000 r  clk (IN)
                         net (fo=260, unset)          0.973     0.973    clk
    SLICE_X1Y71          FDRE                                         r  Y_r_reg[1]/C
  -------------------------------------------------------------------    -------------------
    SLICE_X1Y71          FDRE (Prop_fdre_C_Q)         0.456     1.429 r  Y_r_reg[1]/Q
                         net (fo=6, routed)           0.800     2.229    u_dut/level3_d1_reg[3][1]
    SLICE_X3Y71          LUT4 (Prop_lut4_I0_O)        0.124     2.353 r  u_dut/ltOp_carry_i_8/O
                         net (fo=1, routed)           0.000     2.353    u_dut/ltOp_carry_i_8_n_0
    SLICE_X3Y71          CARRY4 (Prop_carry4_S[0]_CO[3])
                                                      0.532     2.885 f  u_dut/ltOp_carry/CO[3]
                         net (fo=1, routed)           0.000     2.885    u_dut/ltOp_carry_n_0
    SLICE_X3Y72          CARRY4 (Prop_carry4_CI_CO[3])
                                                      0.114     2.999 r  u_dut/ltOp_carry__0/CO[3]
                         net (fo=1, routed)           0.000     2.999    u_dut/ltOp_carry__0_n_0
    SLICE_X3Y73          CARRY4 (Prop_carry4_CI_CO[3])
                                                      0.114     3.113 r  u_dut/ltOp_carry__1/CO[3]
                         net (fo=1, routed)           0.000     3.113    u_dut/ltOp_carry__1_n_0
    SLICE_X3Y74          CARRY4 (Prop_carry4_CI_CO[1])
                                                      0.157     3.270 r  u_dut/ltOp_carry__2/CO[1]
                         net (fo=80, routed)          0.810     4.080    u_dut/ltOp
    SLICE_X3Y75          LUT2 (Prop_lut2_I0_O)        0.355     4.435 r  u_dut/i__carry_i_3/O
                         net (fo=1, routed)           0.000     4.435    u_dut/p_1_in[1]
    SLICE_X3Y75          CARRY4 (Prop_carry4_DI[1]_CO[3])
                                                      0.470     4.905 r  u_dut/_inferred__1/i__carry/CO[3]
                         net (fo=1, routed)           0.000     4.905    u_dut/_inferred__1/i__carry_n_0
    SLICE_X3Y76          CARRY4 (Prop_carry4_CI_O[1])
                                                      0.334     5.239 r  u_dut/_inferred__1/i__carry__0/O[1]
                         net (fo=7, routed)           0.727     5.966    u_dut/RightShifterComponent/level2_d1_reg[19]_0[1]
    SLICE_X0Y76          LUT4 (Prop_lut4_I2_O)        0.303     6.269 r  u_dut/RightShifterComponent/level2_d1[18]_i_2/O
                         net (fo=16, routed)          0.402     6.670    u_dut/RightShifterComponent/level2_d1[18]_i_2_n_0
    SLICE_X0Y78          LUT6 (Prop_lut6_I3_O)        0.124     6.794 r  u_dut/RightShifterComponent/level4_d1[2]_i_1/O
                         net (fo=3, routed)           0.652     7.446    u_dut/RightShifterComponent/level4[2]
    SLICE_X3Y77          LUT6 (Prop_lut6_I0_O)        0.124     7.570 r  u_dut/RightShifterComponent/level2_d1[2]_i_1/O
                         net (fo=1, routed)           0.000     7.570    u_dut/RightShifterComponent/level2_d1[2]_i_1_n_0
    SLICE_X3Y77          FDRE                                         r  u_dut/RightShifterComponent/level2_d1_reg[2]/D
  -------------------------------------------------------------------    -------------------

                         (clock clk rise edge)        6.667     6.667 r  
                                                      0.000     6.667 r  clk (IN)
                         net (fo=260, unset)          0.924     7.591    u_dut/RightShifterComponent/clk
    SLICE_X3Y77          FDRE                                         r  u_dut/RightShifterComponent/level2_d1_reg[2]/C
                         clock pessimism              0.000     7.591    
                         clock uncertainty           -0.035     7.556    
    SLICE_X3Y77          FDRE (Setup_fdre_C_D)        0.029     7.585    u_dut/RightShifterComponent/level2_d1_reg[2]
  -------------------------------------------------------------------
                         required time                          7.585    
                         arrival time                          -7.570    
  -------------------------------------------------------------------
                         slack                                  0.015    

Slack (MET) :             0.015ns  (required time - arrival time)
  Source:                 Y_r_reg[1]/C
                            (rising edge-triggered cell FDRE clocked by clk  {rise@0.000ns fall@3.333ns period=6.667ns})
  Destination:            u_dut/RightShifterComponent/level2_d1_reg[2]/D
                            (rising edge-triggered cell FDRE clocked by clk  {rise@0.000ns fall@3.333ns period=6.667ns})
  Path Group:             clk
  Path Type:              Setup (Max at Slow Process Corner)
  Requirement:            6.667ns  (clk rise@6.667ns - clk rise@0.000ns)
  Data Path Delay:        6.597ns  (logic 3.207ns (48.612%)  route 3.390ns (51.388%))
  Logic Levels:           11  (CARRY4=6 LUT2=1 LUT4=2 LUT6=2)
  Clock Path Skew:        -0.049ns (DCD - SCD + CPR)
    Destination Clock Delay (DCD):    0.924ns = ( 7.591 - 6.667 ) 
    Source Clock Delay      (SCD):    0.973ns
    Clock Pessimism Removal (CPR):    0.000ns
  Clock Uncertainty:      0.035ns  ((TSJ^2 + TIJ^2)^1/2 + DJ) / 2 + PE
    Total System Jitter     (TSJ):    0.071ns
    Total Input Jitter      (TIJ):    0.000ns
    Discrete Jitter          (DJ):    0.000ns
    Phase Error              (PE):    0.000ns

    Location             Delay type                Incr(ns)  Path(ns)    Netlist Resource(s)
  -------------------------------------------------------------------    -------------------
                         (clock clk rise edge)        0.000     0.000 r  
                                                      0.000     0.000 r  clk (IN)
                         net (fo=260, unset)          0.973     0.973    clk
    SLICE_X1Y71          FDRE                                         r  Y_r_reg[1]/C
  -------------------------------------------------------------------    -------------------
    SLICE_X1Y71          FDRE (Prop_fdre_C_Q)         0.456     1.429 r  Y_r_reg[1]/Q
                         net (fo=6, routed)           0.800     2.229    u_dut/level3_d1_reg[3][1]
    SLICE_X3Y71          LUT4 (Prop_lut4_I0_O)        0.124     2.353 f  u_dut/ltOp_carry_i_8/O
                         net (fo=1, routed)           0.000     2.353    u_dut/ltOp_carry_i_8_n_0
    SLICE_X3Y71          CARRY4 (Prop_carry4_S[0]_CO[3])
                                                      0.532     2.885 f  u_dut/ltOp_carry/CO[3]
                         net (fo=1, routed)           0.000     2.885    u_dut/ltOp_carry_n_0
    SLICE_X3Y72          CARRY4 (Prop_carry4_CI_CO[3])
                                                      0.114     2.999 r  u_dut/ltOp_carry__0/CO[3]
                         net (fo=1, routed)           0.000     2.999    u_dut/ltOp_carry__0_n_0
    SLICE_X3Y73          CARRY4 (Prop_carry4_CI_CO[3])
                                                      0.114     3.113 r  u_dut/ltOp_carry__1/CO[3]
                         net (fo=1, routed)           0.000     3.113    u_dut/ltOp_carry__1_n_0
    SLICE_X3Y74          CARRY4 (Prop_carry4_CI_CO[1])
                                                      0.157     3.270 r  u_dut/ltOp_carry__2/CO[1]
                         net (fo=80, routed)          0.810     4.080    u_dut/ltOp
    SLICE_X3Y75          LUT2 (Prop_lut2_I0_O)        0.355     4.435 r  u_dut/i__carry_i_3/O
                         net (fo=1, routed)           0.000     4.435    u_dut/p_1_in[1]
    SLICE_X3Y75          CARRY4 (Prop_carry4_DI[1]_CO[3])
                                                      0.470     4.905 r  u_dut/_inferred__1/i__carry/CO[3]
                         net (fo=1, routed)           0.000     4.905    u_dut/_inferred__1/i__carry_n_0
    SLICE_X3Y76          CARRY4 (Prop_carry4_CI_O[1])
                                                      0.334     5.239 r  u_dut/_inferred__1/i__carry__0/O[1]
                         net (fo=7, routed)           0.727     5.966    u_dut/RightShifterComponent/level2_d1_reg[19]_0[1]
    SLICE_X0Y76          LUT4 (Prop_lut4_I2_O)        0.303     6.269 r  u_dut/RightShifterComponent/level2_d1[18]_i_2/O
                         net (fo=16, routed)          0.402     6.670    u_dut/RightShifterComponent/level2_d1[18]_i_2_n_0
    SLICE_X0Y78          LUT6 (Prop_lut6_I3_O)        0.124     6.794 r  u_dut/RightShifterComponent/level4_d1[2]_i_1/O
                         net (fo=3, routed)           0.652     7.446    u_dut/RightShifterComponent/level4[2]
    SLICE_X3Y77          LUT6 (Prop_lut6_I0_O)        0.124     7.570 r  u_dut/RightShifterComponent/level2_d1[2]_i_1/O
                         net (fo=1, routed)           0.000     7.570    u_dut/RightShifterComponent/level2_d1[2]_i_1_n_0
    SLICE_X3Y77          FDRE                                         r  u_dut/RightShifterComponent/level2_d1_reg[2]/D
  -------------------------------------------------------------------    -------------------

                         (clock clk rise edge)        6.667     6.667 r  
                                                      0.000     6.667 r  clk (IN)
                         net (fo=260, unset)          0.924     7.591    u_dut/RightShifterComponent/clk
    SLICE_X3Y77          FDRE                                         r  u_dut/RightShifterComponent/level2_d1_reg[2]/C
                         clock pessimism              0.000     7.591    
                         clock uncertainty           -0.035     7.556    
    SLICE_X3Y77          FDRE (Setup_fdre_C_D)        0.029     7.585    u_dut/RightShifterComponent/level2_d1_reg[2]
  -------------------------------------------------------------------
                         required time                          7.585    
                         arrival time                          -7.570    
  -------------------------------------------------------------------
                         slack                                  0.015    

Slack (MET) :             0.015ns  (required time - arrival time)
  Source:                 Y_r_reg[1]/C
                            (rising edge-triggered cell FDRE clocked by clk  {rise@0.000ns fall@3.333ns period=6.667ns})
  Destination:            u_dut/RightShifterComponent/level2_d1_reg[2]/D
                            (rising edge-triggered cell FDRE clocked by clk  {rise@0.000ns fall@3.333ns period=6.667ns})
  Path Group:             clk
  Path Type:              Setup (Max at Slow Process Corner)
  Requirement:            6.667ns  (clk rise@6.667ns - clk rise@0.000ns)
  Data Path Delay:        6.597ns  (logic 3.207ns (48.612%)  route 3.390ns (51.388%))
  Logic Levels:           11  (CARRY4=6 LUT2=1 LUT4=2 LUT6=2)
  Clock Path Skew:        -0.049ns (DCD - SCD + CPR)
    Destination Clock Delay (DCD):    0.924ns = ( 7.591 - 6.667 ) 
    Source Clock Delay      (SCD):    0.973ns
    Clock Pessimism Removal (CPR):    0.000ns
  Clock Uncertainty:      0.035ns  ((TSJ^2 + TIJ^2)^1/2 + DJ) / 2 + PE
    Total System Jitter     (TSJ):    0.071ns
    Total Input Jitter      (TIJ):    0.000ns
    Discrete Jitter          (DJ):    0.000ns
    Phase Error              (PE):    0.000ns

    Location             Delay type                Incr(ns)  Path(ns)    Netlist Resource(s)
  -------------------------------------------------------------------    -------------------
                         (clock clk rise edge)        0.000     0.000 r  
                                                      0.000     0.000 r  clk (IN)
                         net (fo=260, unset)          0.973     0.973    clk
    SLICE_X1Y71          FDRE                                         r  Y_r_reg[1]/C
  -------------------------------------------------------------------    -------------------
    SLICE_X1Y71          FDRE (Prop_fdre_C_Q)         0.456     1.429 r  Y_r_reg[1]/Q
                         net (fo=6, routed)           0.800     2.229    u_dut/level3_d1_reg[3][1]
    SLICE_X3Y71          LUT4 (Prop_lut4_I0_O)        0.124     2.353 r  u_dut/ltOp_carry_i_8/O
                         net (fo=1, routed)           0.000     2.353    u_dut/ltOp_carry_i_8_n_0
    SLICE_X3Y71          CARRY4 (Prop_carry4_S[0]_CO[3])
                                                      0.532     2.885 r  u_dut/ltOp_carry/CO[3]
                         net (fo=1, routed)           0.000     2.885    u_dut/ltOp_carry_n_0
    SLICE_X3Y72          CARRY4 (Prop_carry4_CI_CO[3])
                                                      0.114     2.999 f  u_dut/ltOp_carry__0/CO[3]
                         net (fo=1, routed)           0.000     2.999    u_dut/ltOp_carry__0_n_0
    SLICE_X3Y73          CARRY4 (Prop_carry4_CI_CO[3])
                                                      0.114     3.113 r  u_dut/ltOp_carry__1/CO[3]
                         net (fo=1, routed)           0.000     3.113    u_dut/ltOp_carry__1_n_0
    SLICE_X3Y74          CARRY4 (Prop_carry4_CI_CO[1])
                                                      0.157     3.270 r  u_dut/ltOp_carry__2/CO[1]
                         net (fo=80, routed)          0.810     4.080    u_dut/ltOp
    SLICE_X3Y75          LUT2 (Prop_lut2_I0_O)        0.355     4.435 r  u_dut/i__carry_i_3/O
                         net (fo=1, routed)           0.000     4.435    u_dut/p_1_in[1]
    SLICE_X3Y75          CARRY4 (Prop_carry4_DI[1]_CO[3])
                                                      0.470     4.905 r  u_dut/_inferred__1/i__carry/CO[3]
                         net (fo=1, routed)           0.000     4.905    u_dut/_inferred__1/i__carry_n_0
    SLICE_X3Y76          CARRY4 (Prop_carry4_CI_O[1])
                                                      0.334     5.239 r  u_dut/_inferred__1/i__carry__0/O[1]
                         net (fo=7, routed)           0.727     5.966    u_dut/RightShifterComponent/level2_d1_reg[19]_0[1]
    SLICE_X0Y76          LUT4 (Prop_lut4_I2_O)        0.303     6.269 r  u_dut/RightShifterComponent/level2_d1[18]_i_2/O
                         net (fo=16, routed)          0.402     6.670    u_dut/RightShifterComponent/level2_d1[18]_i_2_n_0
    SLICE_X0Y78          LUT6 (Prop_lut6_I3_O)        0.124     6.794 r  u_dut/RightShifterComponent/level4_d1[2]_i_1/O
                         net (fo=3, routed)           0.652     7.446    u_dut/RightShifterComponent/level4[2]
    SLICE_X3Y77          LUT6 (Prop_lut6_I0_O)        0.124     7.570 r  u_dut/RightShifterComponent/level2_d1[2]_i_1/O
                         net (fo=1, routed)           0.000     7.570    u_dut/RightShifterComponent/level2_d1[2]_i_1_n_0
    SLICE_X3Y77          FDRE                                         r  u_dut/RightShifterComponent/level2_d1_reg[2]/D
  -------------------------------------------------------------------    -------------------

                         (clock clk rise edge)        6.667     6.667 r  
                                                      0.000     6.667 r  clk (IN)
                         net (fo=260, unset)          0.924     7.591    u_dut/RightShifterComponent/clk
    SLICE_X3Y77          FDRE                                         r  u_dut/RightShifterComponent/level2_d1_reg[2]/C
                         clock pessimism              0.000     7.591    
                         clock uncertainty           -0.035     7.556    
    SLICE_X3Y77          FDRE (Setup_fdre_C_D)        0.029     7.585    u_dut/RightShifterComponent/level2_d1_reg[2]
  -------------------------------------------------------------------
                         required time                          7.585    
                         arrival time                          -7.570    
  -------------------------------------------------------------------
                         slack                                  0.015    

Slack (MET) :             0.015ns  (required time - arrival time)
  Source:                 Y_r_reg[1]/C
                            (rising edge-triggered cell FDRE clocked by clk  {rise@0.000ns fall@3.333ns period=6.667ns})
  Destination:            u_dut/RightShifterComponent/level2_d1_reg[2]/D
                            (rising edge-triggered cell FDRE clocked by clk  {rise@0.000ns fall@3.333ns period=6.667ns})
  Path Group:             clk
  Path Type:              Setup (Max at Slow Process Corner)
  Requirement:            6.667ns  (clk rise@6.667ns - clk rise@0.000ns)
  Data Path Delay:        6.597ns  (logic 3.207ns (48.612%)  route 3.390ns (51.388%))
  Logic Levels:           11  (CARRY4=6 LUT2=1 LUT4=2 LUT6=2)
  Clock Path Skew:        -0.049ns (DCD - SCD + CPR)
    Destination Clock Delay (DCD):    0.924ns = ( 7.591 - 6.667 ) 
    Source Clock Delay      (SCD):    0.973ns
    Clock Pessimism Removal (CPR):    0.000ns
  Clock Uncertainty:      0.035ns  ((TSJ^2 + TIJ^2)^1/2 + DJ) / 2 + PE
    Total System Jitter     (TSJ):    0.071ns
    Total Input Jitter      (TIJ):    0.000ns
    Discrete Jitter          (DJ):    0.000ns
    Phase Error              (PE):    0.000ns

    Location             Delay type                Incr(ns)  Path(ns)    Netlist Resource(s)
  -------------------------------------------------------------------    -------------------
                         (clock clk rise edge)        0.000     0.000 r  
                                                      0.000     0.000 r  clk (IN)
                         net (fo=260, unset)          0.973     0.973    clk
    SLICE_X1Y71          FDRE                                         r  Y_r_reg[1]/C
  -------------------------------------------------------------------    -------------------
    SLICE_X1Y71          FDRE (Prop_fdre_C_Q)         0.456     1.429 r  Y_r_reg[1]/Q
                         net (fo=6, routed)           0.800     2.229    u_dut/level3_d1_reg[3][1]
    SLICE_X3Y71          LUT4 (Prop_lut4_I0_O)        0.124     2.353 f  u_dut/ltOp_carry_i_8/O
                         net (fo=1, routed)           0.000     2.353    u_dut/ltOp_carry_i_8_n_0
    SLICE_X3Y71          CARRY4 (Prop_carry4_S[0]_CO[3])
                                                      0.532     2.885 r  u_dut/ltOp_carry/CO[3]
                         net (fo=1, routed)           0.000     2.885    u_dut/ltOp_carry_n_0
    SLICE_X3Y72          CARRY4 (Prop_carry4_CI_CO[3])
                                                      0.114     2.999 f  u_dut/ltOp_carry__0/CO[3]
                         net (fo=1, routed)           0.000     2.999    u_dut/ltOp_carry__0_n_0
    SLICE_X3Y73          CARRY4 (Prop_carry4_CI_CO[3])
                                                      0.114     3.113 r  u_dut/ltOp_carry__1/CO[3]
                         net (fo=1, routed)           0.000     3.113    u_dut/ltOp_carry__1_n_0
    SLICE_X3Y74          CARRY4 (Prop_carry4_CI_CO[1])
                                                      0.157     3.270 r  u_dut/ltOp_carry__2/CO[1]
                         net (fo=80, routed)          0.810     4.080    u_dut/ltOp
    SLICE_X3Y75          LUT2 (Prop_lut2_I0_O)        0.355     4.435 r  u_dut/i__carry_i_3/O
                         net (fo=1, routed)           0.000     4.435    u_dut/p_1_in[1]
    SLICE_X3Y75          CARRY4 (Prop_carry4_DI[1]_CO[3])
                                                      0.470     4.905 r  u_dut/_inferred__1/i__carry/CO[3]
                         net (fo=1, routed)           0.000     4.905    u_dut/_inferred__1/i__carry_n_0
    SLICE_X3Y76          CARRY4 (Prop_carry4_CI_O[1])
                                                      0.334     5.239 r  u_dut/_inferred__1/i__carry__0/O[1]
                         net (fo=7, routed)           0.727     5.966    u_dut/RightShifterComponent/level2_d1_reg[19]_0[1]
    SLICE_X0Y76          LUT4 (Prop_lut4_I2_O)        0.303     6.269 r  u_dut/RightShifterComponent/level2_d1[18]_i_2/O
                         net (fo=16, routed)          0.402     6.670    u_dut/RightShifterComponent/level2_d1[18]_i_2_n_0
    SLICE_X0Y78          LUT6 (Prop_lut6_I3_O)        0.124     6.794 r  u_dut/RightShifterComponent/level4_d1[2]_i_1/O
                         net (fo=3, routed)           0.652     7.446    u_dut/RightShifterComponent/level4[2]
    SLICE_X3Y77          LUT6 (Prop_lut6_I0_O)        0.124     7.570 r  u_dut/RightShifterComponent/level2_d1[2]_i_1/O
                         net (fo=1, routed)           0.000     7.570    u_dut/RightShifterComponent/level2_d1[2]_i_1_n_0
    SLICE_X3Y77          FDRE                                         r  u_dut/RightShifterComponent/level2_d1_reg[2]/D
  -------------------------------------------------------------------    -------------------

                         (clock clk rise edge)        6.667     6.667 r  
                                                      0.000     6.667 r  clk (IN)
                         net (fo=260, unset)          0.924     7.591    u_dut/RightShifterComponent/clk
    SLICE_X3Y77          FDRE                                         r  u_dut/RightShifterComponent/level2_d1_reg[2]/C
                         clock pessimism              0.000     7.591    
                         clock uncertainty           -0.035     7.556    
    SLICE_X3Y77          FDRE (Setup_fdre_C_D)        0.029     7.585    u_dut/RightShifterComponent/level2_d1_reg[2]
  -------------------------------------------------------------------
                         required time                          7.585    
                         arrival time                          -7.570    
  -------------------------------------------------------------------
                         slack                                  0.015    

Slack (MET) :             0.015ns  (required time - arrival time)
  Source:                 Y_r_reg[1]/C
                            (rising edge-triggered cell FDRE clocked by clk  {rise@0.000ns fall@3.333ns period=6.667ns})
  Destination:            u_dut/RightShifterComponent/level2_d1_reg[2]/D
                            (rising edge-triggered cell FDRE clocked by clk  {rise@0.000ns fall@3.333ns period=6.667ns})
  Path Group:             clk
  Path Type:              Setup (Max at Slow Process Corner)
  Requirement:            6.667ns  (clk rise@6.667ns - clk rise@0.000ns)
  Data Path Delay:        6.597ns  (logic 3.207ns (48.612%)  route 3.390ns (51.388%))
  Logic Levels:           11  (CARRY4=6 LUT2=1 LUT4=2 LUT6=2)
  Clock Path Skew:        -0.049ns (DCD - SCD + CPR)
    Destination Clock Delay (DCD):    0.924ns = ( 7.591 - 6.667 ) 
    Source Clock Delay      (SCD):    0.973ns
    Clock Pessimism Removal (CPR):    0.000ns
  Clock Uncertainty:      0.035ns  ((TSJ^2 + TIJ^2)^1/2 + DJ) / 2 + PE
    Total System Jitter     (TSJ):    0.071ns
    Total Input Jitter      (TIJ):    0.000ns
    Discrete Jitter          (DJ):    0.000ns
    Phase Error              (PE):    0.000ns

    Location             Delay type                Incr(ns)  Path(ns)    Netlist Resource(s)
  -------------------------------------------------------------------    -------------------
                         (clock clk rise edge)        0.000     0.000 r  
                                                      0.000     0.000 r  clk (IN)
                         net (fo=260, unset)          0.973     0.973    clk
    SLICE_X1Y71          FDRE                                         r  Y_r_reg[1]/C
  -------------------------------------------------------------------    -------------------
    SLICE_X1Y71          FDRE (Prop_fdre_C_Q)         0.456     1.429 r  Y_r_reg[1]/Q
                         net (fo=6, routed)           0.800     2.229    u_dut/level3_d1_reg[3][1]
    SLICE_X3Y71          LUT4 (Prop_lut4_I0_O)        0.124     2.353 r  u_dut/ltOp_carry_i_8/O
                         net (fo=1, routed)           0.000     2.353    u_dut/ltOp_carry_i_8_n_0
    SLICE_X3Y71          CARRY4 (Prop_carry4_S[0]_CO[3])
                                                      0.532     2.885 r  u_dut/ltOp_carry/CO[3]
                         net (fo=1, routed)           0.000     2.885    u_dut/ltOp_carry_n_0
    SLICE_X3Y72          CARRY4 (Prop_carry4_CI_CO[3])
                                                      0.114     2.999 r  u_dut/ltOp_carry__0/CO[3]
                         net (fo=1, routed)           0.000     2.999    u_dut/ltOp_carry__0_n_0
    SLICE_X3Y73          CARRY4 (Prop_carry4_CI_CO[3])
                                                      0.114     3.113 r  u_dut/ltOp_carry__1/CO[3]
                         net (fo=1, routed)           0.000     3.113    u_dut/ltOp_carry__1_n_0
    SLICE_X3Y74          CARRY4 (Prop_carry4_CI_CO[1])
                                                      0.157     3.270 f  u_dut/ltOp_carry__2/CO[1]
                         net (fo=80, routed)          0.810     4.080    u_dut/ltOp
    SLICE_X3Y75          LUT2 (Prop_lut2_I0_O)        0.355     4.435 r  u_dut/i__carry_i_3/O
                         net (fo=1, routed)           0.000     4.435    u_dut/p_1_in[1]
    SLICE_X3Y75          CARRY4 (Prop_carry4_DI[1]_CO[3])
                                                      0.470     4.905 r  u_dut/_inferred__1/i__carry/CO[3]
                         net (fo=1, routed)           0.000     4.905    u_dut/_inferred__1/i__carry_n_0
    SLICE_X3Y76          CARRY4 (Prop_carry4_CI_O[1])
                                                      0.334     5.239 r  u_dut/_inferred__1/i__carry__0/O[1]
                         net (fo=7, routed)           0.727     5.966    u_dut/RightShifterComponent/level2_d1_reg[19]_0[1]
    SLICE_X0Y76          LUT4 (Prop_lut4_I2_O)        0.303     6.269 r  u_dut/RightShifterComponent/level2_d1[18]_i_2/O
                         net (fo=16, routed)          0.402     6.670    u_dut/RightShifterComponent/level2_d1[18]_i_2_n_0
    SLICE_X0Y78          LUT6 (Prop_lut6_I3_O)        0.124     6.794 r  u_dut/RightShifterComponent/level4_d1[2]_i_1/O
                         net (fo=3, routed)           0.652     7.446    u_dut/RightShifterComponent/level4[2]
    SLICE_X3Y77          LUT6 (Prop_lut6_I0_O)        0.124     7.570 r  u_dut/RightShifterComponent/level2_d1[2]_i_1/O
                         net (fo=1, routed)           0.000     7.570    u_dut/RightShifterComponent/level2_d1[2]_i_1_n_0
    SLICE_X3Y77          FDRE                                         r  u_dut/RightShifterComponent/level2_d1_reg[2]/D
  -------------------------------------------------------------------    -------------------

                         (clock clk rise edge)        6.667     6.667 r  
                                                      0.000     6.667 r  clk (IN)
                         net (fo=260, unset)          0.924     7.591    u_dut/RightShifterComponent/clk
    SLICE_X3Y77          FDRE                                         r  u_dut/RightShifterComponent/level2_d1_reg[2]/C
                         clock pessimism              0.000     7.591    
                         clock uncertainty           -0.035     7.556    
    SLICE_X3Y77          FDRE (Setup_fdre_C_D)        0.029     7.585    u_dut/RightShifterComponent/level2_d1_reg[2]
  -------------------------------------------------------------------
                         required time                          7.585    
                         arrival time                          -7.570    
  -------------------------------------------------------------------
                         slack                                  0.015    

Slack (MET) :             0.015ns  (required time - arrival time)
  Source:                 Y_r_reg[1]/C
                            (rising edge-triggered cell FDRE clocked by clk  {rise@0.000ns fall@3.333ns period=6.667ns})
  Destination:            u_dut/RightShifterComponent/level2_d1_reg[2]/D
                            (rising edge-triggered cell FDRE clocked by clk  {rise@0.000ns fall@3.333ns period=6.667ns})
  Path Group:             clk
  Path Type:              Setup (Max at Slow Process Corner)
  Requirement:            6.667ns  (clk rise@6.667ns - clk rise@0.000ns)
  Data Path Delay:        6.597ns  (logic 3.207ns (48.612%)  route 3.390ns (51.388%))
  Logic Levels:           11  (CARRY4=6 LUT2=1 LUT4=2 LUT6=2)
  Clock Path Skew:        -0.049ns (DCD - SCD + CPR)
    Destination Clock Delay (DCD):    0.924ns = ( 7.591 - 6.667 ) 
    Source Clock Delay      (SCD):    0.973ns
    Clock Pessimism Removal (CPR):    0.000ns
  Clock Uncertainty:      0.035ns  ((TSJ^2 + TIJ^2)^1/2 + DJ) / 2 + PE
    Total System Jitter     (TSJ):    0.071ns
    Total Input Jitter      (TIJ):    0.000ns
    Discrete Jitter          (DJ):    0.000ns
    Phase Error              (PE):    0.000ns

    Location             Delay type                Incr(ns)  Path(ns)    Netlist Resource(s)
  -------------------------------------------------------------------    -------------------
                         (clock clk rise edge)        0.000     0.000 r  
                                                      0.000     0.000 r  clk (IN)
                         net (fo=260, unset)          0.973     0.973    clk
    SLICE_X1Y71          FDRE                                         r  Y_r_reg[1]/C
  -------------------------------------------------------------------    -------------------
    SLICE_X1Y71          FDRE (Prop_fdre_C_Q)         0.456     1.429 r  Y_r_reg[1]/Q
                         net (fo=6, routed)           0.800     2.229    u_dut/level3_d1_reg[3][1]
    SLICE_X3Y71          LUT4 (Prop_lut4_I0_O)        0.124     2.353 f  u_dut/ltOp_carry_i_8/O
                         net (fo=1, routed)           0.000     2.353    u_dut/ltOp_carry_i_8_n_0
    SLICE_X3Y71          CARRY4 (Prop_carry4_S[0]_CO[3])
                                                      0.532     2.885 r  u_dut/ltOp_carry/CO[3]
                         net (fo=1, routed)           0.000     2.885    u_dut/ltOp_carry_n_0
    SLICE_X3Y72          CARRY4 (Prop_carry4_CI_CO[3])
                                                      0.114     2.999 r  u_dut/ltOp_carry__0/CO[3]
                         net (fo=1, routed)           0.000     2.999    u_dut/ltOp_carry__0_n_0
    SLICE_X3Y73          CARRY4 (Prop_carry4_CI_CO[3])
                                                      0.114     3.113 r  u_dut/ltOp_carry__1/CO[3]
                         net (fo=1, routed)           0.000     3.113    u_dut/ltOp_carry__1_n_0
    SLICE_X3Y74          CARRY4 (Prop_carry4_CI_CO[1])
                                                      0.157     3.270 f  u_dut/ltOp_carry__2/CO[1]
                         net (fo=80, routed)          0.810     4.080    u_dut/ltOp
    SLICE_X3Y75          LUT2 (Prop_lut2_I0_O)        0.355     4.435 r  u_dut/i__carry_i_3/O
                         net (fo=1, routed)           0.000     4.435    u_dut/p_1_in[1]
    SLICE_X3Y75          CARRY4 (Prop_carry4_DI[1]_CO[3])
                                                      0.470     4.905 r  u_dut/_inferred__1/i__carry/CO[3]
                         net (fo=1, routed)           0.000     4.905    u_dut/_inferred__1/i__carry_n_0
    SLICE_X3Y76          CARRY4 (Prop_carry4_CI_O[1])
                                                      0.334     5.239 r  u_dut/_inferred__1/i__carry__0/O[1]
                         net (fo=7, routed)           0.727     5.966    u_dut/RightShifterComponent/level2_d1_reg[19]_0[1]
    SLICE_X0Y76          LUT4 (Prop_lut4_I2_O)        0.303     6.269 r  u_dut/RightShifterComponent/level2_d1[18]_i_2/O
                         net (fo=16, routed)          0.402     6.670    u_dut/RightShifterComponent/level2_d1[18]_i_2_n_0
    SLICE_X0Y78          LUT6 (Prop_lut6_I3_O)        0.124     6.794 r  u_dut/RightShifterComponent/level4_d1[2]_i_1/O
                         net (fo=3, routed)           0.652     7.446    u_dut/RightShifterComponent/level4[2]
    SLICE_X3Y77          LUT6 (Prop_lut6_I0_O)        0.124     7.570 r  u_dut/RightShifterComponent/level2_d1[2]_i_1/O
                         net (fo=1, routed)           0.000     7.570    u_dut/RightShifterComponent/level2_d1[2]_i_1_n_0
    SLICE_X3Y77          FDRE                                         r  u_dut/RightShifterComponent/level2_d1_reg[2]/D
  -------------------------------------------------------------------    -------------------

                         (clock clk rise edge)        6.667     6.667 r  
                                                      0.000     6.667 r  clk (IN)
                         net (fo=260, unset)          0.924     7.591    u_dut/RightShifterComponent/clk
    SLICE_X3Y77          FDRE                                         r  u_dut/RightShifterComponent/level2_d1_reg[2]/C
                         clock pessimism              0.000     7.591    
                         clock uncertainty           -0.035     7.556    
    SLICE_X3Y77          FDRE (Setup_fdre_C_D)        0.029     7.585    u_dut/RightShifterComponent/level2_d1_reg[2]
  -------------------------------------------------------------------
                         required time                          7.585    
                         arrival time                          -7.570    
  -------------------------------------------------------------------
                         slack                                  0.015    

Slack (MET) :             0.015ns  (required time - arrival time)
  Source:                 Y_r_reg[1]/C
                            (rising edge-triggered cell FDRE clocked by clk  {rise@0.000ns fall@3.333ns period=6.667ns})
  Destination:            u_dut/RightShifterComponent/level2_d1_reg[2]/D
                            (rising edge-triggered cell FDRE clocked by clk  {rise@0.000ns fall@3.333ns period=6.667ns})
  Path Group:             clk
  Path Type:              Setup (Max at Slow Process Corner)
  Requirement:            6.667ns  (clk rise@6.667ns - clk rise@0.000ns)
  Data Path Delay:        6.597ns  (logic 3.207ns (48.612%)  route 3.390ns (51.388%))
  Logic Levels:           11  (CARRY4=6 LUT2=1 LUT4=2 LUT6=2)
  Clock Path Skew:        -0.049ns (DCD - SCD + CPR)
    Destination Clock Delay (DCD):    0.924ns = ( 7.591 - 6.667 ) 
    Source Clock Delay      (SCD):    0.973ns
    Clock Pessimism Removal (CPR):    0.000ns
  Clock Uncertainty:      0.035ns  ((TSJ^2 + TIJ^2)^1/2 + DJ) / 2 + PE
    Total System Jitter     (TSJ):    0.071ns
    Total Input Jitter      (TIJ):    0.000ns
    Discrete Jitter          (DJ):    0.000ns
    Phase Error              (PE):    0.000ns

    Location             Delay type                Incr(ns)  Path(ns)    Netlist Resource(s)
  -------------------------------------------------------------------    -------------------
                         (clock clk rise edge)        0.000     0.000 r  
                                                      0.000     0.000 r  clk (IN)
                         net (fo=260, unset)          0.973     0.973    clk
    SLICE_X1Y71          FDRE                                         r  Y_r_reg[1]/C
  -------------------------------------------------------------------    -------------------
    SLICE_X1Y71          FDRE (Prop_fdre_C_Q)         0.456     1.429 r  Y_r_reg[1]/Q
                         net (fo=6, routed)           0.800     2.229    u_dut/level3_d1_reg[3][1]
    SLICE_X3Y71          LUT4 (Prop_lut4_I0_O)        0.124     2.353 r  u_dut/ltOp_carry_i_8/O
                         net (fo=1, routed)           0.000     2.353    u_dut/ltOp_carry_i_8_n_0
    SLICE_X3Y71          CARRY4 (Prop_carry4_S[0]_CO[3])
                                                      0.532     2.885 r  u_dut/ltOp_carry/CO[3]
                         net (fo=1, routed)           0.000     2.885    u_dut/ltOp_carry_n_0
    SLICE_X3Y72          CARRY4 (Prop_carry4_CI_CO[3])
                                                      0.114     2.999 f  u_dut/ltOp_carry__0/CO[3]
                         net (fo=1, routed)           0.000     2.999    u_dut/ltOp_carry__0_n_0
    SLICE_X3Y73          CARRY4 (Prop_carry4_CI_CO[3])
                                                      0.114     3.113 r  u_dut/ltOp_carry__1/CO[3]
                         net (fo=1, routed)           0.000     3.113    u_dut/ltOp_carry__1_n_0
    SLICE_X3Y74          CARRY4 (Prop_carry4_CI_CO[1])
                                                      0.157     3.270 f  u_dut/ltOp_carry__2/CO[1]
                         net (fo=80, routed)          0.810     4.080    u_dut/ltOp
    SLICE_X3Y75          LUT2 (Prop_lut2_I0_O)        0.355     4.435 r  u_dut/i__carry_i_3/O
                         net (fo=1, routed)           0.000     4.435    u_dut/p_1_in[1]
    SLICE_X3Y75          CARRY4 (Prop_carry4_DI[1]_CO[3])
                                                      0.470     4.905 r  u_dut/_inferred__1/i__carry/CO[3]
                         net (fo=1, routed)           0.000     4.905    u_dut/_inferred__1/i__carry_n_0
    SLICE_X3Y76          CARRY4 (Prop_carry4_CI_O[1])
                                                      0.334     5.239 r  u_dut/_inferred__1/i__carry__0/O[1]
                         net (fo=7, routed)           0.727     5.966    u_dut/RightShifterComponent/level2_d1_reg[19]_0[1]
    SLICE_X0Y76          LUT4 (Prop_lut4_I2_O)        0.303     6.269 r  u_dut/RightShifterComponent/level2_d1[18]_i_2/O
                         net (fo=16, routed)          0.402     6.670    u_dut/RightShifterComponent/level2_d1[18]_i_2_n_0
    SLICE_X0Y78          LUT6 (Prop_lut6_I3_O)        0.124     6.794 r  u_dut/RightShifterComponent/level4_d1[2]_i_1/O
                         net (fo=3, routed)           0.652     7.446    u_dut/RightShifterComponent/level4[2]
    SLICE_X3Y77          LUT6 (Prop_lut6_I0_O)        0.124     7.570 r  u_dut/RightShifterComponent/level2_d1[2]_i_1/O
                         net (fo=1, routed)           0.000     7.570    u_dut/RightShifterComponent/level2_d1[2]_i_1_n_0
    SLICE_X3Y77          FDRE                                         r  u_dut/RightShifterComponent/level2_d1_reg[2]/D
  -------------------------------------------------------------------    -------------------

                         (clock clk rise edge)        6.667     6.667 r  
                                                      0.000     6.667 r  clk (IN)
                         net (fo=260, unset)          0.924     7.591    u_dut/RightShifterComponent/clk
    SLICE_X3Y77          FDRE                                         r  u_dut/RightShifterComponent/level2_d1_reg[2]/C
                         clock pessimism              0.000     7.591    
                         clock uncertainty           -0.035     7.556    
    SLICE_X3Y77          FDRE (Setup_fdre_C_D)        0.029     7.585    u_dut/RightShifterComponent/level2_d1_reg[2]
  -------------------------------------------------------------------
                         required time                          7.585    
                         arrival time                          -7.570    
  -------------------------------------------------------------------
                         slack                                  0.015    

Slack (MET) :             0.015ns  (required time - arrival time)
  Source:                 Y_r_reg[1]/C
                            (rising edge-triggered cell FDRE clocked by clk  {rise@0.000ns fall@3.333ns period=6.667ns})
  Destination:            u_dut/RightShifterComponent/level2_d1_reg[2]/D
                            (rising edge-triggered cell FDRE clocked by clk  {rise@0.000ns fall@3.333ns period=6.667ns})
  Path Group:             clk
  Path Type:              Setup (Max at Slow Process Corner)
  Requirement:            6.667ns  (clk rise@6.667ns - clk rise@0.000ns)
  Data Path Delay:        6.597ns  (logic 3.207ns (48.612%)  route 3.390ns (51.388%))
  Logic Levels:           11  (CARRY4=6 LUT2=1 LUT4=2 LUT6=2)
  Clock Path Skew:        -0.049ns (DCD - SCD + CPR)
    Destination Clock Delay (DCD):    0.924ns = ( 7.591 - 6.667 ) 
    Source Clock Delay      (SCD):    0.973ns
    Clock Pessimism Removal (CPR):    0.000ns
  Clock Uncertainty:      0.035ns  ((TSJ^2 + TIJ^2)^1/2 + DJ) / 2 + PE
    Total System Jitter     (TSJ):    0.071ns
    Total Input Jitter      (TIJ):    0.000ns
    Discrete Jitter          (DJ):    0.000ns
    Phase Error              (PE):    0.000ns

    Location             Delay type                Incr(ns)  Path(ns)    Netlist Resource(s)
  -------------------------------------------------------------------    -------------------
                         (clock clk rise edge)        0.000     0.000 r  
                                                      0.000     0.000 r  clk (IN)
                         net (fo=260, unset)          0.973     0.973    clk
    SLICE_X1Y71          FDRE                                         r  Y_r_reg[1]/C
  -------------------------------------------------------------------    -------------------
    SLICE_X1Y71          FDRE (Prop_fdre_C_Q)         0.456     1.429 r  Y_r_reg[1]/Q
                         net (fo=6, routed)           0.800     2.229    u_dut/level3_d1_reg[3][1]
    SLICE_X3Y71          LUT4 (Prop_lut4_I0_O)        0.124     2.353 f  u_dut/ltOp_carry_i_8/O
                         net (fo=1, routed)           0.000     2.353    u_dut/ltOp_carry_i_8_n_0
    SLICE_X3Y71          CARRY4 (Prop_carry4_S[0]_CO[3])
                                                      0.532     2.885 r  u_dut/ltOp_carry/CO[3]
                         net (fo=1, routed)           0.000     2.885    u_dut/ltOp_carry_n_0
    SLICE_X3Y72          CARRY4 (Prop_carry4_CI_CO[3])
                                                      0.114     2.999 f  u_dut/ltOp_carry__0/CO[3]
                         net (fo=1, routed)           0.000     2.999    u_dut/ltOp_carry__0_n_0
    SLICE_X3Y73          CARRY4 (Prop_carry4_CI_CO[3])
                                                      0.114     3.113 r  u_dut/ltOp_carry__1/CO[3]
                         net (fo=1, routed)           0.000     3.113    u_dut/ltOp_carry__1_n_0
    SLICE_X3Y74          CARRY4 (Prop_carry4_CI_CO[1])
                                                      0.157     3.270 f  u_dut/ltOp_carry__2/CO[1]
                         net (fo=80, routed)          0.810     4.080    u_dut/ltOp
    SLICE_X3Y75          LUT2 (Prop_lut2_I0_O)        0.355     4.435 r  u_dut/i__carry_i_3/O
                         net (fo=1, routed)           0.000     4.435    u_dut/p_1_in[1]
    SLICE_X3Y75          CARRY4 (Prop_carry4_DI[1]_CO[3])
                                                      0.470     4.905 r  u_dut/_inferred__1/i__carry/CO[3]
                         net (fo=1, routed)           0.000     4.905    u_dut/_inferred__1/i__carry_n_0
    SLICE_X3Y76          CARRY4 (Prop_carry4_CI_O[1])
                                                      0.334     5.239 r  u_dut/_inferred__1/i__carry__0/O[1]
                         net (fo=7, routed)           0.727     5.966    u_dut/RightShifterComponent/level2_d1_reg[19]_0[1]
    SLICE_X0Y76          LUT4 (Prop_lut4_I2_O)        0.303     6.269 r  u_dut/RightShifterComponent/level2_d1[18]_i_2/O
                         net (fo=16, routed)          0.402     6.670    u_dut/RightShifterComponent/level2_d1[18]_i_2_n_0
    SLICE_X0Y78          LUT6 (Prop_lut6_I3_O)        0.124     6.794 r  u_dut/RightShifterComponent/level4_d1[2]_i_1/O
                         net (fo=3, routed)           0.652     7.446    u_dut/RightShifterComponent/level4[2]
    SLICE_X3Y77          LUT6 (Prop_lut6_I0_O)        0.124     7.570 r  u_dut/RightShifterComponent/level2_d1[2]_i_1/O
                         net (fo=1, routed)           0.000     7.570    u_dut/RightShifterComponent/level2_d1[2]_i_1_n_0
    SLICE_X3Y77          FDRE                                         r  u_dut/RightShifterComponent/level2_d1_reg[2]/D
  -------------------------------------------------------------------    -------------------

                         (clock clk rise edge)        6.667     6.667 r  
                                                      0.000     6.667 r  clk (IN)
                         net (fo=260, unset)          0.924     7.591    u_dut/RightShifterComponent/clk
    SLICE_X3Y77          FDRE                                         r  u_dut/RightShifterComponent/level2_d1_reg[2]/C
                         clock pessimism              0.000     7.591    
                         clock uncertainty           -0.035     7.556    
    SLICE_X3Y77          FDRE (Setup_fdre_C_D)        0.029     7.585    u_dut/RightShifterComponent/level2_d1_reg[2]
  -------------------------------------------------------------------
                         required time                          7.585    
                         arrival time                          -7.570    
  -------------------------------------------------------------------
                         slack                                  0.015    





Min Delay Paths
--------------------------------------------------------------------------------------
Slack (MET) :             0.149ns  (arrival time - required time)
  Source:                 u_dut/fracAdder/X_1_d1_reg[18]/C
                            (rising edge-triggered cell FDRE clocked by clk  {rise@0.000ns fall@3.333ns period=6.667ns})
  Destination:            u_dut/fracAdder/X_1_d2_reg[18]/D
                            (rising edge-triggered cell FDRE clocked by clk  {rise@0.000ns fall@3.333ns period=6.667ns})
  Path Group:             clk
  Path Type:              Hold (Min at Fast Process Corner)
  Requirement:            0.000ns  (clk rise@0.000ns - clk rise@0.000ns)
  Data Path Delay:        0.193ns  (logic 0.128ns (66.390%)  route 0.065ns (33.610%))
  Logic Levels:           0  
  Clock Path Skew:        0.022ns (DCD - SCD - CPR)
    Destination Clock Delay (DCD):    0.432ns
    Source Clock Delay      (SCD):    0.410ns
    Clock Pessimism Removal (CPR):    -0.000ns

    Location             Delay type                Incr(ns)  Path(ns)    Netlist Resource(s)
  -------------------------------------------------------------------    -------------------
                         (clock clk rise edge)        0.000     0.000 r  
                                                      0.000     0.000 r  clk (IN)
                         net (fo=260, unset)          0.410     0.410    u_dut/fracAdder/clk
    SLICE_X5Y76          FDRE                                         r  u_dut/fracAdder/X_1_d1_reg[18]/C
  -------------------------------------------------------------------    -------------------
    SLICE_X5Y76          FDRE (Prop_fdre_C_Q)         0.128     0.538 r  u_dut/fracAdder/X_1_d1_reg[18]/Q
                         net (fo=1, routed)           0.065     0.603    u_dut/fracAdder/X_1_d1[18]
    SLICE_X4Y76          FDRE                                         r  u_dut/fracAdder/X_1_d2_reg[18]/D
  -------------------------------------------------------------------    -------------------

                         (clock clk rise edge)        0.000     0.000 r  
                                                      0.000     0.000 r  clk (IN)
                         net (fo=260, unset)          0.432     0.432    u_dut/fracAdder/clk
    SLICE_X4Y76          FDRE                                         r  u_dut/fracAdder/X_1_d2_reg[18]/C
                         clock pessimism              0.000     0.432    
    SLICE_X4Y76          FDRE (Hold_fdre_C_D)         0.022     0.454    u_dut/fracAdder/X_1_d2_reg[18]
  -------------------------------------------------------------------
                         required time                         -0.454    
                         arrival time                           0.603    
  -------------------------------------------------------------------
                         slack                                  0.149    

Slack (MET) :             0.149ns  (arrival time - required time)
  Source:                 u_dut/fracAdder/X_1_d1_reg[18]/C
                            (rising edge-triggered cell FDRE clocked by clk  {rise@0.000ns fall@3.333ns period=6.667ns})
  Destination:            u_dut/fracAdder/X_1_d2_reg[18]/D
                            (rising edge-triggered cell FDRE clocked by clk  {rise@0.000ns fall@3.333ns period=6.667ns})
  Path Group:             clk
  Path Type:              Hold (Min at Fast Process Corner)
  Requirement:            0.000ns  (clk rise@0.000ns - clk rise@0.000ns)
  Data Path Delay:        0.193ns  (logic 0.128ns (66.390%)  route 0.065ns (33.610%))
  Logic Levels:           0  
  Clock Path Skew:        0.022ns (DCD - SCD - CPR)
    Destination Clock Delay (DCD):    0.432ns
    Source Clock Delay      (SCD):    0.410ns
    Clock Pessimism Removal (CPR):    -0.000ns

    Location             Delay type                Incr(ns)  Path(ns)    Netlist Resource(s)
  -------------------------------------------------------------------    -------------------
                         (clock clk rise edge)        0.000     0.000 r  
                                                      0.000     0.000 r  clk (IN)
                         net (fo=260, unset)          0.410     0.410    u_dut/fracAdder/clk
    SLICE_X5Y76          FDRE                                         r  u_dut/fracAdder/X_1_d1_reg[18]/C
  -------------------------------------------------------------------    -------------------
    SLICE_X5Y76          FDRE (Prop_fdre_C_Q)         0.128     0.538 f  u_dut/fracAdder/X_1_d1_reg[18]/Q
                         net (fo=1, routed)           0.065     0.603    u_dut/fracAdder/X_1_d1[18]
    SLICE_X4Y76          FDRE                                         f  u_dut/fracAdder/X_1_d2_reg[18]/D
  -------------------------------------------------------------------    -------------------

                         (clock clk rise edge)        0.000     0.000 r  
                                                      0.000     0.000 r  clk (IN)
                         net (fo=260, unset)          0.432     0.432    u_dut/fracAdder/clk
    SLICE_X4Y76          FDRE                                         r  u_dut/fracAdder/X_1_d2_reg[18]/C
                         clock pessimism              0.000     0.432    
    SLICE_X4Y76          FDRE (Hold_fdre_C_D)         0.022     0.454    u_dut/fracAdder/X_1_d2_reg[18]
  -------------------------------------------------------------------
                         required time                         -0.454    
                         arrival time                           0.603    
  -------------------------------------------------------------------
                         slack                                  0.149    

Slack (MET) :             0.212ns  (arrival time - required time)
  Source:                 Y_r_reg[0]/C
                            (rising edge-triggered cell FDRE clocked by clk  {rise@0.000ns fall@3.333ns period=6.667ns})
  Destination:            u_dut/fracAdder/X_1_d1_reg[2]/D
                            (rising edge-triggered cell FDRE clocked by clk  {rise@0.000ns fall@3.333ns period=6.667ns})
  Path Group:             clk
  Path Type:              Hold (Min at Fast Process Corner)
  Requirement:            0.000ns  (clk rise@0.000ns - clk rise@0.000ns)
  Data Path Delay:        0.324ns  (logic 0.186ns (57.390%)  route 0.138ns (42.610%))
  Logic Levels:           1  (LUT3=1)
  Clock Path Skew:        0.022ns (DCD - SCD - CPR)
    Destination Clock Delay (DCD):    0.432ns
    Source Clock Delay      (SCD):    0.410ns
    Clock Pessimism Removal (CPR):    -0.000ns

    Location             Delay type                Incr(ns)  Path(ns)    Netlist Resource(s)
  -------------------------------------------------------------------    -------------------
                         (clock clk rise edge)        0.000     0.000 r  
                                                      0.000     0.000 r  clk (IN)
                         net (fo=260, unset)          0.410     0.410    clk
    SLICE_X3Y71          FDRE                                         r  Y_r_reg[0]/C
  -------------------------------------------------------------------    -------------------
    SLICE_X3Y71          FDRE (Prop_fdre_C_Q)         0.141     0.551 r  Y_r_reg[0]/Q
                         net (fo=5, routed)           0.138     0.689    u_dut/fracAdder/X_1_d1_reg[18]_0[0]
    SLICE_X4Y71          LUT3 (Prop_lut3_I0_O)        0.045     0.734 r  u_dut/fracAdder/X_1_d1[2]_i_1/O
                         net (fo=1, routed)           0.000     0.734    u_dut/fracAdder/newX[0]
    SLICE_X4Y71          FDRE                                         r  u_dut/fracAdder/X_1_d1_reg[2]/D
  -------------------------------------------------------------------    -------------------

                         (clock clk rise edge)        0.000     0.000 r  
                                                      0.000     0.000 r  clk (IN)
                         net (fo=260, unset)          0.432     0.432    u_dut/fracAdder/clk
    SLICE_X4Y71          FDRE                                         r  u_dut/fracAdder/X_1_d1_reg[2]/C
                         clock pessimism              0.000     0.432    
    SLICE_X4Y71          FDRE (Hold_fdre_C_D)         0.091     0.523    u_dut/fracAdder/X_1_d1_reg[2]
  -------------------------------------------------------------------
                         required time                         -0.523    
                         arrival time                           0.734    
  -------------------------------------------------------------------
                         slack                                  0.212    

Slack (MET) :             0.212ns  (arrival time - required time)
  Source:                 Y_r_reg[0]/C
                            (rising edge-triggered cell FDRE clocked by clk  {rise@0.000ns fall@3.333ns period=6.667ns})
  Destination:            u_dut/fracAdder/X_1_d1_reg[2]/D
                            (rising edge-triggered cell FDRE clocked by clk  {rise@0.000ns fall@3.333ns period=6.667ns})
  Path Group:             clk
  Path Type:              Hold (Min at Fast Process Corner)
  Requirement:            0.000ns  (clk rise@0.000ns - clk rise@0.000ns)
  Data Path Delay:        0.324ns  (logic 0.186ns (57.390%)  route 0.138ns (42.610%))
  Logic Levels:           1  (LUT3=1)
  Clock Path Skew:        0.022ns (DCD - SCD - CPR)
    Destination Clock Delay (DCD):    0.432ns
    Source Clock Delay      (SCD):    0.410ns
    Clock Pessimism Removal (CPR):    -0.000ns

    Location             Delay type                Incr(ns)  Path(ns)    Netlist Resource(s)
  -------------------------------------------------------------------    -------------------
                         (clock clk rise edge)        0.000     0.000 r  
                                                      0.000     0.000 r  clk (IN)
                         net (fo=260, unset)          0.410     0.410    clk
    SLICE_X3Y71          FDRE                                         r  Y_r_reg[0]/C
  -------------------------------------------------------------------    -------------------
    SLICE_X3Y71          FDRE (Prop_fdre_C_Q)         0.141     0.551 f  Y_r_reg[0]/Q
                         net (fo=5, routed)           0.138     0.689    u_dut/fracAdder/X_1_d1_reg[18]_0[0]
    SLICE_X4Y71          LUT3 (Prop_lut3_I0_O)        0.045     0.734 f  u_dut/fracAdder/X_1_d1[2]_i_1/O
                         net (fo=1, routed)           0.000     0.734    u_dut/fracAdder/newX[0]
    SLICE_X4Y71          FDRE                                         f  u_dut/fracAdder/X_1_d1_reg[2]/D
  -------------------------------------------------------------------    -------------------

                         (clock clk rise edge)        0.000     0.000 r  
                                                      0.000     0.000 r  clk (IN)
                         net (fo=260, unset)          0.432     0.432    u_dut/fracAdder/clk
    SLICE_X4Y71          FDRE                                         r  u_dut/fracAdder/X_1_d1_reg[2]/C
                         clock pessimism              0.000     0.432    
    SLICE_X4Y71          FDRE (Hold_fdre_C_D)         0.091     0.523    u_dut/fracAdder/X_1_d1_reg[2]
  -------------------------------------------------------------------
                         required time                         -0.523    
                         arrival time                           0.734    
  -------------------------------------------------------------------
                         slack                                  0.212    

Slack (MET) :             0.212ns  (arrival time - required time)
  Source:                 u_dut/EffSub_d4_reg/C
                            (rising edge-triggered cell FDRE clocked by clk  {rise@0.000ns fall@3.333ns period=6.667ns})
  Destination:            R_r_reg[27]/D
                            (rising edge-triggered cell FDRE clocked by clk  {rise@0.000ns fall@3.333ns period=6.667ns})
  Path Group:             clk
  Path Type:              Hold (Min at Fast Process Corner)
  Requirement:            0.000ns  (clk rise@0.000ns - clk rise@0.000ns)
  Data Path Delay:        0.326ns  (logic 0.226ns (69.310%)  route 0.100ns (30.690%))
  Logic Levels:           1  (LUT6=1)
  Clock Path Skew:        0.022ns (DCD - SCD - CPR)
    Destination Clock Delay (DCD):    0.432ns
    Source Clock Delay      (SCD):    0.410ns
    Clock Pessimism Removal (CPR):    -0.000ns

    Location             Delay type                Incr(ns)  Path(ns)    Netlist Resource(s)
  -------------------------------------------------------------------    -------------------
                         (clock clk rise edge)        0.000     0.000 r  
                                                      0.000     0.000 r  clk (IN)
                         net (fo=260, unset)          0.410     0.410    u_dut/clk
    SLICE_X11Y76         FDRE                                         r  u_dut/EffSub_d4_reg/C
  -------------------------------------------------------------------    -------------------
    SLICE_X11Y76         FDRE (Prop_fdre_C_Q)         0.128     0.538 f  u_dut/EffSub_d4_reg/Q
                         net (fo=2, routed)           0.100     0.638    u_dut/EffSub_d4
    SLICE_X11Y76         LUT6 (Prop_lut6_I0_O)        0.098     0.736 r  u_dut/R_r[27]_i_1/O
                         net (fo=1, routed)           0.000     0.736    R_dut[27]
    SLICE_X11Y76         FDRE                                         r  R_r_reg[27]/D
  -------------------------------------------------------------------    -------------------

                         (clock clk rise edge)        0.000     0.000 r  
                                                      0.000     0.000 r  clk (IN)
                         net (fo=260, unset)          0.432     0.432    clk
    SLICE_X11Y76         FDRE                                         r  R_r_reg[27]/C
                         clock pessimism              0.000     0.432    
    SLICE_X11Y76         FDRE (Hold_fdre_C_D)         0.092     0.524    R_r_reg[27]
  -------------------------------------------------------------------
                         required time                         -0.524    
                         arrival time                           0.736    
  -------------------------------------------------------------------
                         slack                                  0.212    

Slack (MET) :             0.212ns  (arrival time - required time)
  Source:                 u_dut/EffSub_d4_reg/C
                            (rising edge-triggered cell FDRE clocked by clk  {rise@0.000ns fall@3.333ns period=6.667ns})
  Destination:            R_r_reg[27]/D
                            (rising edge-triggered cell FDRE clocked by clk  {rise@0.000ns fall@3.333ns period=6.667ns})
  Path Group:             clk
  Path Type:              Hold (Min at Fast Process Corner)
  Requirement:            0.000ns  (clk rise@0.000ns - clk rise@0.000ns)
  Data Path Delay:        0.326ns  (logic 0.226ns (69.310%)  route 0.100ns (30.690%))
  Logic Levels:           1  (LUT6=1)
  Clock Path Skew:        0.022ns (DCD - SCD - CPR)
    Destination Clock Delay (DCD):    0.432ns
    Source Clock Delay      (SCD):    0.410ns
    Clock Pessimism Removal (CPR):    -0.000ns

    Location             Delay type                Incr(ns)  Path(ns)    Netlist Resource(s)
  -------------------------------------------------------------------    -------------------
                         (clock clk rise edge)        0.000     0.000 r  
                                                      0.000     0.000 r  clk (IN)
                         net (fo=260, unset)          0.410     0.410    u_dut/clk
    SLICE_X11Y76         FDRE                                         r  u_dut/EffSub_d4_reg/C
  -------------------------------------------------------------------    -------------------
    SLICE_X11Y76         FDRE (Prop_fdre_C_Q)         0.128     0.538 r  u_dut/EffSub_d4_reg/Q
                         net (fo=2, routed)           0.100     0.638    u_dut/EffSub_d4
    SLICE_X11Y76         LUT6 (Prop_lut6_I0_O)        0.098     0.736 f  u_dut/R_r[27]_i_1/O
                         net (fo=1, routed)           0.000     0.736    R_dut[27]
    SLICE_X11Y76         FDRE                                         f  R_r_reg[27]/D
  -------------------------------------------------------------------    -------------------

                         (clock clk rise edge)        0.000     0.000 r  
                                                      0.000     0.000 r  clk (IN)
                         net (fo=260, unset)          0.432     0.432    clk
    SLICE_X11Y76         FDRE                                         r  R_r_reg[27]/C
                         clock pessimism              0.000     0.432    
    SLICE_X11Y76         FDRE (Hold_fdre_C_D)         0.092     0.524    R_r_reg[27]
  -------------------------------------------------------------------
                         required time                         -0.524    
                         arrival time                           0.736    
  -------------------------------------------------------------------
                         slack                                  0.212    

Slack (MET) :             0.213ns  (arrival time - required time)
  Source:                 u_dut/fracAdder/X_1_d1_reg[4]/C
                            (rising edge-triggered cell FDRE clocked by clk  {rise@0.000ns fall@3.333ns period=6.667ns})
  Destination:            u_dut/fracAdder/X_1_d2_reg[4]/D
                            (rising edge-triggered cell FDRE clocked by clk  {rise@0.000ns fall@3.333ns period=6.667ns})
  Path Group:             clk
  Path Type:              Hold (Min at Fast Process Corner)
  Requirement:            0.000ns  (clk rise@0.000ns - clk rise@0.000ns)
  Data Path Delay:        0.233ns  (logic 0.128ns (54.843%)  route 0.105ns (45.157%))
  Logic Levels:           0  
  Clock Path Skew:        0.022ns (DCD - SCD - CPR)
    Destination Clock Delay (DCD):    0.432ns
    Source Clock Delay      (SCD):    0.410ns
    Clock Pessimism Removal (CPR):    -0.000ns

    Location             Delay type                Incr(ns)  Path(ns)    Netlist Resource(s)
  -------------------------------------------------------------------    -------------------
                         (clock clk rise edge)        0.000     0.000 r  
                                                      0.000     0.000 r  clk (IN)
                         net (fo=260, unset)          0.410     0.410    u_dut/fracAdder/clk
    SLICE_X5Y75          FDRE                                         r  u_dut/fracAdder/X_1_d1_reg[4]/C
  -------------------------------------------------------------------    -------------------
    SLICE_X5Y75          FDRE (Prop_fdre_C_Q)         0.128     0.538 r  u_dut/fracAdder/X_1_d1_reg[4]/Q
                         net (fo=1, routed)           0.105     0.644    u_dut/fracAdder/X_1_d1[4]
    SLICE_X6Y75          FDRE                                         r  u_dut/fracAdder/X_1_d2_reg[4]/D
  -------------------------------------------------------------------    -------------------

                         (clock clk rise edge)        0.000     0.000 r  
                                                      0.000     0.000 r  clk (IN)
                         net (fo=260, unset)          0.432     0.432    u_dut/fracAdder/clk
    SLICE_X6Y75          FDRE                                         r  u_dut/fracAdder/X_1_d2_reg[4]/C
                         clock pessimism              0.000     0.432    
    SLICE_X6Y75          FDRE (Hold_fdre_C_D)        -0.001     0.431    u_dut/fracAdder/X_1_d2_reg[4]
  -------------------------------------------------------------------
                         required time                         -0.431    
                         arrival time                           0.644    
  -------------------------------------------------------------------
                         slack                                  0.213    

Slack (MET) :             0.213ns  (arrival time - required time)
  Source:                 u_dut/fracAdder/X_1_d1_reg[4]/C
                            (rising edge-triggered cell FDRE clocked by clk  {rise@0.000ns fall@3.333ns period=6.667ns})
  Destination:            u_dut/fracAdder/X_1_d2_reg[4]/D
                            (rising edge-triggered cell FDRE clocked by clk  {rise@0.000ns fall@3.333ns period=6.667ns})
  Path Group:             clk
  Path Type:              Hold (Min at Fast Process Corner)
  Requirement:            0.000ns  (clk rise@0.000ns - clk rise@0.000ns)
  Data Path Delay:        0.233ns  (logic 0.128ns (54.843%)  route 0.105ns (45.157%))
  Logic Levels:           0  
  Clock Path Skew:        0.022ns (DCD - SCD - CPR)
    Destination Clock Delay (DCD):    0.432ns
    Source Clock Delay      (SCD):    0.410ns
    Clock Pessimism Removal (CPR):    -0.000ns

    Location             Delay type                Incr(ns)  Path(ns)    Netlist Resource(s)
  -------------------------------------------------------------------    -------------------
                         (clock clk rise edge)        0.000     0.000 r  
                                                      0.000     0.000 r  clk (IN)
                         net (fo=260, unset)          0.410     0.410    u_dut/fracAdder/clk
    SLICE_X5Y75          FDRE                                         r  u_dut/fracAdder/X_1_d1_reg[4]/C
  -------------------------------------------------------------------    -------------------
    SLICE_X5Y75          FDRE (Prop_fdre_C_Q)         0.128     0.538 f  u_dut/fracAdder/X_1_d1_reg[4]/Q
                         net (fo=1, routed)           0.105     0.644    u_dut/fracAdder/X_1_d1[4]
    SLICE_X6Y75          FDRE                                         f  u_dut/fracAdder/X_1_d2_reg[4]/D
  -------------------------------------------------------------------    -------------------

                         (clock clk rise edge)        0.000     0.000 r  
                                                      0.000     0.000 r  clk (IN)
                         net (fo=260, unset)          0.432     0.432    u_dut/fracAdder/clk
    SLICE_X6Y75          FDRE                                         r  u_dut/fracAdder/X_1_d2_reg[4]/C
                         clock pessimism              0.000     0.432    
    SLICE_X6Y75          FDRE (Hold_fdre_C_D)        -0.001     0.431    u_dut/fracAdder/X_1_d2_reg[4]
  -------------------------------------------------------------------
                         required time                         -0.431    
                         arrival time                           0.644    
  -------------------------------------------------------------------
                         slack                                  0.213    

Slack (MET) :             0.213ns  (arrival time - required time)
  Source:                 u_dut/eqdiffsign_d1_reg/C
                            (rising edge-triggered cell FDRE clocked by clk  {rise@0.000ns fall@3.333ns period=6.667ns})
  Destination:            R_r_reg[26]/D
                            (rising edge-triggered cell FDRE clocked by clk  {rise@0.000ns fall@3.333ns period=6.667ns})
  Path Group:             clk
  Path Type:              Hold (Min at Fast Process Corner)
  Requirement:            0.000ns  (clk rise@0.000ns - clk rise@0.000ns)
  Data Path Delay:        0.325ns  (logic 0.226ns (69.451%)  route 0.099ns (30.549%))
  Logic Levels:           1  (LUT6=1)
  Clock Path Skew:        0.022ns (DCD - SCD - CPR)
    Destination Clock Delay (DCD):    0.432ns
    Source Clock Delay      (SCD):    0.410ns
    Clock Pessimism Removal (CPR):    -0.000ns

    Location             Delay type                Incr(ns)  Path(ns)    Netlist Resource(s)
  -------------------------------------------------------------------    -------------------
                         (clock clk rise edge)        0.000     0.000 r  
                                                      0.000     0.000 r  clk (IN)
                         net (fo=260, unset)          0.410     0.410    u_dut/clk
    SLICE_X11Y76         FDRE                                         r  u_dut/eqdiffsign_d1_reg/C
  -------------------------------------------------------------------    -------------------
    SLICE_X11Y76         FDRE (Prop_fdre_C_Q)         0.128     0.538 f  u_dut/eqdiffsign_d1_reg/Q
                         net (fo=2, routed)           0.099     0.638    u_dut/eqdiffsign_d1
    SLICE_X11Y76         LUT6 (Prop_lut6_I1_O)        0.098     0.736 r  u_dut/R_r[26]_i_1/O
                         net (fo=1, routed)           0.000     0.736    R_dut[26]
    SLICE_X11Y76         FDRE                                         r  R_r_reg[26]/D
  -------------------------------------------------------------------    -------------------

                         (clock clk rise edge)        0.000     0.000 r  
                                                      0.000     0.000 r  clk (IN)
                         net (fo=260, unset)          0.432     0.432    clk
    SLICE_X11Y76         FDRE                                         r  R_r_reg[26]/C
                         clock pessimism              0.000     0.432    
    SLICE_X11Y76         FDRE (Hold_fdre_C_D)         0.091     0.523    R_r_reg[26]
  -------------------------------------------------------------------
                         required time                         -0.523    
                         arrival time                           0.736    
  -------------------------------------------------------------------
                         slack                                  0.213    

Slack (MET) :             0.213ns  (arrival time - required time)
  Source:                 u_dut/eqdiffsign_d1_reg/C
                            (rising edge-triggered cell FDRE clocked by clk  {rise@0.000ns fall@3.333ns period=6.667ns})
  Destination:            R_r_reg[26]/D
                            (rising edge-triggered cell FDRE clocked by clk  {rise@0.000ns fall@3.333ns period=6.667ns})
  Path Group:             clk
  Path Type:              Hold (Min at Fast Process Corner)
  Requirement:            0.000ns  (clk rise@0.000ns - clk rise@0.000ns)
  Data Path Delay:        0.325ns  (logic 0.226ns (69.451%)  route 0.099ns (30.549%))
  Logic Levels:           1  (LUT6=1)
  Clock Path Skew:        0.022ns (DCD - SCD - CPR)
    Destination Clock Delay (DCD):    0.432ns
    Source Clock Delay      (SCD):    0.410ns
    Clock Pessimism Removal (CPR):    -0.000ns

    Location             Delay type                Incr(ns)  Path(ns)    Netlist Resource(s)
  -------------------------------------------------------------------    -------------------
                         (clock clk rise edge)        0.000     0.000 r  
                                                      0.000     0.000 r  clk (IN)
                         net (fo=260, unset)          0.410     0.410    u_dut/clk
    SLICE_X11Y76         FDRE                                         r  u_dut/eqdiffsign_d1_reg/C
  -------------------------------------------------------------------    -------------------
    SLICE_X11Y76         FDRE (Prop_fdre_C_Q)         0.128     0.538 r  u_dut/eqdiffsign_d1_reg/Q
                         net (fo=2, routed)           0.099     0.638    u_dut/eqdiffsign_d1
    SLICE_X11Y76         LUT6 (Prop_lut6_I1_O)        0.098     0.736 f  u_dut/R_r[26]_i_1/O
                         net (fo=1, routed)           0.000     0.736    R_dut[26]
    SLICE_X11Y76         FDRE                                         f  R_r_reg[26]/D
  -------------------------------------------------------------------    -------------------

                         (clock clk rise edge)        0.000     0.000 r  
                                                      0.000     0.000 r  clk (IN)
                         net (fo=260, unset)          0.432     0.432    clk
    SLICE_X11Y76         FDRE                                         r  R_r_reg[26]/C
                         clock pessimism              0.000     0.432    
    SLICE_X11Y76         FDRE (Hold_fdre_C_D)         0.091     0.523    R_r_reg[26]
  -------------------------------------------------------------------
                         required time                         -0.523    
                         arrival time                           0.736    
  -------------------------------------------------------------------
                         slack                                  0.213    





Pulse Width Checks
--------------------------------------------------------------------------------------
Clock Name:         clk
Waveform(ns):       { 0.000 3.333 }
Period(ns):         6.667
Sources:            { clk }

Check Type        Corner  Lib Pin     Reference Pin  Required(ns)  Actual(ns)  Slack(ns)  Location      Pin
Min Period        n/a     FDRE/C      n/a            1.000         6.667       5.667      SLICE_X10Y70  R_r_reg[0]/C
Min Period        n/a     FDRE/C      n/a            1.000         6.667       5.667      SLICE_X10Y72  R_r_reg[10]/C
Min Period        n/a     FDRE/C      n/a            1.000         6.667       5.667      SLICE_X10Y73  R_r_reg[11]/C
Min Period        n/a     FDRE/C      n/a            1.000         6.667       5.667      SLICE_X10Y73  R_r_reg[12]/C
Min Period        n/a     FDRE/C      n/a            1.000         6.667       5.667      SLICE_X10Y73  R_r_reg[13]/C
Min Period        n/a     FDRE/C      n/a            1.000         6.667       5.667      SLICE_X10Y73  R_r_reg[14]/C
Min Period        n/a     FDRE/C      n/a            1.000         6.667       5.667      SLICE_X10Y74  R_r_reg[15]/C
Min Period        n/a     FDRE/C      n/a            1.000         6.667       5.667      SLICE_X10Y74  R_r_reg[16]/C
Min Period        n/a     FDRE/C      n/a            1.000         6.667       5.667      SLICE_X10Y74  R_r_reg[17]/C
Min Period        n/a     FDRE/C      n/a            1.000         6.667       5.667      SLICE_X10Y74  R_r_reg[18]/C
Low Pulse Width   Slow    SRL16E/CLK  n/a            0.980         3.333       2.353      SLICE_X2Y75   u_dut/excRt_d3_reg[0]_srl3/CLK
Low Pulse Width   Fast    SRL16E/CLK  n/a            0.980         3.334       2.354      SLICE_X2Y75   u_dut/excRt_d3_reg[0]_srl3/CLK
Low Pulse Width   Slow    SRL16E/CLK  n/a            0.980         3.333       2.353      SLICE_X2Y75   u_dut/excRt_d3_reg[1]_srl3/CLK
Low Pulse Width   Fast    SRL16E/CLK  n/a            0.980         3.334       2.354      SLICE_X2Y75   u_dut/excRt_d3_reg[1]_srl3/CLK
Low Pulse Width   Slow    SRL16E/CLK  n/a            0.980         3.333       2.353      SLICE_X6Y74   u_dut/extendedExpInc_d2_reg[0]_srl2/CLK
Low Pulse Width   Fast    SRL16E/CLK  n/a            0.980         3.334       2.354      SLICE_X6Y74   u_dut/extendedExpInc_d2_reg[0]_srl2/CLK
Low Pulse Width   Slow    SRL16E/CLK  n/a            0.980         3.333       2.353      SLICE_X6Y74   u_dut/extendedExpInc_d2_reg[1]_srl2/CLK
Low Pulse Width   Fast    SRL16E/CLK  n/a            0.980         3.334       2.354      SLICE_X6Y74   u_dut/extendedExpInc_d2_reg[1]_srl2/CLK
Low Pulse Width   Slow    SRL16E/CLK  n/a            0.980         3.333       2.353      SLICE_X6Y74   u_dut/extendedExpInc_d2_reg[2]_srl2/CLK
Low Pulse Width   Fast    SRL16E/CLK  n/a            0.980         3.334       2.354      SLICE_X6Y74   u_dut/extendedExpInc_d2_reg[2]_srl2/CLK
High Pulse Width  Slow    SRL16E/CLK  n/a            0.980         3.334       2.354      SLICE_X2Y75   u_dut/excRt_d3_reg[0]_srl3/CLK
High Pulse Width  Fast    SRL16E/CLK  n/a            0.980         3.333       2.353      SLICE_X2Y75   u_dut/excRt_d3_reg[0]_srl3/CLK
High Pulse Width  Slow    SRL16E/CLK  n/a            0.980         3.334       2.354      SLICE_X2Y75   u_dut/excRt_d3_reg[1]_srl3/CLK
High Pulse Width  Fast    SRL16E/CLK  n/a            0.980         3.333       2.353      SLICE_X2Y75   u_dut/excRt_d3_reg[1]_srl3/CLK
High Pulse Width  Slow    SRL16E/CLK  n/a            0.980         3.334       2.354      SLICE_X6Y74   u_dut/extendedExpInc_d2_reg[0]_srl2/CLK
High Pulse Width  Fast    SRL16E/CLK  n/a            0.980         3.333       2.353      SLICE_X6Y74   u_dut/extendedExpInc_d2_reg[0]_srl2/CLK
High Pulse Width  Slow    SRL16E/CLK  n/a            0.980         3.334       2.354      SLICE_X6Y74   u_dut/extendedExpInc_d2_reg[1]_srl2/CLK
High Pulse Width  Fast    SRL16E/CLK  n/a            0.980         3.333       2.353      SLICE_X6Y74   u_dut/extendedExpInc_d2_reg[1]_srl2/CLK
High Pulse Width  Slow    SRL16E/CLK  n/a            0.980         3.334       2.354      SLICE_X6Y74   u_dut/extendedExpInc_d2_reg[2]_srl2/CLK
High Pulse Width  Fast    SRL16E/CLK  n/a            0.980         3.333       2.353      SLICE_X6Y74   u_dut/extendedExpInc_d2_reg[2]_srl2/CLK



