
 /----------------------------------------------------------------------------\
 |  yosys -- Yosys Open SYnthesis Suite                                       |
 |  Copyright (C) 2012 - 2026  Claire Xenia Wolf <claire@yosyshq.com>         |
 |  Distributed under an ISC-like license, type "license" to see terms        |
 \----------------------------------------------------------------------------/
 Yosys 0.64+215 (git sha1 54866d154, clang++ 18.1.8 -fPIC -O3)

-- Executing script file `/mnt/storage/test/zkf-vs-flopoco/artifacts/targets/ecp5-yosys/rows/zkf_add_w8_m36_stage_output/yosys.ys' --

1. Executing Verilog-2005 frontend: /mnt/storage/zubax/kulibin2/float/hdl/_zkf_pack.v
Parsing SystemVerilog input from `/mnt/storage/zubax/kulibin2/float/hdl/_zkf_pack.v' to AST representation.
Generating RTLIL representation for module `\_zkf_pack'.
Generating RTLIL representation for module `\_zkf_pack_delay'.
Successfully finished Verilog frontend.

2. Executing Verilog-2005 frontend: /mnt/storage/zubax/kulibin2/float/hdl/_zkf_rshift_sticky.v
Parsing SystemVerilog input from `/mnt/storage/zubax/kulibin2/float/hdl/_zkf_rshift_sticky.v' to AST representation.
Generating RTLIL representation for module `\_zkf_rshift_sticky'.
Successfully finished Verilog frontend.

3. Executing Verilog-2005 frontend: /mnt/storage/zubax/kulibin2/float/hdl/_zkf_normshift.v
Parsing SystemVerilog input from `/mnt/storage/zubax/kulibin2/float/hdl/_zkf_normshift.v' to AST representation.
Generating RTLIL representation for module `\_zkf_normshift'.
Successfully finished Verilog frontend.

4. Executing Verilog-2005 frontend: /mnt/storage/zubax/kulibin2/float/hdl/zkf_add.v
Parsing SystemVerilog input from `/mnt/storage/zubax/kulibin2/float/hdl/zkf_add.v' to AST representation.
Generating RTLIL representation for module `\zkf_add'.
Generating RTLIL representation for module `\_zkf_add_ge'.
Successfully finished Verilog frontend.

5. Executing Verilog-2005 frontend: /mnt/storage/test/zkf-vs-flopoco/artifacts/targets/ecp5-yosys/rows/zkf_add_w8_m36_stage_output/src/top_zkf_add_w8_m36_stage_output.v
Parsing SystemVerilog input from `/mnt/storage/test/zkf-vs-flopoco/artifacts/targets/ecp5-yosys/rows/zkf_add_w8_m36_stage_output/src/top_zkf_add_w8_m36_stage_output.v' to AST representation.
Generating RTLIL representation for module `\top_zkf_add_w8_m36_stage_output'.
Successfully finished Verilog frontend.

6. Executing SYNTH_LATTICE pass.

6.1. Executing Verilog-2005 frontend: /mnt/storage/synth_eval/oss-cad-suite/lib/../share/yosys/lattice/cells_sim_ecp5.v
Parsing Verilog input from `/mnt/storage/synth_eval/oss-cad-suite/lib/../share/yosys/lattice/cells_sim_ecp5.v' to AST representation.
Generating RTLIL representation for module `\LUT4'.
Generating RTLIL representation for module `\$__ABC9_LUT5'.
Generating RTLIL representation for module `\$__ABC9_LUT6'.
Generating RTLIL representation for module `\$__ABC9_LUT7'.
Generating RTLIL representation for module `\L6MUX21'.
Generating RTLIL representation for module `\TRELLIS_RAM16X2'.
Generating RTLIL representation for module `\PFUMX'.
Generating RTLIL representation for module `\TRELLIS_DPR16X4'.
Generating RTLIL representation for module `\DPR16X4C'.
Generating RTLIL representation for module `\LUT2'.
Generating RTLIL representation for module `\TRELLIS_FF'.
Generating RTLIL representation for module `\TRELLIS_IO'.
Generating RTLIL representation for module `\INV'.
Generating RTLIL representation for module `\TRELLIS_COMB'.
Generating RTLIL representation for module `\VLO'.
Generating RTLIL representation for module `\VHI'.
Generating RTLIL representation for module `\FD1P3AX'.
Generating RTLIL representation for module `\FD1P3AY'.
Generating RTLIL representation for module `\FD1P3BX'.
Generating RTLIL representation for module `\FD1P3DX'.
Generating RTLIL representation for module `\FD1P3IX'.
Generating RTLIL representation for module `\FD1P3JX'.
Generating RTLIL representation for module `\FD1S3AX'.
Generating RTLIL representation for module `\FD1S3AY'.
Generating RTLIL representation for module `\FD1S3BX'.
Generating RTLIL representation for module `\FD1S3DX'.
Generating RTLIL representation for module `\FD1S3IX'.
Generating RTLIL representation for module `\FD1S3JX'.
Generating RTLIL representation for module `\IFS1P3BX'.
Generating RTLIL representation for module `\IFS1P3DX'.
Generating RTLIL representation for module `\IFS1P3IX'.
Generating RTLIL representation for module `\IFS1P3JX'.
Generating RTLIL representation for module `\OFS1P3BX'.
Generating RTLIL representation for module `\OFS1P3DX'.
Generating RTLIL representation for module `\OFS1P3IX'.
Generating RTLIL representation for module `\OFS1P3JX'.
Generating RTLIL representation for module `\IB'.
Generating RTLIL representation for module `\IBPU'.
Generating RTLIL representation for module `\IBPD'.
Generating RTLIL representation for module `\OB'.
Generating RTLIL representation for module `\OBZ'.
Generating RTLIL representation for module `\OBZPU'.
Generating RTLIL representation for module `\OBZPD'.
Generating RTLIL representation for module `\OBCO'.
Generating RTLIL representation for module `\BB'.
Generating RTLIL representation for module `\BBPU'.
Generating RTLIL representation for module `\BBPD'.
Generating RTLIL representation for module `\ILVDS'.
Generating RTLIL representation for module `\OLVDS'.
Generating RTLIL representation for module `\CCU2C'.
Generating RTLIL representation for module `\DP16KD'.
Replacing existing blackbox module `\FD1P3AX' at /mnt/storage/synth_eval/oss-cad-suite/lib/../share/yosys/lattice/cells_ff.vh:2.1-2.261.
Generating RTLIL representation for module `\FD1P3AX'.
Replacing existing blackbox module `\FD1P3AY' at /mnt/storage/synth_eval/oss-cad-suite/lib/../share/yosys/lattice/cells_ff.vh:3.1-3.261.
Generating RTLIL representation for module `\FD1P3AY'.
Replacing existing blackbox module `\FD1P3BX' at /mnt/storage/synth_eval/oss-cad-suite/lib/../share/yosys/lattice/cells_ff.vh:4.1-4.261.
Generating RTLIL representation for module `\FD1P3BX'.
Replacing existing blackbox module `\FD1P3DX' at /mnt/storage/synth_eval/oss-cad-suite/lib/../share/yosys/lattice/cells_ff.vh:5.1-5.261.
Generating RTLIL representation for module `\FD1P3DX'.
Replacing existing blackbox module `\FD1P3IX' at /mnt/storage/synth_eval/oss-cad-suite/lib/../share/yosys/lattice/cells_ff.vh:6.1-6.261.
Generating RTLIL representation for module `\FD1P3IX'.
Replacing existing blackbox module `\FD1P3JX' at /mnt/storage/synth_eval/oss-cad-suite/lib/../share/yosys/lattice/cells_ff.vh:7.1-7.261.
Generating RTLIL representation for module `\FD1P3JX'.
Replacing existing blackbox module `\FD1S3AX' at /mnt/storage/synth_eval/oss-cad-suite/lib/../share/yosys/lattice/cells_ff.vh:8.1-8.261.
Generating RTLIL representation for module `\FD1S3AX'.
Replacing existing blackbox module `\FD1S3AY' at /mnt/storage/synth_eval/oss-cad-suite/lib/../share/yosys/lattice/cells_ff.vh:9.1-9.261.
Generating RTLIL representation for module `\FD1S3AY'.
Replacing existing blackbox module `\FD1S3BX' at /mnt/storage/synth_eval/oss-cad-suite/lib/../share/yosys/lattice/cells_ff.vh:10.1-10.261.
Generating RTLIL representation for module `\FD1S3BX'.
Replacing existing blackbox module `\FD1S3DX' at /mnt/storage/synth_eval/oss-cad-suite/lib/../share/yosys/lattice/cells_ff.vh:11.1-11.261.
Generating RTLIL representation for module `\FD1S3DX'.
Replacing existing blackbox module `\FD1S3IX' at /mnt/storage/synth_eval/oss-cad-suite/lib/../share/yosys/lattice/cells_ff.vh:12.1-12.261.
Generating RTLIL representation for module `\FD1S3IX'.
Replacing existing blackbox module `\FD1S3JX' at /mnt/storage/synth_eval/oss-cad-suite/lib/../share/yosys/lattice/cells_ff.vh:13.1-13.261.
Generating RTLIL representation for module `\FD1S3JX'.
Replacing existing blackbox module `\IFS1P3BX' at /mnt/storage/synth_eval/oss-cad-suite/lib/../share/yosys/lattice/cells_ff.vh:26.1-26.301.
Generating RTLIL representation for module `\IFS1P3BX'.
Replacing existing blackbox module `\IFS1P3DX' at /mnt/storage/synth_eval/oss-cad-suite/lib/../share/yosys/lattice/cells_ff.vh:27.1-27.301.
Generating RTLIL representation for module `\IFS1P3DX'.
Replacing existing blackbox module `\IFS1P3IX' at /mnt/storage/synth_eval/oss-cad-suite/lib/../share/yosys/lattice/cells_ff.vh:28.1-28.301.
Generating RTLIL representation for module `\IFS1P3IX'.
Replacing existing blackbox module `\IFS1P3JX' at /mnt/storage/synth_eval/oss-cad-suite/lib/../share/yosys/lattice/cells_ff.vh:29.1-29.301.
Generating RTLIL representation for module `\IFS1P3JX'.
Replacing existing blackbox module `\OFS1P3BX' at /mnt/storage/synth_eval/oss-cad-suite/lib/../share/yosys/lattice/cells_ff.vh:31.1-31.302.
Generating RTLIL representation for module `\OFS1P3BX'.
Replacing existing blackbox module `\OFS1P3DX' at /mnt/storage/synth_eval/oss-cad-suite/lib/../share/yosys/lattice/cells_ff.vh:32.1-32.302.
Generating RTLIL representation for module `\OFS1P3DX'.
Replacing existing blackbox module `\OFS1P3IX' at /mnt/storage/synth_eval/oss-cad-suite/lib/../share/yosys/lattice/cells_ff.vh:33.1-33.302.
Generating RTLIL representation for module `\OFS1P3IX'.
Replacing existing blackbox module `\OFS1P3JX' at /mnt/storage/synth_eval/oss-cad-suite/lib/../share/yosys/lattice/cells_ff.vh:34.1-34.302.
Generating RTLIL representation for module `\OFS1P3JX'.
Replacing existing blackbox module `\IB' at /mnt/storage/synth_eval/oss-cad-suite/lib/../share/yosys/lattice/cells_io.vh:2.1-2.157.
Generating RTLIL representation for module `\IB'.
Replacing existing blackbox module `\IBPU' at /mnt/storage/synth_eval/oss-cad-suite/lib/../share/yosys/lattice/cells_io.vh:3.1-3.157.
Generating RTLIL representation for module `\IBPU'.
Replacing existing blackbox module `\IBPD' at /mnt/storage/synth_eval/oss-cad-suite/lib/../share/yosys/lattice/cells_io.vh:4.1-4.157.
Generating RTLIL representation for module `\IBPD'.
Replacing existing blackbox module `\OB' at /mnt/storage/synth_eval/oss-cad-suite/lib/../share/yosys/lattice/cells_io.vh:5.1-5.157.
Generating RTLIL representation for module `\OB'.
Replacing existing blackbox module `\OBZ' at /mnt/storage/synth_eval/oss-cad-suite/lib/../share/yosys/lattice/cells_io.vh:6.1-6.164.
Generating RTLIL representation for module `\OBZ'.
Replacing existing blackbox module `\OBZPU' at /mnt/storage/synth_eval/oss-cad-suite/lib/../share/yosys/lattice/cells_io.vh:7.1-7.164.
Generating RTLIL representation for module `\OBZPU'.
Replacing existing blackbox module `\OBZPD' at /mnt/storage/synth_eval/oss-cad-suite/lib/../share/yosys/lattice/cells_io.vh:8.1-8.164.
Generating RTLIL representation for module `\OBZPD'.
Replacing existing blackbox module `\OBCO' at /mnt/storage/synth_eval/oss-cad-suite/lib/../share/yosys/lattice/cells_io.vh:9.1-9.90.
Generating RTLIL representation for module `\OBCO'.
Replacing existing blackbox module `\BB' at /mnt/storage/synth_eval/oss-cad-suite/lib/../share/yosys/lattice/cells_io.vh:10.1-10.179.
Generating RTLIL representation for module `\BB'.
Replacing existing blackbox module `\BBPU' at /mnt/storage/synth_eval/oss-cad-suite/lib/../share/yosys/lattice/cells_io.vh:11.1-11.179.
Generating RTLIL representation for module `\BBPU'.
Replacing existing blackbox module `\BBPD' at /mnt/storage/synth_eval/oss-cad-suite/lib/../share/yosys/lattice/cells_io.vh:12.1-12.179.
Generating RTLIL representation for module `\BBPD'.
Replacing existing blackbox module `\ILVDS' at /mnt/storage/synth_eval/oss-cad-suite/lib/../share/yosys/lattice/cells_io.vh:13.1-13.139.
Generating RTLIL representation for module `\ILVDS'.
Replacing existing blackbox module `\OLVDS' at /mnt/storage/synth_eval/oss-cad-suite/lib/../share/yosys/lattice/cells_io.vh:14.1-14.146.
Generating RTLIL representation for module `\OLVDS'.
Successfully finished Verilog frontend.

6.2. Executing Verilog-2005 frontend: /mnt/storage/synth_eval/oss-cad-suite/lib/../share/yosys/lattice/cells_bb_ecp5.v
Parsing Verilog input from `/mnt/storage/synth_eval/oss-cad-suite/lib/../share/yosys/lattice/cells_bb_ecp5.v' to AST representation.
Generating RTLIL representation for module `\GSR'.
Generating RTLIL representation for module `\PUR'.
Generating RTLIL representation for module `\SGSR'.
Generating RTLIL representation for module `\PDPW16KD'.
Generating RTLIL representation for module `\MULT18X18D'.
Generating RTLIL representation for module `\ALU54B'.
Generating RTLIL representation for module `\CLKDIVF'.
Generating RTLIL representation for module `\PCSCLKDIV'.
Generating RTLIL representation for module `\DCSC'.
Generating RTLIL representation for module `\DCCA'.
Generating RTLIL representation for module `\ECLKSYNCB'.
Generating RTLIL representation for module `\ECLKBRIDGECS'.
Generating RTLIL representation for module `\DELAYF'.
Generating RTLIL representation for module `\DELAYG'.
Generating RTLIL representation for module `\USRMCLK'.
Generating RTLIL representation for module `\DQSBUFM'.
Generating RTLIL representation for module `\DDRDLLA'.
Generating RTLIL representation for module `\DLLDELD'.
Generating RTLIL representation for module `\IDDRX1F'.
Generating RTLIL representation for module `\IDDRX2F'.
Generating RTLIL representation for module `\IDDR71B'.
Generating RTLIL representation for module `\IDDRX2DQA'.
Generating RTLIL representation for module `\ODDRX1F'.
Generating RTLIL representation for module `\ODDRX2F'.
Generating RTLIL representation for module `\ODDR71B'.
Generating RTLIL representation for module `\OSHX2A'.
Generating RTLIL representation for module `\TSHX2DQA'.
Generating RTLIL representation for module `\TSHX2DQSA'.
Generating RTLIL representation for module `\ODDRX2DQA'.
Generating RTLIL representation for module `\ODDRX2DQSB'.
Generating RTLIL representation for module `\EHXPLLL'.
Generating RTLIL representation for module `\DTR'.
Generating RTLIL representation for module `\OSCG'.
Generating RTLIL representation for module `\EXTREFB'.
Generating RTLIL representation for module `\JTAGG'.
Generating RTLIL representation for module `\DCUA'.
Successfully finished Verilog frontend.

6.3. Executing HIERARCHY pass (managing design hierarchy).

6.3.1. Analyzing design hierarchy..
Top module:  \top_zkf_add_w8_m36_stage_output
Used module:     \zkf_add
Used module:         \_zkf_pack
Used module:         \_zkf_normshift
Used module:         \_zkf_rshift_sticky
Used module:         \_zkf_add_ge
Parameter \WEXP = 6
Parameter \WMAN = 18
Parameter \WEXP_UNBIASED = 7
Parameter \EXP_IS_BIASED = 1
Parameter \STAGE_OUTPUT = 0

6.3.2. Executing AST frontend in derive mode using pre-parsed AST for module `\_zkf_pack'.
Parameter \WEXP = 6
Parameter \WMAN = 18
Parameter \WEXP_UNBIASED = 7
Parameter \EXP_IS_BIASED = 1
Parameter \STAGE_OUTPUT = 0
Generating RTLIL representation for module `$paramod$f92d7154c945849d5b071089548999fae0e2d105\_zkf_pack'.
Parameter \W = 21
Parameter \WSHAMT = 5
Parameter \STAGE_SPLIT = 1

6.3.3. Executing AST frontend in derive mode using pre-parsed AST for module `\_zkf_normshift'.
Parameter \W = 21
Parameter \WSHAMT = 5
Parameter \STAGE_SPLIT = 1
Generating RTLIL representation for module `$paramod$e790709381c586cdb3ff8c32de10157e471fadd5\_zkf_normshift'.
Parameter \W = 21
Parameter \WSHIFT = 6
Parameter \STAGE_SPLIT = 0

6.3.4. Executing AST frontend in derive mode using pre-parsed AST for module `\_zkf_rshift_sticky'.
Parameter \W = 21
Parameter \WSHIFT = 6
Parameter \STAGE_SPLIT = 0
Generating RTLIL representation for module `$paramod$62e7bfff28a749248a94c73f421a9f4d6235b0ce\_zkf_rshift_sticky'.
Parameter \W = 23

6.3.5. Executing AST frontend in derive mode using pre-parsed AST for module `\_zkf_add_ge'.
Parameter \W = 23
Generating RTLIL representation for module `$paramod\_zkf_add_ge\W=s32'00000000000000000000000000010111'.
Parameter \WEXP = 8
Parameter \WMAN = 36
Parameter \STAGE_DECODE = 0
Parameter \STAGE_ALIGN = 0
Parameter \STAGE_OUTPUT = 1

6.3.6. Executing AST frontend in derive mode using pre-parsed AST for module `\zkf_add'.
Parameter \WEXP = 8
Parameter \WMAN = 36
Parameter \STAGE_DECODE = 0
Parameter \STAGE_ALIGN = 0
Parameter \STAGE_OUTPUT = 1
Generating RTLIL representation for module `$paramod$72c8f62b4f7239522922133703bf3bd61312e62f\zkf_add'.

6.3.7. Analyzing design hierarchy..
Top module:  \top_zkf_add_w8_m36_stage_output
Used module:     $paramod$72c8f62b4f7239522922133703bf3bd61312e62f\zkf_add
Used module:         \_zkf_pack
Used module:         \_zkf_normshift
Used module:         \_zkf_rshift_sticky
Used module:         \_zkf_add_ge
Parameter \WEXP = 8
Parameter \WMAN = 36
Parameter \WEXP_UNBIASED = 9
Parameter \EXP_IS_BIASED = 1
Parameter \STAGE_OUTPUT = 1

6.3.8. Executing AST frontend in derive mode using pre-parsed AST for module `\_zkf_pack'.
Parameter \WEXP = 8
Parameter \WMAN = 36
Parameter \WEXP_UNBIASED = 9
Parameter \EXP_IS_BIASED = 1
Parameter \STAGE_OUTPUT = 1
Generating RTLIL representation for module `$paramod$a724285c96fbea0624645c83c3853015f2a898c9\_zkf_pack'.
Parameter \W = 39
Parameter \WSHAMT = 6
Parameter \STAGE_SPLIT = 1

6.3.9. Executing AST frontend in derive mode using pre-parsed AST for module `\_zkf_normshift'.
Parameter \W = 39
Parameter \WSHAMT = 6
Parameter \STAGE_SPLIT = 1
Generating RTLIL representation for module `$paramod$d1985b33586e6be80f729a83da13dd7e2d71fec9\_zkf_normshift'.
Parameter \W = 39
Parameter \WSHIFT = 8
Parameter \STAGE_SPLIT = 0

6.3.10. Executing AST frontend in derive mode using pre-parsed AST for module `\_zkf_rshift_sticky'.
Parameter \W = 39
Parameter \WSHIFT = 8
Parameter \STAGE_SPLIT = 0
Generating RTLIL representation for module `$paramod$b18ec3a4281448ec480eafee2efe02da2f570b6d\_zkf_rshift_sticky'.
Parameter \W = 43

6.3.11. Executing AST frontend in derive mode using pre-parsed AST for module `\_zkf_add_ge'.
Parameter \W = 43
Generating RTLIL representation for module `$paramod\_zkf_add_ge\W=s32'00000000000000000000000000101011'.

6.3.12. Analyzing design hierarchy..
Top module:  \top_zkf_add_w8_m36_stage_output
Used module:     $paramod$72c8f62b4f7239522922133703bf3bd61312e62f\zkf_add
Used module:         $paramod$a724285c96fbea0624645c83c3853015f2a898c9\_zkf_pack
Used module:         $paramod$d1985b33586e6be80f729a83da13dd7e2d71fec9\_zkf_normshift
Used module:         $paramod$b18ec3a4281448ec480eafee2efe02da2f570b6d\_zkf_rshift_sticky
Used module:         $paramod\_zkf_add_ge\W=s32'00000000000000000000000000101011

6.3.13. Analyzing design hierarchy..
Top module:  \top_zkf_add_w8_m36_stage_output
Used module:     $paramod$72c8f62b4f7239522922133703bf3bd61312e62f\zkf_add
Used module:         $paramod$a724285c96fbea0624645c83c3853015f2a898c9\_zkf_pack
Used module:         $paramod$d1985b33586e6be80f729a83da13dd7e2d71fec9\_zkf_normshift
Used module:         $paramod$b18ec3a4281448ec480eafee2efe02da2f570b6d\_zkf_rshift_sticky
Used module:         $paramod\_zkf_add_ge\W=s32'00000000000000000000000000101011
Removing unused module `$paramod\_zkf_add_ge\W=s32'00000000000000000000000000010111'.
Removing unused module `$paramod$62e7bfff28a749248a94c73f421a9f4d6235b0ce\_zkf_rshift_sticky'.
Removing unused module `$paramod$e790709381c586cdb3ff8c32de10157e471fadd5\_zkf_normshift'.
Removing unused module `$paramod$f92d7154c945849d5b071089548999fae0e2d105\_zkf_pack'.
Removing unused module `\_zkf_add_ge'.
Removing unused module `\zkf_add'.
Removing unused module `\_zkf_normshift'.
Removing unused module `\_zkf_rshift_sticky'.
Removing unused module `\_zkf_pack_delay'.
Removing unused module `\_zkf_pack'.
Removed 10 unused modules.

6.4. Executing PROC pass (convert processes to netlists).

6.4.1. Executing PROC_CLEAN pass (remove empty switches from decision trees).
Cleaned up 0 empty switches.

6.4.2. Executing PROC_RMDEAD pass (remove dead branches from decision trees).
Marked 1 switch rules as full_case in process $proc$/mnt/storage/test/zkf-vs-flopoco/artifacts/targets/ecp5-yosys/rows/zkf_add_w8_m36_stage_output/src/top_zkf_add_w8_m36_stage_output.v:34$179 in module top_zkf_add_w8_m36_stage_output.
Marked 1 switch rules as full_case in process $proc$/mnt/storage/zubax/kulibin2/float/hdl/zkf_add.v:393$611 in module $paramod$72c8f62b4f7239522922133703bf3bd61312e62f\zkf_add.
Marked 1 switch rules as full_case in process $proc$/mnt/storage/zubax/kulibin2/float/hdl/_zkf_pack.v:119$649 in module $paramod$a724285c96fbea0624645c83c3853015f2a898c9\_zkf_pack.
Removed a total of 0 dead cases.

6.4.3. Executing PROC_PRUNE pass (remove redundant assignments in processes).
Removed 7 redundant assignments.
Promoted 62 assignments to connections.

6.4.4. Executing PROC_INIT pass (extract init attributes).

6.4.5. Executing PROC_ARST pass (detect async resets in processes).

6.4.6. Executing PROC_ROM pass (convert switches to ROMs).
Converted 0 switches.
<suppressed ~3 debug messages>

6.4.7. Executing PROC_MUX pass (convert decision trees to multiplexers).
Creating decoders for process `\top_zkf_add_w8_m36_stage_output.$proc$/mnt/storage/test/zkf-vs-flopoco/artifacts/targets/ecp5-yosys/rows/zkf_add_w8_m36_stage_output/src/top_zkf_add_w8_m36_stage_output.v:34$179'.
     1/2: $0\out_valid_r[0:0]
     2/2: $0\in_valid_r[0:0]
Creating decoders for process `$paramod$72c8f62b4f7239522922133703bf3bd61312e62f\zkf_add.$proc$/mnt/storage/zubax/kulibin2/float/hdl/zkf_add.v:393$611'.
     1/4: $0\s3_valid[0:0]
     2/4: $0\s2_valid[0:0]
     3/4: $0\s1_valid[0:0]
     4/4: $0\s0_valid[0:0]
Creating decoders for process `$paramod$b18ec3a4281448ec480eafee2efe02da2f570b6d\_zkf_rshift_sticky.$proc$/mnt/storage/zubax/kulibin2/float/hdl/_zkf_rshift_sticky.v:160$777'.
Creating decoders for process `$paramod$b18ec3a4281448ec480eafee2efe02da2f570b6d\_zkf_rshift_sticky.$proc$/mnt/storage/zubax/kulibin2/float/hdl/_zkf_rshift_sticky.v:159$776'.
Creating decoders for process `$paramod$b18ec3a4281448ec480eafee2efe02da2f570b6d\_zkf_rshift_sticky.$proc$/mnt/storage/zubax/kulibin2/float/hdl/_zkf_rshift_sticky.v:160$775'.
Creating decoders for process `$paramod$b18ec3a4281448ec480eafee2efe02da2f570b6d\_zkf_rshift_sticky.$proc$/mnt/storage/zubax/kulibin2/float/hdl/_zkf_rshift_sticky.v:159$774'.
Creating decoders for process `$paramod$b18ec3a4281448ec480eafee2efe02da2f570b6d\_zkf_rshift_sticky.$proc$/mnt/storage/zubax/kulibin2/float/hdl/_zkf_rshift_sticky.v:160$773'.
Creating decoders for process `$paramod$b18ec3a4281448ec480eafee2efe02da2f570b6d\_zkf_rshift_sticky.$proc$/mnt/storage/zubax/kulibin2/float/hdl/_zkf_rshift_sticky.v:159$772'.
Creating decoders for process `$paramod$b18ec3a4281448ec480eafee2efe02da2f570b6d\_zkf_rshift_sticky.$proc$/mnt/storage/zubax/kulibin2/float/hdl/_zkf_rshift_sticky.v:136$762'.
Creating decoders for process `$paramod$b18ec3a4281448ec480eafee2efe02da2f570b6d\_zkf_rshift_sticky.$proc$/mnt/storage/zubax/kulibin2/float/hdl/_zkf_rshift_sticky.v:132$755'.
Creating decoders for process `$paramod$b18ec3a4281448ec480eafee2efe02da2f570b6d\_zkf_rshift_sticky.$proc$/mnt/storage/zubax/kulibin2/float/hdl/_zkf_rshift_sticky.v:136$745'.
Creating decoders for process `$paramod$b18ec3a4281448ec480eafee2efe02da2f570b6d\_zkf_rshift_sticky.$proc$/mnt/storage/zubax/kulibin2/float/hdl/_zkf_rshift_sticky.v:132$738'.
Creating decoders for process `$paramod$b18ec3a4281448ec480eafee2efe02da2f570b6d\_zkf_rshift_sticky.$proc$/mnt/storage/zubax/kulibin2/float/hdl/_zkf_rshift_sticky.v:136$728'.
Creating decoders for process `$paramod$b18ec3a4281448ec480eafee2efe02da2f570b6d\_zkf_rshift_sticky.$proc$/mnt/storage/zubax/kulibin2/float/hdl/_zkf_rshift_sticky.v:132$721'.
Creating decoders for process `$paramod$b18ec3a4281448ec480eafee2efe02da2f570b6d\_zkf_rshift_sticky.$proc$/mnt/storage/zubax/kulibin2/float/hdl/_zkf_rshift_sticky.v:50$720'.
Creating decoders for process `$paramod$b18ec3a4281448ec480eafee2efe02da2f570b6d\_zkf_rshift_sticky.$proc$/mnt/storage/zubax/kulibin2/float/hdl/_zkf_rshift_sticky.v:49$719'.
Creating decoders for process `$paramod$d1985b33586e6be80f729a83da13dd7e2d71fec9\_zkf_normshift.$proc$/mnt/storage/zubax/kulibin2/float/hdl/_zkf_normshift.v:100$704'.
Creating decoders for process `$paramod$d1985b33586e6be80f729a83da13dd7e2d71fec9\_zkf_normshift.$proc$/mnt/storage/zubax/kulibin2/float/hdl/_zkf_normshift.v:98$703'.
Creating decoders for process `$paramod$d1985b33586e6be80f729a83da13dd7e2d71fec9\_zkf_normshift.$proc$/mnt/storage/zubax/kulibin2/float/hdl/_zkf_normshift.v:100$702'.
Creating decoders for process `$paramod$d1985b33586e6be80f729a83da13dd7e2d71fec9\_zkf_normshift.$proc$/mnt/storage/zubax/kulibin2/float/hdl/_zkf_normshift.v:85$698'.
Creating decoders for process `$paramod$d1985b33586e6be80f729a83da13dd7e2d71fec9\_zkf_normshift.$proc$/mnt/storage/zubax/kulibin2/float/hdl/_zkf_normshift.v:85$694'.
Creating decoders for process `$paramod$d1985b33586e6be80f729a83da13dd7e2d71fec9\_zkf_normshift.$proc$/mnt/storage/zubax/kulibin2/float/hdl/_zkf_normshift.v:85$690'.
Creating decoders for process `$paramod$d1985b33586e6be80f729a83da13dd7e2d71fec9\_zkf_normshift.$proc$/mnt/storage/zubax/kulibin2/float/hdl/_zkf_normshift.v:56$689'.
Creating decoders for process `$paramod$d1985b33586e6be80f729a83da13dd7e2d71fec9\_zkf_normshift.$proc$/mnt/storage/zubax/kulibin2/float/hdl/_zkf_normshift.v:128$688'.
Creating decoders for process `$paramod$d1985b33586e6be80f729a83da13dd7e2d71fec9\_zkf_normshift.$proc$/mnt/storage/zubax/kulibin2/float/hdl/_zkf_normshift.v:116$687'.
Creating decoders for process `$paramod$d1985b33586e6be80f729a83da13dd7e2d71fec9\_zkf_normshift.$proc$/mnt/storage/zubax/kulibin2/float/hdl/_zkf_normshift.v:116$686'.
Creating decoders for process `$paramod$d1985b33586e6be80f729a83da13dd7e2d71fec9\_zkf_normshift.$proc$/mnt/storage/zubax/kulibin2/float/hdl/_zkf_normshift.v:97$685'.
Creating decoders for process `$paramod$a724285c96fbea0624645c83c3853015f2a898c9\_zkf_pack.$proc$/mnt/storage/zubax/kulibin2/float/hdl/_zkf_pack.v:119$649'.
     1/1: $0\g_out_reg.out_valid_r[0:0]

6.4.8. Executing PROC_DLATCH pass (convert process syncs to latches).
No latch inferred for signal `$paramod$b18ec3a4281448ec480eafee2efe02da2f570b6d\_zkf_rshift_sticky.\sticky[3]' from process `$paramod$b18ec3a4281448ec480eafee2efe02da2f570b6d\_zkf_rshift_sticky.$proc$/mnt/storage/zubax/kulibin2/float/hdl/_zkf_rshift_sticky.v:160$777'.
No latch inferred for signal `$paramod$b18ec3a4281448ec480eafee2efe02da2f570b6d\_zkf_rshift_sticky.\data[3]' from process `$paramod$b18ec3a4281448ec480eafee2efe02da2f570b6d\_zkf_rshift_sticky.$proc$/mnt/storage/zubax/kulibin2/float/hdl/_zkf_rshift_sticky.v:159$776'.
No latch inferred for signal `$paramod$b18ec3a4281448ec480eafee2efe02da2f570b6d\_zkf_rshift_sticky.\sticky[2]' from process `$paramod$b18ec3a4281448ec480eafee2efe02da2f570b6d\_zkf_rshift_sticky.$proc$/mnt/storage/zubax/kulibin2/float/hdl/_zkf_rshift_sticky.v:160$775'.
No latch inferred for signal `$paramod$b18ec3a4281448ec480eafee2efe02da2f570b6d\_zkf_rshift_sticky.\data[2]' from process `$paramod$b18ec3a4281448ec480eafee2efe02da2f570b6d\_zkf_rshift_sticky.$proc$/mnt/storage/zubax/kulibin2/float/hdl/_zkf_rshift_sticky.v:159$774'.
No latch inferred for signal `$paramod$b18ec3a4281448ec480eafee2efe02da2f570b6d\_zkf_rshift_sticky.\sticky[1]' from process `$paramod$b18ec3a4281448ec480eafee2efe02da2f570b6d\_zkf_rshift_sticky.$proc$/mnt/storage/zubax/kulibin2/float/hdl/_zkf_rshift_sticky.v:160$773'.
No latch inferred for signal `$paramod$b18ec3a4281448ec480eafee2efe02da2f570b6d\_zkf_rshift_sticky.\data[1]' from process `$paramod$b18ec3a4281448ec480eafee2efe02da2f570b6d\_zkf_rshift_sticky.$proc$/mnt/storage/zubax/kulibin2/float/hdl/_zkf_rshift_sticky.v:159$772'.
No latch inferred for signal `$paramod$b18ec3a4281448ec480eafee2efe02da2f570b6d\_zkf_rshift_sticky.\sticky_pre[3]' from process `$paramod$b18ec3a4281448ec480eafee2efe02da2f570b6d\_zkf_rshift_sticky.$proc$/mnt/storage/zubax/kulibin2/float/hdl/_zkf_rshift_sticky.v:136$762'.
No latch inferred for signal `$paramod$b18ec3a4281448ec480eafee2efe02da2f570b6d\_zkf_rshift_sticky.\data_pre[3]' from process `$paramod$b18ec3a4281448ec480eafee2efe02da2f570b6d\_zkf_rshift_sticky.$proc$/mnt/storage/zubax/kulibin2/float/hdl/_zkf_rshift_sticky.v:132$755'.
No latch inferred for signal `$paramod$b18ec3a4281448ec480eafee2efe02da2f570b6d\_zkf_rshift_sticky.\sticky_pre[2]' from process `$paramod$b18ec3a4281448ec480eafee2efe02da2f570b6d\_zkf_rshift_sticky.$proc$/mnt/storage/zubax/kulibin2/float/hdl/_zkf_rshift_sticky.v:136$745'.
No latch inferred for signal `$paramod$b18ec3a4281448ec480eafee2efe02da2f570b6d\_zkf_rshift_sticky.\data_pre[2]' from process `$paramod$b18ec3a4281448ec480eafee2efe02da2f570b6d\_zkf_rshift_sticky.$proc$/mnt/storage/zubax/kulibin2/float/hdl/_zkf_rshift_sticky.v:132$738'.
No latch inferred for signal `$paramod$b18ec3a4281448ec480eafee2efe02da2f570b6d\_zkf_rshift_sticky.\sticky_pre[1]' from process `$paramod$b18ec3a4281448ec480eafee2efe02da2f570b6d\_zkf_rshift_sticky.$proc$/mnt/storage/zubax/kulibin2/float/hdl/_zkf_rshift_sticky.v:136$728'.
No latch inferred for signal `$paramod$b18ec3a4281448ec480eafee2efe02da2f570b6d\_zkf_rshift_sticky.\data_pre[1]' from process `$paramod$b18ec3a4281448ec480eafee2efe02da2f570b6d\_zkf_rshift_sticky.$proc$/mnt/storage/zubax/kulibin2/float/hdl/_zkf_rshift_sticky.v:132$721'.
No latch inferred for signal `$paramod$b18ec3a4281448ec480eafee2efe02da2f570b6d\_zkf_rshift_sticky.\sticky[0]' from process `$paramod$b18ec3a4281448ec480eafee2efe02da2f570b6d\_zkf_rshift_sticky.$proc$/mnt/storage/zubax/kulibin2/float/hdl/_zkf_rshift_sticky.v:50$720'.
No latch inferred for signal `$paramod$b18ec3a4281448ec480eafee2efe02da2f570b6d\_zkf_rshift_sticky.\data[0]' from process `$paramod$b18ec3a4281448ec480eafee2efe02da2f570b6d\_zkf_rshift_sticky.$proc$/mnt/storage/zubax/kulibin2/float/hdl/_zkf_rshift_sticky.v:49$719'.
No latch inferred for signal `$paramod$d1985b33586e6be80f729a83da13dd7e2d71fec9\_zkf_normshift.\data[3]' from process `$paramod$d1985b33586e6be80f729a83da13dd7e2d71fec9\_zkf_normshift.$proc$/mnt/storage/zubax/kulibin2/float/hdl/_zkf_normshift.v:100$704'.
No latch inferred for signal `$paramod$d1985b33586e6be80f729a83da13dd7e2d71fec9\_zkf_normshift.\data[2]' from process `$paramod$d1985b33586e6be80f729a83da13dd7e2d71fec9\_zkf_normshift.$proc$/mnt/storage/zubax/kulibin2/float/hdl/_zkf_normshift.v:98$703'.
No latch inferred for signal `$paramod$d1985b33586e6be80f729a83da13dd7e2d71fec9\_zkf_normshift.\data[1]' from process `$paramod$d1985b33586e6be80f729a83da13dd7e2d71fec9\_zkf_normshift.$proc$/mnt/storage/zubax/kulibin2/float/hdl/_zkf_normshift.v:100$702'.
No latch inferred for signal `$paramod$d1985b33586e6be80f729a83da13dd7e2d71fec9\_zkf_normshift.\data_pre[3]' from process `$paramod$d1985b33586e6be80f729a83da13dd7e2d71fec9\_zkf_normshift.$proc$/mnt/storage/zubax/kulibin2/float/hdl/_zkf_normshift.v:85$698'.
No latch inferred for signal `$paramod$d1985b33586e6be80f729a83da13dd7e2d71fec9\_zkf_normshift.\data_pre[2]' from process `$paramod$d1985b33586e6be80f729a83da13dd7e2d71fec9\_zkf_normshift.$proc$/mnt/storage/zubax/kulibin2/float/hdl/_zkf_normshift.v:85$694'.
No latch inferred for signal `$paramod$d1985b33586e6be80f729a83da13dd7e2d71fec9\_zkf_normshift.\data_pre[1]' from process `$paramod$d1985b33586e6be80f729a83da13dd7e2d71fec9\_zkf_normshift.$proc$/mnt/storage/zubax/kulibin2/float/hdl/_zkf_normshift.v:85$690'.
No latch inferred for signal `$paramod$d1985b33586e6be80f729a83da13dd7e2d71fec9\_zkf_normshift.\data[0]' from process `$paramod$d1985b33586e6be80f729a83da13dd7e2d71fec9\_zkf_normshift.$proc$/mnt/storage/zubax/kulibin2/float/hdl/_zkf_normshift.v:56$689'.

6.4.9. Executing PROC_DFF pass (convert process syncs to FFs).
Creating register for signal `\top_zkf_add_w8_m36_stage_output.\a_r' using process `\top_zkf_add_w8_m36_stage_output.$proc$/mnt/storage/test/zkf-vs-flopoco/artifacts/targets/ecp5-yosys/rows/zkf_add_w8_m36_stage_output/src/top_zkf_add_w8_m36_stage_output.v:34$179'.
  created $dff cell `$procdff$801' with positive edge clock.
Creating register for signal `\top_zkf_add_w8_m36_stage_output.\b_r' using process `\top_zkf_add_w8_m36_stage_output.$proc$/mnt/storage/test/zkf-vs-flopoco/artifacts/targets/ecp5-yosys/rows/zkf_add_w8_m36_stage_output/src/top_zkf_add_w8_m36_stage_output.v:34$179'.
  created $dff cell `$procdff$802' with positive edge clock.
Creating register for signal `\top_zkf_add_w8_m36_stage_output.\in_valid_r' using process `\top_zkf_add_w8_m36_stage_output.$proc$/mnt/storage/test/zkf-vs-flopoco/artifacts/targets/ecp5-yosys/rows/zkf_add_w8_m36_stage_output/src/top_zkf_add_w8_m36_stage_output.v:34$179'.
  created $dff cell `$procdff$803' with positive edge clock.
Creating register for signal `\top_zkf_add_w8_m36_stage_output.\y_r' using process `\top_zkf_add_w8_m36_stage_output.$proc$/mnt/storage/test/zkf-vs-flopoco/artifacts/targets/ecp5-yosys/rows/zkf_add_w8_m36_stage_output/src/top_zkf_add_w8_m36_stage_output.v:34$179'.
  created $dff cell `$procdff$804' with positive edge clock.
Creating register for signal `\top_zkf_add_w8_m36_stage_output.\out_valid_r' using process `\top_zkf_add_w8_m36_stage_output.$proc$/mnt/storage/test/zkf-vs-flopoco/artifacts/targets/ecp5-yosys/rows/zkf_add_w8_m36_stage_output/src/top_zkf_add_w8_m36_stage_output.v:34$179'.
  created $dff cell `$procdff$805' with positive edge clock.
Creating register for signal `$paramod$72c8f62b4f7239522922133703bf3bd61312e62f\zkf_add.\s0_valid' using process `$paramod$72c8f62b4f7239522922133703bf3bd61312e62f\zkf_add.$proc$/mnt/storage/zubax/kulibin2/float/hdl/zkf_add.v:393$611'.
  created $dff cell `$procdff$806' with positive edge clock.
Creating register for signal `$paramod$72c8f62b4f7239522922133703bf3bd61312e62f\zkf_add.\s0_finite_sign' using process `$paramod$72c8f62b4f7239522922133703bf3bd61312e62f\zkf_add.$proc$/mnt/storage/zubax/kulibin2/float/hdl/zkf_add.v:393$611'.
  created $dff cell `$procdff$807' with positive edge clock.
Creating register for signal `$paramod$72c8f62b4f7239522922133703bf3bd61312e62f\zkf_add.\s0_inf_sign' using process `$paramod$72c8f62b4f7239522922133703bf3bd61312e62f\zkf_add.$proc$/mnt/storage/zubax/kulibin2/float/hdl/zkf_add.v:393$611'.
  created $dff cell `$procdff$808' with positive edge clock.
Creating register for signal `$paramod$72c8f62b4f7239522922133703bf3bd61312e62f\zkf_add.\s0_same_sign' using process `$paramod$72c8f62b4f7239522922133703bf3bd61312e62f\zkf_add.$proc$/mnt/storage/zubax/kulibin2/float/hdl/zkf_add.v:393$611'.
  created $dff cell `$procdff$809' with positive edge clock.
Creating register for signal `$paramod$72c8f62b4f7239522922133703bf3bd61312e62f\zkf_add.\s0_force_zero' using process `$paramod$72c8f62b4f7239522922133703bf3bd61312e62f\zkf_add.$proc$/mnt/storage/zubax/kulibin2/float/hdl/zkf_add.v:393$611'.
  created $dff cell `$procdff$810' with positive edge clock.
Creating register for signal `$paramod$72c8f62b4f7239522922133703bf3bd61312e62f\zkf_add.\s0_force_inf' using process `$paramod$72c8f62b4f7239522922133703bf3bd61312e62f\zkf_add.$proc$/mnt/storage/zubax/kulibin2/float/hdl/zkf_add.v:393$611'.
  created $dff cell `$procdff$811' with positive edge clock.
Creating register for signal `$paramod$72c8f62b4f7239522922133703bf3bd61312e62f\zkf_add.\s0_exp_biased' using process `$paramod$72c8f62b4f7239522922133703bf3bd61312e62f\zkf_add.$proc$/mnt/storage/zubax/kulibin2/float/hdl/zkf_add.v:393$611'.
  created $dff cell `$procdff$812' with positive edge clock.
Creating register for signal `$paramod$72c8f62b4f7239522922133703bf3bd61312e62f\zkf_add.\s0_exp_diff' using process `$paramod$72c8f62b4f7239522922133703bf3bd61312e62f\zkf_add.$proc$/mnt/storage/zubax/kulibin2/float/hdl/zkf_add.v:393$611'.
  created $dff cell `$procdff$813' with positive edge clock.
Creating register for signal `$paramod$72c8f62b4f7239522922133703bf3bd61312e62f\zkf_add.\s0_large_sig_exp' using process `$paramod$72c8f62b4f7239522922133703bf3bd61312e62f\zkf_add.$proc$/mnt/storage/zubax/kulibin2/float/hdl/zkf_add.v:393$611'.
  created $dff cell `$procdff$814' with positive edge clock.
Creating register for signal `$paramod$72c8f62b4f7239522922133703bf3bd61312e62f\zkf_add.\s0_small_sig_exp' using process `$paramod$72c8f62b4f7239522922133703bf3bd61312e62f\zkf_add.$proc$/mnt/storage/zubax/kulibin2/float/hdl/zkf_add.v:393$611'.
  created $dff cell `$procdff$815' with positive edge clock.
Creating register for signal `$paramod$72c8f62b4f7239522922133703bf3bd61312e62f\zkf_add.\s1_valid' using process `$paramod$72c8f62b4f7239522922133703bf3bd61312e62f\zkf_add.$proc$/mnt/storage/zubax/kulibin2/float/hdl/zkf_add.v:393$611'.
  created $dff cell `$procdff$816' with positive edge clock.
Creating register for signal `$paramod$72c8f62b4f7239522922133703bf3bd61312e62f\zkf_add.\s1_finite_sign' using process `$paramod$72c8f62b4f7239522922133703bf3bd61312e62f\zkf_add.$proc$/mnt/storage/zubax/kulibin2/float/hdl/zkf_add.v:393$611'.
  created $dff cell `$procdff$817' with positive edge clock.
Creating register for signal `$paramod$72c8f62b4f7239522922133703bf3bd61312e62f\zkf_add.\s1_inf_sign' using process `$paramod$72c8f62b4f7239522922133703bf3bd61312e62f\zkf_add.$proc$/mnt/storage/zubax/kulibin2/float/hdl/zkf_add.v:393$611'.
  created $dff cell `$procdff$818' with positive edge clock.
Creating register for signal `$paramod$72c8f62b4f7239522922133703bf3bd61312e62f\zkf_add.\s1_same_sign' using process `$paramod$72c8f62b4f7239522922133703bf3bd61312e62f\zkf_add.$proc$/mnt/storage/zubax/kulibin2/float/hdl/zkf_add.v:393$611'.
  created $dff cell `$procdff$819' with positive edge clock.
Creating register for signal `$paramod$72c8f62b4f7239522922133703bf3bd61312e62f\zkf_add.\s1_force_zero' using process `$paramod$72c8f62b4f7239522922133703bf3bd61312e62f\zkf_add.$proc$/mnt/storage/zubax/kulibin2/float/hdl/zkf_add.v:393$611'.
  created $dff cell `$procdff$820' with positive edge clock.
Creating register for signal `$paramod$72c8f62b4f7239522922133703bf3bd61312e62f\zkf_add.\s1_force_inf' using process `$paramod$72c8f62b4f7239522922133703bf3bd61312e62f\zkf_add.$proc$/mnt/storage/zubax/kulibin2/float/hdl/zkf_add.v:393$611'.
  created $dff cell `$procdff$821' with positive edge clock.
Creating register for signal `$paramod$72c8f62b4f7239522922133703bf3bd61312e62f\zkf_add.\s1_exp_biased' using process `$paramod$72c8f62b4f7239522922133703bf3bd61312e62f\zkf_add.$proc$/mnt/storage/zubax/kulibin2/float/hdl/zkf_add.v:393$611'.
  created $dff cell `$procdff$822' with positive edge clock.
Creating register for signal `$paramod$72c8f62b4f7239522922133703bf3bd61312e62f\zkf_add.\s1_large_ext_exp' using process `$paramod$72c8f62b4f7239522922133703bf3bd61312e62f\zkf_add.$proc$/mnt/storage/zubax/kulibin2/float/hdl/zkf_add.v:393$611'.
  created $dff cell `$procdff$823' with positive edge clock.
Creating register for signal `$paramod$72c8f62b4f7239522922133703bf3bd61312e62f\zkf_add.\s1_small_aligned' using process `$paramod$72c8f62b4f7239522922133703bf3bd61312e62f\zkf_add.$proc$/mnt/storage/zubax/kulibin2/float/hdl/zkf_add.v:393$611'.
  created $dff cell `$procdff$824' with positive edge clock.
Creating register for signal `$paramod$72c8f62b4f7239522922133703bf3bd61312e62f\zkf_add.\s2_valid' using process `$paramod$72c8f62b4f7239522922133703bf3bd61312e62f\zkf_add.$proc$/mnt/storage/zubax/kulibin2/float/hdl/zkf_add.v:393$611'.
  created $dff cell `$procdff$825' with positive edge clock.
Creating register for signal `$paramod$72c8f62b4f7239522922133703bf3bd61312e62f\zkf_add.\s2_sign' using process `$paramod$72c8f62b4f7239522922133703bf3bd61312e62f\zkf_add.$proc$/mnt/storage/zubax/kulibin2/float/hdl/zkf_add.v:393$611'.
  created $dff cell `$procdff$826' with positive edge clock.
Creating register for signal `$paramod$72c8f62b4f7239522922133703bf3bd61312e62f\zkf_add.\s2_same_sign' using process `$paramod$72c8f62b4f7239522922133703bf3bd61312e62f\zkf_add.$proc$/mnt/storage/zubax/kulibin2/float/hdl/zkf_add.v:393$611'.
  created $dff cell `$procdff$827' with positive edge clock.
Creating register for signal `$paramod$72c8f62b4f7239522922133703bf3bd61312e62f\zkf_add.\s2_force_zero' using process `$paramod$72c8f62b4f7239522922133703bf3bd61312e62f\zkf_add.$proc$/mnt/storage/zubax/kulibin2/float/hdl/zkf_add.v:393$611'.
  created $dff cell `$procdff$828' with positive edge clock.
Creating register for signal `$paramod$72c8f62b4f7239522922133703bf3bd61312e62f\zkf_add.\s2_force_inf' using process `$paramod$72c8f62b4f7239522922133703bf3bd61312e62f\zkf_add.$proc$/mnt/storage/zubax/kulibin2/float/hdl/zkf_add.v:393$611'.
  created $dff cell `$procdff$829' with positive edge clock.
Creating register for signal `$paramod$72c8f62b4f7239522922133703bf3bd61312e62f\zkf_add.\s2_exp_biased' using process `$paramod$72c8f62b4f7239522922133703bf3bd61312e62f\zkf_add.$proc$/mnt/storage/zubax/kulibin2/float/hdl/zkf_add.v:393$611'.
  created $dff cell `$procdff$830' with positive edge clock.
Creating register for signal `$paramod$72c8f62b4f7239522922133703bf3bd61312e62f\zkf_add.\s2_raw_result' using process `$paramod$72c8f62b4f7239522922133703bf3bd61312e62f\zkf_add.$proc$/mnt/storage/zubax/kulibin2/float/hdl/zkf_add.v:393$611'.
  created $dff cell `$procdff$831' with positive edge clock.
Creating register for signal `$paramod$72c8f62b4f7239522922133703bf3bd61312e62f\zkf_add.\s3_valid' using process `$paramod$72c8f62b4f7239522922133703bf3bd61312e62f\zkf_add.$proc$/mnt/storage/zubax/kulibin2/float/hdl/zkf_add.v:393$611'.
  created $dff cell `$procdff$832' with positive edge clock.
Creating register for signal `$paramod$72c8f62b4f7239522922133703bf3bd61312e62f\zkf_add.\s3_sign' using process `$paramod$72c8f62b4f7239522922133703bf3bd61312e62f\zkf_add.$proc$/mnt/storage/zubax/kulibin2/float/hdl/zkf_add.v:393$611'.
  created $dff cell `$procdff$833' with positive edge clock.
Creating register for signal `$paramod$72c8f62b4f7239522922133703bf3bd61312e62f\zkf_add.\s3_same_sign' using process `$paramod$72c8f62b4f7239522922133703bf3bd61312e62f\zkf_add.$proc$/mnt/storage/zubax/kulibin2/float/hdl/zkf_add.v:393$611'.
  created $dff cell `$procdff$834' with positive edge clock.
Creating register for signal `$paramod$72c8f62b4f7239522922133703bf3bd61312e62f\zkf_add.\s3_force_zero' using process `$paramod$72c8f62b4f7239522922133703bf3bd61312e62f\zkf_add.$proc$/mnt/storage/zubax/kulibin2/float/hdl/zkf_add.v:393$611'.
  created $dff cell `$procdff$835' with positive edge clock.
Creating register for signal `$paramod$72c8f62b4f7239522922133703bf3bd61312e62f\zkf_add.\s3_force_inf' using process `$paramod$72c8f62b4f7239522922133703bf3bd61312e62f\zkf_add.$proc$/mnt/storage/zubax/kulibin2/float/hdl/zkf_add.v:393$611'.
  created $dff cell `$procdff$836' with positive edge clock.
Creating register for signal `$paramod$72c8f62b4f7239522922133703bf3bd61312e62f\zkf_add.\s3_exp_biased' using process `$paramod$72c8f62b4f7239522922133703bf3bd61312e62f\zkf_add.$proc$/mnt/storage/zubax/kulibin2/float/hdl/zkf_add.v:393$611'.
  created $dff cell `$procdff$837' with positive edge clock.
Creating register for signal `$paramod$72c8f62b4f7239522922133703bf3bd61312e62f\zkf_add.\s3_add_exp_biased' using process `$paramod$72c8f62b4f7239522922133703bf3bd61312e62f\zkf_add.$proc$/mnt/storage/zubax/kulibin2/float/hdl/zkf_add.v:393$611'.
  created $dff cell `$procdff$838' with positive edge clock.
Creating register for signal `$paramod$72c8f62b4f7239522922133703bf3bd61312e62f\zkf_add.\s3_add_significand' using process `$paramod$72c8f62b4f7239522922133703bf3bd61312e62f\zkf_add.$proc$/mnt/storage/zubax/kulibin2/float/hdl/zkf_add.v:393$611'.
  created $dff cell `$procdff$839' with positive edge clock.
Creating register for signal `$paramod$72c8f62b4f7239522922133703bf3bd61312e62f\zkf_add.\s3_add_guard' using process `$paramod$72c8f62b4f7239522922133703bf3bd61312e62f\zkf_add.$proc$/mnt/storage/zubax/kulibin2/float/hdl/zkf_add.v:393$611'.
  created $dff cell `$procdff$840' with positive edge clock.
Creating register for signal `$paramod$72c8f62b4f7239522922133703bf3bd61312e62f\zkf_add.\s3_add_round' using process `$paramod$72c8f62b4f7239522922133703bf3bd61312e62f\zkf_add.$proc$/mnt/storage/zubax/kulibin2/float/hdl/zkf_add.v:393$611'.
  created $dff cell `$procdff$841' with positive edge clock.
Creating register for signal `$paramod$72c8f62b4f7239522922133703bf3bd61312e62f\zkf_add.\s3_add_sticky' using process `$paramod$72c8f62b4f7239522922133703bf3bd61312e62f\zkf_add.$proc$/mnt/storage/zubax/kulibin2/float/hdl/zkf_add.v:393$611'.
  created $dff cell `$procdff$842' with positive edge clock.
Creating register for signal `$paramod$d1985b33586e6be80f729a83da13dd7e2d71fec9\_zkf_normshift.\g_zero_delay.zero_r' using process `$paramod$d1985b33586e6be80f729a83da13dd7e2d71fec9\_zkf_normshift.$proc$/mnt/storage/zubax/kulibin2/float/hdl/_zkf_normshift.v:128$688'.
  created $dff cell `$procdff$843' with positive edge clock.
Creating register for signal `$paramod$d1985b33586e6be80f729a83da13dd7e2d71fec9\_zkf_normshift.\g_count[2].g_count_delay.dig_r' using process `$paramod$d1985b33586e6be80f729a83da13dd7e2d71fec9\_zkf_normshift.$proc$/mnt/storage/zubax/kulibin2/float/hdl/_zkf_normshift.v:116$687'.
  created $dff cell `$procdff$844' with positive edge clock.
Creating register for signal `$paramod$d1985b33586e6be80f729a83da13dd7e2d71fec9\_zkf_normshift.\g_count[1].g_count_delay.dig_r' using process `$paramod$d1985b33586e6be80f729a83da13dd7e2d71fec9\_zkf_normshift.$proc$/mnt/storage/zubax/kulibin2/float/hdl/_zkf_normshift.v:116$686'.
  created $dff cell `$procdff$845' with positive edge clock.
Creating register for signal `$paramod$d1985b33586e6be80f729a83da13dd7e2d71fec9\_zkf_normshift.\g_data[2].g_split.data_r' using process `$paramod$d1985b33586e6be80f729a83da13dd7e2d71fec9\_zkf_normshift.$proc$/mnt/storage/zubax/kulibin2/float/hdl/_zkf_normshift.v:97$685'.
  created $dff cell `$procdff$846' with positive edge clock.
Creating register for signal `$paramod$a724285c96fbea0624645c83c3853015f2a898c9\_zkf_pack.\g_out_reg.out_valid_r' using process `$paramod$a724285c96fbea0624645c83c3853015f2a898c9\_zkf_pack.$proc$/mnt/storage/zubax/kulibin2/float/hdl/_zkf_pack.v:119$649'.
  created $dff cell `$procdff$847' with positive edge clock.
Creating register for signal `$paramod$a724285c96fbea0624645c83c3853015f2a898c9\_zkf_pack.\g_out_reg.y_r' using process `$paramod$a724285c96fbea0624645c83c3853015f2a898c9\_zkf_pack.$proc$/mnt/storage/zubax/kulibin2/float/hdl/_zkf_pack.v:119$649'.
  created $dff cell `$procdff$848' with positive edge clock.

6.4.10. Executing PROC_MEMWR pass (convert process memory writes to cells).

6.4.11. Executing PROC_CLEAN pass (remove empty switches from decision trees).
Found and cleaned up 1 empty switch in `\top_zkf_add_w8_m36_stage_output.$proc$/mnt/storage/test/zkf-vs-flopoco/artifacts/targets/ecp5-yosys/rows/zkf_add_w8_m36_stage_output/src/top_zkf_add_w8_m36_stage_output.v:34$179'.
Removing empty process `top_zkf_add_w8_m36_stage_output.$proc$/mnt/storage/test/zkf-vs-flopoco/artifacts/targets/ecp5-yosys/rows/zkf_add_w8_m36_stage_output/src/top_zkf_add_w8_m36_stage_output.v:34$179'.
Found and cleaned up 1 empty switch in `$paramod$72c8f62b4f7239522922133703bf3bd61312e62f\zkf_add.$proc$/mnt/storage/zubax/kulibin2/float/hdl/zkf_add.v:393$611'.
Removing empty process `$paramod$72c8f62b4f7239522922133703bf3bd61312e62f\zkf_add.$proc$/mnt/storage/zubax/kulibin2/float/hdl/zkf_add.v:393$611'.
Removing empty process `$paramod$b18ec3a4281448ec480eafee2efe02da2f570b6d\_zkf_rshift_sticky.$proc$/mnt/storage/zubax/kulibin2/float/hdl/_zkf_rshift_sticky.v:160$777'.
Removing empty process `$paramod$b18ec3a4281448ec480eafee2efe02da2f570b6d\_zkf_rshift_sticky.$proc$/mnt/storage/zubax/kulibin2/float/hdl/_zkf_rshift_sticky.v:159$776'.
Removing empty process `$paramod$b18ec3a4281448ec480eafee2efe02da2f570b6d\_zkf_rshift_sticky.$proc$/mnt/storage/zubax/kulibin2/float/hdl/_zkf_rshift_sticky.v:160$775'.
Removing empty process `$paramod$b18ec3a4281448ec480eafee2efe02da2f570b6d\_zkf_rshift_sticky.$proc$/mnt/storage/zubax/kulibin2/float/hdl/_zkf_rshift_sticky.v:159$774'.
Removing empty process `$paramod$b18ec3a4281448ec480eafee2efe02da2f570b6d\_zkf_rshift_sticky.$proc$/mnt/storage/zubax/kulibin2/float/hdl/_zkf_rshift_sticky.v:160$773'.
Removing empty process `$paramod$b18ec3a4281448ec480eafee2efe02da2f570b6d\_zkf_rshift_sticky.$proc$/mnt/storage/zubax/kulibin2/float/hdl/_zkf_rshift_sticky.v:159$772'.
Removing empty process `$paramod$b18ec3a4281448ec480eafee2efe02da2f570b6d\_zkf_rshift_sticky.$proc$/mnt/storage/zubax/kulibin2/float/hdl/_zkf_rshift_sticky.v:136$762'.
Removing empty process `$paramod$b18ec3a4281448ec480eafee2efe02da2f570b6d\_zkf_rshift_sticky.$proc$/mnt/storage/zubax/kulibin2/float/hdl/_zkf_rshift_sticky.v:132$755'.
Removing empty process `$paramod$b18ec3a4281448ec480eafee2efe02da2f570b6d\_zkf_rshift_sticky.$proc$/mnt/storage/zubax/kulibin2/float/hdl/_zkf_rshift_sticky.v:136$745'.
Removing empty process `$paramod$b18ec3a4281448ec480eafee2efe02da2f570b6d\_zkf_rshift_sticky.$proc$/mnt/storage/zubax/kulibin2/float/hdl/_zkf_rshift_sticky.v:132$738'.
Removing empty process `$paramod$b18ec3a4281448ec480eafee2efe02da2f570b6d\_zkf_rshift_sticky.$proc$/mnt/storage/zubax/kulibin2/float/hdl/_zkf_rshift_sticky.v:136$728'.
Removing empty process `$paramod$b18ec3a4281448ec480eafee2efe02da2f570b6d\_zkf_rshift_sticky.$proc$/mnt/storage/zubax/kulibin2/float/hdl/_zkf_rshift_sticky.v:132$721'.
Removing empty process `$paramod$b18ec3a4281448ec480eafee2efe02da2f570b6d\_zkf_rshift_sticky.$proc$/mnt/storage/zubax/kulibin2/float/hdl/_zkf_rshift_sticky.v:50$720'.
Removing empty process `$paramod$b18ec3a4281448ec480eafee2efe02da2f570b6d\_zkf_rshift_sticky.$proc$/mnt/storage/zubax/kulibin2/float/hdl/_zkf_rshift_sticky.v:49$719'.
Removing empty process `$paramod$d1985b33586e6be80f729a83da13dd7e2d71fec9\_zkf_normshift.$proc$/mnt/storage/zubax/kulibin2/float/hdl/_zkf_normshift.v:100$704'.
Removing empty process `$paramod$d1985b33586e6be80f729a83da13dd7e2d71fec9\_zkf_normshift.$proc$/mnt/storage/zubax/kulibin2/float/hdl/_zkf_normshift.v:98$703'.
Removing empty process `$paramod$d1985b33586e6be80f729a83da13dd7e2d71fec9\_zkf_normshift.$proc$/mnt/storage/zubax/kulibin2/float/hdl/_zkf_normshift.v:100$702'.
Removing empty process `$paramod$d1985b33586e6be80f729a83da13dd7e2d71fec9\_zkf_normshift.$proc$/mnt/storage/zubax/kulibin2/float/hdl/_zkf_normshift.v:85$698'.
Removing empty process `$paramod$d1985b33586e6be80f729a83da13dd7e2d71fec9\_zkf_normshift.$proc$/mnt/storage/zubax/kulibin2/float/hdl/_zkf_normshift.v:85$694'.
Removing empty process `$paramod$d1985b33586e6be80f729a83da13dd7e2d71fec9\_zkf_normshift.$proc$/mnt/storage/zubax/kulibin2/float/hdl/_zkf_normshift.v:85$690'.
Removing empty process `$paramod$d1985b33586e6be80f729a83da13dd7e2d71fec9\_zkf_normshift.$proc$/mnt/storage/zubax/kulibin2/float/hdl/_zkf_normshift.v:56$689'.
Removing empty process `$paramod$d1985b33586e6be80f729a83da13dd7e2d71fec9\_zkf_normshift.$proc$/mnt/storage/zubax/kulibin2/float/hdl/_zkf_normshift.v:128$688'.
Removing empty process `$paramod$d1985b33586e6be80f729a83da13dd7e2d71fec9\_zkf_normshift.$proc$/mnt/storage/zubax/kulibin2/float/hdl/_zkf_normshift.v:116$687'.
Removing empty process `$paramod$d1985b33586e6be80f729a83da13dd7e2d71fec9\_zkf_normshift.$proc$/mnt/storage/zubax/kulibin2/float/hdl/_zkf_normshift.v:116$686'.
Removing empty process `$paramod$d1985b33586e6be80f729a83da13dd7e2d71fec9\_zkf_normshift.$proc$/mnt/storage/zubax/kulibin2/float/hdl/_zkf_normshift.v:97$685'.
Found and cleaned up 1 empty switch in `$paramod$a724285c96fbea0624645c83c3853015f2a898c9\_zkf_pack.$proc$/mnt/storage/zubax/kulibin2/float/hdl/_zkf_pack.v:119$649'.
Removing empty process `$paramod$a724285c96fbea0624645c83c3853015f2a898c9\_zkf_pack.$proc$/mnt/storage/zubax/kulibin2/float/hdl/_zkf_pack.v:119$649'.
Cleaned up 3 empty switches.

6.4.12. Executing OPT_EXPR pass (perform const folding).
Optimizing module top_zkf_add_w8_m36_stage_output.
Optimizing module $paramod$72c8f62b4f7239522922133703bf3bd61312e62f\zkf_add.
<suppressed ~2 debug messages>
Optimizing module $paramod\_zkf_add_ge\W=s32'00000000000000000000000000101011.
Optimizing module $paramod$b18ec3a4281448ec480eafee2efe02da2f570b6d\_zkf_rshift_sticky.
<suppressed ~5 debug messages>
Optimizing module $paramod$d1985b33586e6be80f729a83da13dd7e2d71fec9\_zkf_normshift.
<suppressed ~27 debug messages>
Optimizing module $paramod$a724285c96fbea0624645c83c3853015f2a898c9\_zkf_pack.
<suppressed ~1 debug messages>

6.5. Executing CHECK pass (checking for obvious problems).
Checking module top_zkf_add_w8_m36_stage_output...
Checking module $paramod$72c8f62b4f7239522922133703bf3bd61312e62f\zkf_add...
Checking module $paramod\_zkf_add_ge\W=s32'00000000000000000000000000101011...
Checking module $paramod$b18ec3a4281448ec480eafee2efe02da2f570b6d\_zkf_rshift_sticky...
Checking module $paramod$d1985b33586e6be80f729a83da13dd7e2d71fec9\_zkf_normshift...
Checking module $paramod$a724285c96fbea0624645c83c3853015f2a898c9\_zkf_pack...
Found and reported 0 problems.

6.6. Executing FLATTEN pass (flatten design).
Keeping top_zkf_add_w8_m36_stage_output.u_dut (found keep_hierarchy attribute).
Deleting now unused module $paramod\_zkf_add_ge\W=s32'00000000000000000000000000101011.
Deleting now unused module $paramod$b18ec3a4281448ec480eafee2efe02da2f570b6d\_zkf_rshift_sticky.
Deleting now unused module $paramod$d1985b33586e6be80f729a83da13dd7e2d71fec9\_zkf_normshift.
Deleting now unused module $paramod$a724285c96fbea0624645c83c3853015f2a898c9\_zkf_pack.
<suppressed ~4 debug messages>

6.7. Executing TRIBUF pass.

6.8. Executing DEMINOUT pass (demote inout ports to input or output).

6.9. Executing OPT_EXPR pass (perform const folding).
Optimizing module top_zkf_add_w8_m36_stage_output.
Optimizing module $paramod$72c8f62b4f7239522922133703bf3bd61312e62f\zkf_add.
<suppressed ~13 debug messages>

6.10. Executing OPT_CLEAN pass (remove unused cells and wires).
Finding unused cells or wires in module \top_zkf_add_w8_m36_stage_output..
Finding unused cells or wires in module $paramod$72c8f62b4f7239522922133703bf3bd61312e62f\zkf_add..
Removed 12 unused cells and 193 unused wires.
<suppressed ~28 debug messages>

6.11. Executing CHECK pass (checking for obvious problems).
Checking module top_zkf_add_w8_m36_stage_output...
Checking module $paramod$72c8f62b4f7239522922133703bf3bd61312e62f\zkf_add...
Found and reported 0 problems.

6.12. Executing OPT pass (performing simple optimizations).

6.12.1. Executing OPT_EXPR pass (perform const folding).
Optimizing module top_zkf_add_w8_m36_stage_output.
Optimizing module $paramod$72c8f62b4f7239522922133703bf3bd61312e62f\zkf_add.

6.12.2. Executing OPT_MERGE pass (detect identical cells).
Finding identical cells in module `\top_zkf_add_w8_m36_stage_output'.
Computing hashes of 8 cells of `\top_zkf_add_w8_m36_stage_output'.
Finding duplicate cells in `\top_zkf_add_w8_m36_stage_output'.
Finding identical cells in module `$paramod$72c8f62b4f7239522922133703bf3bd61312e62f\zkf_add'.
Computing hashes of 205 cells of `$paramod$72c8f62b4f7239522922133703bf3bd61312e62f\zkf_add'.
Finding duplicate cells in `$paramod$72c8f62b4f7239522922133703bf3bd61312e62f\zkf_add'.
Computing hashes of 197 cells of `$paramod$72c8f62b4f7239522922133703bf3bd61312e62f\zkf_add'.
Finding duplicate cells in `$paramod$72c8f62b4f7239522922133703bf3bd61312e62f\zkf_add'.
<suppressed ~24 debug messages>
Removed a total of 8 cells.

6.12.3. Executing OPT_MUXTREE pass (detect dead branches in mux trees).
Running muxtree optimizer on module \top_zkf_add_w8_m36_stage_output..
  Creating internal representation of mux trees.
  Evaluating internal representation of mux trees.
  Analyzing evaluation results.
Running muxtree optimizer on module $paramod$72c8f62b4f7239522922133703bf3bd61312e62f\zkf_add..
  Creating internal representation of mux trees.
  Evaluating internal representation of mux trees.
      Replacing known input bits on port B of cell $flatten\u_sub_norm.$ternary$/mnt/storage/zubax/kulibin2/float/hdl/_zkf_normshift.v:85$699: \u_sub_norm.g_data[2].g_split.data_r -> { 1'1 \u_sub_norm.g_data[2].g_split.data_r [37:0] }
      Replacing known input bits on port B of cell $ternary$/mnt/storage/zubax/kulibin2/float/hdl/zkf_add.v:300$593: \s2_raw_result [39:4] -> { 1'1 \s2_raw_result [38:4] }
  Analyzing evaluation results.
Removed 0 multiplexer ports.
<suppressed ~117 debug messages>

6.12.4. Executing OPT_REDUCE pass (consolidate $*mux and $reduce_* inputs).
  Optimizing cells in module \top_zkf_add_w8_m36_stage_output.
  Optimizing cells in module $paramod$72c8f62b4f7239522922133703bf3bd61312e62f\zkf_add.
    New input vector for $reduce_or cell $flatten\u_pack.$reduce_or$/mnt/storage/zubax/kulibin2/float/hdl/_zkf_pack.v:72$617: \s3_pack_exp_biased
    New input vector for $reduce_or cell $flatten\u_align_small.$reduce_or$/mnt/storage/zubax/kulibin2/float/hdl/_zkf_rshift_sticky.v:174$718: \s0_small_sig_exp
  Optimizing cells in module $paramod$72c8f62b4f7239522922133703bf3bd61312e62f\zkf_add.
Performed a total of 2 changes.

6.12.5. Executing OPT_MERGE pass (detect identical cells).
Finding identical cells in module `\top_zkf_add_w8_m36_stage_output'.
Computing hashes of 8 cells of `\top_zkf_add_w8_m36_stage_output'.
Finding duplicate cells in `\top_zkf_add_w8_m36_stage_output'.
Finding identical cells in module `$paramod$72c8f62b4f7239522922133703bf3bd61312e62f\zkf_add'.
Computing hashes of 197 cells of `$paramod$72c8f62b4f7239522922133703bf3bd61312e62f\zkf_add'.
Finding duplicate cells in `$paramod$72c8f62b4f7239522922133703bf3bd61312e62f\zkf_add'.
Removed a total of 0 cells.

6.12.6. Executing OPT_DFF pass (perform DFF optimizations).
Setting constant 0-bit at position 0 on $procdff$823 ($dff) from module $paramod$72c8f62b4f7239522922133703bf3bd61312e62f\zkf_add.
Setting constant 0-bit at position 1 on $procdff$823 ($dff) from module $paramod$72c8f62b4f7239522922133703bf3bd61312e62f\zkf_add.
Setting constant 0-bit at position 2 on $procdff$823 ($dff) from module $paramod$72c8f62b4f7239522922133703bf3bd61312e62f\zkf_add.

6.12.7. Executing OPT_CLEAN pass (remove unused cells and wires).
Finding unused cells or wires in module \top_zkf_add_w8_m36_stage_output..
Finding unused cells or wires in module $paramod$72c8f62b4f7239522922133703bf3bd61312e62f\zkf_add..
Removed 0 unused cells and 8 unused wires.
<suppressed ~1 debug messages>

6.12.8. Executing OPT_EXPR pass (perform const folding).
Optimizing module top_zkf_add_w8_m36_stage_output.
Optimizing module $paramod$72c8f62b4f7239522922133703bf3bd61312e62f\zkf_add.

6.12.9. Rerunning OPT passes. (Maybe there is more to do..)

6.12.10. Executing OPT_MUXTREE pass (detect dead branches in mux trees).
Running muxtree optimizer on module \top_zkf_add_w8_m36_stage_output..
  Creating internal representation of mux trees.
  Evaluating internal representation of mux trees.
  Analyzing evaluation results.
Running muxtree optimizer on module $paramod$72c8f62b4f7239522922133703bf3bd61312e62f\zkf_add..
  Creating internal representation of mux trees.
  Evaluating internal representation of mux trees.
  Analyzing evaluation results.
Removed 0 multiplexer ports.
<suppressed ~117 debug messages>

6.12.11. Executing OPT_REDUCE pass (consolidate $*mux and $reduce_* inputs).
  Optimizing cells in module \top_zkf_add_w8_m36_stage_output.
  Optimizing cells in module $paramod$72c8f62b4f7239522922133703bf3bd61312e62f\zkf_add.
Performed a total of 0 changes.

6.12.12. Executing OPT_MERGE pass (detect identical cells).
Finding identical cells in module `\top_zkf_add_w8_m36_stage_output'.
Computing hashes of 8 cells of `\top_zkf_add_w8_m36_stage_output'.
Finding duplicate cells in `\top_zkf_add_w8_m36_stage_output'.
Finding identical cells in module `$paramod$72c8f62b4f7239522922133703bf3bd61312e62f\zkf_add'.
Computing hashes of 197 cells of `$paramod$72c8f62b4f7239522922133703bf3bd61312e62f\zkf_add'.
Finding duplicate cells in `$paramod$72c8f62b4f7239522922133703bf3bd61312e62f\zkf_add'.
Removed a total of 0 cells.

6.12.13. Executing OPT_DFF pass (perform DFF optimizations).

6.12.14. Executing OPT_CLEAN pass (remove unused cells and wires).
Finding unused cells or wires in module \top_zkf_add_w8_m36_stage_output..
Finding unused cells or wires in module $paramod$72c8f62b4f7239522922133703bf3bd61312e62f\zkf_add..

6.12.15. Executing OPT_EXPR pass (perform const folding).
Optimizing module top_zkf_add_w8_m36_stage_output.
Optimizing module $paramod$72c8f62b4f7239522922133703bf3bd61312e62f\zkf_add.

6.12.16. Finished fast OPT passes. (There is nothing left to do.)

6.13. Executing FSM pass (extract and optimize FSM).

6.13.1. Executing FSM_DETECT pass (finding FSMs in design).
Not marking $paramod$72c8f62b4f7239522922133703bf3bd61312e62f\zkf_add.u_sub_norm.g_count[2].g_count_delay.dig_r as FSM state register:
    Users of register don't seem to benefit from recoding.
Not marking $paramod$72c8f62b4f7239522922133703bf3bd61312e62f\zkf_add.u_sub_norm.g_count[1].g_count_delay.dig_r as FSM state register:
    Users of register don't seem to benefit from recoding.

6.13.2. Executing FSM_EXTRACT pass (extracting FSM from design).

6.13.3. Executing FSM_OPT pass (simple optimizations of FSMs).

6.13.4. Executing OPT_CLEAN pass (remove unused cells and wires).
Finding unused cells or wires in module \top_zkf_add_w8_m36_stage_output..
Finding unused cells or wires in module $paramod$72c8f62b4f7239522922133703bf3bd61312e62f\zkf_add..

6.13.5. Executing FSM_OPT pass (simple optimizations of FSMs).

6.13.6. Executing FSM_RECODE pass (re-assigning FSM state encoding).

6.13.7. Executing FSM_INFO pass (dumping all available information on FSM cells).

6.13.8. Executing FSM_MAP pass (mapping FSMs to basic logic).

6.14. Executing OPT pass (performing simple optimizations).

6.14.1. Executing OPT_EXPR pass (perform const folding).
Optimizing module top_zkf_add_w8_m36_stage_output.
Optimizing module $paramod$72c8f62b4f7239522922133703bf3bd61312e62f\zkf_add.

6.14.2. Executing OPT_MERGE pass (detect identical cells).
Finding identical cells in module `\top_zkf_add_w8_m36_stage_output'.
Computing hashes of 8 cells of `\top_zkf_add_w8_m36_stage_output'.
Finding duplicate cells in `\top_zkf_add_w8_m36_stage_output'.
Finding identical cells in module `$paramod$72c8f62b4f7239522922133703bf3bd61312e62f\zkf_add'.
Computing hashes of 197 cells of `$paramod$72c8f62b4f7239522922133703bf3bd61312e62f\zkf_add'.
Finding duplicate cells in `$paramod$72c8f62b4f7239522922133703bf3bd61312e62f\zkf_add'.
Removed a total of 0 cells.

6.14.3. Executing OPT_MUXTREE pass (detect dead branches in mux trees).
Running muxtree optimizer on module \top_zkf_add_w8_m36_stage_output..
  Creating internal representation of mux trees.
  Evaluating internal representation of mux trees.
  Analyzing evaluation results.
Running muxtree optimizer on module $paramod$72c8f62b4f7239522922133703bf3bd61312e62f\zkf_add..
  Creating internal representation of mux trees.
  Evaluating internal representation of mux trees.
  Analyzing evaluation results.
Removed 0 multiplexer ports.
<suppressed ~117 debug messages>

6.14.4. Executing OPT_REDUCE pass (consolidate $*mux and $reduce_* inputs).
  Optimizing cells in module \top_zkf_add_w8_m36_stage_output.
  Optimizing cells in module $paramod$72c8f62b4f7239522922133703bf3bd61312e62f\zkf_add.
Performed a total of 0 changes.

6.14.5. Executing OPT_MERGE pass (detect identical cells).
Finding identical cells in module `\top_zkf_add_w8_m36_stage_output'.
Computing hashes of 8 cells of `\top_zkf_add_w8_m36_stage_output'.
Finding duplicate cells in `\top_zkf_add_w8_m36_stage_output'.
Finding identical cells in module `$paramod$72c8f62b4f7239522922133703bf3bd61312e62f\zkf_add'.
Computing hashes of 197 cells of `$paramod$72c8f62b4f7239522922133703bf3bd61312e62f\zkf_add'.
Finding duplicate cells in `$paramod$72c8f62b4f7239522922133703bf3bd61312e62f\zkf_add'.
Removed a total of 0 cells.

6.14.6. Executing OPT_DFF pass (perform DFF optimizations).
Adding SRST signal on $procdff$803 ($dff) from module top_zkf_add_w8_m36_stage_output (D = \in_valid_i, Q = \in_valid_r, rval = 1'0).
Adding SRST signal on $procdff$805 ($dff) from module top_zkf_add_w8_m36_stage_output (D = \dut_valid, Q = \out_valid_r, rval = 1'0).
Adding SRST signal on $procdff$806 ($dff) from module $paramod$72c8f62b4f7239522922133703bf3bd61312e62f\zkf_add (D = \in_valid, Q = \s0_valid, rval = 1'0).
Adding SRST signal on $procdff$816 ($dff) from module $paramod$72c8f62b4f7239522922133703bf3bd61312e62f\zkf_add (D = \s0_valid, Q = \s1_valid, rval = 1'0).
Adding SRST signal on $procdff$824 ($dff) from module $paramod$72c8f62b4f7239522922133703bf3bd61312e62f\zkf_add (D = \u_align_small.data[3] [38:1], Q = \s1_small_aligned [38:1], rval = 38'00000000000000000000000000000000000000).
Adding SRST signal on $procdff$825 ($dff) from module $paramod$72c8f62b4f7239522922133703bf3bd61312e62f\zkf_add (D = \s1_valid, Q = \s2_valid, rval = 1'0).
Adding SRST signal on $procdff$832 ($dff) from module $paramod$72c8f62b4f7239522922133703bf3bd61312e62f\zkf_add (D = \s2_valid, Q = \s3_valid, rval = 1'0).
Adding SRST signal on $procdff$839 ($dff) from module $paramod$72c8f62b4f7239522922133703bf3bd61312e62f\zkf_add (D = \s2_raw_result [38], Q = \s3_add_significand [35], rval = 1'1).
Adding SRST signal on $flatten\u_sub_norm.$procdff$844 ($dff) from module $paramod$72c8f62b4f7239522922133703bf3bd61312e62f\zkf_add (D = $flatten\u_sub_norm.$ternary$/mnt/storage/zubax/kulibin2/float/hdl/_zkf_normshift.v:77$657_Y, Q = \u_sub_norm.g_count[2].g_count_delay.dig_r, rval = 2'00).
Adding SRST signal on $flatten\u_sub_norm.$procdff$845 ($dff) from module $paramod$72c8f62b4f7239522922133703bf3bd61312e62f\zkf_add (D = $flatten\u_sub_norm.$ternary$/mnt/storage/zubax/kulibin2/float/hdl/_zkf_normshift.v:77$667_Y [1], Q = \u_sub_norm.g_count[1].g_count_delay.dig_r [1], rval = 1'0).
Adding SRST signal on $flatten\u_sub_norm.$procdff$845 ($dff) from module $paramod$72c8f62b4f7239522922133703bf3bd61312e62f\zkf_add (D = $flatten\u_sub_norm.$ternary$/mnt/storage/zubax/kulibin2/float/hdl/_zkf_normshift.v:77$668_Y [0], Q = \u_sub_norm.g_count[1].g_count_delay.dig_r [0], rval = 1'0).
Adding SRST signal on $flatten\u_sub_norm.$procdff$846 ($dff) from module $paramod$72c8f62b4f7239522922133703bf3bd61312e62f\zkf_add (D = $flatten\u_sub_norm.$ternary$/mnt/storage/zubax/kulibin2/float/hdl/_zkf_normshift.v:85$696_Y [11:8], Q = \u_sub_norm.g_data[2].g_split.data_r [11:8], rval = 4'0000).
Adding SRST signal on $flatten\u_sub_norm.$procdff$846 ($dff) from module $paramod$72c8f62b4f7239522922133703bf3bd61312e62f\zkf_add (D = $flatten\u_sub_norm.$ternary$/mnt/storage/zubax/kulibin2/float/hdl/_zkf_normshift.v:85$695_Y [7:4], Q = \u_sub_norm.g_data[2].g_split.data_r [7:4], rval = 4'0000).
Adding SRST signal on $flatten\u_sub_norm.$procdff$846 ($dff) from module $paramod$72c8f62b4f7239522922133703bf3bd61312e62f\zkf_add (D = \u_sub_norm.data[1] [3:0], Q = \u_sub_norm.g_data[2].g_split.data_r [3:0], rval = 4'0000).
Adding SRST signal on $flatten\u_pack.$procdff$847 ($dff) from module $paramod$72c8f62b4f7239522922133703bf3bd61312e62f\zkf_add (D = \s3_valid, Q = \u_pack.g_out_reg.out_valid_r, rval = 1'0).
Adding SRST signal on $flatten\u_pack.$procdff$848 ($dff) from module $paramod$72c8f62b4f7239522922133703bf3bd61312e62f\zkf_add (D = $flatten\u_pack.$ternary$/mnt/storage/zubax/kulibin2/float/hdl/_zkf_pack.v:109$645_Y, Q = \u_pack.g_out_reg.y_r [42:35], rval = 8'00000000).

6.14.7. Executing OPT_CLEAN pass (remove unused cells and wires).
Finding unused cells or wires in module \top_zkf_add_w8_m36_stage_output..
Finding unused cells or wires in module $paramod$72c8f62b4f7239522922133703bf3bd61312e62f\zkf_add..
Removed 10 unused cells and 8 unused wires.
<suppressed ~13 debug messages>

6.14.8. Executing OPT_EXPR pass (perform const folding).
Optimizing module top_zkf_add_w8_m36_stage_output.
Optimizing module $paramod$72c8f62b4f7239522922133703bf3bd61312e62f\zkf_add.

6.14.9. Rerunning OPT passes. (Maybe there is more to do..)

6.14.10. Executing OPT_MUXTREE pass (detect dead branches in mux trees).
Running muxtree optimizer on module \top_zkf_add_w8_m36_stage_output..
  Creating internal representation of mux trees.
  No muxes found in this module.
Running muxtree optimizer on module $paramod$72c8f62b4f7239522922133703bf3bd61312e62f\zkf_add..
  Creating internal representation of mux trees.
  Evaluating internal representation of mux trees.
  Analyzing evaluation results.
Removed 0 multiplexer ports.
<suppressed ~104 debug messages>

6.14.11. Executing OPT_REDUCE pass (consolidate $*mux and $reduce_* inputs).
  Optimizing cells in module \top_zkf_add_w8_m36_stage_output.
  Optimizing cells in module $paramod$72c8f62b4f7239522922133703bf3bd61312e62f\zkf_add.
    New input vector for $reduce_or cell $auto$opt_dff.cc:277:combine_resets$867: \u_sub_norm.data[1] [38:31]
  Optimizing cells in module $paramod$72c8f62b4f7239522922133703bf3bd61312e62f\zkf_add.
Performed a total of 1 changes.

6.14.12. Executing OPT_MERGE pass (detect identical cells).
Finding identical cells in module `\top_zkf_add_w8_m36_stage_output'.
Computing hashes of 6 cells of `\top_zkf_add_w8_m36_stage_output'.
Finding duplicate cells in `\top_zkf_add_w8_m36_stage_output'.
Finding identical cells in module `$paramod$72c8f62b4f7239522922133703bf3bd61312e62f\zkf_add'.
Computing hashes of 199 cells of `$paramod$72c8f62b4f7239522922133703bf3bd61312e62f\zkf_add'.
Finding duplicate cells in `$paramod$72c8f62b4f7239522922133703bf3bd61312e62f\zkf_add'.
Computing hashes of 198 cells of `$paramod$72c8f62b4f7239522922133703bf3bd61312e62f\zkf_add'.
Finding duplicate cells in `$paramod$72c8f62b4f7239522922133703bf3bd61312e62f\zkf_add'.
<suppressed ~3 debug messages>
Removed a total of 1 cells.

6.14.13. Executing OPT_DFF pass (perform DFF optimizations).

6.14.14. Executing OPT_CLEAN pass (remove unused cells and wires).
Finding unused cells or wires in module \top_zkf_add_w8_m36_stage_output..
Finding unused cells or wires in module $paramod$72c8f62b4f7239522922133703bf3bd61312e62f\zkf_add..
Removed 0 unused cells and 1 unused wires.
<suppressed ~1 debug messages>

6.14.15. Executing OPT_EXPR pass (perform const folding).
Optimizing module top_zkf_add_w8_m36_stage_output.
Optimizing module $paramod$72c8f62b4f7239522922133703bf3bd61312e62f\zkf_add.

6.14.16. Rerunning OPT passes. (Maybe there is more to do..)

6.14.17. Executing OPT_MUXTREE pass (detect dead branches in mux trees).
Running muxtree optimizer on module \top_zkf_add_w8_m36_stage_output..
  Creating internal representation of mux trees.
  No muxes found in this module.
Running muxtree optimizer on module $paramod$72c8f62b4f7239522922133703bf3bd61312e62f\zkf_add..
  Creating internal representation of mux trees.
  Evaluating internal representation of mux trees.
  Analyzing evaluation results.
Removed 0 multiplexer ports.
<suppressed ~104 debug messages>

6.14.18. Executing OPT_REDUCE pass (consolidate $*mux and $reduce_* inputs).
  Optimizing cells in module \top_zkf_add_w8_m36_stage_output.
  Optimizing cells in module $paramod$72c8f62b4f7239522922133703bf3bd61312e62f\zkf_add.
Performed a total of 0 changes.

6.14.19. Executing OPT_MERGE pass (detect identical cells).
Finding identical cells in module `\top_zkf_add_w8_m36_stage_output'.
Computing hashes of 6 cells of `\top_zkf_add_w8_m36_stage_output'.
Finding duplicate cells in `\top_zkf_add_w8_m36_stage_output'.
Finding identical cells in module `$paramod$72c8f62b4f7239522922133703bf3bd61312e62f\zkf_add'.
Computing hashes of 198 cells of `$paramod$72c8f62b4f7239522922133703bf3bd61312e62f\zkf_add'.
Finding duplicate cells in `$paramod$72c8f62b4f7239522922133703bf3bd61312e62f\zkf_add'.
Removed a total of 0 cells.

6.14.20. Executing OPT_DFF pass (perform DFF optimizations).

6.14.21. Executing OPT_CLEAN pass (remove unused cells and wires).
Finding unused cells or wires in module \top_zkf_add_w8_m36_stage_output..
Finding unused cells or wires in module $paramod$72c8f62b4f7239522922133703bf3bd61312e62f\zkf_add..

6.14.22. Executing OPT_EXPR pass (perform const folding).
Optimizing module top_zkf_add_w8_m36_stage_output.
Optimizing module $paramod$72c8f62b4f7239522922133703bf3bd61312e62f\zkf_add.

6.14.23. Finished fast OPT passes. (There is nothing left to do.)

6.15. Executing WREDUCE pass (reducing word size of cells).
Removed top 1 bits (of 40) from port A of cell $paramod$72c8f62b4f7239522922133703bf3bd61312e62f\zkf_add.$not$/mnt/storage/zubax/kulibin2/float/hdl/zkf_add.v:282$586 ($not).
Removed top 1 bits (of 40) from port A of cell $paramod$72c8f62b4f7239522922133703bf3bd61312e62f\zkf_add.$add$/mnt/storage/zubax/kulibin2/float/hdl/zkf_add.v:283$588 ($add).
Removed top 39 bits (of 40) from port B of cell $paramod$72c8f62b4f7239522922133703bf3bd61312e62f\zkf_add.$add$/mnt/storage/zubax/kulibin2/float/hdl/zkf_add.v:283$590 ($add).
Removed top 7 bits (of 8) from port B of cell $paramod$72c8f62b4f7239522922133703bf3bd61312e62f\zkf_add.$add$/mnt/storage/zubax/kulibin2/float/hdl/zkf_add.v:299$592 ($add).
Removed top 1 bits (of 36) from mux cell $paramod$72c8f62b4f7239522922133703bf3bd61312e62f\zkf_add.$ternary$/mnt/storage/zubax/kulibin2/float/hdl/zkf_add.v:300$593 ($mux).
Removed top 2 bits (of 9) from port B of cell $paramod$72c8f62b4f7239522922133703bf3bd61312e62f\zkf_add.$sub$/mnt/storage/zubax/kulibin2/float/hdl/zkf_add.v:361$599 ($sub).
Converting cell $paramod$72c8f62b4f7239522922133703bf3bd61312e62f\zkf_add.$sub$/mnt/storage/zubax/kulibin2/float/hdl/zkf_add.v:361$599 ($sub) from signed to unsigned.
Removed top 1 bits (of 9) from port A of cell $paramod$72c8f62b4f7239522922133703bf3bd61312e62f\zkf_add.$sub$/mnt/storage/zubax/kulibin2/float/hdl/zkf_add.v:361$599 ($sub).
Removed top 1 bits (of 7) from port B of cell $paramod$72c8f62b4f7239522922133703bf3bd61312e62f\zkf_add.$sub$/mnt/storage/zubax/kulibin2/float/hdl/zkf_add.v:361$599 ($sub).
Removed top 1 bits (of 44) from port A of cell $paramod$72c8f62b4f7239522922133703bf3bd61312e62f\zkf_add.$flatten\u_mag_ge.$sub$/mnt/storage/zubax/kulibin2/float/hdl/zkf_add.v:460$778 ($sub).
Removed top 1 bits (of 44) from port B of cell $paramod$72c8f62b4f7239522922133703bf3bd61312e62f\zkf_add.$flatten\u_mag_ge.$sub$/mnt/storage/zubax/kulibin2/float/hdl/zkf_add.v:460$778 ($sub).
Removed top 32 bits (of 39) from mux cell $paramod$72c8f62b4f7239522922133703bf3bd61312e62f\zkf_add.$flatten\u_align_small.$ternary$/mnt/storage/zubax/kulibin2/float/hdl/_zkf_rshift_sticky.v:134$759 ($mux).
Removed top 1 bits (of 2) from port B of cell $paramod$72c8f62b4f7239522922133703bf3bd61312e62f\zkf_add.$flatten\u_align_small.$eq$/mnt/storage/zubax/kulibin2/float/hdl/_zkf_rshift_sticky.v:133$757 ($eq).
Removed top 8 bits (of 39) from mux cell $paramod$72c8f62b4f7239522922133703bf3bd61312e62f\zkf_add.$flatten\u_align_small.$ternary$/mnt/storage/zubax/kulibin2/float/hdl/_zkf_rshift_sticky.v:134$742 ($mux).
Removed top 1 bits (of 2) from port B of cell $paramod$72c8f62b4f7239522922133703bf3bd61312e62f\zkf_add.$flatten\u_align_small.$eq$/mnt/storage/zubax/kulibin2/float/hdl/_zkf_rshift_sticky.v:133$740 ($eq).
Removed top 2 bits (of 39) from mux cell $paramod$72c8f62b4f7239522922133703bf3bd61312e62f\zkf_add.$flatten\u_align_small.$ternary$/mnt/storage/zubax/kulibin2/float/hdl/_zkf_rshift_sticky.v:134$725 ($mux).
Removed top 1 bits (of 2) from port B of cell $paramod$72c8f62b4f7239522922133703bf3bd61312e62f\zkf_add.$flatten\u_align_small.$eq$/mnt/storage/zubax/kulibin2/float/hdl/_zkf_rshift_sticky.v:133$723 ($eq).
Removed top 38 bits (of 39) from mux cell $paramod$72c8f62b4f7239522922133703bf3bd61312e62f\zkf_add.$flatten\u_align_small.$ternary$/mnt/storage/zubax/kulibin2/float/hdl/_zkf_rshift_sticky.v:196$705 ($mux).
Removed top 1 bits (of 2) from mux cell $paramod$72c8f62b4f7239522922133703bf3bd61312e62f\zkf_add.$flatten\u_sub_norm.$ternary$/mnt/storage/zubax/kulibin2/float/hdl/_zkf_normshift.v:77$679 ($mux).
Removed top 1 bits (of 2) from mux cell $paramod$72c8f62b4f7239522922133703bf3bd61312e62f\zkf_add.$flatten\u_sub_norm.$ternary$/mnt/storage/zubax/kulibin2/float/hdl/_zkf_normshift.v:77$668 ($mux).
Removed top 1 bits (of 2) from mux cell $paramod$72c8f62b4f7239522922133703bf3bd61312e62f\zkf_add.$flatten\u_sub_norm.$ternary$/mnt/storage/zubax/kulibin2/float/hdl/_zkf_normshift.v:77$667 ($mux).
Removed top 43 bits (of 44) from port B of cell $paramod$72c8f62b4f7239522922133703bf3bd61312e62f\zkf_add.$flatten\u_pack.$add$/mnt/storage/zubax/kulibin2/float/hdl/_zkf_pack.v:92$626 ($add).
Removed top 1 bits (of 2) from wire $paramod$72c8f62b4f7239522922133703bf3bd61312e62f\zkf_add.$flatten\u_sub_norm.$ternary$/mnt/storage/zubax/kulibin2/float/hdl/_zkf_normshift.v:77$668_Y.
Removed top 1 bits (of 2) from wire $paramod$72c8f62b4f7239522922133703bf3bd61312e62f\zkf_add.$flatten\u_sub_norm.$ternary$/mnt/storage/zubax/kulibin2/float/hdl/_zkf_normshift.v:77$667_Y.
Removed top 1 bits (of 2) from wire $paramod$72c8f62b4f7239522922133703bf3bd61312e62f\zkf_add.$flatten\u_sub_norm.$ternary$/mnt/storage/zubax/kulibin2/float/hdl/_zkf_normshift.v:77$679_Y.
Removed top 2 bits (of 39) from wire $paramod$72c8f62b4f7239522922133703bf3bd61312e62f\zkf_add.$flatten\u_align_small.$ternary$/mnt/storage/zubax/kulibin2/float/hdl/_zkf_rshift_sticky.v:134$725_Y.
Removed top 8 bits (of 39) from wire $paramod$72c8f62b4f7239522922133703bf3bd61312e62f\zkf_add.$flatten\u_align_small.$ternary$/mnt/storage/zubax/kulibin2/float/hdl/_zkf_rshift_sticky.v:134$742_Y.
Removed top 32 bits (of 39) from wire $paramod$72c8f62b4f7239522922133703bf3bd61312e62f\zkf_add.$flatten\u_align_small.$ternary$/mnt/storage/zubax/kulibin2/float/hdl/_zkf_rshift_sticky.v:134$759_Y.
Removed top 1 bits (of 36) from wire $paramod$72c8f62b4f7239522922133703bf3bd61312e62f\zkf_add.s2_add_significand.
Removed top 38 bits (of 39) from wire $paramod$72c8f62b4f7239522922133703bf3bd61312e62f\zkf_add.s0_small_aligned.

6.16. Executing PEEPOPT pass (run peephole optimizers).

6.17. Executing OPT_CLEAN pass (remove unused cells and wires).
Finding unused cells or wires in module \top_zkf_add_w8_m36_stage_output..
Finding unused cells or wires in module $paramod$72c8f62b4f7239522922133703bf3bd61312e62f\zkf_add..
Removed 0 unused cells and 8 unused wires.
<suppressed ~1 debug messages>

6.18. Executing SHARE pass (SAT-based resource sharing).

6.19. Executing TECHMAP pass (map to technology primitives).

6.19.1. Executing Verilog-2005 frontend: /mnt/storage/synth_eval/oss-cad-suite/lib/../share/yosys/cmp2lut.v
Parsing Verilog input from `/mnt/storage/synth_eval/oss-cad-suite/lib/../share/yosys/cmp2lut.v' to AST representation.
Generating RTLIL representation for module `\_90_lut_cmp_'.
Successfully finished Verilog frontend.

6.19.2. Continuing TECHMAP pass.
No more expansions possible.
<suppressed ~6 debug messages>

6.20. Executing OPT_EXPR pass (perform const folding).
Optimizing module top_zkf_add_w8_m36_stage_output.
Optimizing module $paramod$72c8f62b4f7239522922133703bf3bd61312e62f\zkf_add.

6.21. Executing OPT_CLEAN pass (remove unused cells and wires).
Finding unused cells or wires in module \top_zkf_add_w8_m36_stage_output..
Finding unused cells or wires in module $paramod$72c8f62b4f7239522922133703bf3bd61312e62f\zkf_add..

6.22. Executing TECHMAP pass (map to technology primitives).

6.22.1. Executing Verilog-2005 frontend: /mnt/storage/synth_eval/oss-cad-suite/lib/../share/yosys/mul2dsp.v
Parsing Verilog input from `/mnt/storage/synth_eval/oss-cad-suite/lib/../share/yosys/mul2dsp.v' to AST representation.
Generating RTLIL representation for module `\_80_mul'.
Generating RTLIL representation for module `\_90_soft_mul'.
Successfully finished Verilog frontend.

6.22.2. Continuing TECHMAP pass.
No more expansions possible.
<suppressed ~4 debug messages>

6.23. Executing TECHMAP pass (map to technology primitives).

6.23.1. Executing Verilog-2005 frontend: /mnt/storage/synth_eval/oss-cad-suite/lib/../share/yosys/lattice/dsp_map_18x18.v
Parsing Verilog input from `/mnt/storage/synth_eval/oss-cad-suite/lib/../share/yosys/lattice/dsp_map_18x18.v' to AST representation.
Generating RTLIL representation for module `$__MUL18X18'.
Successfully finished Verilog frontend.

6.23.2. Continuing TECHMAP pass.
No more expansions possible.
<suppressed ~3 debug messages>

6.24. Executing ALUMACC pass (create $alu and $macc cells).
Extracting $alu and $macc cells in module top_zkf_add_w8_m36_stage_output:
  created 0 $alu and 0 $macc cells.
Extracting $alu and $macc cells in module $paramod$72c8f62b4f7239522922133703bf3bd61312e62f\zkf_add:
  creating $macc model for $flatten\u_pack.$add$/mnt/storage/zubax/kulibin2/float/hdl/_zkf_pack.v:92$626 ($add).
  creating $macc model for $sub$/mnt/storage/zubax/kulibin2/float/hdl/zkf_add.v:417$616 ($sub).
  creating $macc model for $sub$/mnt/storage/zubax/kulibin2/float/hdl/zkf_add.v:361$599 ($sub).
  creating $macc model for $add$/mnt/storage/zubax/kulibin2/float/hdl/zkf_add.v:299$592 ($add).
  creating $macc model for $add$/mnt/storage/zubax/kulibin2/float/hdl/zkf_add.v:283$590 ($add).
  creating $macc model for $add$/mnt/storage/zubax/kulibin2/float/hdl/zkf_add.v:283$588 ($add).
  creating $macc model for $flatten\u_mag_ge.$sub$/mnt/storage/zubax/kulibin2/float/hdl/zkf_add.v:460$778 ($sub).
  merging $macc model for $add$/mnt/storage/zubax/kulibin2/float/hdl/zkf_add.v:283$588 into $add$/mnt/storage/zubax/kulibin2/float/hdl/zkf_add.v:283$590.
  creating $alu model for $macc $flatten\u_mag_ge.$sub$/mnt/storage/zubax/kulibin2/float/hdl/zkf_add.v:460$778.
  creating $alu model for $macc $add$/mnt/storage/zubax/kulibin2/float/hdl/zkf_add.v:283$590.
  creating $alu model for $macc $add$/mnt/storage/zubax/kulibin2/float/hdl/zkf_add.v:299$592.
  creating $alu model for $macc $sub$/mnt/storage/zubax/kulibin2/float/hdl/zkf_add.v:361$599.
  creating $alu model for $macc $sub$/mnt/storage/zubax/kulibin2/float/hdl/zkf_add.v:417$616.
  creating $alu model for $macc $flatten\u_pack.$add$/mnt/storage/zubax/kulibin2/float/hdl/_zkf_pack.v:92$626.
  creating $alu cell for $flatten\u_pack.$add$/mnt/storage/zubax/kulibin2/float/hdl/_zkf_pack.v:92$626: $auto$alumacc.cc:512:replace_alu$889
  creating $alu cell for $sub$/mnt/storage/zubax/kulibin2/float/hdl/zkf_add.v:417$616: $auto$alumacc.cc:512:replace_alu$892
  creating $alu cell for $sub$/mnt/storage/zubax/kulibin2/float/hdl/zkf_add.v:361$599: $auto$alumacc.cc:512:replace_alu$895
  creating $alu cell for $add$/mnt/storage/zubax/kulibin2/float/hdl/zkf_add.v:299$592: $auto$alumacc.cc:512:replace_alu$898
  creating $alu cell for $add$/mnt/storage/zubax/kulibin2/float/hdl/zkf_add.v:283$590: $auto$alumacc.cc:512:replace_alu$901
  creating $alu cell for $flatten\u_mag_ge.$sub$/mnt/storage/zubax/kulibin2/float/hdl/zkf_add.v:460$778: $auto$alumacc.cc:512:replace_alu$904
  created 6 $alu and 0 $macc cells.

6.25. Executing OPT pass (performing simple optimizations).

6.25.1. Executing OPT_EXPR pass (perform const folding).
Optimizing module top_zkf_add_w8_m36_stage_output.
Optimizing module $paramod$72c8f62b4f7239522922133703bf3bd61312e62f\zkf_add.

6.25.2. Executing OPT_MERGE pass (detect identical cells).
Finding identical cells in module `\top_zkf_add_w8_m36_stage_output'.
Computing hashes of 6 cells of `\top_zkf_add_w8_m36_stage_output'.
Finding duplicate cells in `\top_zkf_add_w8_m36_stage_output'.
Finding identical cells in module `$paramod$72c8f62b4f7239522922133703bf3bd61312e62f\zkf_add'.
Computing hashes of 198 cells of `$paramod$72c8f62b4f7239522922133703bf3bd61312e62f\zkf_add'.
Finding duplicate cells in `$paramod$72c8f62b4f7239522922133703bf3bd61312e62f\zkf_add'.
Removed a total of 0 cells.

6.25.3. Executing OPT_MUXTREE pass (detect dead branches in mux trees).
Running muxtree optimizer on module \top_zkf_add_w8_m36_stage_output..
  Creating internal representation of mux trees.
  No muxes found in this module.
Running muxtree optimizer on module $paramod$72c8f62b4f7239522922133703bf3bd61312e62f\zkf_add..
  Creating internal representation of mux trees.
  Evaluating internal representation of mux trees.
  Analyzing evaluation results.
Removed 0 multiplexer ports.
<suppressed ~103 debug messages>

6.25.4. Executing OPT_REDUCE pass (consolidate $*mux and $reduce_* inputs).
  Optimizing cells in module \top_zkf_add_w8_m36_stage_output.
  Optimizing cells in module $paramod$72c8f62b4f7239522922133703bf3bd61312e62f\zkf_add.
Performed a total of 0 changes.

6.25.5. Executing OPT_MERGE pass (detect identical cells).
Finding identical cells in module `\top_zkf_add_w8_m36_stage_output'.
Computing hashes of 6 cells of `\top_zkf_add_w8_m36_stage_output'.
Finding duplicate cells in `\top_zkf_add_w8_m36_stage_output'.
Finding identical cells in module `$paramod$72c8f62b4f7239522922133703bf3bd61312e62f\zkf_add'.
Computing hashes of 198 cells of `$paramod$72c8f62b4f7239522922133703bf3bd61312e62f\zkf_add'.
Finding duplicate cells in `$paramod$72c8f62b4f7239522922133703bf3bd61312e62f\zkf_add'.
Removed a total of 0 cells.

6.25.6. Executing OPT_DFF pass (perform DFF optimizations).

6.25.7. Executing OPT_CLEAN pass (remove unused cells and wires).
Finding unused cells or wires in module \top_zkf_add_w8_m36_stage_output..
Finding unused cells or wires in module $paramod$72c8f62b4f7239522922133703bf3bd61312e62f\zkf_add..
Removed 1 unused cells and 1 unused wires.
<suppressed ~2 debug messages>

6.25.8. Executing OPT_EXPR pass (perform const folding).
Optimizing module top_zkf_add_w8_m36_stage_output.
Optimizing module $paramod$72c8f62b4f7239522922133703bf3bd61312e62f\zkf_add.

6.25.9. Rerunning OPT passes. (Maybe there is more to do..)

6.25.10. Executing OPT_MUXTREE pass (detect dead branches in mux trees).
Running muxtree optimizer on module \top_zkf_add_w8_m36_stage_output..
  Creating internal representation of mux trees.
  No muxes found in this module.
Running muxtree optimizer on module $paramod$72c8f62b4f7239522922133703bf3bd61312e62f\zkf_add..
  Creating internal representation of mux trees.
  Evaluating internal representation of mux trees.
  Analyzing evaluation results.
Removed 0 multiplexer ports.
<suppressed ~103 debug messages>

6.25.11. Executing OPT_REDUCE pass (consolidate $*mux and $reduce_* inputs).
  Optimizing cells in module \top_zkf_add_w8_m36_stage_output.
  Optimizing cells in module $paramod$72c8f62b4f7239522922133703bf3bd61312e62f\zkf_add.
Performed a total of 0 changes.

6.25.12. Executing OPT_MERGE pass (detect identical cells).
Finding identical cells in module `\top_zkf_add_w8_m36_stage_output'.
Computing hashes of 6 cells of `\top_zkf_add_w8_m36_stage_output'.
Finding duplicate cells in `\top_zkf_add_w8_m36_stage_output'.
Finding identical cells in module `$paramod$72c8f62b4f7239522922133703bf3bd61312e62f\zkf_add'.
Computing hashes of 197 cells of `$paramod$72c8f62b4f7239522922133703bf3bd61312e62f\zkf_add'.
Finding duplicate cells in `$paramod$72c8f62b4f7239522922133703bf3bd61312e62f\zkf_add'.
Removed a total of 0 cells.

6.25.13. Executing OPT_DFF pass (perform DFF optimizations).

6.25.14. Executing OPT_CLEAN pass (remove unused cells and wires).
Finding unused cells or wires in module \top_zkf_add_w8_m36_stage_output..
Finding unused cells or wires in module $paramod$72c8f62b4f7239522922133703bf3bd61312e62f\zkf_add..

6.25.15. Executing OPT_EXPR pass (perform const folding).
Optimizing module top_zkf_add_w8_m36_stage_output.
Optimizing module $paramod$72c8f62b4f7239522922133703bf3bd61312e62f\zkf_add.

6.25.16. Finished fast OPT passes. (There is nothing left to do.)

6.26. Executing MEMORY pass.

6.26.1. Executing OPT_MEM pass (optimize memories).
Performed a total of 0 transformations.

6.26.2. Executing OPT_MEM_PRIORITY pass (removing unnecessary memory write priority relations).
Performed a total of 0 transformations.

6.26.3. Executing OPT_MEM_FEEDBACK pass (finding memory read-to-write feedback paths).

6.26.4. Executing MEMORY_BMUX2ROM pass (converting muxes to ROMs).

6.26.5. Executing MEMORY_DFF pass (merging $dff cells to $memrd).

6.26.6. Executing OPT_CLEAN pass (remove unused cells and wires).
Finding unused cells or wires in module \top_zkf_add_w8_m36_stage_output..
Finding unused cells or wires in module $paramod$72c8f62b4f7239522922133703bf3bd61312e62f\zkf_add..

6.26.7. Executing MEMORY_SHARE pass (consolidating $memrd/$memwr cells).

6.26.8. Executing OPT_MEM_WIDEN pass (optimize memories where all ports are wide).
Performed a total of 0 transformations.

6.26.9. Executing OPT_CLEAN pass (remove unused cells and wires).
Finding unused cells or wires in module \top_zkf_add_w8_m36_stage_output..
Finding unused cells or wires in module $paramod$72c8f62b4f7239522922133703bf3bd61312e62f\zkf_add..

6.26.10. Executing MEMORY_COLLECT pass (generating $mem cells).

6.27. Executing OPT_CLEAN pass (remove unused cells and wires).
Finding unused cells or wires in module \top_zkf_add_w8_m36_stage_output..
Finding unused cells or wires in module $paramod$72c8f62b4f7239522922133703bf3bd61312e62f\zkf_add..

6.28. Executing MEMORY_LIBMAP pass (mapping memories to cells).

6.29. Executing TECHMAP pass (map to technology primitives).

6.29.1. Executing Verilog-2005 frontend: /mnt/storage/synth_eval/oss-cad-suite/lib/../share/yosys/lattice/lutrams_map_trellis.v
Parsing Verilog input from `/mnt/storage/synth_eval/oss-cad-suite/lib/../share/yosys/lattice/lutrams_map_trellis.v' to AST representation.
Generating RTLIL representation for module `$__TRELLIS_DPR16X4_'.
Successfully finished Verilog frontend.

6.29.2. Executing Verilog-2005 frontend: /mnt/storage/synth_eval/oss-cad-suite/lib/../share/yosys/lattice/brams_map_16kd.v
Parsing Verilog input from `/mnt/storage/synth_eval/oss-cad-suite/lib/../share/yosys/lattice/brams_map_16kd.v' to AST representation.
Generating RTLIL representation for module `$__DP16KD_'.
Generating RTLIL representation for module `$__PDPW16KD_'.
Successfully finished Verilog frontend.

6.29.3. Continuing TECHMAP pass.
No more expansions possible.
<suppressed ~5 debug messages>

6.30. Executing OPT pass (performing simple optimizations).

6.30.1. Executing OPT_EXPR pass (perform const folding).
Optimizing module top_zkf_add_w8_m36_stage_output.
Optimizing module $paramod$72c8f62b4f7239522922133703bf3bd61312e62f\zkf_add.
<suppressed ~10 debug messages>

6.30.2. Executing OPT_MERGE pass (detect identical cells).
Finding identical cells in module `\top_zkf_add_w8_m36_stage_output'.
Computing hashes of 6 cells of `\top_zkf_add_w8_m36_stage_output'.
Finding duplicate cells in `\top_zkf_add_w8_m36_stage_output'.
Finding identical cells in module `$paramod$72c8f62b4f7239522922133703bf3bd61312e62f\zkf_add'.
Computing hashes of 197 cells of `$paramod$72c8f62b4f7239522922133703bf3bd61312e62f\zkf_add'.
Finding duplicate cells in `$paramod$72c8f62b4f7239522922133703bf3bd61312e62f\zkf_add'.
Removed a total of 0 cells.

6.30.3. Executing OPT_DFF pass (perform DFF optimizations).

6.30.4. Executing OPT_CLEAN pass (remove unused cells and wires).
Finding unused cells or wires in module \top_zkf_add_w8_m36_stage_output..
Finding unused cells or wires in module $paramod$72c8f62b4f7239522922133703bf3bd61312e62f\zkf_add..
Removed 0 unused cells and 2 unused wires.
<suppressed ~1 debug messages>

6.30.5. Finished fast OPT passes.

6.31. Executing MEMORY_MAP pass (converting memories to logic and flip-flops).

6.32. Executing OPT pass (performing simple optimizations).

6.32.1. Executing OPT_EXPR pass (perform const folding).
Optimizing module top_zkf_add_w8_m36_stage_output.
Optimizing module $paramod$72c8f62b4f7239522922133703bf3bd61312e62f\zkf_add.

6.32.2. Executing OPT_MERGE pass (detect identical cells).
Finding identical cells in module `\top_zkf_add_w8_m36_stage_output'.
Computing hashes of 6 cells of `\top_zkf_add_w8_m36_stage_output'.
Finding duplicate cells in `\top_zkf_add_w8_m36_stage_output'.
Finding identical cells in module `$paramod$72c8f62b4f7239522922133703bf3bd61312e62f\zkf_add'.
Computing hashes of 197 cells of `$paramod$72c8f62b4f7239522922133703bf3bd61312e62f\zkf_add'.
Finding duplicate cells in `$paramod$72c8f62b4f7239522922133703bf3bd61312e62f\zkf_add'.
Removed a total of 0 cells.

6.32.3. Executing OPT_MUXTREE pass (detect dead branches in mux trees).
Running muxtree optimizer on module \top_zkf_add_w8_m36_stage_output..
  Creating internal representation of mux trees.
  No muxes found in this module.
Running muxtree optimizer on module $paramod$72c8f62b4f7239522922133703bf3bd61312e62f\zkf_add..
  Creating internal representation of mux trees.
  Evaluating internal representation of mux trees.
  Analyzing evaluation results.
Removed 0 multiplexer ports.
<suppressed ~103 debug messages>

6.32.4. Executing OPT_REDUCE pass (consolidate $*mux and $reduce_* inputs).
  Optimizing cells in module \top_zkf_add_w8_m36_stage_output.
  Optimizing cells in module $paramod$72c8f62b4f7239522922133703bf3bd61312e62f\zkf_add.
    Consolidated identical input bits for $mux cell $flatten\u_align_small.$ternary$/mnt/storage/zubax/kulibin2/float/hdl/_zkf_rshift_sticky.v:133$726:
      Old ports: A={ 2'00 $auto$wreduce.cc:514:run$883 [36:0] }, B={ 1'0 \s0_small_sig_exp 2'00 }, Y=$flatten\u_align_small.$ternary$/mnt/storage/zubax/kulibin2/float/hdl/_zkf_rshift_sticky.v:133$726_Y
      New ports: A={ 1'0 $auto$wreduce.cc:514:run$883 [36:0] }, B={ \s0_small_sig_exp 2'00 }, Y=$flatten\u_align_small.$ternary$/mnt/storage/zubax/kulibin2/float/hdl/_zkf_rshift_sticky.v:133$726_Y [37:0]
      New connections: $flatten\u_align_small.$ternary$/mnt/storage/zubax/kulibin2/float/hdl/_zkf_rshift_sticky.v:133$726_Y [38] = 1'0
    Consolidated identical input bits for $mux cell $flatten\u_align_small.$ternary$/mnt/storage/zubax/kulibin2/float/hdl/_zkf_rshift_sticky.v:133$743:
      Old ports: A={ 8'00000000 $auto$wreduce.cc:514:run$884 [30:0] }, B={ 4'0000 \u_align_small.g_stage[1].d0 [38:12] \u_align_small.data[1] [11:4] }, Y=$flatten\u_align_small.$ternary$/mnt/storage/zubax/kulibin2/float/hdl/_zkf_rshift_sticky.v:133$743_Y
      New ports: A={ 4'0000 $auto$wreduce.cc:514:run$884 [30:0] }, B={ \u_align_small.g_stage[1].d0 [38:12] \u_align_small.data[1] [11:4] }, Y=$flatten\u_align_small.$ternary$/mnt/storage/zubax/kulibin2/float/hdl/_zkf_rshift_sticky.v:133$743_Y [34:0]
      New connections: $flatten\u_align_small.$ternary$/mnt/storage/zubax/kulibin2/float/hdl/_zkf_rshift_sticky.v:133$743_Y [38:35] = 4'0000
    Consolidated identical input bits for $mux cell $flatten\u_align_small.$ternary$/mnt/storage/zubax/kulibin2/float/hdl/_zkf_rshift_sticky.v:133$760:
      Old ports: A={ 32'00000000000000000000000000000000 $auto$wreduce.cc:514:run$885 [6:0] }, B={ 16'0000000000000000 \u_align_small.data[2] [38:16] }, Y=$flatten\u_align_small.$ternary$/mnt/storage/zubax/kulibin2/float/hdl/_zkf_rshift_sticky.v:133$760_Y
      New ports: A={ 16'0000000000000000 $auto$wreduce.cc:514:run$885 [6:0] }, B=\u_align_small.data[2] [38:16], Y=$flatten\u_align_small.$ternary$/mnt/storage/zubax/kulibin2/float/hdl/_zkf_rshift_sticky.v:133$760_Y [22:0]
      New connections: $flatten\u_align_small.$ternary$/mnt/storage/zubax/kulibin2/float/hdl/_zkf_rshift_sticky.v:133$760_Y [38:23] = 16'0000000000000000
  Optimizing cells in module $paramod$72c8f62b4f7239522922133703bf3bd61312e62f\zkf_add.
Performed a total of 3 changes.

6.32.5. Executing OPT_MERGE pass (detect identical cells).
Finding identical cells in module `\top_zkf_add_w8_m36_stage_output'.
Computing hashes of 6 cells of `\top_zkf_add_w8_m36_stage_output'.
Finding duplicate cells in `\top_zkf_add_w8_m36_stage_output'.
Finding identical cells in module `$paramod$72c8f62b4f7239522922133703bf3bd61312e62f\zkf_add'.
Computing hashes of 197 cells of `$paramod$72c8f62b4f7239522922133703bf3bd61312e62f\zkf_add'.
Finding duplicate cells in `$paramod$72c8f62b4f7239522922133703bf3bd61312e62f\zkf_add'.
Removed a total of 0 cells.

6.32.6. Executing OPT_DFF pass (perform DFF optimizations).

6.32.7. Executing OPT_CLEAN pass (remove unused cells and wires).
Finding unused cells or wires in module \top_zkf_add_w8_m36_stage_output..
Finding unused cells or wires in module $paramod$72c8f62b4f7239522922133703bf3bd61312e62f\zkf_add..

6.32.8. Executing OPT_EXPR pass (perform const folding).
Optimizing module top_zkf_add_w8_m36_stage_output.
Optimizing module $paramod$72c8f62b4f7239522922133703bf3bd61312e62f\zkf_add.

6.32.9. Rerunning OPT passes. (Maybe there is more to do..)

6.32.10. Executing OPT_MUXTREE pass (detect dead branches in mux trees).
Running muxtree optimizer on module \top_zkf_add_w8_m36_stage_output..
  Creating internal representation of mux trees.
  No muxes found in this module.
Running muxtree optimizer on module $paramod$72c8f62b4f7239522922133703bf3bd61312e62f\zkf_add..
  Creating internal representation of mux trees.
  Evaluating internal representation of mux trees.
  Analyzing evaluation results.
Removed 0 multiplexer ports.
<suppressed ~103 debug messages>

6.32.11. Executing OPT_REDUCE pass (consolidate $*mux and $reduce_* inputs).
  Optimizing cells in module \top_zkf_add_w8_m36_stage_output.
  Optimizing cells in module $paramod$72c8f62b4f7239522922133703bf3bd61312e62f\zkf_add.
Performed a total of 0 changes.

6.32.12. Executing OPT_MERGE pass (detect identical cells).
Finding identical cells in module `\top_zkf_add_w8_m36_stage_output'.
Computing hashes of 6 cells of `\top_zkf_add_w8_m36_stage_output'.
Finding duplicate cells in `\top_zkf_add_w8_m36_stage_output'.
Finding identical cells in module `$paramod$72c8f62b4f7239522922133703bf3bd61312e62f\zkf_add'.
Computing hashes of 197 cells of `$paramod$72c8f62b4f7239522922133703bf3bd61312e62f\zkf_add'.
Finding duplicate cells in `$paramod$72c8f62b4f7239522922133703bf3bd61312e62f\zkf_add'.
Removed a total of 0 cells.

6.32.13. Executing OPT_DFF pass (perform DFF optimizations).
Adding SRST signal on $auto$ff.cc:337:slice$858 ($sdff) from module $paramod$72c8f62b4f7239522922133703bf3bd61312e62f\zkf_add (D = \u_align_small.data[2] [38:23], Q = \s1_small_aligned [38:23], rval = 16'0000000000000000).

6.32.14. Executing OPT_CLEAN pass (remove unused cells and wires).
Finding unused cells or wires in module \top_zkf_add_w8_m36_stage_output..
Finding unused cells or wires in module $paramod$72c8f62b4f7239522922133703bf3bd61312e62f\zkf_add..

6.32.15. Executing OPT_EXPR pass (perform const folding).
Optimizing module top_zkf_add_w8_m36_stage_output.
Optimizing module $paramod$72c8f62b4f7239522922133703bf3bd61312e62f\zkf_add.

6.32.16. Rerunning OPT passes. (Maybe there is more to do..)

6.32.17. Executing OPT_MUXTREE pass (detect dead branches in mux trees).
Running muxtree optimizer on module \top_zkf_add_w8_m36_stage_output..
  Creating internal representation of mux trees.
  No muxes found in this module.
Running muxtree optimizer on module $paramod$72c8f62b4f7239522922133703bf3bd61312e62f\zkf_add..
  Creating internal representation of mux trees.
  Evaluating internal representation of mux trees.
  Analyzing evaluation results.
Removed 0 multiplexer ports.
<suppressed ~103 debug messages>

6.32.18. Executing OPT_REDUCE pass (consolidate $*mux and $reduce_* inputs).
  Optimizing cells in module \top_zkf_add_w8_m36_stage_output.
  Optimizing cells in module $paramod$72c8f62b4f7239522922133703bf3bd61312e62f\zkf_add.
    New input vector for $reduce_or cell $auto$opt_dff.cc:277:combine_resets$1045: { \s0_exp_diff [7:6] $auto$rtlil.cc:3255:Not$1043 }
  Optimizing cells in module $paramod$72c8f62b4f7239522922133703bf3bd61312e62f\zkf_add.
Performed a total of 1 changes.

6.32.19. Executing OPT_MERGE pass (detect identical cells).
Finding identical cells in module `\top_zkf_add_w8_m36_stage_output'.
Computing hashes of 6 cells of `\top_zkf_add_w8_m36_stage_output'.
Finding duplicate cells in `\top_zkf_add_w8_m36_stage_output'.
Finding identical cells in module `$paramod$72c8f62b4f7239522922133703bf3bd61312e62f\zkf_add'.
Computing hashes of 200 cells of `$paramod$72c8f62b4f7239522922133703bf3bd61312e62f\zkf_add'.
Finding duplicate cells in `$paramod$72c8f62b4f7239522922133703bf3bd61312e62f\zkf_add'.
Removed a total of 0 cells.

6.32.20. Executing OPT_DFF pass (perform DFF optimizations).

6.32.21. Executing OPT_CLEAN pass (remove unused cells and wires).
Finding unused cells or wires in module \top_zkf_add_w8_m36_stage_output..
Finding unused cells or wires in module $paramod$72c8f62b4f7239522922133703bf3bd61312e62f\zkf_add..

6.32.22. Executing OPT_EXPR pass (perform const folding).
Optimizing module top_zkf_add_w8_m36_stage_output.
Optimizing module $paramod$72c8f62b4f7239522922133703bf3bd61312e62f\zkf_add.

6.32.23. Rerunning OPT passes. (Maybe there is more to do..)

6.32.24. Executing OPT_MUXTREE pass (detect dead branches in mux trees).
Running muxtree optimizer on module \top_zkf_add_w8_m36_stage_output..
  Creating internal representation of mux trees.
  No muxes found in this module.
Running muxtree optimizer on module $paramod$72c8f62b4f7239522922133703bf3bd61312e62f\zkf_add..
  Creating internal representation of mux trees.
  Evaluating internal representation of mux trees.
  Analyzing evaluation results.
Removed 0 multiplexer ports.
<suppressed ~103 debug messages>

6.32.25. Executing OPT_REDUCE pass (consolidate $*mux and $reduce_* inputs).
  Optimizing cells in module \top_zkf_add_w8_m36_stage_output.
  Optimizing cells in module $paramod$72c8f62b4f7239522922133703bf3bd61312e62f\zkf_add.
Performed a total of 0 changes.

6.32.26. Executing OPT_MERGE pass (detect identical cells).
Finding identical cells in module `\top_zkf_add_w8_m36_stage_output'.
Computing hashes of 6 cells of `\top_zkf_add_w8_m36_stage_output'.
Finding duplicate cells in `\top_zkf_add_w8_m36_stage_output'.
Finding identical cells in module `$paramod$72c8f62b4f7239522922133703bf3bd61312e62f\zkf_add'.
Computing hashes of 200 cells of `$paramod$72c8f62b4f7239522922133703bf3bd61312e62f\zkf_add'.
Finding duplicate cells in `$paramod$72c8f62b4f7239522922133703bf3bd61312e62f\zkf_add'.
Removed a total of 0 cells.

6.32.27. Executing OPT_DFF pass (perform DFF optimizations).

6.32.28. Executing OPT_CLEAN pass (remove unused cells and wires).
Finding unused cells or wires in module \top_zkf_add_w8_m36_stage_output..
Finding unused cells or wires in module $paramod$72c8f62b4f7239522922133703bf3bd61312e62f\zkf_add..

6.32.29. Executing OPT_EXPR pass (perform const folding).
Optimizing module top_zkf_add_w8_m36_stage_output.
Optimizing module $paramod$72c8f62b4f7239522922133703bf3bd61312e62f\zkf_add.

6.32.30. Finished fast OPT passes. (There is nothing left to do.)

6.33. Executing TECHMAP pass (map to technology primitives).

6.33.1. Executing Verilog-2005 frontend: /mnt/storage/synth_eval/oss-cad-suite/lib/../share/yosys/techmap.v
Parsing Verilog input from `/mnt/storage/synth_eval/oss-cad-suite/lib/../share/yosys/techmap.v' to AST representation.
Generating RTLIL representation for module `\_90_simplemap_bool_ops'.
Generating RTLIL representation for module `\_90_simplemap_reduce_ops'.
Generating RTLIL representation for module `\_90_simplemap_logic_ops'.
Generating RTLIL representation for module `\_90_simplemap_compare_ops'.
Generating RTLIL representation for module `\_90_simplemap_various'.
Generating RTLIL representation for module `\_90_simplemap_registers'.
Generating RTLIL representation for module `\_90_shift_ops_shr_shl_sshl_sshr'.
Generating RTLIL representation for module `\_90_shift_shiftx'.
Generating RTLIL representation for module `\_90_fa'.
Generating RTLIL representation for module `\_90_lcu_brent_kung'.
Generating RTLIL representation for module `\_90_alu'.
Generating RTLIL representation for module `\_90_macc'.
Generating RTLIL representation for module `\_90_alumacc'.
Generating RTLIL representation for module `$__div_mod_u'.
Generating RTLIL representation for module `$__div_mod_trunc'.
Generating RTLIL representation for module `\_90_div'.
Generating RTLIL representation for module `\_90_mod'.
Generating RTLIL representation for module `$__div_mod_floor'.
Generating RTLIL representation for module `\_90_divfloor'.
Generating RTLIL representation for module `\_90_modfloor'.
Generating RTLIL representation for module `\_90_pow'.
Generating RTLIL representation for module `\_90_demux'.
Generating RTLIL representation for module `\_90_lut'.
Generating RTLIL representation for module `$connect'.
Generating RTLIL representation for module `$input_port'.
Successfully finished Verilog frontend.

6.33.2. Executing Verilog-2005 frontend: /mnt/storage/synth_eval/oss-cad-suite/lib/../share/yosys/lattice/arith_map_ccu2c.v
Parsing Verilog input from `/mnt/storage/synth_eval/oss-cad-suite/lib/../share/yosys/lattice/arith_map_ccu2c.v' to AST representation.
Generating RTLIL representation for module `\_80_ccu2c_alu'.
Successfully finished Verilog frontend.

6.33.3. Continuing TECHMAP pass.
Using extmapper simplemap for cells of type $sdff.
Using extmapper simplemap for cells of type $reduce_or.
Using extmapper simplemap for cells of type $not.
Using template $paramod$78c52b63fb941cc7052be719152a5363a9ff9665\_80_ccu2c_alu for cells of type $alu.
Using template $paramod$3b14592ce9badfbb173ac4460f389e01bf5321ff\_80_ccu2c_alu for cells of type $alu.
Using template $paramod$c3cd1564c35d873179656addd6052d7ea8b6d991\_80_ccu2c_alu for cells of type $alu.
Using template $paramod$78442a4931486f0e57f68961ac105d7345d17183\_80_ccu2c_alu for cells of type $alu.
Using template $paramod$a1bc51c02ce12ac21eb18988e83292af48ed7d72\_80_ccu2c_alu for cells of type $alu.
Using template $paramod$32db0a4456754da09616ae3f20c1234ab9b81c56\_80_ccu2c_alu for cells of type $alu.
Using extmapper simplemap for cells of type $dff.
Using extmapper simplemap for cells of type $reduce_and.
Using extmapper simplemap for cells of type $xor.
Using extmapper simplemap for cells of type $logic_not.
Using extmapper simplemap for cells of type $logic_and.
Using extmapper simplemap for cells of type $mux.
Using extmapper simplemap for cells of type $and.
Using extmapper simplemap for cells of type $or.
Using extmapper simplemap for cells of type $logic_or.
Using extmapper simplemap for cells of type $eq.
Using extmapper simplemap for cells of type $pos.
No more expansions possible.
<suppressed ~732 debug messages>

6.34. Executing OPT pass (performing simple optimizations).

6.34.1. Executing OPT_EXPR pass (perform const folding).
Optimizing module top_zkf_add_w8_m36_stage_output.
Optimizing module $paramod$72c8f62b4f7239522922133703bf3bd61312e62f\zkf_add.
<suppressed ~619 debug messages>

6.34.2. Executing OPT_MERGE pass (detect identical cells).
Finding identical cells in module `\top_zkf_add_w8_m36_stage_output'.
Computing hashes of 135 cells of `\top_zkf_add_w8_m36_stage_output'.
Finding duplicate cells in `\top_zkf_add_w8_m36_stage_output'.
Finding identical cells in module `$paramod$72c8f62b4f7239522922133703bf3bd61312e62f\zkf_add'.
Computing hashes of 2348 cells of `$paramod$72c8f62b4f7239522922133703bf3bd61312e62f\zkf_add'.
Finding duplicate cells in `$paramod$72c8f62b4f7239522922133703bf3bd61312e62f\zkf_add'.
Computing hashes of 2296 cells of `$paramod$72c8f62b4f7239522922133703bf3bd61312e62f\zkf_add'.
Finding duplicate cells in `$paramod$72c8f62b4f7239522922133703bf3bd61312e62f\zkf_add'.
Computing hashes of 2274 cells of `$paramod$72c8f62b4f7239522922133703bf3bd61312e62f\zkf_add'.
Finding duplicate cells in `$paramod$72c8f62b4f7239522922133703bf3bd61312e62f\zkf_add'.
Computing hashes of 2265 cells of `$paramod$72c8f62b4f7239522922133703bf3bd61312e62f\zkf_add'.
Finding duplicate cells in `$paramod$72c8f62b4f7239522922133703bf3bd61312e62f\zkf_add'.
Computing hashes of 2261 cells of `$paramod$72c8f62b4f7239522922133703bf3bd61312e62f\zkf_add'.
Finding duplicate cells in `$paramod$72c8f62b4f7239522922133703bf3bd61312e62f\zkf_add'.
Computing hashes of 2260 cells of `$paramod$72c8f62b4f7239522922133703bf3bd61312e62f\zkf_add'.
Finding duplicate cells in `$paramod$72c8f62b4f7239522922133703bf3bd61312e62f\zkf_add'.
<suppressed ~264 debug messages>
Removed a total of 88 cells.

6.34.3. Executing OPT_DFF pass (perform DFF optimizations).

6.34.4. Executing OPT_CLEAN pass (remove unused cells and wires).
Finding unused cells or wires in module \top_zkf_add_w8_m36_stage_output..
Finding unused cells or wires in module $paramod$72c8f62b4f7239522922133703bf3bd61312e62f\zkf_add..
Removed 506 unused cells and 500 unused wires.
<suppressed ~507 debug messages>

6.34.5. Finished fast OPT passes.

6.35. Executing ABC pass (technology mapping using ABC).

6.35.1. Summary of detected clock domains:
  3 cells in clk=\clk, en={ }, arst={ }, srst=\rst
  132 cells in clk=\clk, en={ }, arst={ }, srst={ }

6.35.2. Extracting gate netlist of module `\top_zkf_add_w8_m36_stage_output' to `<abc-temp-dir>/input.blif'..
Found matching posedge clock domain: \clk, synchronously reset by \rst

6.35.3. Extracting gate netlist of module `\top_zkf_add_w8_m36_stage_output' to `<abc-temp-dir>/input.blif'..
Found matching posedge clock domain: \clk

6.35.3.1. Executed ABC.
Extracted 2 gates and 4 wires to a netlist network with 2 inputs and 2 outputs.
Running ABC script: <abc-temp-dir>/abc.script
ABC: UC Berkeley, ABC 1.01 (compiled May 12 2026 04:40:36)
ABC: abc 01> empty
ABC: abc 01> source <abc-temp-dir>/abc.script
ABC: + read_blif <abc-temp-dir>/input.blif 
ABC: + read_library <abc-temp-dir>/stdcells.genlib 
ABC: + strash 
ABC: + &get -n 
ABC: + &fraig -x 
ABC: + &put 
ABC: + scorr 
ABC: + dc2 
ABC: + dretime 
ABC: + retime -o -D 1 
ABC: + strash 
ABC: + &get -n 
ABC: + &dch -f 
ABC: + &nf -D 1 
ABC: + &put 
ABC: + write_blif <abc-temp-dir>/output.blif 
ABC: 
ABC: YOSYS_ABC_DONE 

6.35.3.2. Re-integrating ABC results.
ABC RESULTS:               BUF cells:        4
ABC RESULTS:               DFF cells:        2
ABC RESULTS:        internal signals:        0
ABC RESULTS:           input signals:        2
ABC RESULTS:          output signals:        2
Removing temp directory.

6.35.3.1. Executed ABC.
Extracted 132 gates and 264 wires to a netlist network with 132 inputs and 132 outputs.
Running ABC script: <abc-temp-dir>/abc.script
ABC: UC Berkeley, ABC 1.01 (compiled May 12 2026 04:40:36)
ABC: abc 01> empty
ABC: abc 01> source <abc-temp-dir>/abc.script
ABC: + read_blif <abc-temp-dir>/input.blif 
ABC: + read_library <abc-temp-dir>/stdcells.genlib 
ABC: + strash 
ABC: + &get -n 
ABC: Warning: 132 registers in this network have don't-care init values.
ABC: The don't-care are assumed to be 0. The result may not verify.
ABC: Use command "print_latch" to see the init values of registers.
ABC: Use command "zero" to convert or "init" to change the values.
ABC: + &fraig -x 
ABC: + &put 
ABC: + scorr 
ABC: + dc2 
ABC: + dretime 
ABC: + retime -o -D 1 
ABC: + strash 
ABC: + &get -n 
ABC: + &dch -f 
ABC: + &nf -D 1 
ABC: + &put 
ABC: + write_blif <abc-temp-dir>/output.blif 
ABC: 
ABC: YOSYS_ABC_DONE 

6.35.3.2. Re-integrating ABC results.
ABC RESULTS:               BUF cells:      264
ABC RESULTS:               DFF cells:      132
ABC RESULTS:        internal signals:        0
ABC RESULTS:           input signals:      132
ABC RESULTS:          output signals:      132
Removing temp directory.

6.35.4. Summary of detected clock domains:
  4 cells in clk={ }, en={ }, arst={ }, srst={ }
  2 cells in clk=\clk, en={ }, arst={ }, srst=\s2_raw_result [39]
  7 cells in clk=\clk, en={ }, arst={ }, srst=$auto$simplemap.cc:148:simplemap_reduce$1640 [1]
  5 cells in clk=\clk, en={ }, arst={ }, srst=\rst
  5 cells in clk=\clk, en={ }, arst={ }, srst=$auto$opt_dff.cc:275:combine_resets$866
  163 cells in clk=\clk, en={ }, arst={ }, srst=\u_align_small.shamt_ge_w_use
  68 cells in clk=\clk, en={ }, arst={ }, srst=$auto$opt_dff.cc:275:combine_resets$1044
  42 cells in clk=\clk, en={ }, arst={ }, srst=\u_pack.result_zero
  17 cells in clk=\clk, en={ }, arst={ }, srst=!$auto$opt_dff.cc:275:combine_resets$874
  20 cells in clk=\clk, en={ }, arst={ }, srst=!$auto$opt_dff.cc:275:combine_resets$871
  25 cells in clk=\clk, en={ }, arst={ }, srst=!$flatten\u_sub_norm.$reduce_or$/mnt/storage/zubax/kulibin2/float/hdl/_zkf_normshift.v:73$665_Y
  19 cells in clk=\clk, en={ }, arst={ }, srst=$auto$simplemap.cc:148:simplemap_reduce$3255 [1]
  1377 cells in clk=\clk, en={ }, arst={ }, srst={ }

6.35.5. Extracting gate netlist of module `$paramod$72c8f62b4f7239522922133703bf3bd61312e62f\zkf_add' to `<abc-temp-dir>/input.blif'..
No matching clock domain found. Not extracting any FF cells.

6.35.6. Extracting gate netlist of module `$paramod$72c8f62b4f7239522922133703bf3bd61312e62f\zkf_add' to `<abc-temp-dir>/input.blif'..
Found matching posedge clock domain: \clk, synchronously reset by \s2_raw_result [39]

6.35.6.1. Executed ABC.
Extracted 0 gates and 0 wires to a netlist network with 0 inputs and 0 outputs.
Don't call ABC as there is nothing to map.
Removing temp directory.

6.35.7. Extracting gate netlist of module `$paramod$72c8f62b4f7239522922133703bf3bd61312e62f\zkf_add' to `<abc-temp-dir>/input.blif'..
Found matching posedge clock domain: \clk, synchronously reset by $auto$simplemap.cc:148:simplemap_reduce$1640 [1]

6.35.8. Extracting gate netlist of module `$paramod$72c8f62b4f7239522922133703bf3bd61312e62f\zkf_add' to `<abc-temp-dir>/input.blif'..
Found matching posedge clock domain: \clk, synchronously reset by \rst

6.35.9. Extracting gate netlist of module `$paramod$72c8f62b4f7239522922133703bf3bd61312e62f\zkf_add' to `<abc-temp-dir>/input.blif'..
Found matching posedge clock domain: \clk, synchronously reset by $auto$opt_dff.cc:275:combine_resets$866

6.35.10. Extracting gate netlist of module `$paramod$72c8f62b4f7239522922133703bf3bd61312e62f\zkf_add' to `<abc-temp-dir>/input.blif'..
Found matching posedge clock domain: \clk, synchronously reset by \u_align_small.shamt_ge_w_use

6.35.11. Extracting gate netlist of module `$paramod$72c8f62b4f7239522922133703bf3bd61312e62f\zkf_add' to `<abc-temp-dir>/input.blif'..
Found matching posedge clock domain: \clk, synchronously reset by $auto$opt_dff.cc:275:combine_resets$1044

6.35.12. Extracting gate netlist of module `$paramod$72c8f62b4f7239522922133703bf3bd61312e62f\zkf_add' to `<abc-temp-dir>/input.blif'..
Found matching posedge clock domain: \clk, synchronously reset by \u_pack.result_zero

6.35.13. Extracting gate netlist of module `$paramod$72c8f62b4f7239522922133703bf3bd61312e62f\zkf_add' to `<abc-temp-dir>/input.blif'..
Found matching posedge clock domain: \clk, synchronously reset by !$auto$opt_dff.cc:275:combine_resets$874

6.35.14. Extracting gate netlist of module `$paramod$72c8f62b4f7239522922133703bf3bd61312e62f\zkf_add' to `<abc-temp-dir>/input.blif'..
Found matching posedge clock domain: \clk, synchronously reset by !$auto$opt_dff.cc:275:combine_resets$871

6.35.15. Extracting gate netlist of module `$paramod$72c8f62b4f7239522922133703bf3bd61312e62f\zkf_add' to `<abc-temp-dir>/input.blif'..
Found matching posedge clock domain: \clk, synchronously reset by !$flatten\u_sub_norm.$reduce_or$/mnt/storage/zubax/kulibin2/float/hdl/_zkf_normshift.v:73$665_Y

6.35.16. Extracting gate netlist of module `$paramod$72c8f62b4f7239522922133703bf3bd61312e62f\zkf_add' to `<abc-temp-dir>/input.blif'..
Found matching posedge clock domain: \clk, synchronously reset by $auto$simplemap.cc:148:simplemap_reduce$3255 [1]

6.35.17. Extracting gate netlist of module `$paramod$72c8f62b4f7239522922133703bf3bd61312e62f\zkf_add' to `<abc-temp-dir>/input.blif'..
Found matching posedge clock domain: \clk

6.35.17.1. Executed ABC.
Extracted 2 gates and 4 wires to a netlist network with 2 inputs and 2 outputs.
Running ABC script: <abc-temp-dir>/abc.script
ABC: UC Berkeley, ABC 1.01 (compiled May 12 2026 04:40:36)
ABC: abc 01> empty
ABC: abc 01> source <abc-temp-dir>/abc.script
ABC: + read_blif <abc-temp-dir>/input.blif 
ABC: + read_library <abc-temp-dir>/stdcells.genlib 
ABC: + strash 
ABC: + &get -n 
ABC: + &fraig -x 
ABC: + &put 
ABC: + scorr 
ABC: + dc2 
ABC: + dretime 
ABC: + retime -o -D 1 
ABC: + strash 
ABC: + &get -n 
ABC: + &dch -f 
ABC: + &nf -D 1 
ABC: + &put 
ABC: + write_blif <abc-temp-dir>/output.blif 
ABC: 
ABC: YOSYS_ABC_DONE 

6.35.17.2. Re-integrating ABC results.
ABC RESULTS:               DFF cells:        1
ABC RESULTS:               NOT cells:        2
ABC RESULTS:             ORNOT cells:        1
ABC RESULTS:        internal signals:        0
ABC RESULTS:           input signals:        2
ABC RESULTS:          output signals:        2
Removing temp directory.

6.35.17.1. Executed ABC.
Extracted 6 gates and 13 wires to a netlist network with 6 inputs and 2 outputs.
Running ABC script: <abc-temp-dir>/abc.script
ABC: UC Berkeley, ABC 1.01 (compiled May 12 2026 04:40:36)
ABC: abc 01> empty
ABC: abc 01> source <abc-temp-dir>/abc.script
ABC: + read_blif <abc-temp-dir>/input.blif 
ABC: + read_library <abc-temp-dir>/stdcells.genlib 
ABC: + strash 
ABC: + &get -n 
ABC: + &fraig -x 
ABC: + &put 
ABC: + scorr 
ABC: + dc2 
ABC: + dretime 
ABC: + retime -o -D 1 
ABC: + strash 
ABC: + &get -n 
ABC: + &dch -f 
ABC: + &nf -D 1 
ABC: + &put 
ABC: + write_blif <abc-temp-dir>/output.blif 
ABC: 
ABC: YOSYS_ABC_DONE 

6.35.17.2. Re-integrating ABC results.
ABC RESULTS:               BUF cells:        1
ABC RESULTS:               DFF cells:        1
ABC RESULTS:              NAND cells:        1
ABC RESULTS:               NOR cells:        2
ABC RESULTS:             ORNOT cells:        1
ABC RESULTS:        internal signals:        5
ABC RESULTS:           input signals:        6
ABC RESULTS:          output signals:        2
Removing temp directory.

6.35.17.1. Executed ABC.
Extracted 5 gates and 6 wires to a netlist network with 1 inputs and 1 outputs.
Running ABC script: <abc-temp-dir>/abc.script
ABC: UC Berkeley, ABC 1.01 (compiled May 12 2026 04:40:36)
ABC: abc 01> empty
ABC: abc 01> source <abc-temp-dir>/abc.script
ABC: + read_blif <abc-temp-dir>/input.blif 
ABC: + read_library <abc-temp-dir>/stdcells.genlib 
ABC: + strash 
ABC: + &get -n 
ABC: + &fraig -x 
ABC: + &put 
ABC: + scorr 
ABC: + dc2 
ABC: + dretime 
ABC: + retime -o -D 1 
ABC: + strash 
ABC: + &get -n 
ABC: + &dch -f 
ABC: + &nf -D 1 
ABC: + &put 
ABC: + write_blif <abc-temp-dir>/output.blif 
ABC: 
ABC: YOSYS_ABC_DONE 

6.35.17.2. Re-integrating ABC results.
ABC RESULTS:               BUF cells:        6
ABC RESULTS:               DFF cells:        5
ABC RESULTS:        internal signals:        4
ABC RESULTS:           input signals:        1
ABC RESULTS:          output signals:        1
Removing temp directory.

6.35.17.1. Executed ABC.
Extracted 5 gates and 11 wires to a netlist network with 5 inputs and 3 outputs.
Running ABC script: <abc-temp-dir>/abc.script
ABC: UC Berkeley, ABC 1.01 (compiled May 12 2026 04:40:36)
ABC: abc 01> empty
ABC: abc 01> source <abc-temp-dir>/abc.script
ABC: + read_blif <abc-temp-dir>/input.blif 
ABC: + read_library <abc-temp-dir>/stdcells.genlib 
ABC: + strash 
ABC: + &get -n 
ABC: + &fraig -x 
ABC: + &put 
ABC: + scorr 
ABC: + dc2 
ABC: + dretime 
ABC: + retime -o -D 1 
ABC: Abc_NtkRetimeInitialValues(): The problem is unsatisfiable. DC latch values are used.
ABC: + strash 
ABC: + &get -n 
ABC: + &dch -f 
ABC: + &nf -D 1 
ABC: + &put 
ABC: + write_blif <abc-temp-dir>/output.blif 
ABC: 
ABC: YOSYS_ABC_DONE 

6.35.17.2. Re-integrating ABC results.
ABC RESULTS:              NAND cells:        1
ABC RESULTS:               NOR cells:        2
ABC RESULTS:               ONE cells:        1
ABC RESULTS:                OR cells:        1
ABC RESULTS:        internal signals:        3
ABC RESULTS:           input signals:        5
ABC RESULTS:          output signals:        3
Removing temp directory.

6.35.17.1. Executed ABC.
Extracted 163 gates and 222 wires to a netlist network with 58 inputs and 68 outputs.
Running ABC script: <abc-temp-dir>/abc.script
ABC: UC Berkeley, ABC 1.01 (compiled May 12 2026 04:40:36)
ABC: abc 01> empty
ABC: abc 01> source <abc-temp-dir>/abc.script
ABC: + read_blif <abc-temp-dir>/input.blif 
ABC: + read_library <abc-temp-dir>/stdcells.genlib 
ABC: + strash 
ABC: + &get -n 
ABC: + &fraig -x 
ABC: + &put 
ABC: + scorr 
ABC: + dc2 
ABC: + dretime 
ABC: + retime -o -D 1 
ABC: + strash 
ABC: + &get -n 
ABC: + &dch -f 
ABC: + &nf -D 1 
ABC: + &put 
ABC: + write_blif <abc-temp-dir>/output.blif 
ABC: 
ABC: YOSYS_ABC_DONE 

6.35.17.2. Re-integrating ABC results.
ABC RESULTS:               AND cells:       96
ABC RESULTS:            ANDNOT cells:       22
ABC RESULTS:               BUF cells:        1
ABC RESULTS:               DFF cells:       46
ABC RESULTS:               MUX cells:       22
ABC RESULTS:              NAND cells:       52
ABC RESULTS:               NOR cells:       22
ABC RESULTS:               NOT cells:       22
ABC RESULTS:                OR cells:       22
ABC RESULTS:             ORNOT cells:       24
ABC RESULTS:        internal signals:       96
ABC RESULTS:           input signals:       58
ABC RESULTS:          output signals:       68
Removing temp directory.

6.35.17.1. Executed ABC.
Extracted 68 gates and 88 wires to a netlist network with 19 inputs and 48 outputs.
Running ABC script: <abc-temp-dir>/abc.script
ABC: UC Berkeley, ABC 1.01 (compiled May 12 2026 04:40:36)
ABC: abc 01> empty
ABC: abc 01> source <abc-temp-dir>/abc.script
ABC: + read_blif <abc-temp-dir>/input.blif 
ABC: + read_library <abc-temp-dir>/stdcells.genlib 
ABC: + strash 
ABC: + &get -n 
ABC: + &fraig -x 
ABC: + &put 
ABC: + scorr 
ABC: + dc2 
ABC: + dretime 
ABC: + retime -o -D 1 
ABC: + strash 
ABC: + &get -n 
ABC: + &dch -f 
ABC: + &nf -D 1 
ABC: + &put 
ABC: + write_blif <abc-temp-dir>/output.blif 
ABC: 
ABC: YOSYS_ABC_DONE 

6.35.17.2. Re-integrating ABC results.
ABC RESULTS:               AND cells:       12
ABC RESULTS:            ANDNOT cells:       13
ABC RESULTS:               BUF cells:       16
ABC RESULTS:               DFF cells:       16
ABC RESULTS:               MUX cells:       20
ABC RESULTS:              NAND cells:       16
ABC RESULTS:               NOT cells:       16
ABC RESULTS:                OR cells:        4
ABC RESULTS:             ORNOT cells:        8
ABC RESULTS:        internal signals:       21
ABC RESULTS:           input signals:       19
ABC RESULTS:          output signals:       48
Removing temp directory.

6.35.17.1. Executed ABC.
Extracted 38 gates and 61 wires to a netlist network with 21 inputs and 11 outputs.
Running ABC script: <abc-temp-dir>/abc.script
ABC: UC Berkeley, ABC 1.01 (compiled May 12 2026 04:40:36)
ABC: abc 01> empty
ABC: abc 01> source <abc-temp-dir>/abc.script
ABC: + read_blif <abc-temp-dir>/input.blif 
ABC: + read_library <abc-temp-dir>/stdcells.genlib 
ABC: + strash 
ABC: + &get -n 
ABC: + &fraig -x 
ABC: + &put 
ABC: + scorr 
ABC: + dc2 
ABC: + dretime 
ABC: + retime -o -D 1 
ABC: + strash 
ABC: + &get -n 
ABC: + &dch -f 
ABC: + &nf -D 1 
ABC: + &put 
ABC: + write_blif <abc-temp-dir>/output.blif 
ABC: 
ABC: YOSYS_ABC_DONE 

6.35.17.2. Re-integrating ABC results.
ABC RESULTS:               AND cells:        9
ABC RESULTS:            ANDNOT cells:        8
ABC RESULTS:               BUF cells:        8
ABC RESULTS:               DFF cells:       10
ABC RESULTS:               NOR cells:        4
ABC RESULTS:                OR cells:       10
ABC RESULTS:        internal signals:       29
ABC RESULTS:           input signals:       21
ABC RESULTS:          output signals:       11
Removing temp directory.

6.35.17.1. Executed ABC.
Extracted 17 gates and 32 wires to a netlist network with 14 inputs and 14 outputs.
Running ABC script: <abc-temp-dir>/abc.script
ABC: empty
ABC: abc 10> source <abc-temp-dir>/abc.script
ABC: + read_blif <abc-temp-dir>/input.blif 
ABC: + read_library <abc-temp-dir>/stdcells.genlib 
ABC: + strash 
ABC: + &get -n 
ABC: + &fraig -x 
ABC: + &put 
ABC: + scorr 
ABC: + dc2 
ABC: + dretime 
ABC: + retime -o -D 1 
ABC: + strash 
ABC: + &get -n 
ABC: + &dch -f 
ABC: + &nf -D 1 
ABC: + &put 
ABC: + write_blif <abc-temp-dir>/output.blif 
ABC: 
ABC: YOSYS_ABC_DONE 

6.35.17.2. Re-integrating ABC results.
ABC RESULTS:               AND cells:        9
ABC RESULTS:               BUF cells:        4
ABC RESULTS:               DFF cells:        4
ABC RESULTS:               MUX cells:        8
ABC RESULTS:        internal signals:        4
ABC RESULTS:           input signals:       14
ABC RESULTS:          output signals:       14
Removing temp directory.

6.35.17.1. Executed ABC.
Extracted 20 gates and 40 wires to a netlist network with 19 inputs and 13 outputs.
Running ABC script: <abc-temp-dir>/abc.script
ABC: empty
ABC: abc 10> source <abc-temp-dir>/abc.script
ABC: + read_blif <abc-temp-dir>/input.blif 
ABC: + read_library <abc-temp-dir>/stdcells.genlib 
ABC: + strash 
ABC: + &get -n 
ABC: + &fraig -x 
ABC: + &put 
ABC: + scorr 
ABC: + dc2 
ABC: + dretime 
ABC: + retime -o -D 1 
ABC: + strash 
ABC: + &get -n 
ABC: + &dch -f 
ABC: + &nf -D 1 
ABC: + &put 
ABC: + write_blif <abc-temp-dir>/output.blif 
ABC: 
ABC: YOSYS_ABC_DONE 

6.35.17.2. Re-integrating ABC results.
ABC RESULTS:               AND cells:        4
ABC RESULTS:               BUF cells:        4
ABC RESULTS:               DFF cells:        4
ABC RESULTS:               MUX cells:       12
ABC RESULTS:        internal signals:        8
ABC RESULTS:           input signals:       19
ABC RESULTS:          output signals:       13
Removing temp directory.

6.35.17.1. Executed ABC.
Extracted 25 gates and 51 wires to a netlist network with 26 inputs and 10 outputs.
Running ABC script: <abc-temp-dir>/abc.script
ABC: empty
ABC: abc 10> source <abc-temp-dir>/abc.script
ABC: + read_blif <abc-temp-dir>/input.blif 
ABC: + read_library <abc-temp-dir>/stdcells.genlib 
ABC: + strash 
ABC: + &get -n 
ABC: + &fraig -x 
ABC: + &put 
ABC: + scorr 
ABC: + dc2 
ABC: + dretime 
ABC: + retime -o -D 1 
ABC: + strash 
ABC: + &get -n 
ABC: + &dch -f 
ABC: + &nf -D 1 
ABC: + &put 
ABC: + write_blif <abc-temp-dir>/output.blif 
ABC: 
ABC: YOSYS_ABC_DONE 

6.35.17.2. Re-integrating ABC results.
ABC RESULTS:               AND cells:        1
ABC RESULTS:               BUF cells:        4
ABC RESULTS:               DFF cells:        4
ABC RESULTS:               MUX cells:       16
ABC RESULTS:              NAND cells:        1
ABC RESULTS:               NOR cells:        3
ABC RESULTS:        internal signals:       15
ABC RESULTS:           input signals:       26
ABC RESULTS:          output signals:       10
Removing temp directory.

6.35.17.1. Executed ABC.
Extracted 18 gates and 34 wires to a netlist network with 16 inputs and 4 outputs.
Running ABC script: <abc-temp-dir>/abc.script
ABC: empty
ABC: abc 10> source <abc-temp-dir>/abc.script
ABC: + read_blif <abc-temp-dir>/input.blif 
ABC: + read_library <abc-temp-dir>/stdcells.genlib 
ABC: + strash 
ABC: + &get -n 
ABC: + &fraig -x 
ABC: + &put 
ABC: + scorr 
ABC: + dc2 
ABC: + dretime 
ABC: + retime -o -D 1 
ABC: + strash 
ABC: + &get -n 
ABC: + &dch -f 
ABC: + &nf -D 1 
ABC: + &put 
ABC: + write_blif <abc-temp-dir>/output.blif 
ABC: 
ABC: YOSYS_ABC_DONE 

6.35.17.2. Re-integrating ABC results.
ABC RESULTS:               AND cells:        7
ABC RESULTS:               BUF cells:        2
ABC RESULTS:               DFF cells:        2
ABC RESULTS:              NAND cells:        2
ABC RESULTS:               NOR cells:        8
ABC RESULTS:               NOT cells:        1
ABC RESULTS:        internal signals:       14
ABC RESULTS:           input signals:       16
ABC RESULTS:          output signals:        4
Removing temp directory.

6.35.17.1. Executed ABC.
Extracted 1306 gates and 1655 wires to a netlist network with 347 inputs and 302 outputs.
Running ABC script: <abc-temp-dir>/abc.script
ABC: empty
ABC: abc 19> source <abc-temp-dir>/abc.script
ABC: + read_blif <abc-temp-dir>/input.blif 
ABC: + read_library <abc-temp-dir>/stdcells.genlib 
ABC: + strash 
ABC: + &get -n 
ABC: Warning: 317 registers in this network have don't-care init values.
ABC: The don't-care are assumed to be 0. The result may not verify.
ABC: Use command "print_latch" to see the init values of registers.
ABC: Use command "zero" to convert or "init" to change the values.
ABC: + &fraig -x 
ABC: + &put 
ABC: + scorr 
ABC: + dc2 
ABC: + dretime 
ABC: + retime -o -D 1 
ABC: + strash 
ABC: + &get -n 
ABC: + &dch -f 
ABC: + &nf -D 1 
ABC: + &put 
ABC: + write_blif <abc-temp-dir>/output.blif 
ABC: 
ABC: YOSYS_ABC_DONE 

6.35.17.2. Re-integrating ABC results.
ABC RESULTS:               AND cells:      343
ABC RESULTS:            ANDNOT cells:       79
ABC RESULTS:               BUF cells:      221
ABC RESULTS:               DFF cells:      331
ABC RESULTS:               MUX cells:      281
ABC RESULTS:              NAND cells:      324
ABC RESULTS:               NOR cells:      101
ABC RESULTS:               NOT cells:        9
ABC RESULTS:                OR cells:      122
ABC RESULTS:             ORNOT cells:       48
ABC RESULTS:              XNOR cells:        2
ABC RESULTS:        internal signals:     1006
ABC RESULTS:           input signals:      347
ABC RESULTS:          output signals:      302
Removing temp directory.
Removing global temp directory.

6.36. Executing OPT_CLEAN pass (remove unused cells and wires).
Finding unused cells or wires in module \top_zkf_add_w8_m36_stage_output..
Finding unused cells or wires in module $paramod$72c8f62b4f7239522922133703bf3bd61312e62f\zkf_add..
Removed 0 unused cells and 1953 unused wires.
<suppressed ~110 debug messages>

6.37. Executing DFFLEGALIZE pass (convert FFs to types supported by the target).

6.38. Executing OPT_MERGE pass (detect identical cells).
Finding identical cells in module `\top_zkf_add_w8_m36_stage_output'.
Computing hashes of 135 cells of `\top_zkf_add_w8_m36_stage_output'.
Finding duplicate cells in `\top_zkf_add_w8_m36_stage_output'.
Finding identical cells in module `$paramod$72c8f62b4f7239522922133703bf3bd61312e62f\zkf_add'.
Computing hashes of 2311 cells of `$paramod$72c8f62b4f7239522922133703bf3bd61312e62f\zkf_add'.
Finding duplicate cells in `$paramod$72c8f62b4f7239522922133703bf3bd61312e62f\zkf_add'.
Computing hashes of 2241 cells of `$paramod$72c8f62b4f7239522922133703bf3bd61312e62f\zkf_add'.
Finding duplicate cells in `$paramod$72c8f62b4f7239522922133703bf3bd61312e62f\zkf_add'.
<suppressed ~210 debug messages>
Removed a total of 70 cells.

6.39. Executing TECHMAP pass (map to technology primitives).

6.39.1. Executing Verilog-2005 frontend: /mnt/storage/synth_eval/oss-cad-suite/lib/../share/yosys/lattice/cells_map_trellis.v
Parsing Verilog input from `/mnt/storage/synth_eval/oss-cad-suite/lib/../share/yosys/lattice/cells_map_trellis.v' to AST representation.
Generating RTLIL representation for module `$_DFF_N_'.
Generating RTLIL representation for module `$_DFF_P_'.
Generating RTLIL representation for module `$_DFFE_NN_'.
Generating RTLIL representation for module `$_DFFE_PN_'.
Generating RTLIL representation for module `$_DFFE_NP_'.
Generating RTLIL representation for module `$_DFFE_PP_'.
Generating RTLIL representation for module `$_DFF_NP0_'.
Generating RTLIL representation for module `$_DFF_NP1_'.
Generating RTLIL representation for module `$_DFF_PP0_'.
Generating RTLIL representation for module `$_DFF_PP1_'.
Generating RTLIL representation for module `$_SDFF_NP0_'.
Generating RTLIL representation for module `$_SDFF_NP1_'.
Generating RTLIL representation for module `$_SDFF_PP0_'.
Generating RTLIL representation for module `$_SDFF_PP1_'.
Generating RTLIL representation for module `$_DFFE_NP0P_'.
Generating RTLIL representation for module `$_DFFE_NP1P_'.
Generating RTLIL representation for module `$_DFFE_PP0P_'.
Generating RTLIL representation for module `$_DFFE_PP1P_'.
Generating RTLIL representation for module `$_DFFE_NP0N_'.
Generating RTLIL representation for module `$_DFFE_NP1N_'.
Generating RTLIL representation for module `$_DFFE_PP0N_'.
Generating RTLIL representation for module `$_DFFE_PP1N_'.
Generating RTLIL representation for module `$_SDFFE_NP0P_'.
Generating RTLIL representation for module `$_SDFFE_NP1P_'.
Generating RTLIL representation for module `$_SDFFE_PP0P_'.
Generating RTLIL representation for module `$_SDFFE_PP1P_'.
Generating RTLIL representation for module `$_SDFFE_NP0N_'.
Generating RTLIL representation for module `$_SDFFE_NP1N_'.
Generating RTLIL representation for module `$_SDFFE_PP0N_'.
Generating RTLIL representation for module `$_SDFFE_PP1N_'.
Generating RTLIL representation for module `$_ALDFF_NP_'.
Generating RTLIL representation for module `$_ALDFF_PP_'.
Generating RTLIL representation for module `$_ALDFFE_NPN_'.
Generating RTLIL representation for module `$_ALDFFE_NPP_'.
Generating RTLIL representation for module `$_ALDFFE_PPN_'.
Generating RTLIL representation for module `$_ALDFFE_PPP_'.
Generating RTLIL representation for module `\FD1P3AX'.
Generating RTLIL representation for module `\FD1P3AY'.
Generating RTLIL representation for module `\FD1P3BX'.
Generating RTLIL representation for module `\FD1P3DX'.
Generating RTLIL representation for module `\FD1P3IX'.
Generating RTLIL representation for module `\FD1P3JX'.
Generating RTLIL representation for module `\FD1S3AX'.
Generating RTLIL representation for module `\FD1S3AY'.
Generating RTLIL representation for module `\FD1S3BX'.
Generating RTLIL representation for module `\FD1S3DX'.
Generating RTLIL representation for module `\FD1S3IX'.
Generating RTLIL representation for module `\FD1S3JX'.
Generating RTLIL representation for module `\IFS1P3BX'.
Generating RTLIL representation for module `\IFS1P3DX'.
Generating RTLIL representation for module `\IFS1P3IX'.
Generating RTLIL representation for module `\IFS1P3JX'.
Generating RTLIL representation for module `\OFS1P3BX'.
Generating RTLIL representation for module `\OFS1P3DX'.
Generating RTLIL representation for module `\OFS1P3IX'.
Generating RTLIL representation for module `\OFS1P3JX'.
Generating RTLIL representation for module `\IB'.
Generating RTLIL representation for module `\IBPU'.
Generating RTLIL representation for module `\IBPD'.
Generating RTLIL representation for module `\OB'.
Generating RTLIL representation for module `\OBZ'.
Generating RTLIL representation for module `\OBZPU'.
Generating RTLIL representation for module `\OBZPD'.
Generating RTLIL representation for module `\OBCO'.
Generating RTLIL representation for module `\BB'.
Generating RTLIL representation for module `\BBPU'.
Generating RTLIL representation for module `\BBPD'.
Generating RTLIL representation for module `\ILVDS'.
Generating RTLIL representation for module `\OLVDS'.
Successfully finished Verilog frontend.

6.39.2. Continuing TECHMAP pass.
Using template $paramod$_DFF_P_\_TECHMAP_WIREINIT_Q_=1'x for cells of type $_DFF_P_.
Using template $_SDFF_PP0_ for cells of type $_SDFF_PP0_.
No more expansions possible.
<suppressed ~639 debug messages>

6.40. Executing OPT_EXPR pass (perform const folding).
Optimizing module top_zkf_add_w8_m36_stage_output.
Optimizing module $paramod$72c8f62b4f7239522922133703bf3bd61312e62f\zkf_add.
<suppressed ~358 debug messages>

6.41. Executing SIMPLEMAP pass (map simple cells to gate primitives).

6.42. Executing LATTICE_GSR pass (implement FF init values).
Handling GSR in top_zkf_add_w8_m36_stage_output.
Handling GSR in $paramod$72c8f62b4f7239522922133703bf3bd61312e62f\zkf_add.

6.43. Executing ATTRMVCP pass (move or copy attributes).

6.44. Executing OPT_CLEAN pass (remove unused cells and wires).
Finding unused cells or wires in module \top_zkf_add_w8_m36_stage_output..
Finding unused cells or wires in module $paramod$72c8f62b4f7239522922133703bf3bd61312e62f\zkf_add..
Removed 1 unused cells and 2394 unused wires.
<suppressed ~3 debug messages>

6.45. Executing ABC pass (technology mapping using ABC).

6.45.1. Extracting gate netlist of module `\top_zkf_add_w8_m36_stage_output' to `<abc-temp-dir>/input.blif'..

6.45.1.1. Executed ABC.
Extracted 0 gates and 0 wires to a netlist network with 0 inputs and 0 outputs.
Don't call ABC as there is nothing to map.
Removing temp directory.

6.45.2. Extracting gate netlist of module `$paramod$72c8f62b4f7239522922133703bf3bd61312e62f\zkf_add' to `<abc-temp-dir>/input.blif'..

6.45.2.1. Executed ABC.
Extracted 1736 gates and 2136 wires to a netlist network with 400 inputs and 391 outputs.
Running ABC script: <abc-temp-dir>/abc.script
ABC: UC Berkeley, ABC 1.01 (compiled May 12 2026 04:40:36)
ABC: abc 01> empty
ABC: abc 01> source <abc-temp-dir>/abc.script
ABC: + read_blif <abc-temp-dir>/input.blif 
ABC: + read_library <abc-temp-dir>/stdcells.genlib 
ABC: + strash 
ABC: + &get -n 
ABC: + &fraig -x 
ABC: + &put 
ABC: + scorr 
ABC: Warning: The network is combinational (run "fraig" or "fraig_sweep").
ABC: + dc2 
ABC: + dretime 
ABC: + strash 
ABC: + &get -n 
ABC: + &dch -f 
ABC: + &nf 
ABC: + &put 
ABC: + write_blif <abc-temp-dir>/output.blif 
ABC: 
ABC: YOSYS_ABC_DONE 

6.45.2.2. Re-integrating ABC results.
ABC RESULTS:               AND cells:      409
ABC RESULTS:            ANDNOT cells:      150
ABC RESULTS:               MUX cells:      210
ABC RESULTS:              NAND cells:      555
ABC RESULTS:               NOR cells:      127
ABC RESULTS:               NOT cells:       22
ABC RESULTS:                OR cells:      130
ABC RESULTS:             ORNOT cells:      109
ABC RESULTS:              XNOR cells:       40
ABC RESULTS:        internal signals:     1345
ABC RESULTS:           input signals:      400
ABC RESULTS:          output signals:      391
Removing temp directory.
Removing global temp directory.

6.46. Executing TECHMAP pass (map to technology primitives).

6.46.1. Executing Verilog-2005 frontend: /mnt/storage/synth_eval/oss-cad-suite/lib/../share/yosys/lattice/latches_map.v
Parsing Verilog input from `/mnt/storage/synth_eval/oss-cad-suite/lib/../share/yosys/lattice/latches_map.v' to AST representation.
Generating RTLIL representation for module `$_DLATCH_N_'.
Generating RTLIL representation for module `$_DLATCH_P_'.
Successfully finished Verilog frontend.

6.46.2. Continuing TECHMAP pass.
No more expansions possible.
<suppressed ~4 debug messages>

6.47. Executing ABC pass (technology mapping using ABC).

6.47.1. Summary of detected clock domains:
  135 cells in clk={ }, en={ }, arst={ }, srst={ }

6.47.2. Extracting gate netlist of module `\top_zkf_add_w8_m36_stage_output' to `<abc-temp-dir>/input.blif'..
No matching clock domain found. Not extracting any FF cells.

6.47.2.1. Executed ABC.
Extracted 0 gates and 0 wires to a netlist network with 0 inputs and 0 outputs.
Don't call ABC as there is nothing to map.
Removing temp directory.

6.47.3. Summary of detected clock domains:
  2256 cells in clk={ }, en={ }, arst={ }, srst={ }

6.47.4. Extracting gate netlist of module `$paramod$72c8f62b4f7239522922133703bf3bd61312e62f\zkf_add' to `<abc-temp-dir>/input.blif'..
No matching clock domain found. Not extracting any FF cells.

6.47.4.1. Executed ABC.
Extracted 1752 gates and 2152 wires to a netlist network with 400 inputs and 391 outputs.
Running ABC script: <abc-temp-dir>/abc.script
ABC: UC Berkeley, ABC 1.01 (compiled May 12 2026 04:40:36)
ABC: abc 01> empty
ABC: abc 01> source <abc-temp-dir>/abc.script
ABC: + read_blif <abc-temp-dir>/input.blif 
ABC: + read_lut <abc-temp-dir>/lutdefs.txt 
ABC: + strash 
ABC: + &get -n 
ABC: + &fraig -x 
ABC: + &put 
ABC: + scorr 
ABC: Warning: The network is combinational (run "fraig" or "fraig_sweep").
ABC: + dc2 
ABC: + dretime 
ABC: + strash 
ABC: + dch -f 
ABC: + if 
ABC: + mfs2 
ABC: + dress <abc-temp-dir>/input.blif 
ABC: Total number of equiv classes                =     611.
ABC: Participating nodes from both networks       =    1238.
ABC: Participating nodes from the first network   =     613. (  81.73 % of nodes)
ABC: Participating nodes from the second network  =     625. (  83.33 % of nodes)
ABC: Node pairs (any polarity)                    =     613. (  81.73 % of names can be moved)
ABC: Node pairs (same polarity)                   =     534. (  71.20 % of names can be moved)
ABC: Total runtime =     0.13 sec
ABC: + write_blif <abc-temp-dir>/output.blif 
ABC: 
ABC: YOSYS_ABC_DONE 

6.47.4.2. Re-integrating ABC results.
ABC RESULTS:              $lut cells:      749
ABC RESULTS:        internal signals:     1361
ABC RESULTS:           input signals:      400
ABC RESULTS:          output signals:      391
Removing temp directory.
Removing global temp directory.
Removed 0 unused cells and 4196 unused wires.

6.48. Executing TECHMAP pass (map to technology primitives).

6.48.1. Executing Verilog-2005 frontend: /mnt/storage/synth_eval/oss-cad-suite/lib/../share/yosys/lattice/cells_map_trellis.v
Parsing Verilog input from `/mnt/storage/synth_eval/oss-cad-suite/lib/../share/yosys/lattice/cells_map_trellis.v' to AST representation.
Generating RTLIL representation for module `$_DFF_N_'.
Generating RTLIL representation for module `$_DFF_P_'.
Generating RTLIL representation for module `$_DFFE_NN_'.
Generating RTLIL representation for module `$_DFFE_PN_'.
Generating RTLIL representation for module `$_DFFE_NP_'.
Generating RTLIL representation for module `$_DFFE_PP_'.
Generating RTLIL representation for module `$_DFF_NP0_'.
Generating RTLIL representation for module `$_DFF_NP1_'.
Generating RTLIL representation for module `$_DFF_PP0_'.
Generating RTLIL representation for module `$_DFF_PP1_'.
Generating RTLIL representation for module `$_SDFF_NP0_'.
Generating RTLIL representation for module `$_SDFF_NP1_'.
Generating RTLIL representation for module `$_SDFF_PP0_'.
Generating RTLIL representation for module `$_SDFF_PP1_'.
Generating RTLIL representation for module `$_DFFE_NP0P_'.
Generating RTLIL representation for module `$_DFFE_NP1P_'.
Generating RTLIL representation for module `$_DFFE_PP0P_'.
Generating RTLIL representation for module `$_DFFE_PP1P_'.
Generating RTLIL representation for module `$_DFFE_NP0N_'.
Generating RTLIL representation for module `$_DFFE_NP1N_'.
Generating RTLIL representation for module `$_DFFE_PP0N_'.
Generating RTLIL representation for module `$_DFFE_PP1N_'.
Generating RTLIL representation for module `$_SDFFE_NP0P_'.
Generating RTLIL representation for module `$_SDFFE_NP1P_'.
Generating RTLIL representation for module `$_SDFFE_PP0P_'.
Generating RTLIL representation for module `$_SDFFE_PP1P_'.
Generating RTLIL representation for module `$_SDFFE_NP0N_'.
Generating RTLIL representation for module `$_SDFFE_NP1N_'.
Generating RTLIL representation for module `$_SDFFE_PP0N_'.
Generating RTLIL representation for module `$_SDFFE_PP1N_'.
Generating RTLIL representation for module `$_ALDFF_NP_'.
Generating RTLIL representation for module `$_ALDFF_PP_'.
Generating RTLIL representation for module `$_ALDFFE_NPN_'.
Generating RTLIL representation for module `$_ALDFFE_NPP_'.
Generating RTLIL representation for module `$_ALDFFE_PPN_'.
Generating RTLIL representation for module `$_ALDFFE_PPP_'.
Generating RTLIL representation for module `\FD1P3AX'.
Generating RTLIL representation for module `\FD1P3AY'.
Generating RTLIL representation for module `\FD1P3BX'.
Generating RTLIL representation for module `\FD1P3DX'.
Generating RTLIL representation for module `\FD1P3IX'.
Generating RTLIL representation for module `\FD1P3JX'.
Generating RTLIL representation for module `\FD1S3AX'.
Generating RTLIL representation for module `\FD1S3AY'.
Generating RTLIL representation for module `\FD1S3BX'.
Generating RTLIL representation for module `\FD1S3DX'.
Generating RTLIL representation for module `\FD1S3IX'.
Generating RTLIL representation for module `\FD1S3JX'.
Generating RTLIL representation for module `\IFS1P3BX'.
Generating RTLIL representation for module `\IFS1P3DX'.
Generating RTLIL representation for module `\IFS1P3IX'.
Generating RTLIL representation for module `\IFS1P3JX'.
Generating RTLIL representation for module `\OFS1P3BX'.
Generating RTLIL representation for module `\OFS1P3DX'.
Generating RTLIL representation for module `\OFS1P3IX'.
Generating RTLIL representation for module `\OFS1P3JX'.
Generating RTLIL representation for module `\IB'.
Generating RTLIL representation for module `\IBPU'.
Generating RTLIL representation for module `\IBPD'.
Generating RTLIL representation for module `\OB'.
Generating RTLIL representation for module `\OBZ'.
Generating RTLIL representation for module `\OBZPU'.
Generating RTLIL representation for module `\OBZPD'.
Generating RTLIL representation for module `\OBCO'.
Generating RTLIL representation for module `\BB'.
Generating RTLIL representation for module `\BBPU'.
Generating RTLIL representation for module `\BBPD'.
Generating RTLIL representation for module `\ILVDS'.
Generating RTLIL representation for module `\OLVDS'.
Generating RTLIL representation for module `$lut'.
Successfully finished Verilog frontend.

6.48.2. Continuing TECHMAP pass.
Using template $paramod$lut\WIDTH=32'00000000000000000000000000000001\LUT=2'01 for cells of type $lut.
Using template $paramod$lut\WIDTH=32'00000000000000000000000000000010\LUT=4'0100 for cells of type $lut.
Using template $paramod$658b9ed803f0d3d335616d3858b53e0a2522f1e8$lut for cells of type $lut.
Using template $paramod$571404c0889eaf57f492cb5e37f8acb5df5852f9$lut for cells of type $lut.
Using template $paramod$a15fd389a2f54cb7b94707b25934d226e68d9e2e$lut for cells of type $lut.
Using template $paramod$49eb50c63a5b5355fa8408239eeac288f1d9f4c3$lut for cells of type $lut.
Using template $paramod$008350e0470effd6d4b84364ed6fe47a512656db$lut for cells of type $lut.
Using template $paramod$lut\WIDTH=32'00000000000000000000000000000010\LUT=4'1000 for cells of type $lut.
Using template $paramod$251994398653c4cf8de320f1e306e535d5d2d624$lut for cells of type $lut.
Using template $paramod$lut\WIDTH=32'00000000000000000000000000000011\LUT=8'00000111 for cells of type $lut.
Using template $paramod$e0bde73e598487237493c8a43ca52c95a3727354$lut for cells of type $lut.
Using template $paramod$eba7de026ff587370e320127e266317dae097a89$lut for cells of type $lut.
Using template $paramod$lut\WIDTH=32'00000000000000000000000000000011\LUT=8'00010000 for cells of type $lut.
Using template $paramod$b4f15f202f50520dbc381cd0880ac94f830f05a8$lut for cells of type $lut.
Using template $paramod$43779580bfffd5d5a9f321249a174febf1dac288$lut for cells of type $lut.
Using template $paramod$5c32c59025c0b98f20e63f249d83e7ebb4b085e3$lut for cells of type $lut.
Using template $paramod$6e238df02989b317f10820a22773676e71120644$lut for cells of type $lut.
Using template $paramod$e5759512db67494ff77fbdfc66dff4006376568f$lut for cells of type $lut.
Using template $paramod$b431bfd938e35871dd0b7668e1503c7e8b9d491c$lut for cells of type $lut.
Using template $paramod$lut\WIDTH=32'00000000000000000000000000000011\LUT=8'01001011 for cells of type $lut.
Using template $paramod$lut\WIDTH=32'00000000000000000000000000000011\LUT=8'00001011 for cells of type $lut.
Using template $paramod$lut\WIDTH=32'00000000000000000000000000000010\LUT=4'1110 for cells of type $lut.
Using template $paramod$aa569d89e9c8462354297a37f09bc519483c7133$lut for cells of type $lut.
Using template $paramod$688901ae8bff259b6d6e1f40e9eee2d362da7922$lut for cells of type $lut.
Using template $paramod$b0a1a60564bf9a70cd83ff82c322d8476b608c8d$lut for cells of type $lut.
Using template $paramod$lut\WIDTH=32'00000000000000000000000000000010\LUT=4'1001 for cells of type $lut.
Using template $paramod$lut\WIDTH=32'00000000000000000000000000000010\LUT=4'0001 for cells of type $lut.
Using template $paramod$lut\WIDTH=32'00000000000000000000000000000011\LUT=8'00001101 for cells of type $lut.
Using template $paramod$d2e6d37235ab843778c678747f5760d5e87de899$lut for cells of type $lut.
Using template $paramod$6d23198eb2b8f79a41c7626605a61009695893b1$lut for cells of type $lut.
Using template $paramod$71171eb12fc915a7ac48a5013213d297f6c561f5$lut for cells of type $lut.
Using template $paramod$b4d59a169df3392cc49f75ff3f36786eb368b5e7$lut for cells of type $lut.
Using template $paramod$4b2297966ddb718657b80566604f97685ffc0120$lut for cells of type $lut.
Using template $paramod$82b4a585d1edcb5c6e755dc9bd3392228a1c1304$lut for cells of type $lut.
Using template $paramod$lut\WIDTH=32'00000000000000000000000000000011\LUT=8'10001111 for cells of type $lut.
Using template $paramod$f63fe32f78d5f3c5de711945c592c8c5ec2303ae$lut for cells of type $lut.
Using template $paramod$f8e1bdecd38a1f2a88371fc52b96bff86506a2c7$lut for cells of type $lut.
Using template $paramod$c5f3c57a6d466a2f42208bafb8985b96ce884440$lut for cells of type $lut.
Using template $paramod$456518d681b099e47e304359458496f2552b5118$lut for cells of type $lut.
Using template $paramod$lut\WIDTH=32'00000000000000000000000000000011\LUT=8'10000000 for cells of type $lut.
Using template $paramod$bf60f6ec407ee294958b6566514fc3125ec42258$lut for cells of type $lut.
Using template $paramod$2e7a95e82db1d690ae9ba5d10f68b175fa2cb467$lut for cells of type $lut.
Using template $paramod$aabc38448f9289a9f09f7f433eb20ae11e3f6ed9$lut for cells of type $lut.
Using template $paramod$722bfd9af0ae56ca9d1d12a221cb5ede16461f26$lut for cells of type $lut.
Using template $paramod$adabcbe4acce3da0ad12ecf9d98c7f59de5d7781$lut for cells of type $lut.
Using template $paramod$cc08dba3aac8677e797984bdf18a09dd37547dd3$lut for cells of type $lut.
Using template $paramod$lut\WIDTH=32'00000000000000000000000000000011\LUT=8'11001010 for cells of type $lut.
Using template $paramod$lut\WIDTH=32'00000000000000000000000000000011\LUT=8'00001110 for cells of type $lut.
Using template $paramod$0202b6997dd00b71d713f613ef7c0136f52275d7$lut for cells of type $lut.
Using template $paramod$7189f6aa63e76b090efd6e5968f5dbb782ea6e4b$lut for cells of type $lut.
Using template $paramod$332a399730bfc61adea04021a76b1c4e4030f37d$lut for cells of type $lut.
Using template $paramod$49af33aa6aa19b94c8fdc46f549df37fbca7f5e7$lut for cells of type $lut.
Using template $paramod$d25c5ed7cce01a2a4804202e877356eeec4db6a1$lut for cells of type $lut.
Using template $paramod$bba54c1ef87367812b4c15f4aed5ac70773df775$lut for cells of type $lut.
Using template $paramod$cf5e2bc7ca7046052051876093eed40f8c541c38$lut for cells of type $lut.
Using template $paramod$lut\WIDTH=32'00000000000000000000000000000011\LUT=8'10101100 for cells of type $lut.
Using template $paramod$272652f6c6fbe9a75eff76e45cc7e2788835518b$lut for cells of type $lut.
Using template $paramod$71d951b20e73043168c1656217d126e617052faa$lut for cells of type $lut.
Using template $paramod$lut\WIDTH=32'00000000000000000000000000000011\LUT=8'11110001 for cells of type $lut.
Using template $paramod$lut\WIDTH=32'00000000000000000000000000000011\LUT=8'01000000 for cells of type $lut.
Using template $paramod$09194da5f2c8e08bed8f609fd0e254d8629b24b3$lut for cells of type $lut.
Using template $paramod$lut\WIDTH=32'00000000000000000000000000000011\LUT=8'11010000 for cells of type $lut.
Using template $paramod$84bef48419505c45080a829b4c4b6379a157eb8b$lut for cells of type $lut.
Using template $paramod$lut\WIDTH=32'00000000000000000000000000000011\LUT=8'00000001 for cells of type $lut.
Using template $paramod$703a13a751e631ef123f38f7d2125aeabec0f94c$lut for cells of type $lut.
Using template $paramod$38f9bf4dd2329347b8471f0a98443dd323386889$lut for cells of type $lut.
Using template $paramod$e5e9da8fed769f971686eed8c5eea50e61f73aaa$lut for cells of type $lut.
Using template $paramod$f5790de0c17edb73ec439ce6cb5da54f74c45697$lut for cells of type $lut.
Using template $paramod$c27516d68e58ad2841b530cc7ec459580a395a36$lut for cells of type $lut.
Using template $paramod$e49f6e3576ef1a6d2f58c54414dbb786af8cc869$lut for cells of type $lut.
Using template $paramod$c1a19a87ccbbb03d43a72335db63f692ddf82cc1$lut for cells of type $lut.
Using template $paramod$lut\WIDTH=32'00000000000000000000000000000010\LUT=4'1011 for cells of type $lut.
Using template $paramod$0a94662b0161fc067fc2a1123fd5ac94da2ec1db$lut for cells of type $lut.
Using template $paramod$345c38a70de69ad780ec9300768fea0c7ab3952d$lut for cells of type $lut.
Using template $paramod$d7ec878ecfa8f5f7604d3e91692b5d4c2ee758ad$lut for cells of type $lut.
Using template $paramod$ff3b90a0db712307354e20fb7d72475db7934ca9$lut for cells of type $lut.
Using template $paramod$5fa15f69d6cb1ec5ea748a524046fe8bdcf7b6d3$lut for cells of type $lut.
Using template $paramod$4cc4ed3fc98838b6c686b1a9711222d897499dbd$lut for cells of type $lut.
Using template $paramod$8dad52e72016b5562becd6d61d63fb3aa971d1e9$lut for cells of type $lut.
Using template $paramod$c362ad8dedc7d166ed978091aca319ab1e81a2d4$lut for cells of type $lut.
Using template $paramod$3c17557fcd213346f7b38856ecb30fe49bafcccd$lut for cells of type $lut.
Using template $paramod$7ccd8ac9c7e351dfccd1a21ea2c6be65bc8d9407$lut for cells of type $lut.
Using template $paramod$53ce561f80f32d4298a3beadc88b6c5c78293221$lut for cells of type $lut.
Using template $paramod$e0243994676ec0d5f6e5b91011536634d0c7c641$lut for cells of type $lut.
Using template $paramod$61ac3ec0056d77a7d5c90b0d552475b78c8b14a2$lut for cells of type $lut.
Using template $paramod$c5b694ec89d7629b942ccf6a9be1d39e24f8edec$lut for cells of type $lut.
Using template $paramod$8fd246b1fc0bc482a77be7f444bd49b17e0eba51$lut for cells of type $lut.
Using template $paramod$lut\WIDTH=32'00000000000000000000000000000011\LUT=8'01010011 for cells of type $lut.
Using template $paramod$ccd202f70bcb0b75f2676ca71730941e055fa969$lut for cells of type $lut.
Using template $paramod$a7dad16c080c08c1647c7e1b9706a59a123d8bcd$lut for cells of type $lut.
Using template $paramod$lut\WIDTH=32'00000000000000000000000000000011\LUT=8'11111110 for cells of type $lut.
Using template $paramod$cbe30e8657ed539c87b5632e8a59eabfaca2b49d$lut for cells of type $lut.
Using template $paramod$lut\WIDTH=32'00000000000000000000000000000011\LUT=8'01001111 for cells of type $lut.
Using template $paramod$3c112951430b895d1cd4f9b2d3bc8eafec4b6a3f$lut for cells of type $lut.
Using template $paramod$bc939812eeb575c88d44597ef8e6eaa57f69a66e$lut for cells of type $lut.
Using template $paramod$2ea69c779d6c1b79ac5a87b0d1523c67d5628dba$lut for cells of type $lut.
Using template $paramod$99a2a175d178a040bb1ffceb53184fb0f59423c6$lut for cells of type $lut.
Using template $paramod$85757733bcdbe5b9d118b207eb91ab8c52e482fc$lut for cells of type $lut.
Using template $paramod$cd2501dd2a45dee245cd1103b78e0462d8eef059$lut for cells of type $lut.
Using template $paramod$d1ad07a4a7e5b1f5bffec30717e93ce9af39d517$lut for cells of type $lut.
Using template $paramod$3ef319efded008eed5f930491a82ee1762b3c0df$lut for cells of type $lut.
Using template $paramod$345e594e3e86fb5714f53304e99d8ef40a9499ad$lut for cells of type $lut.
Using template $paramod$ffc3d80047969d476a46cab44ab76e2dc435e772$lut for cells of type $lut.
Using template $paramod$lut\WIDTH=32'00000000000000000000000000000011\LUT=8'01011100 for cells of type $lut.
Using template $paramod$b9305c46c4e536ad44a6dcfb2c3f261766445759$lut for cells of type $lut.
Using template $paramod$11f8afdfeaca7acf0486ad488db8ccf2db1c1ada$lut for cells of type $lut.
Using template $paramod$82acbc31fb96d049b296279a211fd4b4ff0d6451$lut for cells of type $lut.
Using template $paramod$7bb6a37e65823eeb4b38c370fec30ab082759a14$lut for cells of type $lut.
Using template $paramod$0854d0a56dd602841fd419afdc893762e8ba8e90$lut for cells of type $lut.
Using template $paramod$3a7ae08e1a8e9e2023d24b14195004bc8775da59$lut for cells of type $lut.
Using template $paramod$f4402a3cbdd91f41ed8212c1d5815e84dc16a705$lut for cells of type $lut.
Using template $paramod$2494f63ac69befbb4e195aea53c80b1973bf5a6d$lut for cells of type $lut.
Using template $paramod$97955b1bf5d5408d1e0716cb3cb71454b33069f2$lut for cells of type $lut.
Using template $paramod$a1c44abe5099c2bda5cf3edee8a21902aede4ce8$lut for cells of type $lut.
Using template $paramod$ab134fc13444119ad94842c810ddf6a527b8afa1$lut for cells of type $lut.
Using template $paramod$0e4c537733718fb62c0a856b118f511c8b83cdf3$lut for cells of type $lut.
Using template $paramod$0c6b5885c408d7fee7bdcd2b7a944e5e1af1ee0a$lut for cells of type $lut.
Using template $paramod$be7f7ed52dbe0a3886a16146c1d5b601b11e37d5$lut for cells of type $lut.
Using template $paramod$c5f049e747ce94b3da9bca49240ccb46921b7fd3$lut for cells of type $lut.
Using template $paramod$1076d5b96410dc32bbe68df15017559464728316$lut for cells of type $lut.
Using template $paramod$7ed7f36f7c60809f18004622d6add658ced9d577$lut for cells of type $lut.
Using template $paramod$7568f250845f5e48a2bf43bb4313f99f56645f84$lut for cells of type $lut.
Using template $paramod$6639e22c9b0067db4ba91d249210111a0ef54695$lut for cells of type $lut.
Using template $paramod$69db1895b11dd24682e2dae9be87e7f2993191be$lut for cells of type $lut.
Using template $paramod$eeed37ce45abdda29d3e180f2d1dfc0c4c376530$lut for cells of type $lut.
Using template $paramod$8c3f61f73a0f868eb2235f904078692efa722961$lut for cells of type $lut.
Using template $paramod$9c2a2b975c2991c0f86aee884af71a68c0e46e64$lut for cells of type $lut.
Using template $paramod$90687826ecc50762f08b06e0c2f0be8f8b42044c$lut for cells of type $lut.
Using template $paramod$7bbc42ef2f2b23c925b4828f45bc7a97e2705937$lut for cells of type $lut.
Using template $paramod$5d9a8a4ebf6dbe7200b3bf9c9d8c8f1b4ed7181c$lut for cells of type $lut.
Using template $paramod$lut\WIDTH=32'00000000000000000000000000000011\LUT=8'11110100 for cells of type $lut.
Using template $paramod$ffbe9875d2566c2704b3188cb4f9868bbead011b$lut for cells of type $lut.
Using template $paramod$lut\WIDTH=32'00000000000000000000000000000011\LUT=8'11000101 for cells of type $lut.
Using template $paramod$891bf1d605945bc8aca86127231a8dad797c7b9e$lut for cells of type $lut.
Using template $paramod$b229c1bab0d8114bcff15027b2b28e0e6506f09d$lut for cells of type $lut.
Using template $paramod$50d3a346c3265bfe587eab0f6e4dade476161d5c$lut for cells of type $lut.
Using template $paramod$7b49ff2ab10ec0c7f9ffcbf64a5a6d127e5acca9$lut for cells of type $lut.
Using template $paramod$9bdc414229f06e785dc8fd97a243faa9336e164a$lut for cells of type $lut.
Using template $paramod$af763bca85949884aefa417266a961f9c91132de$lut for cells of type $lut.
Using template $paramod$6b6138ac6be32db89bad2640155baf76ce5d0404$lut for cells of type $lut.
No more expansions possible.
<suppressed ~2641 debug messages>

6.49. Executing OPT_LUT_INS pass (discard unused LUT inputs).
Optimizing LUTs in top_zkf_add_w8_m36_stage_output.
Optimizing LUTs in $paramod$72c8f62b4f7239522922133703bf3bd61312e62f\zkf_add.
  Optimizing lut $abc$9588$auto$blifparse.cc:557:parse_blif$9705.genblk1.genblk1.genblk1.genblk1.genblk1.lut1 (4 -> 3)
  Optimizing lut $abc$9588$auto$blifparse.cc:557:parse_blif$9708.genblk1.genblk1.genblk1.genblk1.genblk1.lut1 (4 -> 3)
  Optimizing lut $abc$9588$auto$blifparse.cc:557:parse_blif$9710.genblk1.genblk1.genblk1.genblk1.genblk1.lut1 (4 -> 1)
  Optimizing lut $abc$9588$auto$blifparse.cc:557:parse_blif$9735.genblk1.genblk1.genblk1.genblk1.genblk1.lut1 (4 -> 0)
  Optimizing lut $abc$9588$auto$blifparse.cc:557:parse_blif$9736.genblk1.genblk1.genblk1.genblk1.genblk1.genblk1.lut1 (4 -> 1)
  Optimizing lut $abc$9588$auto$blifparse.cc:557:parse_blif$9736.genblk1.genblk1.genblk1.genblk1.genblk1.genblk1.lut2 (4 -> 1)
  Optimizing lut $abc$9588$auto$blifparse.cc:557:parse_blif$9736.genblk1.genblk1.genblk1.genblk1.genblk1.genblk1.lut3 (4 -> 1)
  Optimizing lut $abc$9588$auto$blifparse.cc:557:parse_blif$9739.genblk1.genblk1.genblk1.genblk1.genblk1.genblk1.lut1 (4 -> 1)
  Optimizing lut $abc$9588$auto$blifparse.cc:557:parse_blif$9739.genblk1.genblk1.genblk1.genblk1.genblk1.genblk1.lut2 (4 -> 1)
  Optimizing lut $abc$9588$auto$blifparse.cc:557:parse_blif$9739.genblk1.genblk1.genblk1.genblk1.genblk1.genblk1.lut3 (4 -> 1)
  Optimizing lut $abc$9588$auto$blifparse.cc:557:parse_blif$9746.genblk1.genblk1.genblk1.genblk1.genblk1.genblk1.lut1 (4 -> 1)
  Optimizing lut $abc$9588$auto$blifparse.cc:557:parse_blif$9746.genblk1.genblk1.genblk1.genblk1.genblk1.genblk1.lut2 (4 -> 1)
  Optimizing lut $abc$9588$auto$blifparse.cc:557:parse_blif$9746.genblk1.genblk1.genblk1.genblk1.genblk1.genblk1.lut3 (4 -> 1)
  Optimizing lut $abc$9588$auto$blifparse.cc:557:parse_blif$9753.genblk1.genblk1.genblk1.genblk1.genblk1.genblk1.lut1 (4 -> 1)
  Optimizing lut $abc$9588$auto$blifparse.cc:557:parse_blif$9753.genblk1.genblk1.genblk1.genblk1.genblk1.genblk1.lut2 (4 -> 1)
  Optimizing lut $abc$9588$auto$blifparse.cc:557:parse_blif$9753.genblk1.genblk1.genblk1.genblk1.genblk1.genblk1.lut3 (4 -> 1)
  Optimizing lut $abc$9588$auto$blifparse.cc:557:parse_blif$9754.genblk1.genblk1.genblk1.genblk1.genblk1.genblk1.lut1 (4 -> 1)
  Optimizing lut $abc$9588$auto$blifparse.cc:557:parse_blif$9754.genblk1.genblk1.genblk1.genblk1.genblk1.genblk1.lut2 (4 -> 1)
  Optimizing lut $abc$9588$auto$blifparse.cc:557:parse_blif$9754.genblk1.genblk1.genblk1.genblk1.genblk1.genblk1.lut3 (4 -> 1)
  Optimizing lut $abc$9588$auto$blifparse.cc:557:parse_blif$9728.genblk1.genblk1.genblk1.genblk1.genblk1.lut1 (4 -> 3)
  Optimizing lut $abc$9588$auto$blifparse.cc:557:parse_blif$9762.genblk1.genblk1.genblk1.genblk1.genblk1.genblk1.lut2 (4 -> 1)
  Optimizing lut $abc$9588$auto$blifparse.cc:557:parse_blif$9762.genblk1.genblk1.genblk1.genblk1.genblk1.genblk1.lut3 (4 -> 1)
  Optimizing lut $abc$9588$auto$blifparse.cc:557:parse_blif$9763.genblk1.genblk1.genblk1.genblk1.genblk1.genblk1.lut1 (4 -> 1)
  Optimizing lut $abc$9588$auto$blifparse.cc:557:parse_blif$9763.genblk1.genblk1.genblk1.genblk1.genblk1.genblk1.lut2 (4 -> 1)
  Optimizing lut $abc$9588$auto$blifparse.cc:557:parse_blif$9763.genblk1.genblk1.genblk1.genblk1.genblk1.genblk1.lut3 (4 -> 1)
  Optimizing lut $abc$9588$auto$blifparse.cc:557:parse_blif$9764.genblk1.genblk1.genblk1.genblk1.genblk1.genblk1.lut1 (4 -> 1)
  Optimizing lut $abc$9588$auto$blifparse.cc:557:parse_blif$9764.genblk1.genblk1.genblk1.genblk1.genblk1.genblk1.lut2 (4 -> 1)
  Optimizing lut $abc$9588$auto$blifparse.cc:557:parse_blif$9764.genblk1.genblk1.genblk1.genblk1.genblk1.genblk1.lut3 (4 -> 1)
  Optimizing lut $abc$9588$auto$blifparse.cc:557:parse_blif$9767.genblk1.genblk1.genblk1.genblk1.genblk1.genblk1.lut1 (4 -> 1)
  Optimizing lut $abc$9588$auto$blifparse.cc:557:parse_blif$9767.genblk1.genblk1.genblk1.genblk1.genblk1.genblk1.lut2 (4 -> 1)
  Optimizing lut $abc$9588$auto$blifparse.cc:557:parse_blif$9767.genblk1.genblk1.genblk1.genblk1.genblk1.genblk1.lut3 (4 -> 1)
  Optimizing lut $abc$9588$auto$blifparse.cc:557:parse_blif$9773.genblk1.genblk1.genblk1.genblk1.genblk1.genblk1.lut2 (4 -> 1)
  Optimizing lut $abc$9588$auto$blifparse.cc:557:parse_blif$9773.genblk1.genblk1.genblk1.genblk1.genblk1.genblk1.lut3 (4 -> 1)
  Optimizing lut $abc$9588$auto$blifparse.cc:557:parse_blif$9730.genblk1.genblk1.genblk1.genblk1.genblk1.lut1 (4 -> 3)
  Optimizing lut $abc$9588$auto$blifparse.cc:557:parse_blif$9774.genblk1.genblk1.genblk1.genblk1.genblk1.genblk1.lut1 (4 -> 1)
  Optimizing lut $abc$9588$auto$blifparse.cc:557:parse_blif$9774.genblk1.genblk1.genblk1.genblk1.genblk1.genblk1.lut2 (4 -> 1)
  Optimizing lut $abc$9588$auto$blifparse.cc:557:parse_blif$9774.genblk1.genblk1.genblk1.genblk1.genblk1.genblk1.lut3 (4 -> 1)
  Optimizing lut $abc$9588$auto$blifparse.cc:557:parse_blif$9777.genblk1.genblk1.genblk1.genblk1.genblk1.genblk1.lut1 (4 -> 1)
  Optimizing lut $abc$9588$auto$blifparse.cc:557:parse_blif$9777.genblk1.genblk1.genblk1.genblk1.genblk1.genblk1.lut2 (4 -> 1)
  Optimizing lut $abc$9588$auto$blifparse.cc:557:parse_blif$9777.genblk1.genblk1.genblk1.genblk1.genblk1.genblk1.lut3 (4 -> 1)
  Optimizing lut $abc$9588$auto$blifparse.cc:557:parse_blif$9778.genblk1.genblk1.genblk1.genblk1.genblk1.genblk1.lut1 (4 -> 1)
  Optimizing lut $abc$9588$auto$blifparse.cc:557:parse_blif$9778.genblk1.genblk1.genblk1.genblk1.genblk1.genblk1.lut2 (4 -> 1)
  Optimizing lut $abc$9588$auto$blifparse.cc:557:parse_blif$9778.genblk1.genblk1.genblk1.genblk1.genblk1.genblk1.lut3 (4 -> 1)
  Optimizing lut $abc$9588$auto$blifparse.cc:557:parse_blif$9726.genblk1.genblk1.genblk1.genblk1.genblk1.lut1 (4 -> 3)
  Optimizing lut $abc$9588$auto$blifparse.cc:557:parse_blif$9781.genblk1.genblk1.genblk1.genblk1.genblk1.lut1 (4 -> 3)
  Optimizing lut $abc$9588$auto$blifparse.cc:557:parse_blif$9782.genblk1.genblk1.genblk1.genblk1.genblk1.lut1 (4 -> 3)
  Optimizing lut $abc$9588$auto$blifparse.cc:557:parse_blif$9716.genblk1.genblk1.genblk1.genblk1.genblk1.lut1 (4 -> 3)
  Optimizing lut $abc$9588$auto$blifparse.cc:557:parse_blif$9785.genblk1.genblk1.genblk1.genblk1.genblk1.genblk1.lut2 (4 -> 0)
  Optimizing lut $abc$9588$auto$blifparse.cc:557:parse_blif$9785.genblk1.genblk1.genblk1.genblk1.genblk1.genblk1.lut3 (4 -> 0)
  Optimizing lut $abc$9588$auto$blifparse.cc:557:parse_blif$9792.genblk1.genblk1.genblk1.genblk1.genblk1.genblk1.lut1 (4 -> 0)
  Optimizing lut $abc$9588$auto$blifparse.cc:557:parse_blif$9792.genblk1.genblk1.genblk1.genblk1.genblk1.genblk1.lut2 (4 -> 0)
  Optimizing lut $abc$9588$auto$blifparse.cc:557:parse_blif$9631.genblk1.genblk1.genblk1.genblk1.genblk1.genblk1.lut2 (4 -> 1)
  Optimizing lut $abc$9588$auto$blifparse.cc:557:parse_blif$9631.genblk1.genblk1.genblk1.genblk1.genblk1.genblk1.lut3 (4 -> 1)
  Optimizing lut $abc$9588$auto$blifparse.cc:557:parse_blif$9783.genblk1.genblk1.genblk1.genblk1.genblk1.genblk1.lut1 (4 -> 1)
  Optimizing lut $abc$9588$auto$blifparse.cc:557:parse_blif$9783.genblk1.genblk1.genblk1.genblk1.genblk1.genblk1.lut2 (4 -> 1)
  Optimizing lut $abc$9588$auto$blifparse.cc:557:parse_blif$9783.genblk1.genblk1.genblk1.genblk1.genblk1.genblk1.lut3 (4 -> 1)
  Optimizing lut $abc$9588$auto$blifparse.cc:557:parse_blif$9803.genblk1.genblk1.genblk1.genblk1.genblk1.genblk1.lut1 (4 -> 1)
  Optimizing lut $abc$9588$auto$blifparse.cc:557:parse_blif$9803.genblk1.genblk1.genblk1.genblk1.genblk1.genblk1.lut2 (4 -> 1)
  Optimizing lut $abc$9588$auto$blifparse.cc:557:parse_blif$9803.genblk1.genblk1.genblk1.genblk1.genblk1.genblk1.lut3 (4 -> 1)
  Optimizing lut $abc$9588$auto$blifparse.cc:557:parse_blif$9804.genblk1.genblk1.genblk1.genblk1.genblk1.genblk1.lut1 (4 -> 1)
  Optimizing lut $abc$9588$auto$blifparse.cc:557:parse_blif$9804.genblk1.genblk1.genblk1.genblk1.genblk1.genblk1.lut2 (4 -> 1)
  Optimizing lut $abc$9588$auto$blifparse.cc:557:parse_blif$9804.genblk1.genblk1.genblk1.genblk1.genblk1.genblk1.lut3 (4 -> 1)
  Optimizing lut $abc$9588$auto$blifparse.cc:557:parse_blif$9623.genblk1.genblk1.genblk1.genblk1.genblk1.genblk1.lut2 (4 -> 1)
  Optimizing lut $abc$9588$auto$blifparse.cc:557:parse_blif$9623.genblk1.genblk1.genblk1.genblk1.genblk1.genblk1.lut3 (4 -> 1)
  Optimizing lut $abc$9588$auto$blifparse.cc:557:parse_blif$9639.genblk1.genblk1.genblk1.genblk1.genblk1.lut1 (4 -> 2)
  Optimizing lut $abc$9588$auto$blifparse.cc:557:parse_blif$9641.genblk1.genblk1.genblk1.genblk1.genblk1.lut1 (4 -> 2)
  Optimizing lut $abc$9588$auto$blifparse.cc:557:parse_blif$9643.genblk1.genblk1.genblk1.genblk1.genblk1.lut1 (4 -> 2)
  Optimizing lut $abc$9588$auto$blifparse.cc:557:parse_blif$9607.genblk1.genblk1.genblk1.genblk1.genblk1.genblk1.lut2 (4 -> 1)
  Optimizing lut $abc$9588$auto$blifparse.cc:557:parse_blif$9607.genblk1.genblk1.genblk1.genblk1.genblk1.genblk1.lut3 (4 -> 1)
  Optimizing lut $abc$9588$auto$blifparse.cc:557:parse_blif$9608.genblk1.genblk1.genblk1.genblk1.genblk1.lut1 (4 -> 3)
  Optimizing lut $abc$9588$auto$blifparse.cc:557:parse_blif$9615.genblk1.genblk1.genblk1.genblk1.genblk1.genblk1.lut2 (4 -> 1)
  Optimizing lut $abc$9588$auto$blifparse.cc:557:parse_blif$9615.genblk1.genblk1.genblk1.genblk1.genblk1.genblk1.lut3 (4 -> 1)
  Optimizing lut $abc$9588$auto$blifparse.cc:557:parse_blif$9645.genblk1.genblk1.genblk1.genblk1.genblk1.lut1 (4 -> 2)
  Optimizing lut $abc$9588$auto$blifparse.cc:557:parse_blif$9808.genblk1.genblk1.genblk1.genblk1.genblk1.genblk1.lut1 (4 -> 1)
  Optimizing lut $abc$9588$auto$blifparse.cc:557:parse_blif$9808.genblk1.genblk1.genblk1.genblk1.genblk1.genblk1.lut2 (4 -> 1)
  Optimizing lut $abc$9588$auto$blifparse.cc:557:parse_blif$9808.genblk1.genblk1.genblk1.genblk1.genblk1.genblk1.lut3 (4 -> 1)
  Optimizing lut $abc$9588$auto$blifparse.cc:557:parse_blif$9636.genblk1.genblk1.genblk1.genblk1.genblk1.lut1 (4 -> 3)
  Optimizing lut $abc$9588$auto$blifparse.cc:557:parse_blif$9809.genblk1.genblk1.genblk1.genblk1.genblk1.genblk1.lut1 (4 -> 1)
  Optimizing lut $abc$9588$auto$blifparse.cc:557:parse_blif$9809.genblk1.genblk1.genblk1.genblk1.genblk1.genblk1.lut2 (4 -> 1)
  Optimizing lut $abc$9588$auto$blifparse.cc:557:parse_blif$9809.genblk1.genblk1.genblk1.genblk1.genblk1.genblk1.lut3 (4 -> 1)
  Optimizing lut $abc$9588$auto$blifparse.cc:557:parse_blif$9810.genblk1.genblk1.genblk1.genblk1.genblk1.genblk1.lut1 (4 -> 1)
  Optimizing lut $abc$9588$auto$blifparse.cc:557:parse_blif$9810.genblk1.genblk1.genblk1.genblk1.genblk1.genblk1.lut2 (4 -> 1)
  Optimizing lut $abc$9588$auto$blifparse.cc:557:parse_blif$9810.genblk1.genblk1.genblk1.genblk1.genblk1.genblk1.lut3 (4 -> 1)
  Optimizing lut $abc$9588$auto$blifparse.cc:557:parse_blif$9624.genblk1.genblk1.genblk1.genblk1.genblk1.lut1 (4 -> 3)
  Optimizing lut $abc$9588$auto$blifparse.cc:557:parse_blif$9811.genblk1.genblk1.genblk1.genblk1.genblk1.genblk1.lut1 (4 -> 1)
  Optimizing lut $abc$9588$auto$blifparse.cc:557:parse_blif$9811.genblk1.genblk1.genblk1.genblk1.genblk1.genblk1.lut2 (4 -> 1)
  Optimizing lut $abc$9588$auto$blifparse.cc:557:parse_blif$9811.genblk1.genblk1.genblk1.genblk1.genblk1.genblk1.lut3 (4 -> 1)
  Optimizing lut $abc$9588$auto$blifparse.cc:557:parse_blif$9618.genblk1.genblk1.genblk1.genblk1.genblk1.lut1 (4 -> 3)
  Optimizing lut $abc$9588$auto$blifparse.cc:557:parse_blif$9816.genblk1.genblk1.genblk1.genblk1.genblk1.genblk1.genblk1.lut2 (4 -> 0)
  Optimizing lut $abc$9588$auto$blifparse.cc:557:parse_blif$9816.genblk1.genblk1.genblk1.genblk1.genblk1.genblk1.genblk1.lut3 (4 -> 0)
  Optimizing lut $abc$9588$auto$blifparse.cc:557:parse_blif$9816.genblk1.genblk1.genblk1.genblk1.genblk1.genblk1.genblk1.lut4 (4 -> 0)
  Optimizing lut $abc$9588$auto$blifparse.cc:557:parse_blif$9816.genblk1.genblk1.genblk1.genblk1.genblk1.genblk1.genblk1.lut5 (4 -> 0)
  Optimizing lut $abc$9588$auto$blifparse.cc:557:parse_blif$9816.genblk1.genblk1.genblk1.genblk1.genblk1.genblk1.genblk1.lut6 (4 -> 0)
  Optimizing lut $abc$9588$auto$blifparse.cc:557:parse_blif$9822.genblk1.genblk1.genblk1.genblk1.genblk1.genblk1.lut2 (4 -> 0)
  Optimizing lut $abc$9588$auto$blifparse.cc:557:parse_blif$9823.genblk1.genblk1.genblk1.genblk1.genblk1.genblk1.lut1 (4 -> 0)
  Optimizing lut $abc$9588$auto$blifparse.cc:557:parse_blif$9823.genblk1.genblk1.genblk1.genblk1.genblk1.genblk1.lut2 (4 -> 0)
  Optimizing lut $abc$9588$auto$blifparse.cc:557:parse_blif$9827.genblk1.genblk1.genblk1.genblk1.genblk1.genblk1.genblk1.lut2 (4 -> 0)
  Optimizing lut $abc$9588$auto$blifparse.cc:557:parse_blif$9827.genblk1.genblk1.genblk1.genblk1.genblk1.genblk1.genblk1.lut3 (4 -> 1)
  Optimizing lut $abc$9588$auto$blifparse.cc:557:parse_blif$9827.genblk1.genblk1.genblk1.genblk1.genblk1.genblk1.genblk1.lut4 (4 -> 0)
  Optimizing lut $abc$9588$auto$blifparse.cc:557:parse_blif$9827.genblk1.genblk1.genblk1.genblk1.genblk1.genblk1.genblk1.lut6 (4 -> 0)
  Optimizing lut $abc$9588$auto$blifparse.cc:557:parse_blif$9829.genblk1.genblk1.genblk1.genblk1.genblk1.genblk1.lut2 (4 -> 3)
  Optimizing lut $abc$9588$auto$blifparse.cc:557:parse_blif$9829.genblk1.genblk1.genblk1.genblk1.genblk1.genblk1.lut3 (4 -> 0)
  Optimizing lut $abc$9588$auto$blifparse.cc:557:parse_blif$9830.genblk1.genblk1.genblk1.genblk1.genblk1.genblk1.lut1 (4 -> 0)
  Optimizing lut $abc$9588$auto$blifparse.cc:557:parse_blif$9830.genblk1.genblk1.genblk1.genblk1.genblk1.genblk1.lut2 (4 -> 0)
  Optimizing lut $abc$9588$auto$blifparse.cc:557:parse_blif$9833.genblk1.genblk1.genblk1.genblk1.genblk1.genblk1.lut1 (4 -> 0)
  Optimizing lut $abc$9588$auto$blifparse.cc:557:parse_blif$9833.genblk1.genblk1.genblk1.genblk1.genblk1.genblk1.lut2 (4 -> 0)
  Optimizing lut $abc$9588$auto$blifparse.cc:557:parse_blif$9833.genblk1.genblk1.genblk1.genblk1.genblk1.genblk1.lut3 (4 -> 0)
  Optimizing lut $abc$9588$auto$blifparse.cc:557:parse_blif$9834.genblk1.genblk1.genblk1.genblk1.genblk1.genblk1.lut1 (4 -> 0)
  Optimizing lut $abc$9588$auto$blifparse.cc:557:parse_blif$9834.genblk1.genblk1.genblk1.genblk1.genblk1.genblk1.lut2 (4 -> 0)
  Optimizing lut $abc$9588$auto$blifparse.cc:557:parse_blif$9837.genblk1.genblk1.genblk1.genblk1.genblk1.genblk1.lut2 (4 -> 0)
  Optimizing lut $abc$9588$auto$blifparse.cc:557:parse_blif$9837.genblk1.genblk1.genblk1.genblk1.genblk1.genblk1.lut3 (4 -> 0)
  Optimizing lut $abc$9588$auto$blifparse.cc:557:parse_blif$9838.genblk1.genblk1.genblk1.genblk1.genblk1.genblk1.lut1 (4 -> 0)
  Optimizing lut $abc$9588$auto$blifparse.cc:557:parse_blif$9838.genblk1.genblk1.genblk1.genblk1.genblk1.genblk1.lut2 (4 -> 0)
  Optimizing lut $abc$9588$auto$blifparse.cc:557:parse_blif$9841.genblk1.genblk1.genblk1.genblk1.genblk1.genblk1.lut2 (4 -> 0)
  Optimizing lut $abc$9588$auto$blifparse.cc:557:parse_blif$9841.genblk1.genblk1.genblk1.genblk1.genblk1.genblk1.lut3 (4 -> 0)
  Optimizing lut $abc$9588$auto$blifparse.cc:557:parse_blif$9842.genblk1.genblk1.genblk1.genblk1.genblk1.genblk1.lut1 (4 -> 0)
  Optimizing lut $abc$9588$auto$blifparse.cc:557:parse_blif$9842.genblk1.genblk1.genblk1.genblk1.genblk1.genblk1.lut2 (4 -> 0)
  Optimizing lut $abc$9588$auto$blifparse.cc:557:parse_blif$9846.genblk1.genblk1.genblk1.genblk1.genblk1.genblk1.lut2 (4 -> 1)
  Optimizing lut $abc$9588$auto$blifparse.cc:557:parse_blif$9846.genblk1.genblk1.genblk1.genblk1.genblk1.genblk1.lut3 (4 -> 3)
  Optimizing lut $abc$9588$auto$blifparse.cc:557:parse_blif$9847.genblk1.genblk1.genblk1.genblk1.genblk1.genblk1.lut1 (4 -> 0)
  Optimizing lut $abc$9588$auto$blifparse.cc:557:parse_blif$9847.genblk1.genblk1.genblk1.genblk1.genblk1.genblk1.lut2 (4 -> 0)
  Optimizing lut $abc$9588$auto$blifparse.cc:557:parse_blif$9849.genblk1.genblk1.genblk1.genblk1.genblk1.lut1 (4 -> 0)
  Optimizing lut $abc$9588$auto$blifparse.cc:557:parse_blif$9850.genblk1.genblk1.genblk1.genblk1.genblk1.genblk1.lut1 (4 -> 0)
  Optimizing lut $abc$9588$auto$blifparse.cc:557:parse_blif$9850.genblk1.genblk1.genblk1.genblk1.genblk1.genblk1.lut2 (4 -> 0)
  Optimizing lut $abc$9588$auto$blifparse.cc:557:parse_blif$9855.genblk1.genblk1.genblk1.genblk1.genblk1.genblk1.lut1 (4 -> 0)
  Optimizing lut $abc$9588$auto$blifparse.cc:557:parse_blif$9855.genblk1.genblk1.genblk1.genblk1.genblk1.genblk1.lut2 (4 -> 0)
  Optimizing lut $abc$9588$auto$blifparse.cc:557:parse_blif$9860.genblk1.genblk1.genblk1.genblk1.genblk1.genblk1.lut1 (4 -> 0)
  Optimizing lut $abc$9588$auto$blifparse.cc:557:parse_blif$9860.genblk1.genblk1.genblk1.genblk1.genblk1.genblk1.lut2 (4 -> 0)
  Optimizing lut $abc$9588$auto$blifparse.cc:557:parse_blif$9864.genblk1.genblk1.genblk1.genblk1.genblk1.genblk1.lut2 (4 -> 0)
  Optimizing lut $abc$9588$auto$blifparse.cc:557:parse_blif$9864.genblk1.genblk1.genblk1.genblk1.genblk1.genblk1.lut3 (4 -> 0)
  Optimizing lut $abc$9588$auto$blifparse.cc:557:parse_blif$9868.genblk1.genblk1.genblk1.genblk1.genblk1.genblk1.lut2 (4 -> 0)
  Optimizing lut $abc$9588$auto$blifparse.cc:557:parse_blif$9868.genblk1.genblk1.genblk1.genblk1.genblk1.genblk1.lut3 (4 -> 0)
  Optimizing lut $abc$9588$auto$blifparse.cc:557:parse_blif$9872.genblk1.genblk1.genblk1.genblk1.genblk1.genblk1.lut2 (4 -> 0)
  Optimizing lut $abc$9588$auto$blifparse.cc:557:parse_blif$9872.genblk1.genblk1.genblk1.genblk1.genblk1.genblk1.lut3 (4 -> 0)
  Optimizing lut $abc$9588$auto$blifparse.cc:557:parse_blif$9875.genblk1.genblk1.genblk1.genblk1.genblk1.genblk1.genblk1.lut2 (4 -> 2)
  Optimizing lut $abc$9588$auto$blifparse.cc:557:parse_blif$9875.genblk1.genblk1.genblk1.genblk1.genblk1.genblk1.genblk1.lut3 (4 -> 3)
  Optimizing lut $abc$9588$auto$blifparse.cc:557:parse_blif$9875.genblk1.genblk1.genblk1.genblk1.genblk1.genblk1.genblk1.lut4 (4 -> 1)
  Optimizing lut $abc$9588$auto$blifparse.cc:557:parse_blif$9875.genblk1.genblk1.genblk1.genblk1.genblk1.genblk1.genblk1.lut5 (4 -> 1)
  Optimizing lut $abc$9588$auto$blifparse.cc:557:parse_blif$9875.genblk1.genblk1.genblk1.genblk1.genblk1.genblk1.genblk1.lut6 (4 -> 1)
  Optimizing lut $abc$9588$auto$blifparse.cc:557:parse_blif$9875.genblk1.genblk1.genblk1.genblk1.genblk1.genblk1.genblk1.lut7 (4 -> 2)
  Optimizing lut $abc$9588$auto$blifparse.cc:557:parse_blif$9877.genblk1.genblk1.genblk1.genblk1.genblk1.genblk1.lut1 (4 -> 1)
  Optimizing lut $abc$9588$auto$blifparse.cc:557:parse_blif$9877.genblk1.genblk1.genblk1.genblk1.genblk1.genblk1.lut2 (4 -> 1)
  Optimizing lut $abc$9588$auto$blifparse.cc:557:parse_blif$9877.genblk1.genblk1.genblk1.genblk1.genblk1.genblk1.lut3 (4 -> 3)
  Optimizing lut $abc$9588$auto$blifparse.cc:557:parse_blif$9878.genblk1.genblk1.genblk1.genblk1.genblk1.genblk1.genblk1.lut2 (4 -> 2)
  Optimizing lut $abc$9588$auto$blifparse.cc:557:parse_blif$9878.genblk1.genblk1.genblk1.genblk1.genblk1.genblk1.genblk1.lut3 (4 -> 3)
  Optimizing lut $abc$9588$auto$blifparse.cc:557:parse_blif$9878.genblk1.genblk1.genblk1.genblk1.genblk1.genblk1.genblk1.lut4 (4 -> 1)
  Optimizing lut $abc$9588$auto$blifparse.cc:557:parse_blif$9878.genblk1.genblk1.genblk1.genblk1.genblk1.genblk1.genblk1.lut5 (4 -> 1)
  Optimizing lut $abc$9588$auto$blifparse.cc:557:parse_blif$9878.genblk1.genblk1.genblk1.genblk1.genblk1.genblk1.genblk1.lut6 (4 -> 1)
  Optimizing lut $abc$9588$auto$blifparse.cc:557:parse_blif$9878.genblk1.genblk1.genblk1.genblk1.genblk1.genblk1.genblk1.lut7 (4 -> 2)
  Optimizing lut $abc$9588$auto$blifparse.cc:557:parse_blif$9879.genblk1.genblk1.genblk1.genblk1.genblk1.genblk1.genblk1.lut1 (4 -> 2)
  Optimizing lut $abc$9588$auto$blifparse.cc:557:parse_blif$9879.genblk1.genblk1.genblk1.genblk1.genblk1.genblk1.genblk1.lut2 (4 -> 2)
  Optimizing lut $abc$9588$auto$blifparse.cc:557:parse_blif$9879.genblk1.genblk1.genblk1.genblk1.genblk1.genblk1.genblk1.lut3 (4 -> 3)
  Optimizing lut $abc$9588$auto$blifparse.cc:557:parse_blif$9879.genblk1.genblk1.genblk1.genblk1.genblk1.genblk1.genblk1.lut4 (4 -> 1)
  Optimizing lut $abc$9588$auto$blifparse.cc:557:parse_blif$9879.genblk1.genblk1.genblk1.genblk1.genblk1.genblk1.genblk1.lut5 (4 -> 1)
  Optimizing lut $abc$9588$auto$blifparse.cc:557:parse_blif$9879.genblk1.genblk1.genblk1.genblk1.genblk1.genblk1.genblk1.lut6 (4 -> 1)
  Optimizing lut $abc$9588$auto$blifparse.cc:557:parse_blif$9879.genblk1.genblk1.genblk1.genblk1.genblk1.genblk1.genblk1.lut7 (4 -> 2)
  Optimizing lut $abc$9588$auto$blifparse.cc:557:parse_blif$9880.genblk1.genblk1.genblk1.genblk1.genblk1.genblk1.genblk1.lut2 (4 -> 1)
  Optimizing lut $abc$9588$auto$blifparse.cc:557:parse_blif$9880.genblk1.genblk1.genblk1.genblk1.genblk1.genblk1.genblk1.lut3 (4 -> 1)
  Optimizing lut $abc$9588$auto$blifparse.cc:557:parse_blif$9880.genblk1.genblk1.genblk1.genblk1.genblk1.genblk1.genblk1.lut4 (4 -> 1)
  Optimizing lut $abc$9588$auto$blifparse.cc:557:parse_blif$9880.genblk1.genblk1.genblk1.genblk1.genblk1.genblk1.genblk1.lut5 (4 -> 2)
  Optimizing lut $abc$9588$auto$blifparse.cc:557:parse_blif$9880.genblk1.genblk1.genblk1.genblk1.genblk1.genblk1.genblk1.lut6 (4 -> 1)
  Optimizing lut $abc$9588$auto$blifparse.cc:557:parse_blif$9880.genblk1.genblk1.genblk1.genblk1.genblk1.genblk1.genblk1.lut7 (4 -> 2)
  Optimizing lut $abc$9588$auto$blifparse.cc:557:parse_blif$9881.genblk1.genblk1.genblk1.genblk1.genblk1.genblk1.lut2 (4 -> 0)
  Optimizing lut $abc$9588$auto$blifparse.cc:557:parse_blif$9881.genblk1.genblk1.genblk1.genblk1.genblk1.genblk1.lut3 (4 -> 0)
  Optimizing lut $abc$9588$auto$blifparse.cc:557:parse_blif$9884.genblk1.genblk1.genblk1.genblk1.genblk1.genblk1.genblk1.lut2 (4 -> 2)
  Optimizing lut $abc$9588$auto$blifparse.cc:557:parse_blif$9884.genblk1.genblk1.genblk1.genblk1.genblk1.genblk1.genblk1.lut3 (4 -> 3)
  Optimizing lut $abc$9588$auto$blifparse.cc:557:parse_blif$9884.genblk1.genblk1.genblk1.genblk1.genblk1.genblk1.genblk1.lut4 (4 -> 1)
  Optimizing lut $abc$9588$auto$blifparse.cc:557:parse_blif$9884.genblk1.genblk1.genblk1.genblk1.genblk1.genblk1.genblk1.lut5 (4 -> 1)
  Optimizing lut $abc$9588$auto$blifparse.cc:557:parse_blif$9884.genblk1.genblk1.genblk1.genblk1.genblk1.genblk1.genblk1.lut6 (4 -> 1)
  Optimizing lut $abc$9588$auto$blifparse.cc:557:parse_blif$9884.genblk1.genblk1.genblk1.genblk1.genblk1.genblk1.genblk1.lut7 (4 -> 2)
  Optimizing lut $abc$9588$auto$blifparse.cc:557:parse_blif$10023.genblk1.genblk1.genblk1.genblk1.genblk1.genblk1.genblk1.lut2 (4 -> 2)
  Optimizing lut $abc$9588$auto$blifparse.cc:557:parse_blif$10023.genblk1.genblk1.genblk1.genblk1.genblk1.genblk1.genblk1.lut3 (4 -> 3)
  Optimizing lut $abc$9588$auto$blifparse.cc:557:parse_blif$10023.genblk1.genblk1.genblk1.genblk1.genblk1.genblk1.genblk1.lut4 (4 -> 1)
  Optimizing lut $abc$9588$auto$blifparse.cc:557:parse_blif$10023.genblk1.genblk1.genblk1.genblk1.genblk1.genblk1.genblk1.lut5 (4 -> 1)
  Optimizing lut $abc$9588$auto$blifparse.cc:557:parse_blif$10023.genblk1.genblk1.genblk1.genblk1.genblk1.genblk1.genblk1.lut6 (4 -> 1)
  Optimizing lut $abc$9588$auto$blifparse.cc:557:parse_blif$10023.genblk1.genblk1.genblk1.genblk1.genblk1.genblk1.genblk1.lut7 (4 -> 2)
  Optimizing lut $abc$9588$auto$blifparse.cc:557:parse_blif$10024.genblk1.genblk1.genblk1.genblk1.genblk1.genblk1.genblk1.lut2 (4 -> 2)
  Optimizing lut $abc$9588$auto$blifparse.cc:557:parse_blif$10024.genblk1.genblk1.genblk1.genblk1.genblk1.genblk1.genblk1.lut3 (4 -> 3)
  Optimizing lut $abc$9588$auto$blifparse.cc:557:parse_blif$10024.genblk1.genblk1.genblk1.genblk1.genblk1.genblk1.genblk1.lut4 (4 -> 1)
  Optimizing lut $abc$9588$auto$blifparse.cc:557:parse_blif$10024.genblk1.genblk1.genblk1.genblk1.genblk1.genblk1.genblk1.lut5 (4 -> 1)
  Optimizing lut $abc$9588$auto$blifparse.cc:557:parse_blif$10024.genblk1.genblk1.genblk1.genblk1.genblk1.genblk1.genblk1.lut6 (4 -> 1)
  Optimizing lut $abc$9588$auto$blifparse.cc:557:parse_blif$10024.genblk1.genblk1.genblk1.genblk1.genblk1.genblk1.genblk1.lut7 (4 -> 2)
  Optimizing lut $abc$9588$auto$blifparse.cc:557:parse_blif$9788.genblk1.genblk1.genblk1.genblk1.genblk1.genblk1.lut2 (4 -> 0)
  Optimizing lut $abc$9588$auto$blifparse.cc:557:parse_blif$9788.genblk1.genblk1.genblk1.genblk1.genblk1.genblk1.lut3 (4 -> 0)
  Optimizing lut $abc$9588$auto$blifparse.cc:557:parse_blif$9789.genblk1.genblk1.genblk1.genblk1.genblk1.genblk1.lut2 (4 -> 0)
  Optimizing lut $abc$9588$auto$blifparse.cc:557:parse_blif$9789.genblk1.genblk1.genblk1.genblk1.genblk1.genblk1.lut3 (4 -> 0)
  Optimizing lut $abc$9588$auto$blifparse.cc:557:parse_blif$9791.genblk1.genblk1.genblk1.genblk1.genblk1.genblk1.lut2 (4 -> 0)
  Optimizing lut $abc$9588$auto$blifparse.cc:557:parse_blif$9791.genblk1.genblk1.genblk1.genblk1.genblk1.genblk1.lut3 (4 -> 0)
  Optimizing lut $abc$9588$auto$blifparse.cc:557:parse_blif$9700.genblk1.genblk1.genblk1.genblk1.genblk1.genblk1.genblk1.lut1 (4 -> 0)
  Optimizing lut $abc$9588$auto$blifparse.cc:557:parse_blif$9700.genblk1.genblk1.genblk1.genblk1.genblk1.genblk1.genblk1.lut2 (4 -> 0)
  Optimizing lut $abc$9588$auto$blifparse.cc:557:parse_blif$9700.genblk1.genblk1.genblk1.genblk1.genblk1.genblk1.genblk1.lut3 (4 -> 0)
  Optimizing lut $abc$9588$auto$blifparse.cc:557:parse_blif$9700.genblk1.genblk1.genblk1.genblk1.genblk1.genblk1.genblk1.lut4 (4 -> 0)
  Optimizing lut $abc$9588$auto$blifparse.cc:557:parse_blif$9700.genblk1.genblk1.genblk1.genblk1.genblk1.genblk1.genblk1.lut5 (4 -> 0)
  Optimizing lut $abc$9588$auto$blifparse.cc:557:parse_blif$9700.genblk1.genblk1.genblk1.genblk1.genblk1.genblk1.genblk1.lut7 (4 -> 0)
  Optimizing lut $abc$9588$auto$blifparse.cc:557:parse_blif$9701.genblk1.genblk1.genblk1.genblk1.genblk1.genblk1.lut2 (4 -> 0)
  Optimizing lut $abc$9588$auto$blifparse.cc:557:parse_blif$9701.genblk1.genblk1.genblk1.genblk1.genblk1.genblk1.lut3 (4 -> 0)
  Optimizing lut $abc$9588$auto$blifparse.cc:557:parse_blif$9702.genblk1.genblk1.genblk1.genblk1.genblk1.genblk1.lut2 (4 -> 0)
  Optimizing lut $abc$9588$auto$blifparse.cc:557:parse_blif$9702.genblk1.genblk1.genblk1.genblk1.genblk1.genblk1.lut3 (4 -> 0)
  Optimizing lut $abc$9588$auto$blifparse.cc:557:parse_blif$9703.genblk1.genblk1.genblk1.genblk1.genblk1.genblk1.lut2 (4 -> 0)
  Optimizing lut $abc$9588$auto$blifparse.cc:557:parse_blif$9703.genblk1.genblk1.genblk1.genblk1.genblk1.genblk1.lut3 (4 -> 0)
  Optimizing lut $abc$9588$auto$blifparse.cc:557:parse_blif$9790.genblk1.genblk1.genblk1.genblk1.genblk1.genblk1.lut2 (4 -> 0)
  Optimizing lut $abc$9588$auto$blifparse.cc:557:parse_blif$9790.genblk1.genblk1.genblk1.genblk1.genblk1.genblk1.lut3 (4 -> 0)
  Optimizing lut $abc$9588$auto$blifparse.cc:557:parse_blif$9676.genblk1.genblk1.genblk1.genblk1.genblk1.genblk1.lut2 (4 -> 0)
  Optimizing lut $abc$9588$auto$blifparse.cc:557:parse_blif$9676.genblk1.genblk1.genblk1.genblk1.genblk1.genblk1.lut3 (4 -> 0)
  Optimizing lut $abc$9588$auto$blifparse.cc:557:parse_blif$9681.genblk1.genblk1.genblk1.genblk1.genblk1.genblk1.lut2 (4 -> 0)
  Optimizing lut $abc$9588$auto$blifparse.cc:557:parse_blif$9681.genblk1.genblk1.genblk1.genblk1.genblk1.genblk1.lut3 (4 -> 0)
  Optimizing lut $abc$9588$auto$blifparse.cc:557:parse_blif$9682.genblk1.genblk1.genblk1.genblk1.genblk1.lut1 (4 -> 0)
  Optimizing lut $abc$9588$auto$blifparse.cc:557:parse_blif$9683.genblk1.genblk1.genblk1.genblk1.genblk1.genblk1.lut2 (4 -> 0)
  Optimizing lut $abc$9588$auto$blifparse.cc:557:parse_blif$9683.genblk1.genblk1.genblk1.genblk1.genblk1.genblk1.lut3 (4 -> 0)
  Optimizing lut $abc$9588$auto$blifparse.cc:557:parse_blif$9684.genblk1.genblk1.genblk1.genblk1.genblk1.genblk1.lut2 (4 -> 0)
  Optimizing lut $abc$9588$auto$blifparse.cc:557:parse_blif$9684.genblk1.genblk1.genblk1.genblk1.genblk1.genblk1.lut3 (4 -> 0)
  Optimizing lut $abc$9588$auto$blifparse.cc:557:parse_blif$9592.genblk1.genblk1.genblk1.genblk1.genblk1.lut1 (4 -> 3)
  Optimizing lut $abc$9588$auto$blifparse.cc:557:parse_blif$9592.genblk1.genblk1.genblk1.genblk1.genblk1.lut0 (4 -> 2)
  Optimizing lut $abc$9588$auto$blifparse.cc:557:parse_blif$9597.genblk1.genblk1.genblk1.genblk1.genblk1.lut1 (4 -> 2)
  Optimizing lut $abc$9588$auto$blifparse.cc:557:parse_blif$9597.genblk1.genblk1.genblk1.genblk1.genblk1.lut0 (4 -> 3)
  Optimizing lut $abc$9588$auto$blifparse.cc:557:parse_blif$9607.genblk1.genblk1.genblk1.genblk1.genblk1.genblk1.lut0 (4 -> 1)
  Optimizing lut $abc$9588$auto$blifparse.cc:557:parse_blif$9608.genblk1.genblk1.genblk1.genblk1.genblk1.lut0 (4 -> 3)
  Optimizing lut $abc$9588$auto$blifparse.cc:557:parse_blif$9612.genblk1.genblk1.genblk1.genblk1.genblk1.lut1 (4 -> 3)
  Optimizing lut $abc$9588$auto$blifparse.cc:557:parse_blif$9610.genblk1.genblk1.genblk1.genblk1.genblk1.lut0 (4 -> 3)
  Optimizing lut $abc$9588$auto$blifparse.cc:557:parse_blif$9807.genblk1.genblk1.genblk1.genblk1.genblk1.lut1 (4 -> 0)
  Optimizing lut $abc$9588$auto$blifparse.cc:557:parse_blif$9612.genblk1.genblk1.genblk1.genblk1.genblk1.lut0 (4 -> 3)
  Optimizing lut $abc$9588$auto$blifparse.cc:557:parse_blif$9615.genblk1.genblk1.genblk1.genblk1.genblk1.genblk1.lut1 (4 -> 1)
  Optimizing lut $abc$9588$auto$blifparse.cc:557:parse_blif$9615.genblk1.genblk1.genblk1.genblk1.genblk1.genblk1.lut0 (4 -> 1)
  Optimizing lut $abc$9588$auto$blifparse.cc:557:parse_blif$9616.genblk1.genblk1.genblk1.genblk1.genblk1.lut0 (4 -> 3)
  Optimizing lut $abc$9588$auto$blifparse.cc:557:parse_blif$9618.genblk1.genblk1.genblk1.genblk1.genblk1.lut0 (4 -> 3)
  Optimizing lut $abc$9588$auto$blifparse.cc:557:parse_blif$9620.genblk1.genblk1.genblk1.genblk1.genblk1.lut1 (4 -> 3)
  Optimizing lut $abc$9588$auto$blifparse.cc:557:parse_blif$9620.genblk1.genblk1.genblk1.genblk1.genblk1.lut0 (4 -> 3)
  Optimizing lut $abc$9588$auto$blifparse.cc:557:parse_blif$9623.genblk1.genblk1.genblk1.genblk1.genblk1.genblk1.lut0 (4 -> 1)
  Optimizing lut $abc$9588$auto$blifparse.cc:557:parse_blif$9624.genblk1.genblk1.genblk1.genblk1.genblk1.lut0 (4 -> 3)
  Optimizing lut $abc$9588$auto$blifparse.cc:557:parse_blif$9626.genblk1.genblk1.genblk1.genblk1.genblk1.lut1 (4 -> 3)
  Optimizing lut $abc$9588$auto$blifparse.cc:557:parse_blif$9626.genblk1.genblk1.genblk1.genblk1.genblk1.lut0 (4 -> 3)
  Optimizing lut $abc$9588$auto$blifparse.cc:557:parse_blif$9629.genblk1.genblk1.genblk1.genblk1.genblk1.lut1 (4 -> 3)
  Optimizing lut $abc$9588$auto$blifparse.cc:557:parse_blif$9629.genblk1.genblk1.genblk1.genblk1.genblk1.lut0 (4 -> 2)
  Optimizing lut $abc$9588$auto$blifparse.cc:557:parse_blif$9631.genblk1.genblk1.genblk1.genblk1.genblk1.genblk1.lut0 (4 -> 1)
  Optimizing lut $abc$9588$auto$blifparse.cc:557:parse_blif$9633.genblk1.genblk1.genblk1.genblk1.genblk1.lut1 (4 -> 3)
  Optimizing lut $abc$9588$auto$blifparse.cc:557:parse_blif$9633.genblk1.genblk1.genblk1.genblk1.genblk1.lut0 (4 -> 3)
  Optimizing lut $abc$9588$auto$blifparse.cc:557:parse_blif$9635.genblk1.genblk1.genblk1.genblk1.genblk1.lut1 (4 -> 3)
  Optimizing lut $abc$9588$auto$blifparse.cc:557:parse_blif$9635.genblk1.genblk1.genblk1.genblk1.genblk1.lut0 (4 -> 2)
  Optimizing lut $abc$9588$auto$blifparse.cc:557:parse_blif$9636.genblk1.genblk1.genblk1.genblk1.genblk1.lut0 (4 -> 3)
  Optimizing lut $abc$9588$auto$blifparse.cc:557:parse_blif$9639.genblk1.genblk1.genblk1.genblk1.genblk1.lut0 (4 -> 3)
  Optimizing lut $abc$9588$auto$blifparse.cc:557:parse_blif$9641.genblk1.genblk1.genblk1.genblk1.genblk1.lut0 (4 -> 3)
  Optimizing lut $abc$9588$auto$blifparse.cc:557:parse_blif$9643.genblk1.genblk1.genblk1.genblk1.genblk1.lut0 (4 -> 3)
  Optimizing lut $abc$9588$auto$blifparse.cc:557:parse_blif$9645.genblk1.genblk1.genblk1.genblk1.genblk1.lut0 (4 -> 3)
  Optimizing lut $abc$9588$auto$blifparse.cc:557:parse_blif$9610.genblk1.genblk1.genblk1.genblk1.genblk1.lut1 (4 -> 3)
  Optimizing lut $abc$9588$auto$blifparse.cc:557:parse_blif$9616.genblk1.genblk1.genblk1.genblk1.genblk1.lut1 (4 -> 3)
  Optimizing lut $abc$9588$auto$blifparse.cc:557:parse_blif$9881.genblk1.genblk1.genblk1.genblk1.genblk1.genblk1.lut1 (4 -> 0)
  Optimizing lut $abc$9588$auto$blifparse.cc:557:parse_blif$9675.genblk1.genblk1.genblk1.genblk1.genblk1.lut1 (4 -> 0)
  Optimizing lut $abc$9588$auto$blifparse.cc:557:parse_blif$9676.genblk1.genblk1.genblk1.genblk1.genblk1.genblk1.lut0 (4 -> 0)
  Optimizing lut $abc$9588$auto$blifparse.cc:557:parse_blif$9681.genblk1.genblk1.genblk1.genblk1.genblk1.genblk1.lut0 (4 -> 0)
  Optimizing lut $abc$9588$auto$blifparse.cc:557:parse_blif$9683.genblk1.genblk1.genblk1.genblk1.genblk1.genblk1.lut0 (4 -> 0)
  Optimizing lut $abc$9588$auto$blifparse.cc:557:parse_blif$9684.genblk1.genblk1.genblk1.genblk1.genblk1.genblk1.lut0 (4 -> 0)
  Optimizing lut $abc$9588$auto$blifparse.cc:557:parse_blif$9696.genblk1.genblk1.genblk1.genblk1.genblk1.lut1 (4 -> 1)
  Optimizing lut $abc$9588$auto$blifparse.cc:557:parse_blif$9696.genblk1.genblk1.genblk1.genblk1.genblk1.lut0 (4 -> 3)
  Optimizing lut $abc$9588$auto$blifparse.cc:557:parse_blif$9700.genblk1.genblk1.genblk1.genblk1.genblk1.genblk1.genblk1.lut0 (4 -> 0)
  Optimizing lut $abc$9588$auto$blifparse.cc:557:parse_blif$9701.genblk1.genblk1.genblk1.genblk1.genblk1.genblk1.lut0 (4 -> 0)
  Optimizing lut $abc$9588$auto$blifparse.cc:557:parse_blif$9702.genblk1.genblk1.genblk1.genblk1.genblk1.genblk1.lut0 (4 -> 0)
  Optimizing lut $abc$9588$auto$blifparse.cc:557:parse_blif$9703.genblk1.genblk1.genblk1.genblk1.genblk1.genblk1.lut0 (4 -> 0)
  Optimizing lut $abc$9588$auto$blifparse.cc:557:parse_blif$9705.genblk1.genblk1.genblk1.genblk1.genblk1.lut0 (4 -> 3)
  Optimizing lut $abc$9588$auto$blifparse.cc:557:parse_blif$9708.genblk1.genblk1.genblk1.genblk1.genblk1.lut0 (4 -> 3)
  Optimizing lut $abc$9588$auto$blifparse.cc:557:parse_blif$9710.genblk1.genblk1.genblk1.genblk1.genblk1.lut0 (4 -> 3)
  Optimizing lut $abc$9588$auto$blifparse.cc:557:parse_blif$9715.genblk1.genblk1.genblk1.genblk1.genblk1.lut1 (4 -> 3)
  Optimizing lut $abc$9588$auto$blifparse.cc:557:parse_blif$9715.genblk1.genblk1.genblk1.genblk1.genblk1.lut0 (4 -> 2)
  Optimizing lut $abc$9588$auto$blifparse.cc:557:parse_blif$9716.genblk1.genblk1.genblk1.genblk1.genblk1.lut0 (4 -> 2)
  Optimizing lut $abc$9588$auto$blifparse.cc:557:parse_blif$9785.genblk1.genblk1.genblk1.genblk1.genblk1.genblk1.lut1 (4 -> 0)
  Optimizing lut $abc$9588$auto$blifparse.cc:557:parse_blif$9719.genblk1.genblk1.genblk1.genblk1.genblk1.lut0 (4 -> 3)
  Optimizing lut $abc$9588$auto$blifparse.cc:557:parse_blif$9760.genblk1.genblk1.genblk1.genblk1.genblk1.lut1 (4 -> 3)
  Optimizing lut $abc$9588$auto$blifparse.cc:557:parse_blif$9722.genblk1.genblk1.genblk1.genblk1.genblk1.lut1 (4 -> 3)
  Optimizing lut $abc$9588$auto$blifparse.cc:557:parse_blif$9722.genblk1.genblk1.genblk1.genblk1.genblk1.lut0 (4 -> 2)
  Optimizing lut $abc$9588$auto$blifparse.cc:557:parse_blif$9724.genblk1.genblk1.genblk1.genblk1.genblk1.lut1 (4 -> 3)
  Optimizing lut $abc$9588$auto$blifparse.cc:557:parse_blif$9724.genblk1.genblk1.genblk1.genblk1.genblk1.lut0 (4 -> 2)
  Optimizing lut $abc$9588$auto$blifparse.cc:557:parse_blif$9726.genblk1.genblk1.genblk1.genblk1.genblk1.lut0 (4 -> 3)
  Optimizing lut $abc$9588$auto$blifparse.cc:557:parse_blif$9728.genblk1.genblk1.genblk1.genblk1.genblk1.lut0 (4 -> 3)
  Optimizing lut $abc$9588$auto$blifparse.cc:557:parse_blif$9730.genblk1.genblk1.genblk1.genblk1.genblk1.lut0 (4 -> 3)
  Optimizing lut $abc$9588$auto$blifparse.cc:557:parse_blif$9733.genblk1.genblk1.genblk1.genblk1.genblk1.lut1 (4 -> 3)
  Optimizing lut $abc$9588$auto$blifparse.cc:557:parse_blif$9733.genblk1.genblk1.genblk1.genblk1.genblk1.lut0 (4 -> 2)
  Optimizing lut $abc$9588$auto$blifparse.cc:557:parse_blif$9734.genblk1.genblk1.genblk1.genblk1.genblk1.lut0 (4 -> 0)
  Optimizing lut $abc$9588$auto$blifparse.cc:557:parse_blif$9736.genblk1.genblk1.genblk1.genblk1.genblk1.genblk1.lut0 (4 -> 1)
  Optimizing lut $abc$9588$auto$blifparse.cc:557:parse_blif$9738.genblk1.genblk1.genblk1.genblk1.genblk1.lut1 (4 -> 3)
  Optimizing lut $abc$9588$auto$blifparse.cc:557:parse_blif$9738.genblk1.genblk1.genblk1.genblk1.genblk1.lut0 (4 -> 3)
  Optimizing lut $abc$9588$auto$blifparse.cc:557:parse_blif$9739.genblk1.genblk1.genblk1.genblk1.genblk1.genblk1.lut0 (4 -> 1)
  Optimizing lut $abc$9588$auto$blifparse.cc:557:parse_blif$9741.genblk1.genblk1.genblk1.genblk1.genblk1.lut1 (4 -> 3)
  Optimizing lut $abc$9588$auto$blifparse.cc:557:parse_blif$9741.genblk1.genblk1.genblk1.genblk1.genblk1.lut0 (4 -> 2)
  Optimizing lut $abc$9588$auto$blifparse.cc:557:parse_blif$9743.genblk1.genblk1.genblk1.genblk1.genblk1.lut1 (4 -> 3)
  Optimizing lut $abc$9588$auto$blifparse.cc:557:parse_blif$9743.genblk1.genblk1.genblk1.genblk1.genblk1.lut0 (4 -> 2)
  Optimizing lut $abc$9588$auto$blifparse.cc:557:parse_blif$9745.genblk1.genblk1.genblk1.genblk1.genblk1.lut1 (4 -> 3)
  Optimizing lut $abc$9588$auto$blifparse.cc:557:parse_blif$9745.genblk1.genblk1.genblk1.genblk1.genblk1.lut0 (4 -> 2)
  Optimizing lut $abc$9588$auto$blifparse.cc:557:parse_blif$9746.genblk1.genblk1.genblk1.genblk1.genblk1.genblk1.lut0 (4 -> 1)
  Optimizing lut $abc$9588$auto$blifparse.cc:557:parse_blif$9748.genblk1.genblk1.genblk1.genblk1.genblk1.lut1 (4 -> 3)
  Optimizing lut $abc$9588$auto$blifparse.cc:557:parse_blif$9748.genblk1.genblk1.genblk1.genblk1.genblk1.lut0 (4 -> 3)
  Optimizing lut $abc$9588$auto$blifparse.cc:557:parse_blif$9750.genblk1.genblk1.genblk1.genblk1.genblk1.lut1 (4 -> 3)
  Optimizing lut $abc$9588$auto$blifparse.cc:557:parse_blif$9750.genblk1.genblk1.genblk1.genblk1.genblk1.lut0 (4 -> 2)
  Optimizing lut $abc$9588$auto$blifparse.cc:557:parse_blif$9752.genblk1.genblk1.genblk1.genblk1.genblk1.lut1 (4 -> 3)
  Optimizing lut $abc$9588$auto$blifparse.cc:557:parse_blif$9752.genblk1.genblk1.genblk1.genblk1.genblk1.lut0 (4 -> 2)
  Optimizing lut $abc$9588$auto$blifparse.cc:557:parse_blif$9753.genblk1.genblk1.genblk1.genblk1.genblk1.genblk1.lut0 (4 -> 1)
  Optimizing lut $abc$9588$auto$blifparse.cc:557:parse_blif$9754.genblk1.genblk1.genblk1.genblk1.genblk1.genblk1.lut0 (4 -> 1)
  Optimizing lut $abc$9588$auto$blifparse.cc:557:parse_blif$9756.genblk1.genblk1.genblk1.genblk1.genblk1.lut1 (4 -> 3)
  Optimizing lut $abc$9588$auto$blifparse.cc:557:parse_blif$9756.genblk1.genblk1.genblk1.genblk1.genblk1.lut0 (4 -> 3)
  Optimizing lut $abc$9588$auto$blifparse.cc:557:parse_blif$9758.genblk1.genblk1.genblk1.genblk1.genblk1.lut1 (4 -> 3)
  Optimizing lut $abc$9588$auto$blifparse.cc:557:parse_blif$9758.genblk1.genblk1.genblk1.genblk1.genblk1.lut0 (4 -> 3)
  Optimizing lut $abc$9588$auto$blifparse.cc:557:parse_blif$9719.genblk1.genblk1.genblk1.genblk1.genblk1.lut1 (4 -> 3)
  Optimizing lut $abc$9588$auto$blifparse.cc:557:parse_blif$9760.genblk1.genblk1.genblk1.genblk1.genblk1.lut0 (4 -> 2)
  Optimizing lut $abc$9588$auto$blifparse.cc:557:parse_blif$9762.genblk1.genblk1.genblk1.genblk1.genblk1.genblk1.lut1 (4 -> 1)
  Optimizing lut $abc$9588$auto$blifparse.cc:557:parse_blif$9762.genblk1.genblk1.genblk1.genblk1.genblk1.genblk1.lut0 (4 -> 1)
  Optimizing lut $abc$9588$auto$blifparse.cc:557:parse_blif$9763.genblk1.genblk1.genblk1.genblk1.genblk1.genblk1.lut0 (4 -> 1)
  Optimizing lut $abc$9588$auto$blifparse.cc:557:parse_blif$9764.genblk1.genblk1.genblk1.genblk1.genblk1.genblk1.lut0 (4 -> 1)
  Optimizing lut $abc$9588$auto$blifparse.cc:557:parse_blif$9766.genblk1.genblk1.genblk1.genblk1.genblk1.lut1 (4 -> 3)
  Optimizing lut $abc$9588$auto$blifparse.cc:557:parse_blif$9766.genblk1.genblk1.genblk1.genblk1.genblk1.lut0 (4 -> 2)
  Optimizing lut $abc$9588$auto$blifparse.cc:557:parse_blif$9767.genblk1.genblk1.genblk1.genblk1.genblk1.genblk1.lut0 (4 -> 1)
  Optimizing lut $abc$9588$auto$blifparse.cc:557:parse_blif$9769.genblk1.genblk1.genblk1.genblk1.genblk1.lut1 (4 -> 3)
  Optimizing lut $abc$9588$auto$blifparse.cc:557:parse_blif$9769.genblk1.genblk1.genblk1.genblk1.genblk1.lut0 (4 -> 2)
  Optimizing lut $abc$9588$auto$blifparse.cc:557:parse_blif$9771.genblk1.genblk1.genblk1.genblk1.genblk1.lut1 (4 -> 3)
  Optimizing lut $abc$9588$auto$blifparse.cc:557:parse_blif$9771.genblk1.genblk1.genblk1.genblk1.genblk1.lut0 (4 -> 2)
  Optimizing lut $abc$9588$auto$blifparse.cc:557:parse_blif$9773.genblk1.genblk1.genblk1.genblk1.genblk1.genblk1.lut1 (4 -> 1)
  Optimizing lut $abc$9588$auto$blifparse.cc:557:parse_blif$9773.genblk1.genblk1.genblk1.genblk1.genblk1.genblk1.lut0 (4 -> 1)
  Optimizing lut $abc$9588$auto$blifparse.cc:557:parse_blif$9774.genblk1.genblk1.genblk1.genblk1.genblk1.genblk1.lut0 (4 -> 1)
  Optimizing lut $abc$9588$auto$blifparse.cc:557:parse_blif$9776.genblk1.genblk1.genblk1.genblk1.genblk1.lut1 (4 -> 3)
  Optimizing lut $abc$9588$auto$blifparse.cc:557:parse_blif$9776.genblk1.genblk1.genblk1.genblk1.genblk1.lut0 (4 -> 2)
  Optimizing lut $abc$9588$auto$blifparse.cc:557:parse_blif$9777.genblk1.genblk1.genblk1.genblk1.genblk1.genblk1.lut0 (4 -> 1)
  Optimizing lut $abc$9588$auto$blifparse.cc:557:parse_blif$9778.genblk1.genblk1.genblk1.genblk1.genblk1.genblk1.lut0 (4 -> 1)
  Optimizing lut $abc$9588$auto$blifparse.cc:557:parse_blif$9781.genblk1.genblk1.genblk1.genblk1.genblk1.lut0 (4 -> 2)
  Optimizing lut $abc$9588$auto$blifparse.cc:557:parse_blif$9782.genblk1.genblk1.genblk1.genblk1.genblk1.lut0 (4 -> 3)
  Optimizing lut $abc$9588$auto$blifparse.cc:557:parse_blif$9783.genblk1.genblk1.genblk1.genblk1.genblk1.genblk1.lut0 (4 -> 1)
  Optimizing lut $abc$9588$auto$blifparse.cc:557:parse_blif$9786.genblk1.genblk1.genblk1.genblk1.genblk1.lut0 (4 -> 0)
  Optimizing lut $abc$9588$auto$blifparse.cc:557:parse_blif$9788.genblk1.genblk1.genblk1.genblk1.genblk1.genblk1.lut0 (4 -> 0)
  Optimizing lut $abc$9588$auto$blifparse.cc:557:parse_blif$9789.genblk1.genblk1.genblk1.genblk1.genblk1.genblk1.lut0 (4 -> 0)
  Optimizing lut $abc$9588$auto$blifparse.cc:557:parse_blif$9790.genblk1.genblk1.genblk1.genblk1.genblk1.genblk1.lut0 (4 -> 0)
  Optimizing lut $abc$9588$auto$blifparse.cc:557:parse_blif$9791.genblk1.genblk1.genblk1.genblk1.genblk1.genblk1.lut0 (4 -> 0)
  Optimizing lut $abc$9588$auto$blifparse.cc:557:parse_blif$9792.genblk1.genblk1.genblk1.genblk1.genblk1.genblk1.lut0 (4 -> 0)
  Optimizing lut $abc$9588$auto$blifparse.cc:557:parse_blif$9794.genblk1.genblk1.genblk1.genblk1.genblk1.lut0 (4 -> 0)
  Optimizing lut $abc$9588$auto$blifparse.cc:557:parse_blif$9872.genblk1.genblk1.genblk1.genblk1.genblk1.genblk1.lut1 (4 -> 0)
  Optimizing lut $abc$9588$auto$blifparse.cc:557:parse_blif$9797.genblk1.genblk1.genblk1.genblk1.genblk1.lut0 (4 -> 0)
  Optimizing lut $abc$9588$auto$blifparse.cc:557:parse_blif$9859.genblk1.genblk1.genblk1.genblk1.genblk1.lut1 (4 -> 0)
  Optimizing lut $abc$9588$auto$blifparse.cc:557:parse_blif$9631.genblk1.genblk1.genblk1.genblk1.genblk1.genblk1.lut1 (4 -> 1)
  Optimizing lut $abc$9588$auto$blifparse.cc:557:parse_blif$9803.genblk1.genblk1.genblk1.genblk1.genblk1.genblk1.lut0 (4 -> 1)
  Optimizing lut $abc$9588$auto$blifparse.cc:557:parse_blif$9804.genblk1.genblk1.genblk1.genblk1.genblk1.genblk1.lut0 (4 -> 1)
  Optimizing lut $abc$9588$auto$blifparse.cc:557:parse_blif$9623.genblk1.genblk1.genblk1.genblk1.genblk1.genblk1.lut1 (4 -> 1)
  Optimizing lut $abc$9588$auto$blifparse.cc:557:parse_blif$9607.genblk1.genblk1.genblk1.genblk1.genblk1.genblk1.lut1 (4 -> 1)
  Optimizing lut $abc$9588$auto$blifparse.cc:557:parse_blif$9808.genblk1.genblk1.genblk1.genblk1.genblk1.genblk1.lut0 (4 -> 1)
  Optimizing lut $abc$9588$auto$blifparse.cc:557:parse_blif$9809.genblk1.genblk1.genblk1.genblk1.genblk1.genblk1.lut0 (4 -> 1)
  Optimizing lut $abc$9588$auto$blifparse.cc:557:parse_blif$9810.genblk1.genblk1.genblk1.genblk1.genblk1.genblk1.lut0 (4 -> 1)
  Optimizing lut $abc$9588$auto$blifparse.cc:557:parse_blif$9811.genblk1.genblk1.genblk1.genblk1.genblk1.genblk1.lut0 (4 -> 1)
  Optimizing lut $abc$9588$auto$blifparse.cc:557:parse_blif$9812.genblk1.genblk1.genblk1.genblk1.genblk1.lut0 (4 -> 0)
  Optimizing lut $abc$9588$auto$blifparse.cc:557:parse_blif$9816.genblk1.genblk1.genblk1.genblk1.genblk1.genblk1.genblk1.lut1 (4 -> 0)
  Optimizing lut $abc$9588$auto$blifparse.cc:557:parse_blif$9816.genblk1.genblk1.genblk1.genblk1.genblk1.genblk1.genblk1.lut0 (4 -> 0)
  Optimizing lut $abc$9588$auto$blifparse.cc:557:parse_blif$9829.genblk1.genblk1.genblk1.genblk1.genblk1.genblk1.lut1 (4 -> 0)
  Optimizing lut $abc$9588$auto$blifparse.cc:557:parse_blif$9864.genblk1.genblk1.genblk1.genblk1.genblk1.genblk1.lut1 (4 -> 0)
  Optimizing lut $abc$9588$auto$blifparse.cc:557:parse_blif$9822.genblk1.genblk1.genblk1.genblk1.genblk1.genblk1.lut1 (4 -> 0)
  Optimizing lut $abc$9588$auto$blifparse.cc:557:parse_blif$9822.genblk1.genblk1.genblk1.genblk1.genblk1.genblk1.lut0 (4 -> 0)
  Optimizing lut $abc$9588$auto$blifparse.cc:557:parse_blif$9823.genblk1.genblk1.genblk1.genblk1.genblk1.genblk1.lut0 (4 -> 0)
  Optimizing lut $abc$9588$auto$blifparse.cc:557:parse_blif$9875.genblk1.genblk1.genblk1.genblk1.genblk1.genblk1.genblk1.lut1 (4 -> 2)
  Optimizing lut $abc$9588$auto$blifparse.cc:557:parse_blif$9825.genblk1.genblk1.genblk1.genblk1.genblk1.lut0 (4 -> 3)
  Optimizing lut $abc$9588$auto$blifparse.cc:557:parse_blif$9827.genblk1.genblk1.genblk1.genblk1.genblk1.genblk1.genblk1.lut1 (4 -> 0)
  Optimizing lut $abc$9588$auto$blifparse.cc:557:parse_blif$9827.genblk1.genblk1.genblk1.genblk1.genblk1.genblk1.genblk1.lut0 (4 -> 0)
  Optimizing lut $abc$9588$auto$blifparse.cc:557:parse_blif$9884.genblk1.genblk1.genblk1.genblk1.genblk1.genblk1.genblk1.lut1 (4 -> 2)
  Optimizing lut $abc$9588$auto$blifparse.cc:557:parse_blif$9829.genblk1.genblk1.genblk1.genblk1.genblk1.genblk1.lut0 (4 -> 3)
  Optimizing lut $abc$9588$auto$blifparse.cc:557:parse_blif$9830.genblk1.genblk1.genblk1.genblk1.genblk1.genblk1.lut0 (4 -> 0)
  Optimizing lut $abc$9588$auto$blifparse.cc:557:parse_blif$9834.genblk1.genblk1.genblk1.genblk1.genblk1.genblk1.lut0 (4 -> 0)
  Optimizing lut $abc$9588$auto$blifparse.cc:557:parse_blif$9837.genblk1.genblk1.genblk1.genblk1.genblk1.genblk1.lut1 (4 -> 0)
  Optimizing lut $abc$9588$auto$blifparse.cc:557:parse_blif$9838.genblk1.genblk1.genblk1.genblk1.genblk1.genblk1.lut0 (4 -> 0)
  Optimizing lut $abc$9588$auto$blifparse.cc:557:parse_blif$9841.genblk1.genblk1.genblk1.genblk1.genblk1.genblk1.lut1 (4 -> 0)
  Optimizing lut $abc$9588$auto$blifparse.cc:557:parse_blif$9878.genblk1.genblk1.genblk1.genblk1.genblk1.genblk1.genblk1.lut1 (4 -> 2)
  Optimizing lut $abc$9588$auto$blifparse.cc:557:parse_blif$9842.genblk1.genblk1.genblk1.genblk1.genblk1.genblk1.lut0 (4 -> 0)
  Optimizing lut $abc$9588$auto$blifparse.cc:557:parse_blif$9846.genblk1.genblk1.genblk1.genblk1.genblk1.genblk1.lut1 (4 -> 1)
  Optimizing lut $abc$9588$auto$blifparse.cc:557:parse_blif$9846.genblk1.genblk1.genblk1.genblk1.genblk1.genblk1.lut0 (4 -> 1)
  Optimizing lut $abc$9588$auto$blifparse.cc:557:parse_blif$9847.genblk1.genblk1.genblk1.genblk1.genblk1.genblk1.lut0 (4 -> 0)
  Optimizing lut $abc$9588$auto$blifparse.cc:557:parse_blif$9850.genblk1.genblk1.genblk1.genblk1.genblk1.genblk1.lut0 (4 -> 0)
  Optimizing lut $abc$9588$auto$blifparse.cc:557:parse_blif$9851.genblk1.genblk1.genblk1.genblk1.genblk1.lut0 (4 -> 0)
  Optimizing lut $abc$9588$auto$blifparse.cc:557:parse_blif$9854.genblk1.genblk1.genblk1.genblk1.genblk1.lut1 (4 -> 0)
  Optimizing lut $abc$9588$auto$blifparse.cc:557:parse_blif$9880.genblk1.genblk1.genblk1.genblk1.genblk1.genblk1.genblk1.lut1 (4 -> 1)
  Optimizing lut $abc$9588$auto$blifparse.cc:557:parse_blif$9855.genblk1.genblk1.genblk1.genblk1.genblk1.genblk1.lut0 (4 -> 0)
  Optimizing lut $abc$9588$auto$blifparse.cc:557:parse_blif$9856.genblk1.genblk1.genblk1.genblk1.genblk1.lut0 (4 -> 0)
  Optimizing lut $abc$9588$auto$blifparse.cc:557:parse_blif$9860.genblk1.genblk1.genblk1.genblk1.genblk1.genblk1.lut0 (4 -> 0)
  Optimizing lut $abc$9588$auto$blifparse.cc:557:parse_blif$9861.genblk1.genblk1.genblk1.genblk1.genblk1.lut0 (4 -> 0)
  Optimizing lut $abc$9588$auto$blifparse.cc:557:parse_blif$10024.genblk1.genblk1.genblk1.genblk1.genblk1.genblk1.genblk1.lut1 (4 -> 2)
  Optimizing lut $abc$9588$auto$blifparse.cc:557:parse_blif$9865.genblk1.genblk1.genblk1.genblk1.genblk1.lut0 (4 -> 0)
  Optimizing lut $abc$9588$auto$blifparse.cc:557:parse_blif$9866.genblk1.genblk1.genblk1.genblk1.genblk1.lut0 (4 -> 0)
  Optimizing lut $abc$9588$auto$blifparse.cc:557:parse_blif$9868.genblk1.genblk1.genblk1.genblk1.genblk1.genblk1.lut1 (4 -> 0)
  Optimizing lut $abc$9588$auto$blifparse.cc:557:parse_blif$9869.genblk1.genblk1.genblk1.genblk1.genblk1.lut0 (4 -> 0)
  Optimizing lut $abc$9588$auto$blifparse.cc:557:parse_blif$9873.genblk1.genblk1.genblk1.genblk1.genblk1.lut0 (4 -> 0)
  Optimizing lut $abc$9588$auto$blifparse.cc:557:parse_blif$9875.genblk1.genblk1.genblk1.genblk1.genblk1.genblk1.genblk1.lut0 (4 -> 1)
  Optimizing lut $abc$9588$auto$blifparse.cc:557:parse_blif$9876.genblk1.genblk1.genblk1.genblk1.genblk1.lut0 (4 -> 0)
  Optimizing lut $abc$9588$auto$blifparse.cc:557:parse_blif$9877.genblk1.genblk1.genblk1.genblk1.genblk1.genblk1.lut0 (4 -> 1)
  Optimizing lut $abc$9588$auto$blifparse.cc:557:parse_blif$9878.genblk1.genblk1.genblk1.genblk1.genblk1.genblk1.genblk1.lut0 (4 -> 1)
  Optimizing lut $abc$9588$auto$blifparse.cc:557:parse_blif$9879.genblk1.genblk1.genblk1.genblk1.genblk1.genblk1.genblk1.lut0 (4 -> 1)
  Optimizing lut $abc$9588$auto$blifparse.cc:557:parse_blif$9880.genblk1.genblk1.genblk1.genblk1.genblk1.genblk1.genblk1.lut0 (4 -> 1)
  Optimizing lut $abc$9588$auto$blifparse.cc:557:parse_blif$9882.genblk1.genblk1.genblk1.genblk1.genblk1.lut0 (4 -> 0)
  Optimizing lut $abc$9588$auto$blifparse.cc:557:parse_blif$9884.genblk1.genblk1.genblk1.genblk1.genblk1.genblk1.genblk1.lut0 (4 -> 1)
  Optimizing lut $abc$9588$auto$blifparse.cc:557:parse_blif$9908.genblk1.genblk1.genblk1.genblk1.genblk1.lut0 (4 -> 0)
  Optimizing lut $abc$9588$auto$blifparse.cc:557:parse_blif$9910.genblk1.genblk1.genblk1.genblk1.genblk1.lut0 (4 -> 0)
  Optimizing lut $abc$9588$auto$blifparse.cc:557:parse_blif$9913.genblk1.genblk1.genblk1.genblk1.genblk1.lut0 (4 -> 0)
  Optimizing lut $abc$9588$auto$blifparse.cc:557:parse_blif$9944.genblk1.genblk1.genblk1.genblk1.genblk1.lut1 (4 -> 2)
  Optimizing lut $abc$9588$auto$blifparse.cc:557:parse_blif$9944.genblk1.genblk1.genblk1.genblk1.genblk1.lut0 (4 -> 2)
  Optimizing lut $abc$9588$auto$blifparse.cc:557:parse_blif$9951.genblk1.genblk1.genblk1.genblk1.genblk1.lut0 (4 -> 0)
  Optimizing lut $abc$9588$auto$blifparse.cc:557:parse_blif$9957.genblk1.genblk1.genblk1.genblk1.genblk1.lut0 (4 -> 0)
  Optimizing lut $abc$9588$auto$blifparse.cc:557:parse_blif$10023.genblk1.genblk1.genblk1.genblk1.genblk1.genblk1.genblk1.lut1 (4 -> 2)
  Optimizing lut $abc$9588$auto$blifparse.cc:557:parse_blif$9984.genblk1.genblk1.genblk1.genblk1.genblk1.lut1 (4 -> 0)
  Optimizing lut $abc$9588$auto$blifparse.cc:557:parse_blif$10023.genblk1.genblk1.genblk1.genblk1.genblk1.genblk1.genblk1.lut0 (4 -> 1)
  Optimizing lut $abc$9588$auto$blifparse.cc:557:parse_blif$10024.genblk1.genblk1.genblk1.genblk1.genblk1.genblk1.genblk1.lut0 (4 -> 1)
  Optimizing lut $abc$9588$auto$blifparse.cc:557:parse_blif$10025.genblk1.genblk1.genblk1.genblk1.genblk1.lut0 (4 -> 0)
  Optimizing lut $abc$9588$auto$blifparse.cc:557:parse_blif$9698.genblk1.genblk1.genblk1.genblk1.genblk1.lut1 (4 -> 0)
  Optimizing lut $abc$9588$auto$blifparse.cc:557:parse_blif$10134.genblk1.genblk1.genblk1.genblk1.genblk1.lut1 (4 -> 2)
  Optimizing lut $abc$9588$auto$blifparse.cc:557:parse_blif$10162.genblk1.genblk1.genblk1.genblk1.genblk1.lut1 (4 -> 0)
  Optimizing lut $abc$9588$auto$blifparse.cc:557:parse_blif$10165.genblk1.genblk1.genblk1.genblk1.genblk1.lut1 (4 -> 0)
  Optimizing lut $abc$9588$auto$blifparse.cc:557:parse_blif$10168.genblk1.genblk1.genblk1.genblk1.genblk1.lut1 (4 -> 0)
  Optimizing lut $abc$9588$auto$blifparse.cc:557:parse_blif$10171.genblk1.genblk1.genblk1.genblk1.genblk1.lut1 (4 -> 0)
  Optimizing lut $abc$9588$auto$blifparse.cc:557:parse_blif$10174.genblk1.genblk1.genblk1.genblk1.genblk1.lut1 (4 -> 0)
  Optimizing lut $abc$9588$auto$blifparse.cc:557:parse_blif$10177.genblk1.genblk1.genblk1.genblk1.genblk1.lut1 (4 -> 0)
  Optimizing lut $abc$9588$auto$blifparse.cc:557:parse_blif$10180.genblk1.genblk1.genblk1.genblk1.genblk1.lut1 (4 -> 0)
  Optimizing lut $abc$9588$auto$blifparse.cc:557:parse_blif$10183.genblk1.genblk1.genblk1.genblk1.genblk1.lut1 (4 -> 0)
  Optimizing lut $abc$9588$auto$blifparse.cc:557:parse_blif$10186.genblk1.genblk1.genblk1.genblk1.genblk1.lut1 (4 -> 0)
  Optimizing lut $abc$9588$auto$blifparse.cc:557:parse_blif$10189.genblk1.genblk1.genblk1.genblk1.genblk1.lut1 (4 -> 0)
  Optimizing lut $abc$9588$auto$blifparse.cc:557:parse_blif$10192.genblk1.genblk1.genblk1.genblk1.genblk1.lut1 (4 -> 0)
  Optimizing lut $abc$9588$auto$blifparse.cc:557:parse_blif$10195.genblk1.genblk1.genblk1.genblk1.genblk1.lut1 (4 -> 0)
  Optimizing lut $abc$9588$auto$blifparse.cc:557:parse_blif$10198.genblk1.genblk1.genblk1.genblk1.genblk1.lut1 (4 -> 0)
  Optimizing lut $abc$9588$auto$blifparse.cc:557:parse_blif$10201.genblk1.genblk1.genblk1.genblk1.genblk1.lut1 (4 -> 0)
  Optimizing lut $abc$9588$auto$blifparse.cc:557:parse_blif$10204.genblk1.genblk1.genblk1.genblk1.genblk1.lut1 (4 -> 0)
  Optimizing lut $abc$9588$auto$blifparse.cc:557:parse_blif$10207.genblk1.genblk1.genblk1.genblk1.genblk1.lut1 (4 -> 0)
  Optimizing lut $abc$9588$auto$blifparse.cc:557:parse_blif$10210.genblk1.genblk1.genblk1.genblk1.genblk1.lut1 (4 -> 0)
  Optimizing lut $abc$9588$auto$blifparse.cc:557:parse_blif$10213.genblk1.genblk1.genblk1.genblk1.genblk1.lut1 (4 -> 0)
  Optimizing lut $abc$9588$auto$blifparse.cc:557:parse_blif$10220.genblk1.genblk1.genblk1.genblk1.genblk1.lut1 (4 -> 0)
  Optimizing lut $abc$9588$auto$blifparse.cc:557:parse_blif$10223.genblk1.genblk1.genblk1.genblk1.genblk1.lut1 (4 -> 0)
  Optimizing lut $abc$9588$auto$blifparse.cc:557:parse_blif$10226.genblk1.genblk1.genblk1.genblk1.genblk1.lut1 (4 -> 0)
  Optimizing lut $abc$9588$auto$blifparse.cc:557:parse_blif$10269.genblk1.genblk1.genblk1.genblk1.genblk1.lut0 (4 -> 1)
Removed 0 unused cells and 1778 unused wires.

6.50. Executing AUTONAME pass.
Renamed 134 objects in module top_zkf_add_w8_m36_stage_output (4 iterations).
Renamed 3246 objects in module $paramod$72c8f62b4f7239522922133703bf3bd61312e62f\zkf_add (435 iterations).
<suppressed ~3380 debug messages>

6.51. Executing HIERARCHY pass (managing design hierarchy).
Attribute `top' found on module `top_zkf_add_w8_m36_stage_output'. Setting top module to top_zkf_add_w8_m36_stage_output.

6.51.1. Analyzing design hierarchy..
Top module:  \top_zkf_add_w8_m36_stage_output
Used module:     $paramod$72c8f62b4f7239522922133703bf3bd61312e62f\zkf_add

6.51.2. Analyzing design hierarchy..
Top module:  \top_zkf_add_w8_m36_stage_output
Used module:     $paramod$72c8f62b4f7239522922133703bf3bd61312e62f\zkf_add
Removed 0 unused modules.

6.52. Printing statistics.

=== top_zkf_add_w8_m36_stage_output ===

        +----------Local Count, excluding submodules.
        | 
       14 wires
      315 wire bits
       14 public wires
      315 public wire bits
        7 ports
      136 port bits
      135 submodules
        1   $paramod$72c8f62b4f7239522922133703bf3bd61312e62f\zkf_add
      134   TRELLIS_FF

=== $paramod$72c8f62b4f7239522922133703bf3bd61312e62f\zkf_add ===

        +----------Local Count, excluding submodules.
        | 
     1433 wires
     5453 wire bits
     1433 public wires
     5453 public wire bits
        7 ports
      136 port bits
        4 cells
        4   $scopeinfo
     1935 submodules
       77   CCU2C
       87   L6MUX21
     1092   LUT4
      256   PFUMX
      423   TRELLIS_FF

=== design hierarchy ===

        +----------Count including submodules.
        | 
        4 top_zkf_add_w8_m36_stage_output
        4 $paramod$72c8f62b4f7239522922133703bf3bd61312e62f\zkf_add

        +----------Count including submodules.
        | 
     1447 wires
     5768 wire bits
     1447 public wires
     5768 public wire bits
       14 ports
      272 port bits
        - memories
        - memory bits
        - processes
        4 cells
        4   $scopeinfo
      135 submodules
        1   $paramod$72c8f62b4f7239522922133703bf3bd61312e62f\zkf_add
      134   TRELLIS_FF

6.53. Executing CHECK pass (checking for obvious problems).
Checking module top_zkf_add_w8_m36_stage_output...
Checking module $paramod$72c8f62b4f7239522922133703bf3bd61312e62f\zkf_add...
Found and reported 0 problems.

6.54. Executing JSON backend.

End of script. Logfile hash: efef823fe7, time: 8.35s, user: 3.41s, system: 0.13s, MEM: 80.78 MB peak
Yosys 0.64+215 (git sha1 54866d154, clang++ 18.1.8 -fPIC -O3)
Time spent: 37% 3x abc (2 sec), 19% 1x autoname (1 sec), ...
$ yosys -s /mnt/storage/test/zkf-vs-flopoco/artifacts/targets/ecp5-yosys/rows/zkf_add_w8_m36_stage_output/yosys.ys


[exit code 0]
