
 /----------------------------------------------------------------------------\
 |  yosys -- Yosys Open SYnthesis Suite                                       |
 |  Copyright (C) 2012 - 2026  Claire Xenia Wolf <claire@yosyshq.com>         |
 |  Distributed under an ISC-like license, type "license" to see terms        |
 \----------------------------------------------------------------------------/
 Yosys 0.64+215 (git sha1 54866d154, clang++ 18.1.8 -fPIC -O3)

-- Executing script file `/mnt/storage/test/zkf-vs-flopoco/artifacts/targets/ecp5-yosys/rows/zkf_add_w8_m18_stage_decode/yosys.ys' --

1. Executing Verilog-2005 frontend: /mnt/storage/zubax/kulibin2/float/hdl/_zkf_pack.v
Parsing SystemVerilog input from `/mnt/storage/zubax/kulibin2/float/hdl/_zkf_pack.v' to AST representation.
Generating RTLIL representation for module `\_zkf_pack'.
Generating RTLIL representation for module `\_zkf_pack_delay'.
Successfully finished Verilog frontend.

2. Executing Verilog-2005 frontend: /mnt/storage/zubax/kulibin2/float/hdl/_zkf_rshift_sticky.v
Parsing SystemVerilog input from `/mnt/storage/zubax/kulibin2/float/hdl/_zkf_rshift_sticky.v' to AST representation.
Generating RTLIL representation for module `\_zkf_rshift_sticky'.
Successfully finished Verilog frontend.

3. Executing Verilog-2005 frontend: /mnt/storage/zubax/kulibin2/float/hdl/_zkf_normshift.v
Parsing SystemVerilog input from `/mnt/storage/zubax/kulibin2/float/hdl/_zkf_normshift.v' to AST representation.
Generating RTLIL representation for module `\_zkf_normshift'.
Successfully finished Verilog frontend.

4. Executing Verilog-2005 frontend: /mnt/storage/zubax/kulibin2/float/hdl/zkf_add.v
Parsing SystemVerilog input from `/mnt/storage/zubax/kulibin2/float/hdl/zkf_add.v' to AST representation.
Generating RTLIL representation for module `\zkf_add'.
Generating RTLIL representation for module `\_zkf_add_ge'.
Successfully finished Verilog frontend.

5. Executing Verilog-2005 frontend: /mnt/storage/test/zkf-vs-flopoco/artifacts/targets/ecp5-yosys/rows/zkf_add_w8_m18_stage_decode/src/top_zkf_add_w8_m18_stage_decode.v
Parsing SystemVerilog input from `/mnt/storage/test/zkf-vs-flopoco/artifacts/targets/ecp5-yosys/rows/zkf_add_w8_m18_stage_decode/src/top_zkf_add_w8_m18_stage_decode.v' to AST representation.
Generating RTLIL representation for module `\top_zkf_add_w8_m18_stage_decode'.
Successfully finished Verilog frontend.

6. Executing SYNTH_LATTICE pass.

6.1. Executing Verilog-2005 frontend: /mnt/storage/synth_eval/oss-cad-suite/lib/../share/yosys/lattice/cells_sim_ecp5.v
Parsing Verilog input from `/mnt/storage/synth_eval/oss-cad-suite/lib/../share/yosys/lattice/cells_sim_ecp5.v' to AST representation.
Generating RTLIL representation for module `\LUT4'.
Generating RTLIL representation for module `\$__ABC9_LUT5'.
Generating RTLIL representation for module `\$__ABC9_LUT6'.
Generating RTLIL representation for module `\$__ABC9_LUT7'.
Generating RTLIL representation for module `\L6MUX21'.
Generating RTLIL representation for module `\TRELLIS_RAM16X2'.
Generating RTLIL representation for module `\PFUMX'.
Generating RTLIL representation for module `\TRELLIS_DPR16X4'.
Generating RTLIL representation for module `\DPR16X4C'.
Generating RTLIL representation for module `\LUT2'.
Generating RTLIL representation for module `\TRELLIS_FF'.
Generating RTLIL representation for module `\TRELLIS_IO'.
Generating RTLIL representation for module `\INV'.
Generating RTLIL representation for module `\TRELLIS_COMB'.
Generating RTLIL representation for module `\VLO'.
Generating RTLIL representation for module `\VHI'.
Generating RTLIL representation for module `\FD1P3AX'.
Generating RTLIL representation for module `\FD1P3AY'.
Generating RTLIL representation for module `\FD1P3BX'.
Generating RTLIL representation for module `\FD1P3DX'.
Generating RTLIL representation for module `\FD1P3IX'.
Generating RTLIL representation for module `\FD1P3JX'.
Generating RTLIL representation for module `\FD1S3AX'.
Generating RTLIL representation for module `\FD1S3AY'.
Generating RTLIL representation for module `\FD1S3BX'.
Generating RTLIL representation for module `\FD1S3DX'.
Generating RTLIL representation for module `\FD1S3IX'.
Generating RTLIL representation for module `\FD1S3JX'.
Generating RTLIL representation for module `\IFS1P3BX'.
Generating RTLIL representation for module `\IFS1P3DX'.
Generating RTLIL representation for module `\IFS1P3IX'.
Generating RTLIL representation for module `\IFS1P3JX'.
Generating RTLIL representation for module `\OFS1P3BX'.
Generating RTLIL representation for module `\OFS1P3DX'.
Generating RTLIL representation for module `\OFS1P3IX'.
Generating RTLIL representation for module `\OFS1P3JX'.
Generating RTLIL representation for module `\IB'.
Generating RTLIL representation for module `\IBPU'.
Generating RTLIL representation for module `\IBPD'.
Generating RTLIL representation for module `\OB'.
Generating RTLIL representation for module `\OBZ'.
Generating RTLIL representation for module `\OBZPU'.
Generating RTLIL representation for module `\OBZPD'.
Generating RTLIL representation for module `\OBCO'.
Generating RTLIL representation for module `\BB'.
Generating RTLIL representation for module `\BBPU'.
Generating RTLIL representation for module `\BBPD'.
Generating RTLIL representation for module `\ILVDS'.
Generating RTLIL representation for module `\OLVDS'.
Generating RTLIL representation for module `\CCU2C'.
Generating RTLIL representation for module `\DP16KD'.
Replacing existing blackbox module `\FD1P3AX' at /mnt/storage/synth_eval/oss-cad-suite/lib/../share/yosys/lattice/cells_ff.vh:2.1-2.261.
Generating RTLIL representation for module `\FD1P3AX'.
Replacing existing blackbox module `\FD1P3AY' at /mnt/storage/synth_eval/oss-cad-suite/lib/../share/yosys/lattice/cells_ff.vh:3.1-3.261.
Generating RTLIL representation for module `\FD1P3AY'.
Replacing existing blackbox module `\FD1P3BX' at /mnt/storage/synth_eval/oss-cad-suite/lib/../share/yosys/lattice/cells_ff.vh:4.1-4.261.
Generating RTLIL representation for module `\FD1P3BX'.
Replacing existing blackbox module `\FD1P3DX' at /mnt/storage/synth_eval/oss-cad-suite/lib/../share/yosys/lattice/cells_ff.vh:5.1-5.261.
Generating RTLIL representation for module `\FD1P3DX'.
Replacing existing blackbox module `\FD1P3IX' at /mnt/storage/synth_eval/oss-cad-suite/lib/../share/yosys/lattice/cells_ff.vh:6.1-6.261.
Generating RTLIL representation for module `\FD1P3IX'.
Replacing existing blackbox module `\FD1P3JX' at /mnt/storage/synth_eval/oss-cad-suite/lib/../share/yosys/lattice/cells_ff.vh:7.1-7.261.
Generating RTLIL representation for module `\FD1P3JX'.
Replacing existing blackbox module `\FD1S3AX' at /mnt/storage/synth_eval/oss-cad-suite/lib/../share/yosys/lattice/cells_ff.vh:8.1-8.261.
Generating RTLIL representation for module `\FD1S3AX'.
Replacing existing blackbox module `\FD1S3AY' at /mnt/storage/synth_eval/oss-cad-suite/lib/../share/yosys/lattice/cells_ff.vh:9.1-9.261.
Generating RTLIL representation for module `\FD1S3AY'.
Replacing existing blackbox module `\FD1S3BX' at /mnt/storage/synth_eval/oss-cad-suite/lib/../share/yosys/lattice/cells_ff.vh:10.1-10.261.
Generating RTLIL representation for module `\FD1S3BX'.
Replacing existing blackbox module `\FD1S3DX' at /mnt/storage/synth_eval/oss-cad-suite/lib/../share/yosys/lattice/cells_ff.vh:11.1-11.261.
Generating RTLIL representation for module `\FD1S3DX'.
Replacing existing blackbox module `\FD1S3IX' at /mnt/storage/synth_eval/oss-cad-suite/lib/../share/yosys/lattice/cells_ff.vh:12.1-12.261.
Generating RTLIL representation for module `\FD1S3IX'.
Replacing existing blackbox module `\FD1S3JX' at /mnt/storage/synth_eval/oss-cad-suite/lib/../share/yosys/lattice/cells_ff.vh:13.1-13.261.
Generating RTLIL representation for module `\FD1S3JX'.
Replacing existing blackbox module `\IFS1P3BX' at /mnt/storage/synth_eval/oss-cad-suite/lib/../share/yosys/lattice/cells_ff.vh:26.1-26.301.
Generating RTLIL representation for module `\IFS1P3BX'.
Replacing existing blackbox module `\IFS1P3DX' at /mnt/storage/synth_eval/oss-cad-suite/lib/../share/yosys/lattice/cells_ff.vh:27.1-27.301.
Generating RTLIL representation for module `\IFS1P3DX'.
Replacing existing blackbox module `\IFS1P3IX' at /mnt/storage/synth_eval/oss-cad-suite/lib/../share/yosys/lattice/cells_ff.vh:28.1-28.301.
Generating RTLIL representation for module `\IFS1P3IX'.
Replacing existing blackbox module `\IFS1P3JX' at /mnt/storage/synth_eval/oss-cad-suite/lib/../share/yosys/lattice/cells_ff.vh:29.1-29.301.
Generating RTLIL representation for module `\IFS1P3JX'.
Replacing existing blackbox module `\OFS1P3BX' at /mnt/storage/synth_eval/oss-cad-suite/lib/../share/yosys/lattice/cells_ff.vh:31.1-31.302.
Generating RTLIL representation for module `\OFS1P3BX'.
Replacing existing blackbox module `\OFS1P3DX' at /mnt/storage/synth_eval/oss-cad-suite/lib/../share/yosys/lattice/cells_ff.vh:32.1-32.302.
Generating RTLIL representation for module `\OFS1P3DX'.
Replacing existing blackbox module `\OFS1P3IX' at /mnt/storage/synth_eval/oss-cad-suite/lib/../share/yosys/lattice/cells_ff.vh:33.1-33.302.
Generating RTLIL representation for module `\OFS1P3IX'.
Replacing existing blackbox module `\OFS1P3JX' at /mnt/storage/synth_eval/oss-cad-suite/lib/../share/yosys/lattice/cells_ff.vh:34.1-34.302.
Generating RTLIL representation for module `\OFS1P3JX'.
Replacing existing blackbox module `\IB' at /mnt/storage/synth_eval/oss-cad-suite/lib/../share/yosys/lattice/cells_io.vh:2.1-2.157.
Generating RTLIL representation for module `\IB'.
Replacing existing blackbox module `\IBPU' at /mnt/storage/synth_eval/oss-cad-suite/lib/../share/yosys/lattice/cells_io.vh:3.1-3.157.
Generating RTLIL representation for module `\IBPU'.
Replacing existing blackbox module `\IBPD' at /mnt/storage/synth_eval/oss-cad-suite/lib/../share/yosys/lattice/cells_io.vh:4.1-4.157.
Generating RTLIL representation for module `\IBPD'.
Replacing existing blackbox module `\OB' at /mnt/storage/synth_eval/oss-cad-suite/lib/../share/yosys/lattice/cells_io.vh:5.1-5.157.
Generating RTLIL representation for module `\OB'.
Replacing existing blackbox module `\OBZ' at /mnt/storage/synth_eval/oss-cad-suite/lib/../share/yosys/lattice/cells_io.vh:6.1-6.164.
Generating RTLIL representation for module `\OBZ'.
Replacing existing blackbox module `\OBZPU' at /mnt/storage/synth_eval/oss-cad-suite/lib/../share/yosys/lattice/cells_io.vh:7.1-7.164.
Generating RTLIL representation for module `\OBZPU'.
Replacing existing blackbox module `\OBZPD' at /mnt/storage/synth_eval/oss-cad-suite/lib/../share/yosys/lattice/cells_io.vh:8.1-8.164.
Generating RTLIL representation for module `\OBZPD'.
Replacing existing blackbox module `\OBCO' at /mnt/storage/synth_eval/oss-cad-suite/lib/../share/yosys/lattice/cells_io.vh:9.1-9.90.
Generating RTLIL representation for module `\OBCO'.
Replacing existing blackbox module `\BB' at /mnt/storage/synth_eval/oss-cad-suite/lib/../share/yosys/lattice/cells_io.vh:10.1-10.179.
Generating RTLIL representation for module `\BB'.
Replacing existing blackbox module `\BBPU' at /mnt/storage/synth_eval/oss-cad-suite/lib/../share/yosys/lattice/cells_io.vh:11.1-11.179.
Generating RTLIL representation for module `\BBPU'.
Replacing existing blackbox module `\BBPD' at /mnt/storage/synth_eval/oss-cad-suite/lib/../share/yosys/lattice/cells_io.vh:12.1-12.179.
Generating RTLIL representation for module `\BBPD'.
Replacing existing blackbox module `\ILVDS' at /mnt/storage/synth_eval/oss-cad-suite/lib/../share/yosys/lattice/cells_io.vh:13.1-13.139.
Generating RTLIL representation for module `\ILVDS'.
Replacing existing blackbox module `\OLVDS' at /mnt/storage/synth_eval/oss-cad-suite/lib/../share/yosys/lattice/cells_io.vh:14.1-14.146.
Generating RTLIL representation for module `\OLVDS'.
Successfully finished Verilog frontend.

6.2. Executing Verilog-2005 frontend: /mnt/storage/synth_eval/oss-cad-suite/lib/../share/yosys/lattice/cells_bb_ecp5.v
Parsing Verilog input from `/mnt/storage/synth_eval/oss-cad-suite/lib/../share/yosys/lattice/cells_bb_ecp5.v' to AST representation.
Generating RTLIL representation for module `\GSR'.
Generating RTLIL representation for module `\PUR'.
Generating RTLIL representation for module `\SGSR'.
Generating RTLIL representation for module `\PDPW16KD'.
Generating RTLIL representation for module `\MULT18X18D'.
Generating RTLIL representation for module `\ALU54B'.
Generating RTLIL representation for module `\CLKDIVF'.
Generating RTLIL representation for module `\PCSCLKDIV'.
Generating RTLIL representation for module `\DCSC'.
Generating RTLIL representation for module `\DCCA'.
Generating RTLIL representation for module `\ECLKSYNCB'.
Generating RTLIL representation for module `\ECLKBRIDGECS'.
Generating RTLIL representation for module `\DELAYF'.
Generating RTLIL representation for module `\DELAYG'.
Generating RTLIL representation for module `\USRMCLK'.
Generating RTLIL representation for module `\DQSBUFM'.
Generating RTLIL representation for module `\DDRDLLA'.
Generating RTLIL representation for module `\DLLDELD'.
Generating RTLIL representation for module `\IDDRX1F'.
Generating RTLIL representation for module `\IDDRX2F'.
Generating RTLIL representation for module `\IDDR71B'.
Generating RTLIL representation for module `\IDDRX2DQA'.
Generating RTLIL representation for module `\ODDRX1F'.
Generating RTLIL representation for module `\ODDRX2F'.
Generating RTLIL representation for module `\ODDR71B'.
Generating RTLIL representation for module `\OSHX2A'.
Generating RTLIL representation for module `\TSHX2DQA'.
Generating RTLIL representation for module `\TSHX2DQSA'.
Generating RTLIL representation for module `\ODDRX2DQA'.
Generating RTLIL representation for module `\ODDRX2DQSB'.
Generating RTLIL representation for module `\EHXPLLL'.
Generating RTLIL representation for module `\DTR'.
Generating RTLIL representation for module `\OSCG'.
Generating RTLIL representation for module `\EXTREFB'.
Generating RTLIL representation for module `\JTAGG'.
Generating RTLIL representation for module `\DCUA'.
Successfully finished Verilog frontend.

6.3. Executing HIERARCHY pass (managing design hierarchy).

6.3.1. Analyzing design hierarchy..
Top module:  \top_zkf_add_w8_m18_stage_decode
Used module:     \zkf_add
Used module:         \_zkf_pack
Used module:         \_zkf_normshift
Used module:         \_zkf_rshift_sticky
Used module:         \_zkf_add_ge
Parameter \WEXP = 6
Parameter \WMAN = 18
Parameter \WEXP_UNBIASED = 7
Parameter \EXP_IS_BIASED = 1
Parameter \STAGE_OUTPUT = 0

6.3.2. Executing AST frontend in derive mode using pre-parsed AST for module `\_zkf_pack'.
Parameter \WEXP = 6
Parameter \WMAN = 18
Parameter \WEXP_UNBIASED = 7
Parameter \EXP_IS_BIASED = 1
Parameter \STAGE_OUTPUT = 0
Generating RTLIL representation for module `$paramod$f92d7154c945849d5b071089548999fae0e2d105\_zkf_pack'.
Parameter \W = 21
Parameter \WSHAMT = 5
Parameter \STAGE_SPLIT = 1

6.3.3. Executing AST frontend in derive mode using pre-parsed AST for module `\_zkf_normshift'.
Parameter \W = 21
Parameter \WSHAMT = 5
Parameter \STAGE_SPLIT = 1
Generating RTLIL representation for module `$paramod$e790709381c586cdb3ff8c32de10157e471fadd5\_zkf_normshift'.
Parameter \W = 21
Parameter \WSHIFT = 6
Parameter \STAGE_SPLIT = 0

6.3.4. Executing AST frontend in derive mode using pre-parsed AST for module `\_zkf_rshift_sticky'.
Parameter \W = 21
Parameter \WSHIFT = 6
Parameter \STAGE_SPLIT = 0
Generating RTLIL representation for module `$paramod$62e7bfff28a749248a94c73f421a9f4d6235b0ce\_zkf_rshift_sticky'.
Parameter \W = 23

6.3.5. Executing AST frontend in derive mode using pre-parsed AST for module `\_zkf_add_ge'.
Parameter \W = 23
Generating RTLIL representation for module `$paramod\_zkf_add_ge\W=s32'00000000000000000000000000010111'.
Parameter \WEXP = 8
Parameter \WMAN = 18
Parameter \STAGE_DECODE = 1
Parameter \STAGE_ALIGN = 0
Parameter \STAGE_OUTPUT = 0

6.3.6. Executing AST frontend in derive mode using pre-parsed AST for module `\zkf_add'.
Parameter \WEXP = 8
Parameter \WMAN = 18
Parameter \STAGE_DECODE = 1
Parameter \STAGE_ALIGN = 0
Parameter \STAGE_OUTPUT = 0
Generating RTLIL representation for module `$paramod$73d19c912a883d1ee1979033e573e00ce9efcbb9\zkf_add'.

6.3.7. Analyzing design hierarchy..
Top module:  \top_zkf_add_w8_m18_stage_decode
Used module:     $paramod$73d19c912a883d1ee1979033e573e00ce9efcbb9\zkf_add
Used module:         \_zkf_pack
Used module:         \_zkf_normshift
Used module:         \_zkf_rshift_sticky
Used module:         \_zkf_add_ge
Parameter \WEXP = 8
Parameter \WMAN = 18
Parameter \WEXP_UNBIASED = 9
Parameter \EXP_IS_BIASED = 1
Parameter \STAGE_OUTPUT = 0

6.3.8. Executing AST frontend in derive mode using pre-parsed AST for module `\_zkf_pack'.
Parameter \WEXP = 8
Parameter \WMAN = 18
Parameter \WEXP_UNBIASED = 9
Parameter \EXP_IS_BIASED = 1
Parameter \STAGE_OUTPUT = 0
Generating RTLIL representation for module `$paramod$7f877026ea186f2023ba3d9fcc67fec3be7806b0\_zkf_pack'.
Parameter \W = 21
Parameter \WSHAMT = 5
Parameter \STAGE_SPLIT = 1
Found cached RTLIL representation for module `$paramod$e790709381c586cdb3ff8c32de10157e471fadd5\_zkf_normshift'.
Parameter \W = 21
Parameter \WSHIFT = 8
Parameter \STAGE_SPLIT = 0

6.3.9. Executing AST frontend in derive mode using pre-parsed AST for module `\_zkf_rshift_sticky'.
Parameter \W = 21
Parameter \WSHIFT = 8
Parameter \STAGE_SPLIT = 0
Generating RTLIL representation for module `$paramod$992a9d5d74ca269d7ddddbc5e65197d61d959bff\_zkf_rshift_sticky'.
Parameter \W = 25

6.3.10. Executing AST frontend in derive mode using pre-parsed AST for module `\_zkf_add_ge'.
Parameter \W = 25
Generating RTLIL representation for module `$paramod\_zkf_add_ge\W=s32'00000000000000000000000000011001'.

6.3.11. Analyzing design hierarchy..
Top module:  \top_zkf_add_w8_m18_stage_decode
Used module:     $paramod$73d19c912a883d1ee1979033e573e00ce9efcbb9\zkf_add
Used module:         $paramod$7f877026ea186f2023ba3d9fcc67fec3be7806b0\_zkf_pack
Used module:         $paramod$e790709381c586cdb3ff8c32de10157e471fadd5\_zkf_normshift
Used module:         $paramod$992a9d5d74ca269d7ddddbc5e65197d61d959bff\_zkf_rshift_sticky
Used module:         $paramod\_zkf_add_ge\W=s32'00000000000000000000000000011001

6.3.12. Analyzing design hierarchy..
Top module:  \top_zkf_add_w8_m18_stage_decode
Used module:     $paramod$73d19c912a883d1ee1979033e573e00ce9efcbb9\zkf_add
Used module:         $paramod$7f877026ea186f2023ba3d9fcc67fec3be7806b0\_zkf_pack
Used module:         $paramod$e790709381c586cdb3ff8c32de10157e471fadd5\_zkf_normshift
Used module:         $paramod$992a9d5d74ca269d7ddddbc5e65197d61d959bff\_zkf_rshift_sticky
Used module:         $paramod\_zkf_add_ge\W=s32'00000000000000000000000000011001
Removing unused module `$paramod\_zkf_add_ge\W=s32'00000000000000000000000000010111'.
Removing unused module `$paramod$62e7bfff28a749248a94c73f421a9f4d6235b0ce\_zkf_rshift_sticky'.
Removing unused module `$paramod$f92d7154c945849d5b071089548999fae0e2d105\_zkf_pack'.
Removing unused module `\_zkf_add_ge'.
Removing unused module `\zkf_add'.
Removing unused module `\_zkf_normshift'.
Removing unused module `\_zkf_rshift_sticky'.
Removing unused module `\_zkf_pack_delay'.
Removing unused module `\_zkf_pack'.
Removed 9 unused modules.

6.4. Executing PROC pass (convert processes to netlists).

6.4.1. Executing PROC_CLEAN pass (remove empty switches from decision trees).
Cleaned up 0 empty switches.

6.4.2. Executing PROC_RMDEAD pass (remove dead branches from decision trees).
Marked 1 switch rules as full_case in process $proc$/mnt/storage/test/zkf-vs-flopoco/artifacts/targets/ecp5-yosys/rows/zkf_add_w8_m18_stage_decode/src/top_zkf_add_w8_m18_stage_decode.v:34$179 in module top_zkf_add_w8_m18_stage_decode.
Marked 1 switch rules as full_case in process $proc$/mnt/storage/zubax/kulibin2/float/hdl/zkf_add.v:140$617 in module $paramod$73d19c912a883d1ee1979033e573e00ce9efcbb9\zkf_add.
Marked 1 switch rules as full_case in process $proc$/mnt/storage/zubax/kulibin2/float/hdl/zkf_add.v:393$611 in module $paramod$73d19c912a883d1ee1979033e573e00ce9efcbb9\zkf_add.
Removed a total of 0 dead cases.

6.4.3. Executing PROC_PRUNE pass (remove redundant assignments in processes).
Removed 7 redundant assignments.
Promoted 71 assignments to connections.

6.4.4. Executing PROC_INIT pass (extract init attributes).

6.4.5. Executing PROC_ARST pass (detect async resets in processes).

6.4.6. Executing PROC_ROM pass (convert switches to ROMs).
Converted 0 switches.
<suppressed ~3 debug messages>

6.4.7. Executing PROC_MUX pass (convert decision trees to multiplexers).
Creating decoders for process `\top_zkf_add_w8_m18_stage_decode.$proc$/mnt/storage/test/zkf-vs-flopoco/artifacts/targets/ecp5-yosys/rows/zkf_add_w8_m18_stage_decode/src/top_zkf_add_w8_m18_stage_decode.v:34$179'.
     1/2: $0\out_valid_r[0:0]
     2/2: $0\in_valid_r[0:0]
Creating decoders for process `$paramod$73d19c912a883d1ee1979033e573e00ce9efcbb9\zkf_add.$proc$/mnt/storage/zubax/kulibin2/float/hdl/zkf_add.v:140$617'.
     1/1: $0\g_decode_register.r_valid[0:0]
Creating decoders for process `$paramod$73d19c912a883d1ee1979033e573e00ce9efcbb9\zkf_add.$proc$/mnt/storage/zubax/kulibin2/float/hdl/zkf_add.v:393$611'.
     1/4: $0\s3_valid[0:0]
     2/4: $0\s2_valid[0:0]
     3/4: $0\s1_valid[0:0]
     4/4: $0\s0_valid[0:0]
Creating decoders for process `$paramod$992a9d5d74ca269d7ddddbc5e65197d61d959bff\_zkf_rshift_sticky.$proc$/mnt/storage/zubax/kulibin2/float/hdl/_zkf_rshift_sticky.v:160$724'.
Creating decoders for process `$paramod$992a9d5d74ca269d7ddddbc5e65197d61d959bff\_zkf_rshift_sticky.$proc$/mnt/storage/zubax/kulibin2/float/hdl/_zkf_rshift_sticky.v:159$723'.
Creating decoders for process `$paramod$992a9d5d74ca269d7ddddbc5e65197d61d959bff\_zkf_rshift_sticky.$proc$/mnt/storage/zubax/kulibin2/float/hdl/_zkf_rshift_sticky.v:160$722'.
Creating decoders for process `$paramod$992a9d5d74ca269d7ddddbc5e65197d61d959bff\_zkf_rshift_sticky.$proc$/mnt/storage/zubax/kulibin2/float/hdl/_zkf_rshift_sticky.v:159$721'.
Creating decoders for process `$paramod$992a9d5d74ca269d7ddddbc5e65197d61d959bff\_zkf_rshift_sticky.$proc$/mnt/storage/zubax/kulibin2/float/hdl/_zkf_rshift_sticky.v:160$720'.
Creating decoders for process `$paramod$992a9d5d74ca269d7ddddbc5e65197d61d959bff\_zkf_rshift_sticky.$proc$/mnt/storage/zubax/kulibin2/float/hdl/_zkf_rshift_sticky.v:159$719'.
Creating decoders for process `$paramod$992a9d5d74ca269d7ddddbc5e65197d61d959bff\_zkf_rshift_sticky.$proc$/mnt/storage/zubax/kulibin2/float/hdl/_zkf_rshift_sticky.v:136$709'.
Creating decoders for process `$paramod$992a9d5d74ca269d7ddddbc5e65197d61d959bff\_zkf_rshift_sticky.$proc$/mnt/storage/zubax/kulibin2/float/hdl/_zkf_rshift_sticky.v:132$702'.
Creating decoders for process `$paramod$992a9d5d74ca269d7ddddbc5e65197d61d959bff\_zkf_rshift_sticky.$proc$/mnt/storage/zubax/kulibin2/float/hdl/_zkf_rshift_sticky.v:136$692'.
Creating decoders for process `$paramod$992a9d5d74ca269d7ddddbc5e65197d61d959bff\_zkf_rshift_sticky.$proc$/mnt/storage/zubax/kulibin2/float/hdl/_zkf_rshift_sticky.v:132$685'.
Creating decoders for process `$paramod$992a9d5d74ca269d7ddddbc5e65197d61d959bff\_zkf_rshift_sticky.$proc$/mnt/storage/zubax/kulibin2/float/hdl/_zkf_rshift_sticky.v:136$675'.
Creating decoders for process `$paramod$992a9d5d74ca269d7ddddbc5e65197d61d959bff\_zkf_rshift_sticky.$proc$/mnt/storage/zubax/kulibin2/float/hdl/_zkf_rshift_sticky.v:132$668'.
Creating decoders for process `$paramod$992a9d5d74ca269d7ddddbc5e65197d61d959bff\_zkf_rshift_sticky.$proc$/mnt/storage/zubax/kulibin2/float/hdl/_zkf_rshift_sticky.v:50$667'.
Creating decoders for process `$paramod$992a9d5d74ca269d7ddddbc5e65197d61d959bff\_zkf_rshift_sticky.$proc$/mnt/storage/zubax/kulibin2/float/hdl/_zkf_rshift_sticky.v:49$666'.
Creating decoders for process `$paramod$e790709381c586cdb3ff8c32de10157e471fadd5\_zkf_normshift.$proc$/mnt/storage/zubax/kulibin2/float/hdl/_zkf_normshift.v:100$490'.
Creating decoders for process `$paramod$e790709381c586cdb3ff8c32de10157e471fadd5\_zkf_normshift.$proc$/mnt/storage/zubax/kulibin2/float/hdl/_zkf_normshift.v:98$489'.
Creating decoders for process `$paramod$e790709381c586cdb3ff8c32de10157e471fadd5\_zkf_normshift.$proc$/mnt/storage/zubax/kulibin2/float/hdl/_zkf_normshift.v:100$488'.
Creating decoders for process `$paramod$e790709381c586cdb3ff8c32de10157e471fadd5\_zkf_normshift.$proc$/mnt/storage/zubax/kulibin2/float/hdl/_zkf_normshift.v:85$484'.
Creating decoders for process `$paramod$e790709381c586cdb3ff8c32de10157e471fadd5\_zkf_normshift.$proc$/mnt/storage/zubax/kulibin2/float/hdl/_zkf_normshift.v:85$480'.
Creating decoders for process `$paramod$e790709381c586cdb3ff8c32de10157e471fadd5\_zkf_normshift.$proc$/mnt/storage/zubax/kulibin2/float/hdl/_zkf_normshift.v:85$476'.
Creating decoders for process `$paramod$e790709381c586cdb3ff8c32de10157e471fadd5\_zkf_normshift.$proc$/mnt/storage/zubax/kulibin2/float/hdl/_zkf_normshift.v:56$475'.
Creating decoders for process `$paramod$e790709381c586cdb3ff8c32de10157e471fadd5\_zkf_normshift.$proc$/mnt/storage/zubax/kulibin2/float/hdl/_zkf_normshift.v:128$474'.
Creating decoders for process `$paramod$e790709381c586cdb3ff8c32de10157e471fadd5\_zkf_normshift.$proc$/mnt/storage/zubax/kulibin2/float/hdl/_zkf_normshift.v:116$473'.
Creating decoders for process `$paramod$e790709381c586cdb3ff8c32de10157e471fadd5\_zkf_normshift.$proc$/mnt/storage/zubax/kulibin2/float/hdl/_zkf_normshift.v:116$472'.
Creating decoders for process `$paramod$e790709381c586cdb3ff8c32de10157e471fadd5\_zkf_normshift.$proc$/mnt/storage/zubax/kulibin2/float/hdl/_zkf_normshift.v:97$471'.

6.4.8. Executing PROC_DLATCH pass (convert process syncs to latches).
No latch inferred for signal `$paramod$992a9d5d74ca269d7ddddbc5e65197d61d959bff\_zkf_rshift_sticky.\sticky[3]' from process `$paramod$992a9d5d74ca269d7ddddbc5e65197d61d959bff\_zkf_rshift_sticky.$proc$/mnt/storage/zubax/kulibin2/float/hdl/_zkf_rshift_sticky.v:160$724'.
No latch inferred for signal `$paramod$992a9d5d74ca269d7ddddbc5e65197d61d959bff\_zkf_rshift_sticky.\data[3]' from process `$paramod$992a9d5d74ca269d7ddddbc5e65197d61d959bff\_zkf_rshift_sticky.$proc$/mnt/storage/zubax/kulibin2/float/hdl/_zkf_rshift_sticky.v:159$723'.
No latch inferred for signal `$paramod$992a9d5d74ca269d7ddddbc5e65197d61d959bff\_zkf_rshift_sticky.\sticky[2]' from process `$paramod$992a9d5d74ca269d7ddddbc5e65197d61d959bff\_zkf_rshift_sticky.$proc$/mnt/storage/zubax/kulibin2/float/hdl/_zkf_rshift_sticky.v:160$722'.
No latch inferred for signal `$paramod$992a9d5d74ca269d7ddddbc5e65197d61d959bff\_zkf_rshift_sticky.\data[2]' from process `$paramod$992a9d5d74ca269d7ddddbc5e65197d61d959bff\_zkf_rshift_sticky.$proc$/mnt/storage/zubax/kulibin2/float/hdl/_zkf_rshift_sticky.v:159$721'.
No latch inferred for signal `$paramod$992a9d5d74ca269d7ddddbc5e65197d61d959bff\_zkf_rshift_sticky.\sticky[1]' from process `$paramod$992a9d5d74ca269d7ddddbc5e65197d61d959bff\_zkf_rshift_sticky.$proc$/mnt/storage/zubax/kulibin2/float/hdl/_zkf_rshift_sticky.v:160$720'.
No latch inferred for signal `$paramod$992a9d5d74ca269d7ddddbc5e65197d61d959bff\_zkf_rshift_sticky.\data[1]' from process `$paramod$992a9d5d74ca269d7ddddbc5e65197d61d959bff\_zkf_rshift_sticky.$proc$/mnt/storage/zubax/kulibin2/float/hdl/_zkf_rshift_sticky.v:159$719'.
No latch inferred for signal `$paramod$992a9d5d74ca269d7ddddbc5e65197d61d959bff\_zkf_rshift_sticky.\sticky_pre[3]' from process `$paramod$992a9d5d74ca269d7ddddbc5e65197d61d959bff\_zkf_rshift_sticky.$proc$/mnt/storage/zubax/kulibin2/float/hdl/_zkf_rshift_sticky.v:136$709'.
No latch inferred for signal `$paramod$992a9d5d74ca269d7ddddbc5e65197d61d959bff\_zkf_rshift_sticky.\data_pre[3]' from process `$paramod$992a9d5d74ca269d7ddddbc5e65197d61d959bff\_zkf_rshift_sticky.$proc$/mnt/storage/zubax/kulibin2/float/hdl/_zkf_rshift_sticky.v:132$702'.
No latch inferred for signal `$paramod$992a9d5d74ca269d7ddddbc5e65197d61d959bff\_zkf_rshift_sticky.\sticky_pre[2]' from process `$paramod$992a9d5d74ca269d7ddddbc5e65197d61d959bff\_zkf_rshift_sticky.$proc$/mnt/storage/zubax/kulibin2/float/hdl/_zkf_rshift_sticky.v:136$692'.
No latch inferred for signal `$paramod$992a9d5d74ca269d7ddddbc5e65197d61d959bff\_zkf_rshift_sticky.\data_pre[2]' from process `$paramod$992a9d5d74ca269d7ddddbc5e65197d61d959bff\_zkf_rshift_sticky.$proc$/mnt/storage/zubax/kulibin2/float/hdl/_zkf_rshift_sticky.v:132$685'.
No latch inferred for signal `$paramod$992a9d5d74ca269d7ddddbc5e65197d61d959bff\_zkf_rshift_sticky.\sticky_pre[1]' from process `$paramod$992a9d5d74ca269d7ddddbc5e65197d61d959bff\_zkf_rshift_sticky.$proc$/mnt/storage/zubax/kulibin2/float/hdl/_zkf_rshift_sticky.v:136$675'.
No latch inferred for signal `$paramod$992a9d5d74ca269d7ddddbc5e65197d61d959bff\_zkf_rshift_sticky.\data_pre[1]' from process `$paramod$992a9d5d74ca269d7ddddbc5e65197d61d959bff\_zkf_rshift_sticky.$proc$/mnt/storage/zubax/kulibin2/float/hdl/_zkf_rshift_sticky.v:132$668'.
No latch inferred for signal `$paramod$992a9d5d74ca269d7ddddbc5e65197d61d959bff\_zkf_rshift_sticky.\sticky[0]' from process `$paramod$992a9d5d74ca269d7ddddbc5e65197d61d959bff\_zkf_rshift_sticky.$proc$/mnt/storage/zubax/kulibin2/float/hdl/_zkf_rshift_sticky.v:50$667'.
No latch inferred for signal `$paramod$992a9d5d74ca269d7ddddbc5e65197d61d959bff\_zkf_rshift_sticky.\data[0]' from process `$paramod$992a9d5d74ca269d7ddddbc5e65197d61d959bff\_zkf_rshift_sticky.$proc$/mnt/storage/zubax/kulibin2/float/hdl/_zkf_rshift_sticky.v:49$666'.
No latch inferred for signal `$paramod$e790709381c586cdb3ff8c32de10157e471fadd5\_zkf_normshift.\data[3]' from process `$paramod$e790709381c586cdb3ff8c32de10157e471fadd5\_zkf_normshift.$proc$/mnt/storage/zubax/kulibin2/float/hdl/_zkf_normshift.v:100$490'.
No latch inferred for signal `$paramod$e790709381c586cdb3ff8c32de10157e471fadd5\_zkf_normshift.\data[2]' from process `$paramod$e790709381c586cdb3ff8c32de10157e471fadd5\_zkf_normshift.$proc$/mnt/storage/zubax/kulibin2/float/hdl/_zkf_normshift.v:98$489'.
No latch inferred for signal `$paramod$e790709381c586cdb3ff8c32de10157e471fadd5\_zkf_normshift.\data[1]' from process `$paramod$e790709381c586cdb3ff8c32de10157e471fadd5\_zkf_normshift.$proc$/mnt/storage/zubax/kulibin2/float/hdl/_zkf_normshift.v:100$488'.
No latch inferred for signal `$paramod$e790709381c586cdb3ff8c32de10157e471fadd5\_zkf_normshift.\data_pre[3]' from process `$paramod$e790709381c586cdb3ff8c32de10157e471fadd5\_zkf_normshift.$proc$/mnt/storage/zubax/kulibin2/float/hdl/_zkf_normshift.v:85$484'.
No latch inferred for signal `$paramod$e790709381c586cdb3ff8c32de10157e471fadd5\_zkf_normshift.\data_pre[2]' from process `$paramod$e790709381c586cdb3ff8c32de10157e471fadd5\_zkf_normshift.$proc$/mnt/storage/zubax/kulibin2/float/hdl/_zkf_normshift.v:85$480'.
No latch inferred for signal `$paramod$e790709381c586cdb3ff8c32de10157e471fadd5\_zkf_normshift.\data_pre[1]' from process `$paramod$e790709381c586cdb3ff8c32de10157e471fadd5\_zkf_normshift.$proc$/mnt/storage/zubax/kulibin2/float/hdl/_zkf_normshift.v:85$476'.
No latch inferred for signal `$paramod$e790709381c586cdb3ff8c32de10157e471fadd5\_zkf_normshift.\data[0]' from process `$paramod$e790709381c586cdb3ff8c32de10157e471fadd5\_zkf_normshift.$proc$/mnt/storage/zubax/kulibin2/float/hdl/_zkf_normshift.v:56$475'.

6.4.9. Executing PROC_DFF pass (convert process syncs to FFs).
Creating register for signal `\top_zkf_add_w8_m18_stage_decode.\a_r' using process `\top_zkf_add_w8_m18_stage_decode.$proc$/mnt/storage/test/zkf-vs-flopoco/artifacts/targets/ecp5-yosys/rows/zkf_add_w8_m18_stage_decode/src/top_zkf_add_w8_m18_stage_decode.v:34$179'.
  created $dff cell `$procdff$748' with positive edge clock.
Creating register for signal `\top_zkf_add_w8_m18_stage_decode.\b_r' using process `\top_zkf_add_w8_m18_stage_decode.$proc$/mnt/storage/test/zkf-vs-flopoco/artifacts/targets/ecp5-yosys/rows/zkf_add_w8_m18_stage_decode/src/top_zkf_add_w8_m18_stage_decode.v:34$179'.
  created $dff cell `$procdff$749' with positive edge clock.
Creating register for signal `\top_zkf_add_w8_m18_stage_decode.\in_valid_r' using process `\top_zkf_add_w8_m18_stage_decode.$proc$/mnt/storage/test/zkf-vs-flopoco/artifacts/targets/ecp5-yosys/rows/zkf_add_w8_m18_stage_decode/src/top_zkf_add_w8_m18_stage_decode.v:34$179'.
  created $dff cell `$procdff$750' with positive edge clock.
Creating register for signal `\top_zkf_add_w8_m18_stage_decode.\y_r' using process `\top_zkf_add_w8_m18_stage_decode.$proc$/mnt/storage/test/zkf-vs-flopoco/artifacts/targets/ecp5-yosys/rows/zkf_add_w8_m18_stage_decode/src/top_zkf_add_w8_m18_stage_decode.v:34$179'.
  created $dff cell `$procdff$751' with positive edge clock.
Creating register for signal `\top_zkf_add_w8_m18_stage_decode.\out_valid_r' using process `\top_zkf_add_w8_m18_stage_decode.$proc$/mnt/storage/test/zkf-vs-flopoco/artifacts/targets/ecp5-yosys/rows/zkf_add_w8_m18_stage_decode/src/top_zkf_add_w8_m18_stage_decode.v:34$179'.
  created $dff cell `$procdff$752' with positive edge clock.
Creating register for signal `$paramod$73d19c912a883d1ee1979033e573e00ce9efcbb9\zkf_add.\g_decode_register.r_valid' using process `$paramod$73d19c912a883d1ee1979033e573e00ce9efcbb9\zkf_add.$proc$/mnt/storage/zubax/kulibin2/float/hdl/zkf_add.v:140$617'.
  created $dff cell `$procdff$753' with positive edge clock.
Creating register for signal `$paramod$73d19c912a883d1ee1979033e573e00ce9efcbb9\zkf_add.\g_decode_register.r_a_sign' using process `$paramod$73d19c912a883d1ee1979033e573e00ce9efcbb9\zkf_add.$proc$/mnt/storage/zubax/kulibin2/float/hdl/zkf_add.v:140$617'.
  created $dff cell `$procdff$754' with positive edge clock.
Creating register for signal `$paramod$73d19c912a883d1ee1979033e573e00ce9efcbb9\zkf_add.\g_decode_register.r_b_sign' using process `$paramod$73d19c912a883d1ee1979033e573e00ce9efcbb9\zkf_add.$proc$/mnt/storage/zubax/kulibin2/float/hdl/zkf_add.v:140$617'.
  created $dff cell `$procdff$755' with positive edge clock.
Creating register for signal `$paramod$73d19c912a883d1ee1979033e573e00ce9efcbb9\zkf_add.\g_decode_register.r_same_sign' using process `$paramod$73d19c912a883d1ee1979033e573e00ce9efcbb9\zkf_add.$proc$/mnt/storage/zubax/kulibin2/float/hdl/zkf_add.v:140$617'.
  created $dff cell `$procdff$756' with positive edge clock.
Creating register for signal `$paramod$73d19c912a883d1ee1979033e573e00ce9efcbb9\zkf_add.\g_decode_register.r_a_inf' using process `$paramod$73d19c912a883d1ee1979033e573e00ce9efcbb9\zkf_add.$proc$/mnt/storage/zubax/kulibin2/float/hdl/zkf_add.v:140$617'.
  created $dff cell `$procdff$757' with positive edge clock.
Creating register for signal `$paramod$73d19c912a883d1ee1979033e573e00ce9efcbb9\zkf_add.\g_decode_register.r_b_inf' using process `$paramod$73d19c912a883d1ee1979033e573e00ce9efcbb9\zkf_add.$proc$/mnt/storage/zubax/kulibin2/float/hdl/zkf_add.v:140$617'.
  created $dff cell `$procdff$758' with positive edge clock.
Creating register for signal `$paramod$73d19c912a883d1ee1979033e573e00ce9efcbb9\zkf_add.\g_decode_register.r_a_key_exp' using process `$paramod$73d19c912a883d1ee1979033e573e00ce9efcbb9\zkf_add.$proc$/mnt/storage/zubax/kulibin2/float/hdl/zkf_add.v:140$617'.
  created $dff cell `$procdff$759' with positive edge clock.
Creating register for signal `$paramod$73d19c912a883d1ee1979033e573e00ce9efcbb9\zkf_add.\g_decode_register.r_b_key_exp' using process `$paramod$73d19c912a883d1ee1979033e573e00ce9efcbb9\zkf_add.$proc$/mnt/storage/zubax/kulibin2/float/hdl/zkf_add.v:140$617'.
  created $dff cell `$procdff$760' with positive edge clock.
Creating register for signal `$paramod$73d19c912a883d1ee1979033e573e00ce9efcbb9\zkf_add.\g_decode_register.r_a_key_sig' using process `$paramod$73d19c912a883d1ee1979033e573e00ce9efcbb9\zkf_add.$proc$/mnt/storage/zubax/kulibin2/float/hdl/zkf_add.v:140$617'.
  created $dff cell `$procdff$761' with positive edge clock.
Creating register for signal `$paramod$73d19c912a883d1ee1979033e573e00ce9efcbb9\zkf_add.\g_decode_register.r_b_key_sig' using process `$paramod$73d19c912a883d1ee1979033e573e00ce9efcbb9\zkf_add.$proc$/mnt/storage/zubax/kulibin2/float/hdl/zkf_add.v:140$617'.
  created $dff cell `$procdff$762' with positive edge clock.
Creating register for signal `$paramod$73d19c912a883d1ee1979033e573e00ce9efcbb9\zkf_add.\g_decode_register.r_a_mag_ge_b_mag' using process `$paramod$73d19c912a883d1ee1979033e573e00ce9efcbb9\zkf_add.$proc$/mnt/storage/zubax/kulibin2/float/hdl/zkf_add.v:140$617'.
  created $dff cell `$procdff$763' with positive edge clock.
Creating register for signal `$paramod$73d19c912a883d1ee1979033e573e00ce9efcbb9\zkf_add.\s0_valid' using process `$paramod$73d19c912a883d1ee1979033e573e00ce9efcbb9\zkf_add.$proc$/mnt/storage/zubax/kulibin2/float/hdl/zkf_add.v:393$611'.
  created $dff cell `$procdff$764' with positive edge clock.
Creating register for signal `$paramod$73d19c912a883d1ee1979033e573e00ce9efcbb9\zkf_add.\s0_finite_sign' using process `$paramod$73d19c912a883d1ee1979033e573e00ce9efcbb9\zkf_add.$proc$/mnt/storage/zubax/kulibin2/float/hdl/zkf_add.v:393$611'.
  created $dff cell `$procdff$765' with positive edge clock.
Creating register for signal `$paramod$73d19c912a883d1ee1979033e573e00ce9efcbb9\zkf_add.\s0_inf_sign' using process `$paramod$73d19c912a883d1ee1979033e573e00ce9efcbb9\zkf_add.$proc$/mnt/storage/zubax/kulibin2/float/hdl/zkf_add.v:393$611'.
  created $dff cell `$procdff$766' with positive edge clock.
Creating register for signal `$paramod$73d19c912a883d1ee1979033e573e00ce9efcbb9\zkf_add.\s0_same_sign' using process `$paramod$73d19c912a883d1ee1979033e573e00ce9efcbb9\zkf_add.$proc$/mnt/storage/zubax/kulibin2/float/hdl/zkf_add.v:393$611'.
  created $dff cell `$procdff$767' with positive edge clock.
Creating register for signal `$paramod$73d19c912a883d1ee1979033e573e00ce9efcbb9\zkf_add.\s0_force_zero' using process `$paramod$73d19c912a883d1ee1979033e573e00ce9efcbb9\zkf_add.$proc$/mnt/storage/zubax/kulibin2/float/hdl/zkf_add.v:393$611'.
  created $dff cell `$procdff$768' with positive edge clock.
Creating register for signal `$paramod$73d19c912a883d1ee1979033e573e00ce9efcbb9\zkf_add.\s0_force_inf' using process `$paramod$73d19c912a883d1ee1979033e573e00ce9efcbb9\zkf_add.$proc$/mnt/storage/zubax/kulibin2/float/hdl/zkf_add.v:393$611'.
  created $dff cell `$procdff$769' with positive edge clock.
Creating register for signal `$paramod$73d19c912a883d1ee1979033e573e00ce9efcbb9\zkf_add.\s0_exp_biased' using process `$paramod$73d19c912a883d1ee1979033e573e00ce9efcbb9\zkf_add.$proc$/mnt/storage/zubax/kulibin2/float/hdl/zkf_add.v:393$611'.
  created $dff cell `$procdff$770' with positive edge clock.
Creating register for signal `$paramod$73d19c912a883d1ee1979033e573e00ce9efcbb9\zkf_add.\s0_exp_diff' using process `$paramod$73d19c912a883d1ee1979033e573e00ce9efcbb9\zkf_add.$proc$/mnt/storage/zubax/kulibin2/float/hdl/zkf_add.v:393$611'.
  created $dff cell `$procdff$771' with positive edge clock.
Creating register for signal `$paramod$73d19c912a883d1ee1979033e573e00ce9efcbb9\zkf_add.\s0_large_sig_exp' using process `$paramod$73d19c912a883d1ee1979033e573e00ce9efcbb9\zkf_add.$proc$/mnt/storage/zubax/kulibin2/float/hdl/zkf_add.v:393$611'.
  created $dff cell `$procdff$772' with positive edge clock.
Creating register for signal `$paramod$73d19c912a883d1ee1979033e573e00ce9efcbb9\zkf_add.\s0_small_sig_exp' using process `$paramod$73d19c912a883d1ee1979033e573e00ce9efcbb9\zkf_add.$proc$/mnt/storage/zubax/kulibin2/float/hdl/zkf_add.v:393$611'.
  created $dff cell `$procdff$773' with positive edge clock.
Creating register for signal `$paramod$73d19c912a883d1ee1979033e573e00ce9efcbb9\zkf_add.\s1_valid' using process `$paramod$73d19c912a883d1ee1979033e573e00ce9efcbb9\zkf_add.$proc$/mnt/storage/zubax/kulibin2/float/hdl/zkf_add.v:393$611'.
  created $dff cell `$procdff$774' with positive edge clock.
Creating register for signal `$paramod$73d19c912a883d1ee1979033e573e00ce9efcbb9\zkf_add.\s1_finite_sign' using process `$paramod$73d19c912a883d1ee1979033e573e00ce9efcbb9\zkf_add.$proc$/mnt/storage/zubax/kulibin2/float/hdl/zkf_add.v:393$611'.
  created $dff cell `$procdff$775' with positive edge clock.
Creating register for signal `$paramod$73d19c912a883d1ee1979033e573e00ce9efcbb9\zkf_add.\s1_inf_sign' using process `$paramod$73d19c912a883d1ee1979033e573e00ce9efcbb9\zkf_add.$proc$/mnt/storage/zubax/kulibin2/float/hdl/zkf_add.v:393$611'.
  created $dff cell `$procdff$776' with positive edge clock.
Creating register for signal `$paramod$73d19c912a883d1ee1979033e573e00ce9efcbb9\zkf_add.\s1_same_sign' using process `$paramod$73d19c912a883d1ee1979033e573e00ce9efcbb9\zkf_add.$proc$/mnt/storage/zubax/kulibin2/float/hdl/zkf_add.v:393$611'.
  created $dff cell `$procdff$777' with positive edge clock.
Creating register for signal `$paramod$73d19c912a883d1ee1979033e573e00ce9efcbb9\zkf_add.\s1_force_zero' using process `$paramod$73d19c912a883d1ee1979033e573e00ce9efcbb9\zkf_add.$proc$/mnt/storage/zubax/kulibin2/float/hdl/zkf_add.v:393$611'.
  created $dff cell `$procdff$778' with positive edge clock.
Creating register for signal `$paramod$73d19c912a883d1ee1979033e573e00ce9efcbb9\zkf_add.\s1_force_inf' using process `$paramod$73d19c912a883d1ee1979033e573e00ce9efcbb9\zkf_add.$proc$/mnt/storage/zubax/kulibin2/float/hdl/zkf_add.v:393$611'.
  created $dff cell `$procdff$779' with positive edge clock.
Creating register for signal `$paramod$73d19c912a883d1ee1979033e573e00ce9efcbb9\zkf_add.\s1_exp_biased' using process `$paramod$73d19c912a883d1ee1979033e573e00ce9efcbb9\zkf_add.$proc$/mnt/storage/zubax/kulibin2/float/hdl/zkf_add.v:393$611'.
  created $dff cell `$procdff$780' with positive edge clock.
Creating register for signal `$paramod$73d19c912a883d1ee1979033e573e00ce9efcbb9\zkf_add.\s1_large_ext_exp' using process `$paramod$73d19c912a883d1ee1979033e573e00ce9efcbb9\zkf_add.$proc$/mnt/storage/zubax/kulibin2/float/hdl/zkf_add.v:393$611'.
  created $dff cell `$procdff$781' with positive edge clock.
Creating register for signal `$paramod$73d19c912a883d1ee1979033e573e00ce9efcbb9\zkf_add.\s1_small_aligned' using process `$paramod$73d19c912a883d1ee1979033e573e00ce9efcbb9\zkf_add.$proc$/mnt/storage/zubax/kulibin2/float/hdl/zkf_add.v:393$611'.
  created $dff cell `$procdff$782' with positive edge clock.
Creating register for signal `$paramod$73d19c912a883d1ee1979033e573e00ce9efcbb9\zkf_add.\s2_valid' using process `$paramod$73d19c912a883d1ee1979033e573e00ce9efcbb9\zkf_add.$proc$/mnt/storage/zubax/kulibin2/float/hdl/zkf_add.v:393$611'.
  created $dff cell `$procdff$783' with positive edge clock.
Creating register for signal `$paramod$73d19c912a883d1ee1979033e573e00ce9efcbb9\zkf_add.\s2_sign' using process `$paramod$73d19c912a883d1ee1979033e573e00ce9efcbb9\zkf_add.$proc$/mnt/storage/zubax/kulibin2/float/hdl/zkf_add.v:393$611'.
  created $dff cell `$procdff$784' with positive edge clock.
Creating register for signal `$paramod$73d19c912a883d1ee1979033e573e00ce9efcbb9\zkf_add.\s2_same_sign' using process `$paramod$73d19c912a883d1ee1979033e573e00ce9efcbb9\zkf_add.$proc$/mnt/storage/zubax/kulibin2/float/hdl/zkf_add.v:393$611'.
  created $dff cell `$procdff$785' with positive edge clock.
Creating register for signal `$paramod$73d19c912a883d1ee1979033e573e00ce9efcbb9\zkf_add.\s2_force_zero' using process `$paramod$73d19c912a883d1ee1979033e573e00ce9efcbb9\zkf_add.$proc$/mnt/storage/zubax/kulibin2/float/hdl/zkf_add.v:393$611'.
  created $dff cell `$procdff$786' with positive edge clock.
Creating register for signal `$paramod$73d19c912a883d1ee1979033e573e00ce9efcbb9\zkf_add.\s2_force_inf' using process `$paramod$73d19c912a883d1ee1979033e573e00ce9efcbb9\zkf_add.$proc$/mnt/storage/zubax/kulibin2/float/hdl/zkf_add.v:393$611'.
  created $dff cell `$procdff$787' with positive edge clock.
Creating register for signal `$paramod$73d19c912a883d1ee1979033e573e00ce9efcbb9\zkf_add.\s2_exp_biased' using process `$paramod$73d19c912a883d1ee1979033e573e00ce9efcbb9\zkf_add.$proc$/mnt/storage/zubax/kulibin2/float/hdl/zkf_add.v:393$611'.
  created $dff cell `$procdff$788' with positive edge clock.
Creating register for signal `$paramod$73d19c912a883d1ee1979033e573e00ce9efcbb9\zkf_add.\s2_raw_result' using process `$paramod$73d19c912a883d1ee1979033e573e00ce9efcbb9\zkf_add.$proc$/mnt/storage/zubax/kulibin2/float/hdl/zkf_add.v:393$611'.
  created $dff cell `$procdff$789' with positive edge clock.
Creating register for signal `$paramod$73d19c912a883d1ee1979033e573e00ce9efcbb9\zkf_add.\s3_valid' using process `$paramod$73d19c912a883d1ee1979033e573e00ce9efcbb9\zkf_add.$proc$/mnt/storage/zubax/kulibin2/float/hdl/zkf_add.v:393$611'.
  created $dff cell `$procdff$790' with positive edge clock.
Creating register for signal `$paramod$73d19c912a883d1ee1979033e573e00ce9efcbb9\zkf_add.\s3_sign' using process `$paramod$73d19c912a883d1ee1979033e573e00ce9efcbb9\zkf_add.$proc$/mnt/storage/zubax/kulibin2/float/hdl/zkf_add.v:393$611'.
  created $dff cell `$procdff$791' with positive edge clock.
Creating register for signal `$paramod$73d19c912a883d1ee1979033e573e00ce9efcbb9\zkf_add.\s3_same_sign' using process `$paramod$73d19c912a883d1ee1979033e573e00ce9efcbb9\zkf_add.$proc$/mnt/storage/zubax/kulibin2/float/hdl/zkf_add.v:393$611'.
  created $dff cell `$procdff$792' with positive edge clock.
Creating register for signal `$paramod$73d19c912a883d1ee1979033e573e00ce9efcbb9\zkf_add.\s3_force_zero' using process `$paramod$73d19c912a883d1ee1979033e573e00ce9efcbb9\zkf_add.$proc$/mnt/storage/zubax/kulibin2/float/hdl/zkf_add.v:393$611'.
  created $dff cell `$procdff$793' with positive edge clock.
Creating register for signal `$paramod$73d19c912a883d1ee1979033e573e00ce9efcbb9\zkf_add.\s3_force_inf' using process `$paramod$73d19c912a883d1ee1979033e573e00ce9efcbb9\zkf_add.$proc$/mnt/storage/zubax/kulibin2/float/hdl/zkf_add.v:393$611'.
  created $dff cell `$procdff$794' with positive edge clock.
Creating register for signal `$paramod$73d19c912a883d1ee1979033e573e00ce9efcbb9\zkf_add.\s3_exp_biased' using process `$paramod$73d19c912a883d1ee1979033e573e00ce9efcbb9\zkf_add.$proc$/mnt/storage/zubax/kulibin2/float/hdl/zkf_add.v:393$611'.
  created $dff cell `$procdff$795' with positive edge clock.
Creating register for signal `$paramod$73d19c912a883d1ee1979033e573e00ce9efcbb9\zkf_add.\s3_add_exp_biased' using process `$paramod$73d19c912a883d1ee1979033e573e00ce9efcbb9\zkf_add.$proc$/mnt/storage/zubax/kulibin2/float/hdl/zkf_add.v:393$611'.
  created $dff cell `$procdff$796' with positive edge clock.
Creating register for signal `$paramod$73d19c912a883d1ee1979033e573e00ce9efcbb9\zkf_add.\s3_add_significand' using process `$paramod$73d19c912a883d1ee1979033e573e00ce9efcbb9\zkf_add.$proc$/mnt/storage/zubax/kulibin2/float/hdl/zkf_add.v:393$611'.
  created $dff cell `$procdff$797' with positive edge clock.
Creating register for signal `$paramod$73d19c912a883d1ee1979033e573e00ce9efcbb9\zkf_add.\s3_add_guard' using process `$paramod$73d19c912a883d1ee1979033e573e00ce9efcbb9\zkf_add.$proc$/mnt/storage/zubax/kulibin2/float/hdl/zkf_add.v:393$611'.
  created $dff cell `$procdff$798' with positive edge clock.
Creating register for signal `$paramod$73d19c912a883d1ee1979033e573e00ce9efcbb9\zkf_add.\s3_add_round' using process `$paramod$73d19c912a883d1ee1979033e573e00ce9efcbb9\zkf_add.$proc$/mnt/storage/zubax/kulibin2/float/hdl/zkf_add.v:393$611'.
  created $dff cell `$procdff$799' with positive edge clock.
Creating register for signal `$paramod$73d19c912a883d1ee1979033e573e00ce9efcbb9\zkf_add.\s3_add_sticky' using process `$paramod$73d19c912a883d1ee1979033e573e00ce9efcbb9\zkf_add.$proc$/mnt/storage/zubax/kulibin2/float/hdl/zkf_add.v:393$611'.
  created $dff cell `$procdff$800' with positive edge clock.
Creating register for signal `$paramod$e790709381c586cdb3ff8c32de10157e471fadd5\_zkf_normshift.\g_zero_delay.zero_r' using process `$paramod$e790709381c586cdb3ff8c32de10157e471fadd5\_zkf_normshift.$proc$/mnt/storage/zubax/kulibin2/float/hdl/_zkf_normshift.v:128$474'.
  created $dff cell `$procdff$801' with positive edge clock.
Creating register for signal `$paramod$e790709381c586cdb3ff8c32de10157e471fadd5\_zkf_normshift.\g_count[2].g_count_delay.dig_r' using process `$paramod$e790709381c586cdb3ff8c32de10157e471fadd5\_zkf_normshift.$proc$/mnt/storage/zubax/kulibin2/float/hdl/_zkf_normshift.v:116$473'.
  created $dff cell `$procdff$802' with positive edge clock.
Creating register for signal `$paramod$e790709381c586cdb3ff8c32de10157e471fadd5\_zkf_normshift.\g_count[1].g_count_delay.dig_r' using process `$paramod$e790709381c586cdb3ff8c32de10157e471fadd5\_zkf_normshift.$proc$/mnt/storage/zubax/kulibin2/float/hdl/_zkf_normshift.v:116$472'.
  created $dff cell `$procdff$803' with positive edge clock.
Creating register for signal `$paramod$e790709381c586cdb3ff8c32de10157e471fadd5\_zkf_normshift.\g_data[2].g_split.data_r' using process `$paramod$e790709381c586cdb3ff8c32de10157e471fadd5\_zkf_normshift.$proc$/mnt/storage/zubax/kulibin2/float/hdl/_zkf_normshift.v:97$471'.
  created $dff cell `$procdff$804' with positive edge clock.

6.4.10. Executing PROC_MEMWR pass (convert process memory writes to cells).

6.4.11. Executing PROC_CLEAN pass (remove empty switches from decision trees).
Found and cleaned up 1 empty switch in `\top_zkf_add_w8_m18_stage_decode.$proc$/mnt/storage/test/zkf-vs-flopoco/artifacts/targets/ecp5-yosys/rows/zkf_add_w8_m18_stage_decode/src/top_zkf_add_w8_m18_stage_decode.v:34$179'.
Removing empty process `top_zkf_add_w8_m18_stage_decode.$proc$/mnt/storage/test/zkf-vs-flopoco/artifacts/targets/ecp5-yosys/rows/zkf_add_w8_m18_stage_decode/src/top_zkf_add_w8_m18_stage_decode.v:34$179'.
Found and cleaned up 1 empty switch in `$paramod$73d19c912a883d1ee1979033e573e00ce9efcbb9\zkf_add.$proc$/mnt/storage/zubax/kulibin2/float/hdl/zkf_add.v:140$617'.
Removing empty process `$paramod$73d19c912a883d1ee1979033e573e00ce9efcbb9\zkf_add.$proc$/mnt/storage/zubax/kulibin2/float/hdl/zkf_add.v:140$617'.
Found and cleaned up 1 empty switch in `$paramod$73d19c912a883d1ee1979033e573e00ce9efcbb9\zkf_add.$proc$/mnt/storage/zubax/kulibin2/float/hdl/zkf_add.v:393$611'.
Removing empty process `$paramod$73d19c912a883d1ee1979033e573e00ce9efcbb9\zkf_add.$proc$/mnt/storage/zubax/kulibin2/float/hdl/zkf_add.v:393$611'.
Removing empty process `$paramod$992a9d5d74ca269d7ddddbc5e65197d61d959bff\_zkf_rshift_sticky.$proc$/mnt/storage/zubax/kulibin2/float/hdl/_zkf_rshift_sticky.v:160$724'.
Removing empty process `$paramod$992a9d5d74ca269d7ddddbc5e65197d61d959bff\_zkf_rshift_sticky.$proc$/mnt/storage/zubax/kulibin2/float/hdl/_zkf_rshift_sticky.v:159$723'.
Removing empty process `$paramod$992a9d5d74ca269d7ddddbc5e65197d61d959bff\_zkf_rshift_sticky.$proc$/mnt/storage/zubax/kulibin2/float/hdl/_zkf_rshift_sticky.v:160$722'.
Removing empty process `$paramod$992a9d5d74ca269d7ddddbc5e65197d61d959bff\_zkf_rshift_sticky.$proc$/mnt/storage/zubax/kulibin2/float/hdl/_zkf_rshift_sticky.v:159$721'.
Removing empty process `$paramod$992a9d5d74ca269d7ddddbc5e65197d61d959bff\_zkf_rshift_sticky.$proc$/mnt/storage/zubax/kulibin2/float/hdl/_zkf_rshift_sticky.v:160$720'.
Removing empty process `$paramod$992a9d5d74ca269d7ddddbc5e65197d61d959bff\_zkf_rshift_sticky.$proc$/mnt/storage/zubax/kulibin2/float/hdl/_zkf_rshift_sticky.v:159$719'.
Removing empty process `$paramod$992a9d5d74ca269d7ddddbc5e65197d61d959bff\_zkf_rshift_sticky.$proc$/mnt/storage/zubax/kulibin2/float/hdl/_zkf_rshift_sticky.v:136$709'.
Removing empty process `$paramod$992a9d5d74ca269d7ddddbc5e65197d61d959bff\_zkf_rshift_sticky.$proc$/mnt/storage/zubax/kulibin2/float/hdl/_zkf_rshift_sticky.v:132$702'.
Removing empty process `$paramod$992a9d5d74ca269d7ddddbc5e65197d61d959bff\_zkf_rshift_sticky.$proc$/mnt/storage/zubax/kulibin2/float/hdl/_zkf_rshift_sticky.v:136$692'.
Removing empty process `$paramod$992a9d5d74ca269d7ddddbc5e65197d61d959bff\_zkf_rshift_sticky.$proc$/mnt/storage/zubax/kulibin2/float/hdl/_zkf_rshift_sticky.v:132$685'.
Removing empty process `$paramod$992a9d5d74ca269d7ddddbc5e65197d61d959bff\_zkf_rshift_sticky.$proc$/mnt/storage/zubax/kulibin2/float/hdl/_zkf_rshift_sticky.v:136$675'.
Removing empty process `$paramod$992a9d5d74ca269d7ddddbc5e65197d61d959bff\_zkf_rshift_sticky.$proc$/mnt/storage/zubax/kulibin2/float/hdl/_zkf_rshift_sticky.v:132$668'.
Removing empty process `$paramod$992a9d5d74ca269d7ddddbc5e65197d61d959bff\_zkf_rshift_sticky.$proc$/mnt/storage/zubax/kulibin2/float/hdl/_zkf_rshift_sticky.v:50$667'.
Removing empty process `$paramod$992a9d5d74ca269d7ddddbc5e65197d61d959bff\_zkf_rshift_sticky.$proc$/mnt/storage/zubax/kulibin2/float/hdl/_zkf_rshift_sticky.v:49$666'.
Removing empty process `$paramod$e790709381c586cdb3ff8c32de10157e471fadd5\_zkf_normshift.$proc$/mnt/storage/zubax/kulibin2/float/hdl/_zkf_normshift.v:100$490'.
Removing empty process `$paramod$e790709381c586cdb3ff8c32de10157e471fadd5\_zkf_normshift.$proc$/mnt/storage/zubax/kulibin2/float/hdl/_zkf_normshift.v:98$489'.
Removing empty process `$paramod$e790709381c586cdb3ff8c32de10157e471fadd5\_zkf_normshift.$proc$/mnt/storage/zubax/kulibin2/float/hdl/_zkf_normshift.v:100$488'.
Removing empty process `$paramod$e790709381c586cdb3ff8c32de10157e471fadd5\_zkf_normshift.$proc$/mnt/storage/zubax/kulibin2/float/hdl/_zkf_normshift.v:85$484'.
Removing empty process `$paramod$e790709381c586cdb3ff8c32de10157e471fadd5\_zkf_normshift.$proc$/mnt/storage/zubax/kulibin2/float/hdl/_zkf_normshift.v:85$480'.
Removing empty process `$paramod$e790709381c586cdb3ff8c32de10157e471fadd5\_zkf_normshift.$proc$/mnt/storage/zubax/kulibin2/float/hdl/_zkf_normshift.v:85$476'.
Removing empty process `$paramod$e790709381c586cdb3ff8c32de10157e471fadd5\_zkf_normshift.$proc$/mnt/storage/zubax/kulibin2/float/hdl/_zkf_normshift.v:56$475'.
Removing empty process `$paramod$e790709381c586cdb3ff8c32de10157e471fadd5\_zkf_normshift.$proc$/mnt/storage/zubax/kulibin2/float/hdl/_zkf_normshift.v:128$474'.
Removing empty process `$paramod$e790709381c586cdb3ff8c32de10157e471fadd5\_zkf_normshift.$proc$/mnt/storage/zubax/kulibin2/float/hdl/_zkf_normshift.v:116$473'.
Removing empty process `$paramod$e790709381c586cdb3ff8c32de10157e471fadd5\_zkf_normshift.$proc$/mnt/storage/zubax/kulibin2/float/hdl/_zkf_normshift.v:116$472'.
Removing empty process `$paramod$e790709381c586cdb3ff8c32de10157e471fadd5\_zkf_normshift.$proc$/mnt/storage/zubax/kulibin2/float/hdl/_zkf_normshift.v:97$471'.
Cleaned up 3 empty switches.

6.4.12. Executing OPT_EXPR pass (perform const folding).
Optimizing module top_zkf_add_w8_m18_stage_decode.
Optimizing module $paramod$73d19c912a883d1ee1979033e573e00ce9efcbb9\zkf_add.
<suppressed ~1 debug messages>
Optimizing module $paramod\_zkf_add_ge\W=s32'00000000000000000000000000011001.
Optimizing module $paramod$992a9d5d74ca269d7ddddbc5e65197d61d959bff\_zkf_rshift_sticky.
<suppressed ~6 debug messages>
Optimizing module $paramod$e790709381c586cdb3ff8c32de10157e471fadd5\_zkf_normshift.
<suppressed ~26 debug messages>
Optimizing module $paramod$7f877026ea186f2023ba3d9fcc67fec3be7806b0\_zkf_pack.
<suppressed ~1 debug messages>

6.5. Executing CHECK pass (checking for obvious problems).
Checking module top_zkf_add_w8_m18_stage_decode...
Checking module $paramod$73d19c912a883d1ee1979033e573e00ce9efcbb9\zkf_add...
Checking module $paramod\_zkf_add_ge\W=s32'00000000000000000000000000011001...
Checking module $paramod$992a9d5d74ca269d7ddddbc5e65197d61d959bff\_zkf_rshift_sticky...
Checking module $paramod$e790709381c586cdb3ff8c32de10157e471fadd5\_zkf_normshift...
Checking module $paramod$7f877026ea186f2023ba3d9fcc67fec3be7806b0\_zkf_pack...
Found and reported 0 problems.

6.6. Executing FLATTEN pass (flatten design).
Keeping top_zkf_add_w8_m18_stage_decode.u_dut (found keep_hierarchy attribute).
Deleting now unused module $paramod\_zkf_add_ge\W=s32'00000000000000000000000000011001.
Deleting now unused module $paramod$992a9d5d74ca269d7ddddbc5e65197d61d959bff\_zkf_rshift_sticky.
Deleting now unused module $paramod$e790709381c586cdb3ff8c32de10157e471fadd5\_zkf_normshift.
Deleting now unused module $paramod$7f877026ea186f2023ba3d9fcc67fec3be7806b0\_zkf_pack.
<suppressed ~4 debug messages>

6.7. Executing TRIBUF pass.

6.8. Executing DEMINOUT pass (demote inout ports to input or output).

6.9. Executing OPT_EXPR pass (perform const folding).
Optimizing module top_zkf_add_w8_m18_stage_decode.
Optimizing module $paramod$73d19c912a883d1ee1979033e573e00ce9efcbb9\zkf_add.
<suppressed ~8 debug messages>

6.10. Executing OPT_CLEAN pass (remove unused cells and wires).
Finding unused cells or wires in module \top_zkf_add_w8_m18_stage_decode..
Finding unused cells or wires in module $paramod$73d19c912a883d1ee1979033e573e00ce9efcbb9\zkf_add..
Removed 11 unused cells and 200 unused wires.
<suppressed ~23 debug messages>

6.11. Executing CHECK pass (checking for obvious problems).
Checking module top_zkf_add_w8_m18_stage_decode...
Checking module $paramod$73d19c912a883d1ee1979033e573e00ce9efcbb9\zkf_add...
Found and reported 0 problems.

6.12. Executing OPT pass (performing simple optimizations).

6.12.1. Executing OPT_EXPR pass (perform const folding).
Optimizing module top_zkf_add_w8_m18_stage_decode.
Optimizing module $paramod$73d19c912a883d1ee1979033e573e00ce9efcbb9\zkf_add.

6.12.2. Executing OPT_MERGE pass (detect identical cells).
Finding identical cells in module `\top_zkf_add_w8_m18_stage_decode'.
Computing hashes of 8 cells of `\top_zkf_add_w8_m18_stage_decode'.
Finding duplicate cells in `\top_zkf_add_w8_m18_stage_decode'.
Finding identical cells in module `$paramod$73d19c912a883d1ee1979033e573e00ce9efcbb9\zkf_add'.
Computing hashes of 213 cells of `$paramod$73d19c912a883d1ee1979033e573e00ce9efcbb9\zkf_add'.
Finding duplicate cells in `$paramod$73d19c912a883d1ee1979033e573e00ce9efcbb9\zkf_add'.
Computing hashes of 205 cells of `$paramod$73d19c912a883d1ee1979033e573e00ce9efcbb9\zkf_add'.
Finding duplicate cells in `$paramod$73d19c912a883d1ee1979033e573e00ce9efcbb9\zkf_add'.
<suppressed ~24 debug messages>
Removed a total of 8 cells.

6.12.3. Executing OPT_MUXTREE pass (detect dead branches in mux trees).
Running muxtree optimizer on module \top_zkf_add_w8_m18_stage_decode..
  Creating internal representation of mux trees.
  Evaluating internal representation of mux trees.
  Analyzing evaluation results.
Running muxtree optimizer on module $paramod$73d19c912a883d1ee1979033e573e00ce9efcbb9\zkf_add..
  Creating internal representation of mux trees.
  Evaluating internal representation of mux trees.
      Replacing known input bits on port B of cell $flatten\u_sub_norm.$ternary$/mnt/storage/zubax/kulibin2/float/hdl/_zkf_normshift.v:85$485: \u_sub_norm.g_data[2].g_split.data_r -> { 1'1 \u_sub_norm.g_data[2].g_split.data_r [19:0] }
      Replacing known input bits on port B of cell $ternary$/mnt/storage/zubax/kulibin2/float/hdl/zkf_add.v:300$593: \s2_raw_result [21:4] -> { 1'1 \s2_raw_result [20:4] }
  Analyzing evaluation results.
Removed 0 multiplexer ports.
<suppressed ~106 debug messages>

6.12.4. Executing OPT_REDUCE pass (consolidate $*mux and $reduce_* inputs).
  Optimizing cells in module \top_zkf_add_w8_m18_stage_decode.
  Optimizing cells in module $paramod$73d19c912a883d1ee1979033e573e00ce9efcbb9\zkf_add.
    New input vector for $reduce_or cell $flatten\u_pack.$reduce_or$/mnt/storage/zubax/kulibin2/float/hdl/_zkf_pack.v:72$618: \s3_pack_exp_biased
    New input vector for $reduce_or cell $flatten\u_align_small.$reduce_or$/mnt/storage/zubax/kulibin2/float/hdl/_zkf_rshift_sticky.v:174$665: \s0_small_sig_exp
  Optimizing cells in module $paramod$73d19c912a883d1ee1979033e573e00ce9efcbb9\zkf_add.
Performed a total of 2 changes.

6.12.5. Executing OPT_MERGE pass (detect identical cells).
Finding identical cells in module `\top_zkf_add_w8_m18_stage_decode'.
Computing hashes of 8 cells of `\top_zkf_add_w8_m18_stage_decode'.
Finding duplicate cells in `\top_zkf_add_w8_m18_stage_decode'.
Finding identical cells in module `$paramod$73d19c912a883d1ee1979033e573e00ce9efcbb9\zkf_add'.
Computing hashes of 205 cells of `$paramod$73d19c912a883d1ee1979033e573e00ce9efcbb9\zkf_add'.
Finding duplicate cells in `$paramod$73d19c912a883d1ee1979033e573e00ce9efcbb9\zkf_add'.
Removed a total of 0 cells.

6.12.6. Executing OPT_DFF pass (perform DFF optimizations).
Setting constant 0-bit at position 0 on $procdff$781 ($dff) from module $paramod$73d19c912a883d1ee1979033e573e00ce9efcbb9\zkf_add.
Setting constant 0-bit at position 1 on $procdff$781 ($dff) from module $paramod$73d19c912a883d1ee1979033e573e00ce9efcbb9\zkf_add.
Setting constant 0-bit at position 2 on $procdff$781 ($dff) from module $paramod$73d19c912a883d1ee1979033e573e00ce9efcbb9\zkf_add.

6.12.7. Executing OPT_CLEAN pass (remove unused cells and wires).
Finding unused cells or wires in module \top_zkf_add_w8_m18_stage_decode..
Finding unused cells or wires in module $paramod$73d19c912a883d1ee1979033e573e00ce9efcbb9\zkf_add..
Removed 0 unused cells and 7 unused wires.
<suppressed ~1 debug messages>

6.12.8. Executing OPT_EXPR pass (perform const folding).
Optimizing module top_zkf_add_w8_m18_stage_decode.
Optimizing module $paramod$73d19c912a883d1ee1979033e573e00ce9efcbb9\zkf_add.

6.12.9. Rerunning OPT passes. (Maybe there is more to do..)

6.12.10. Executing OPT_MUXTREE pass (detect dead branches in mux trees).
Running muxtree optimizer on module \top_zkf_add_w8_m18_stage_decode..
  Creating internal representation of mux trees.
  Evaluating internal representation of mux trees.
  Analyzing evaluation results.
Running muxtree optimizer on module $paramod$73d19c912a883d1ee1979033e573e00ce9efcbb9\zkf_add..
  Creating internal representation of mux trees.
  Evaluating internal representation of mux trees.
  Analyzing evaluation results.
Removed 0 multiplexer ports.
<suppressed ~106 debug messages>

6.12.11. Executing OPT_REDUCE pass (consolidate $*mux and $reduce_* inputs).
  Optimizing cells in module \top_zkf_add_w8_m18_stage_decode.
  Optimizing cells in module $paramod$73d19c912a883d1ee1979033e573e00ce9efcbb9\zkf_add.
Performed a total of 0 changes.

6.12.12. Executing OPT_MERGE pass (detect identical cells).
Finding identical cells in module `\top_zkf_add_w8_m18_stage_decode'.
Computing hashes of 8 cells of `\top_zkf_add_w8_m18_stage_decode'.
Finding duplicate cells in `\top_zkf_add_w8_m18_stage_decode'.
Finding identical cells in module `$paramod$73d19c912a883d1ee1979033e573e00ce9efcbb9\zkf_add'.
Computing hashes of 205 cells of `$paramod$73d19c912a883d1ee1979033e573e00ce9efcbb9\zkf_add'.
Finding duplicate cells in `$paramod$73d19c912a883d1ee1979033e573e00ce9efcbb9\zkf_add'.
Removed a total of 0 cells.

6.12.13. Executing OPT_DFF pass (perform DFF optimizations).

6.12.14. Executing OPT_CLEAN pass (remove unused cells and wires).
Finding unused cells or wires in module \top_zkf_add_w8_m18_stage_decode..
Finding unused cells or wires in module $paramod$73d19c912a883d1ee1979033e573e00ce9efcbb9\zkf_add..

6.12.15. Executing OPT_EXPR pass (perform const folding).
Optimizing module top_zkf_add_w8_m18_stage_decode.
Optimizing module $paramod$73d19c912a883d1ee1979033e573e00ce9efcbb9\zkf_add.

6.12.16. Finished fast OPT passes. (There is nothing left to do.)

6.13. Executing FSM pass (extract and optimize FSM).

6.13.1. Executing FSM_DETECT pass (finding FSMs in design).
Not marking $paramod$73d19c912a883d1ee1979033e573e00ce9efcbb9\zkf_add.u_sub_norm.g_count[2].g_count_delay.dig_r as FSM state register:
    Users of register don't seem to benefit from recoding.
Not marking $paramod$73d19c912a883d1ee1979033e573e00ce9efcbb9\zkf_add.u_sub_norm.g_count[1].g_count_delay.dig_r as FSM state register:
    Users of register don't seem to benefit from recoding.

6.13.2. Executing FSM_EXTRACT pass (extracting FSM from design).

6.13.3. Executing FSM_OPT pass (simple optimizations of FSMs).

6.13.4. Executing OPT_CLEAN pass (remove unused cells and wires).
Finding unused cells or wires in module \top_zkf_add_w8_m18_stage_decode..
Finding unused cells or wires in module $paramod$73d19c912a883d1ee1979033e573e00ce9efcbb9\zkf_add..

6.13.5. Executing FSM_OPT pass (simple optimizations of FSMs).

6.13.6. Executing FSM_RECODE pass (re-assigning FSM state encoding).

6.13.7. Executing FSM_INFO pass (dumping all available information on FSM cells).

6.13.8. Executing FSM_MAP pass (mapping FSMs to basic logic).

6.14. Executing OPT pass (performing simple optimizations).

6.14.1. Executing OPT_EXPR pass (perform const folding).
Optimizing module top_zkf_add_w8_m18_stage_decode.
Optimizing module $paramod$73d19c912a883d1ee1979033e573e00ce9efcbb9\zkf_add.

6.14.2. Executing OPT_MERGE pass (detect identical cells).
Finding identical cells in module `\top_zkf_add_w8_m18_stage_decode'.
Computing hashes of 8 cells of `\top_zkf_add_w8_m18_stage_decode'.
Finding duplicate cells in `\top_zkf_add_w8_m18_stage_decode'.
Finding identical cells in module `$paramod$73d19c912a883d1ee1979033e573e00ce9efcbb9\zkf_add'.
Computing hashes of 205 cells of `$paramod$73d19c912a883d1ee1979033e573e00ce9efcbb9\zkf_add'.
Finding duplicate cells in `$paramod$73d19c912a883d1ee1979033e573e00ce9efcbb9\zkf_add'.
Removed a total of 0 cells.

6.14.3. Executing OPT_MUXTREE pass (detect dead branches in mux trees).
Running muxtree optimizer on module \top_zkf_add_w8_m18_stage_decode..
  Creating internal representation of mux trees.
  Evaluating internal representation of mux trees.
  Analyzing evaluation results.
Running muxtree optimizer on module $paramod$73d19c912a883d1ee1979033e573e00ce9efcbb9\zkf_add..
  Creating internal representation of mux trees.
  Evaluating internal representation of mux trees.
  Analyzing evaluation results.
Removed 0 multiplexer ports.
<suppressed ~106 debug messages>

6.14.4. Executing OPT_REDUCE pass (consolidate $*mux and $reduce_* inputs).
  Optimizing cells in module \top_zkf_add_w8_m18_stage_decode.
  Optimizing cells in module $paramod$73d19c912a883d1ee1979033e573e00ce9efcbb9\zkf_add.
Performed a total of 0 changes.

6.14.5. Executing OPT_MERGE pass (detect identical cells).
Finding identical cells in module `\top_zkf_add_w8_m18_stage_decode'.
Computing hashes of 8 cells of `\top_zkf_add_w8_m18_stage_decode'.
Finding duplicate cells in `\top_zkf_add_w8_m18_stage_decode'.
Finding identical cells in module `$paramod$73d19c912a883d1ee1979033e573e00ce9efcbb9\zkf_add'.
Computing hashes of 205 cells of `$paramod$73d19c912a883d1ee1979033e573e00ce9efcbb9\zkf_add'.
Finding duplicate cells in `$paramod$73d19c912a883d1ee1979033e573e00ce9efcbb9\zkf_add'.
Removed a total of 0 cells.

6.14.6. Executing OPT_DFF pass (perform DFF optimizations).
Adding SRST signal on $procdff$750 ($dff) from module top_zkf_add_w8_m18_stage_decode (D = \in_valid_i, Q = \in_valid_r, rval = 1'0).
Adding SRST signal on $procdff$752 ($dff) from module top_zkf_add_w8_m18_stage_decode (D = \dut_valid, Q = \out_valid_r, rval = 1'0).
Adding SRST signal on $procdff$753 ($dff) from module $paramod$73d19c912a883d1ee1979033e573e00ce9efcbb9\zkf_add (D = \in_valid, Q = \g_decode_register.r_valid, rval = 1'0).
Adding SRST signal on $procdff$759 ($dff) from module $paramod$73d19c912a883d1ee1979033e573e00ce9efcbb9\zkf_add (D = \a [24:17], Q = \g_decode_register.r_a_key_exp, rval = 8'00000000).
Adding SRST signal on $procdff$760 ($dff) from module $paramod$73d19c912a883d1ee1979033e573e00ce9efcbb9\zkf_add (D = \b [24:17], Q = \g_decode_register.r_b_key_exp, rval = 8'00000000).
Adding SRST signal on $procdff$761 ($dff) from module $paramod$73d19c912a883d1ee1979033e573e00ce9efcbb9\zkf_add (D = \a [16:0], Q = \g_decode_register.r_a_key_sig [16:0], rval = 17'00000000000000000).
Adding SRST signal on $procdff$762 ($dff) from module $paramod$73d19c912a883d1ee1979033e573e00ce9efcbb9\zkf_add (D = \b [16:0], Q = \g_decode_register.r_b_key_sig [16:0], rval = 17'00000000000000000).
Adding SRST signal on $procdff$764 ($dff) from module $paramod$73d19c912a883d1ee1979033e573e00ce9efcbb9\zkf_add (D = \g_decode_register.r_valid, Q = \s0_valid, rval = 1'0).
Adding SRST signal on $procdff$774 ($dff) from module $paramod$73d19c912a883d1ee1979033e573e00ce9efcbb9\zkf_add (D = \s0_valid, Q = \s1_valid, rval = 1'0).
Adding SRST signal on $procdff$782 ($dff) from module $paramod$73d19c912a883d1ee1979033e573e00ce9efcbb9\zkf_add (D = \u_align_small.data[3] [20:1], Q = \s1_small_aligned [20:1], rval = 20'00000000000000000000).
Adding SRST signal on $procdff$783 ($dff) from module $paramod$73d19c912a883d1ee1979033e573e00ce9efcbb9\zkf_add (D = \s1_valid, Q = \s2_valid, rval = 1'0).
Adding SRST signal on $procdff$790 ($dff) from module $paramod$73d19c912a883d1ee1979033e573e00ce9efcbb9\zkf_add (D = \s2_valid, Q = \s3_valid, rval = 1'0).
Adding SRST signal on $procdff$797 ($dff) from module $paramod$73d19c912a883d1ee1979033e573e00ce9efcbb9\zkf_add (D = \s2_raw_result [20], Q = \s3_add_significand [17], rval = 1'1).
Adding SRST signal on $flatten\u_sub_norm.$procdff$803 ($dff) from module $paramod$73d19c912a883d1ee1979033e573e00ce9efcbb9\zkf_add (D = $flatten\u_sub_norm.$ternary$/mnt/storage/zubax/kulibin2/float/hdl/_zkf_normshift.v:77$453_Y [1], Q = \u_sub_norm.g_count[1].g_count_delay.dig_r [1], rval = 1'0).
Adding SRST signal on $flatten\u_sub_norm.$procdff$803 ($dff) from module $paramod$73d19c912a883d1ee1979033e573e00ce9efcbb9\zkf_add (D = $flatten\u_sub_norm.$ternary$/mnt/storage/zubax/kulibin2/float/hdl/_zkf_normshift.v:77$454_Y [0], Q = \u_sub_norm.g_count[1].g_count_delay.dig_r [0], rval = 1'0).
Adding SRST signal on $flatten\u_sub_norm.$procdff$804 ($dff) from module $paramod$73d19c912a883d1ee1979033e573e00ce9efcbb9\zkf_add (D = $flatten\u_sub_norm.$ternary$/mnt/storage/zubax/kulibin2/float/hdl/_zkf_normshift.v:85$482_Y [11:8], Q = \u_sub_norm.g_data[2].g_split.data_r [11:8], rval = 4'0000).
Adding SRST signal on $flatten\u_sub_norm.$procdff$804 ($dff) from module $paramod$73d19c912a883d1ee1979033e573e00ce9efcbb9\zkf_add (D = $flatten\u_sub_norm.$ternary$/mnt/storage/zubax/kulibin2/float/hdl/_zkf_normshift.v:85$481_Y [7:4], Q = \u_sub_norm.g_data[2].g_split.data_r [7:4], rval = 4'0000).
Adding SRST signal on $flatten\u_sub_norm.$procdff$804 ($dff) from module $paramod$73d19c912a883d1ee1979033e573e00ce9efcbb9\zkf_add (D = \u_sub_norm.data[1] [3:0], Q = \u_sub_norm.g_data[2].g_split.data_r [3:0], rval = 4'0000).

6.14.7. Executing OPT_CLEAN pass (remove unused cells and wires).
Finding unused cells or wires in module \top_zkf_add_w8_m18_stage_decode..
Finding unused cells or wires in module $paramod$73d19c912a883d1ee1979033e573e00ce9efcbb9\zkf_add..
Removed 10 unused cells and 9 unused wires.
<suppressed ~14 debug messages>

6.14.8. Executing OPT_EXPR pass (perform const folding).
Optimizing module top_zkf_add_w8_m18_stage_decode.
Optimizing module $paramod$73d19c912a883d1ee1979033e573e00ce9efcbb9\zkf_add.

6.14.9. Rerunning OPT passes. (Maybe there is more to do..)

6.14.10. Executing OPT_MUXTREE pass (detect dead branches in mux trees).
Running muxtree optimizer on module \top_zkf_add_w8_m18_stage_decode..
  Creating internal representation of mux trees.
  No muxes found in this module.
Running muxtree optimizer on module $paramod$73d19c912a883d1ee1979033e573e00ce9efcbb9\zkf_add..
  Creating internal representation of mux trees.
  Evaluating internal representation of mux trees.
  Analyzing evaluation results.
Removed 0 multiplexer ports.
<suppressed ~91 debug messages>

6.14.11. Executing OPT_REDUCE pass (consolidate $*mux and $reduce_* inputs).
  Optimizing cells in module \top_zkf_add_w8_m18_stage_decode.
  Optimizing cells in module $paramod$73d19c912a883d1ee1979033e573e00ce9efcbb9\zkf_add.
    New input vector for $reduce_or cell $auto$opt_dff.cc:277:combine_resets$829: \u_sub_norm.data[1] [20:13]
  Optimizing cells in module $paramod$73d19c912a883d1ee1979033e573e00ce9efcbb9\zkf_add.
Performed a total of 1 changes.

6.14.12. Executing OPT_MERGE pass (detect identical cells).
Finding identical cells in module `\top_zkf_add_w8_m18_stage_decode'.
Computing hashes of 6 cells of `\top_zkf_add_w8_m18_stage_decode'.
Finding duplicate cells in `\top_zkf_add_w8_m18_stage_decode'.
Finding identical cells in module `$paramod$73d19c912a883d1ee1979033e573e00ce9efcbb9\zkf_add'.
Computing hashes of 208 cells of `$paramod$73d19c912a883d1ee1979033e573e00ce9efcbb9\zkf_add'.
Finding duplicate cells in `$paramod$73d19c912a883d1ee1979033e573e00ce9efcbb9\zkf_add'.
Computing hashes of 207 cells of `$paramod$73d19c912a883d1ee1979033e573e00ce9efcbb9\zkf_add'.
Finding duplicate cells in `$paramod$73d19c912a883d1ee1979033e573e00ce9efcbb9\zkf_add'.
<suppressed ~3 debug messages>
Removed a total of 1 cells.

6.14.13. Executing OPT_DFF pass (perform DFF optimizations).

6.14.14. Executing OPT_CLEAN pass (remove unused cells and wires).
Finding unused cells or wires in module \top_zkf_add_w8_m18_stage_decode..
Finding unused cells or wires in module $paramod$73d19c912a883d1ee1979033e573e00ce9efcbb9\zkf_add..
Removed 0 unused cells and 1 unused wires.
<suppressed ~1 debug messages>

6.14.15. Executing OPT_EXPR pass (perform const folding).
Optimizing module top_zkf_add_w8_m18_stage_decode.
Optimizing module $paramod$73d19c912a883d1ee1979033e573e00ce9efcbb9\zkf_add.

6.14.16. Rerunning OPT passes. (Maybe there is more to do..)

6.14.17. Executing OPT_MUXTREE pass (detect dead branches in mux trees).
Running muxtree optimizer on module \top_zkf_add_w8_m18_stage_decode..
  Creating internal representation of mux trees.
  No muxes found in this module.
Running muxtree optimizer on module $paramod$73d19c912a883d1ee1979033e573e00ce9efcbb9\zkf_add..
  Creating internal representation of mux trees.
  Evaluating internal representation of mux trees.
  Analyzing evaluation results.
Removed 0 multiplexer ports.
<suppressed ~91 debug messages>

6.14.18. Executing OPT_REDUCE pass (consolidate $*mux and $reduce_* inputs).
  Optimizing cells in module \top_zkf_add_w8_m18_stage_decode.
  Optimizing cells in module $paramod$73d19c912a883d1ee1979033e573e00ce9efcbb9\zkf_add.
Performed a total of 0 changes.

6.14.19. Executing OPT_MERGE pass (detect identical cells).
Finding identical cells in module `\top_zkf_add_w8_m18_stage_decode'.
Computing hashes of 6 cells of `\top_zkf_add_w8_m18_stage_decode'.
Finding duplicate cells in `\top_zkf_add_w8_m18_stage_decode'.
Finding identical cells in module `$paramod$73d19c912a883d1ee1979033e573e00ce9efcbb9\zkf_add'.
Computing hashes of 207 cells of `$paramod$73d19c912a883d1ee1979033e573e00ce9efcbb9\zkf_add'.
Finding duplicate cells in `$paramod$73d19c912a883d1ee1979033e573e00ce9efcbb9\zkf_add'.
Removed a total of 0 cells.

6.14.20. Executing OPT_DFF pass (perform DFF optimizations).

6.14.21. Executing OPT_CLEAN pass (remove unused cells and wires).
Finding unused cells or wires in module \top_zkf_add_w8_m18_stage_decode..
Finding unused cells or wires in module $paramod$73d19c912a883d1ee1979033e573e00ce9efcbb9\zkf_add..

6.14.22. Executing OPT_EXPR pass (perform const folding).
Optimizing module top_zkf_add_w8_m18_stage_decode.
Optimizing module $paramod$73d19c912a883d1ee1979033e573e00ce9efcbb9\zkf_add.

6.14.23. Finished fast OPT passes. (There is nothing left to do.)

6.15. Executing WREDUCE pass (reducing word size of cells).
Removed top 1 bits (of 22) from port A of cell $paramod$73d19c912a883d1ee1979033e573e00ce9efcbb9\zkf_add.$not$/mnt/storage/zubax/kulibin2/float/hdl/zkf_add.v:282$586 ($not).
Removed top 1 bits (of 22) from port A of cell $paramod$73d19c912a883d1ee1979033e573e00ce9efcbb9\zkf_add.$add$/mnt/storage/zubax/kulibin2/float/hdl/zkf_add.v:283$588 ($add).
Removed top 21 bits (of 22) from port B of cell $paramod$73d19c912a883d1ee1979033e573e00ce9efcbb9\zkf_add.$add$/mnt/storage/zubax/kulibin2/float/hdl/zkf_add.v:283$590 ($add).
Removed top 7 bits (of 8) from port B of cell $paramod$73d19c912a883d1ee1979033e573e00ce9efcbb9\zkf_add.$add$/mnt/storage/zubax/kulibin2/float/hdl/zkf_add.v:299$592 ($add).
Removed top 1 bits (of 18) from mux cell $paramod$73d19c912a883d1ee1979033e573e00ce9efcbb9\zkf_add.$ternary$/mnt/storage/zubax/kulibin2/float/hdl/zkf_add.v:300$593 ($mux).
Removed top 3 bits (of 9) from port B of cell $paramod$73d19c912a883d1ee1979033e573e00ce9efcbb9\zkf_add.$sub$/mnt/storage/zubax/kulibin2/float/hdl/zkf_add.v:361$599 ($sub).
Converting cell $paramod$73d19c912a883d1ee1979033e573e00ce9efcbb9\zkf_add.$sub$/mnt/storage/zubax/kulibin2/float/hdl/zkf_add.v:361$599 ($sub) from signed to unsigned.
Removed top 1 bits (of 9) from port A of cell $paramod$73d19c912a883d1ee1979033e573e00ce9efcbb9\zkf_add.$sub$/mnt/storage/zubax/kulibin2/float/hdl/zkf_add.v:361$599 ($sub).
Removed top 1 bits (of 6) from port B of cell $paramod$73d19c912a883d1ee1979033e573e00ce9efcbb9\zkf_add.$sub$/mnt/storage/zubax/kulibin2/float/hdl/zkf_add.v:361$599 ($sub).
Removed top 1 bits (of 26) from port A of cell $paramod$73d19c912a883d1ee1979033e573e00ce9efcbb9\zkf_add.$flatten\u_mag_ge.$sub$/mnt/storage/zubax/kulibin2/float/hdl/zkf_add.v:460$725 ($sub).
Removed top 1 bits (of 26) from port B of cell $paramod$73d19c912a883d1ee1979033e573e00ce9efcbb9\zkf_add.$flatten\u_mag_ge.$sub$/mnt/storage/zubax/kulibin2/float/hdl/zkf_add.v:460$725 ($sub).
Removed top 16 bits (of 21) from mux cell $paramod$73d19c912a883d1ee1979033e573e00ce9efcbb9\zkf_add.$flatten\u_align_small.$ternary$/mnt/storage/zubax/kulibin2/float/hdl/_zkf_rshift_sticky.v:133$707 ($mux).
Removed top 1 bits (of 2) from port B of cell $paramod$73d19c912a883d1ee1979033e573e00ce9efcbb9\zkf_add.$flatten\u_align_small.$eq$/mnt/storage/zubax/kulibin2/float/hdl/_zkf_rshift_sticky.v:133$704 ($eq).
Removed top 8 bits (of 21) from mux cell $paramod$73d19c912a883d1ee1979033e573e00ce9efcbb9\zkf_add.$flatten\u_align_small.$ternary$/mnt/storage/zubax/kulibin2/float/hdl/_zkf_rshift_sticky.v:134$689 ($mux).
Removed top 1 bits (of 2) from port B of cell $paramod$73d19c912a883d1ee1979033e573e00ce9efcbb9\zkf_add.$flatten\u_align_small.$eq$/mnt/storage/zubax/kulibin2/float/hdl/_zkf_rshift_sticky.v:133$687 ($eq).
Removed top 2 bits (of 21) from mux cell $paramod$73d19c912a883d1ee1979033e573e00ce9efcbb9\zkf_add.$flatten\u_align_small.$ternary$/mnt/storage/zubax/kulibin2/float/hdl/_zkf_rshift_sticky.v:134$672 ($mux).
Removed top 1 bits (of 2) from port B of cell $paramod$73d19c912a883d1ee1979033e573e00ce9efcbb9\zkf_add.$flatten\u_align_small.$eq$/mnt/storage/zubax/kulibin2/float/hdl/_zkf_rshift_sticky.v:133$670 ($eq).
Removed top 20 bits (of 21) from mux cell $paramod$73d19c912a883d1ee1979033e573e00ce9efcbb9\zkf_add.$flatten\u_align_small.$ternary$/mnt/storage/zubax/kulibin2/float/hdl/_zkf_rshift_sticky.v:196$652 ($mux).
Removed top 1 bits (of 2) from mux cell $paramod$73d19c912a883d1ee1979033e573e00ce9efcbb9\zkf_add.$flatten\u_sub_norm.$ternary$/mnt/storage/zubax/kulibin2/float/hdl/_zkf_normshift.v:77$465 ($mux).
Removed top 1 bits (of 2) from mux cell $paramod$73d19c912a883d1ee1979033e573e00ce9efcbb9\zkf_add.$flatten\u_sub_norm.$ternary$/mnt/storage/zubax/kulibin2/float/hdl/_zkf_normshift.v:77$454 ($mux).
Removed top 1 bits (of 2) from mux cell $paramod$73d19c912a883d1ee1979033e573e00ce9efcbb9\zkf_add.$flatten\u_sub_norm.$ternary$/mnt/storage/zubax/kulibin2/float/hdl/_zkf_normshift.v:77$453 ($mux).
Removed top 1 bits (of 2) from FF cell $paramod$73d19c912a883d1ee1979033e573e00ce9efcbb9\zkf_add.$flatten\u_sub_norm.$procdff$802 ($dff).
Removed top 1 bits (of 2) from mux cell $paramod$73d19c912a883d1ee1979033e573e00ce9efcbb9\zkf_add.$flatten\u_sub_norm.$ternary$/mnt/storage/zubax/kulibin2/float/hdl/_zkf_normshift.v:77$445 ($mux).
Removed top 25 bits (of 26) from port B of cell $paramod$73d19c912a883d1ee1979033e573e00ce9efcbb9\zkf_add.$flatten\u_pack.$add$/mnt/storage/zubax/kulibin2/float/hdl/_zkf_pack.v:92$627 ($add).
Removed top 1 bits (of 2) from wire $paramod$73d19c912a883d1ee1979033e573e00ce9efcbb9\zkf_add.$flatten\u_sub_norm.$ternary$/mnt/storage/zubax/kulibin2/float/hdl/_zkf_normshift.v:77$465_Y.
Removed top 1 bits (of 2) from wire $paramod$73d19c912a883d1ee1979033e573e00ce9efcbb9\zkf_add.$flatten\u_sub_norm.$ternary$/mnt/storage/zubax/kulibin2/float/hdl/_zkf_normshift.v:77$454_Y.
Removed top 1 bits (of 2) from wire $paramod$73d19c912a883d1ee1979033e573e00ce9efcbb9\zkf_add.$flatten\u_sub_norm.$ternary$/mnt/storage/zubax/kulibin2/float/hdl/_zkf_normshift.v:77$453_Y.
Removed top 2 bits (of 21) from wire $paramod$73d19c912a883d1ee1979033e573e00ce9efcbb9\zkf_add.$flatten\u_align_small.$ternary$/mnt/storage/zubax/kulibin2/float/hdl/_zkf_rshift_sticky.v:134$672_Y.
Removed top 8 bits (of 21) from wire $paramod$73d19c912a883d1ee1979033e573e00ce9efcbb9\zkf_add.$flatten\u_align_small.$ternary$/mnt/storage/zubax/kulibin2/float/hdl/_zkf_rshift_sticky.v:134$689_Y.
Removed top 16 bits (of 21) from wire $paramod$73d19c912a883d1ee1979033e573e00ce9efcbb9\zkf_add.$flatten\u_align_small.$ternary$/mnt/storage/zubax/kulibin2/float/hdl/_zkf_rshift_sticky.v:133$707_Y.
Removed top 1 bits (of 18) from wire $paramod$73d19c912a883d1ee1979033e573e00ce9efcbb9\zkf_add.s2_add_significand.
Removed top 20 bits (of 21) from wire $paramod$73d19c912a883d1ee1979033e573e00ce9efcbb9\zkf_add.s0_small_aligned.

6.16. Executing PEEPOPT pass (run peephole optimizers).

6.17. Executing OPT_CLEAN pass (remove unused cells and wires).
Finding unused cells or wires in module \top_zkf_add_w8_m18_stage_decode..
Finding unused cells or wires in module $paramod$73d19c912a883d1ee1979033e573e00ce9efcbb9\zkf_add..
Removed 0 unused cells and 8 unused wires.
<suppressed ~1 debug messages>

6.18. Executing SHARE pass (SAT-based resource sharing).

6.19. Executing TECHMAP pass (map to technology primitives).

6.19.1. Executing Verilog-2005 frontend: /mnt/storage/synth_eval/oss-cad-suite/lib/../share/yosys/cmp2lut.v
Parsing Verilog input from `/mnt/storage/synth_eval/oss-cad-suite/lib/../share/yosys/cmp2lut.v' to AST representation.
Generating RTLIL representation for module `\_90_lut_cmp_'.
Successfully finished Verilog frontend.

6.19.2. Continuing TECHMAP pass.
No more expansions possible.
<suppressed ~6 debug messages>

6.20. Executing OPT_EXPR pass (perform const folding).
Optimizing module top_zkf_add_w8_m18_stage_decode.
Optimizing module $paramod$73d19c912a883d1ee1979033e573e00ce9efcbb9\zkf_add.

6.21. Executing OPT_CLEAN pass (remove unused cells and wires).
Finding unused cells or wires in module \top_zkf_add_w8_m18_stage_decode..
Finding unused cells or wires in module $paramod$73d19c912a883d1ee1979033e573e00ce9efcbb9\zkf_add..

6.22. Executing TECHMAP pass (map to technology primitives).

6.22.1. Executing Verilog-2005 frontend: /mnt/storage/synth_eval/oss-cad-suite/lib/../share/yosys/mul2dsp.v
Parsing Verilog input from `/mnt/storage/synth_eval/oss-cad-suite/lib/../share/yosys/mul2dsp.v' to AST representation.
Generating RTLIL representation for module `\_80_mul'.
Generating RTLIL representation for module `\_90_soft_mul'.
Successfully finished Verilog frontend.

6.22.2. Continuing TECHMAP pass.
No more expansions possible.
<suppressed ~4 debug messages>

6.23. Executing TECHMAP pass (map to technology primitives).

6.23.1. Executing Verilog-2005 frontend: /mnt/storage/synth_eval/oss-cad-suite/lib/../share/yosys/lattice/dsp_map_18x18.v
Parsing Verilog input from `/mnt/storage/synth_eval/oss-cad-suite/lib/../share/yosys/lattice/dsp_map_18x18.v' to AST representation.
Generating RTLIL representation for module `$__MUL18X18'.
Successfully finished Verilog frontend.

6.23.2. Continuing TECHMAP pass.
No more expansions possible.
<suppressed ~3 debug messages>

6.24. Executing ALUMACC pass (create $alu and $macc cells).
Extracting $alu and $macc cells in module top_zkf_add_w8_m18_stage_decode:
  created 0 $alu and 0 $macc cells.
Extracting $alu and $macc cells in module $paramod$73d19c912a883d1ee1979033e573e00ce9efcbb9\zkf_add:
  creating $macc model for $flatten\u_pack.$add$/mnt/storage/zubax/kulibin2/float/hdl/_zkf_pack.v:92$627 ($add).
  creating $macc model for $sub$/mnt/storage/zubax/kulibin2/float/hdl/zkf_add.v:417$616 ($sub).
  creating $macc model for $sub$/mnt/storage/zubax/kulibin2/float/hdl/zkf_add.v:361$599 ($sub).
  creating $macc model for $add$/mnt/storage/zubax/kulibin2/float/hdl/zkf_add.v:299$592 ($add).
  creating $macc model for $add$/mnt/storage/zubax/kulibin2/float/hdl/zkf_add.v:283$590 ($add).
  creating $macc model for $add$/mnt/storage/zubax/kulibin2/float/hdl/zkf_add.v:283$588 ($add).
  creating $macc model for $flatten\u_mag_ge.$sub$/mnt/storage/zubax/kulibin2/float/hdl/zkf_add.v:460$725 ($sub).
  merging $macc model for $add$/mnt/storage/zubax/kulibin2/float/hdl/zkf_add.v:283$588 into $add$/mnt/storage/zubax/kulibin2/float/hdl/zkf_add.v:283$590.
  creating $alu model for $macc $flatten\u_mag_ge.$sub$/mnt/storage/zubax/kulibin2/float/hdl/zkf_add.v:460$725.
  creating $alu model for $macc $add$/mnt/storage/zubax/kulibin2/float/hdl/zkf_add.v:283$590.
  creating $alu model for $macc $add$/mnt/storage/zubax/kulibin2/float/hdl/zkf_add.v:299$592.
  creating $alu model for $macc $sub$/mnt/storage/zubax/kulibin2/float/hdl/zkf_add.v:361$599.
  creating $alu model for $macc $sub$/mnt/storage/zubax/kulibin2/float/hdl/zkf_add.v:417$616.
  creating $alu model for $macc $flatten\u_pack.$add$/mnt/storage/zubax/kulibin2/float/hdl/_zkf_pack.v:92$627.
  creating $alu cell for $flatten\u_pack.$add$/mnt/storage/zubax/kulibin2/float/hdl/_zkf_pack.v:92$627: $auto$alumacc.cc:512:replace_alu$848
  creating $alu cell for $sub$/mnt/storage/zubax/kulibin2/float/hdl/zkf_add.v:417$616: $auto$alumacc.cc:512:replace_alu$851
  creating $alu cell for $sub$/mnt/storage/zubax/kulibin2/float/hdl/zkf_add.v:361$599: $auto$alumacc.cc:512:replace_alu$854
  creating $alu cell for $add$/mnt/storage/zubax/kulibin2/float/hdl/zkf_add.v:299$592: $auto$alumacc.cc:512:replace_alu$857
  creating $alu cell for $add$/mnt/storage/zubax/kulibin2/float/hdl/zkf_add.v:283$590: $auto$alumacc.cc:512:replace_alu$860
  creating $alu cell for $flatten\u_mag_ge.$sub$/mnt/storage/zubax/kulibin2/float/hdl/zkf_add.v:460$725: $auto$alumacc.cc:512:replace_alu$863
  created 6 $alu and 0 $macc cells.

6.25. Executing OPT pass (performing simple optimizations).

6.25.1. Executing OPT_EXPR pass (perform const folding).
Optimizing module top_zkf_add_w8_m18_stage_decode.
Optimizing module $paramod$73d19c912a883d1ee1979033e573e00ce9efcbb9\zkf_add.

6.25.2. Executing OPT_MERGE pass (detect identical cells).
Finding identical cells in module `\top_zkf_add_w8_m18_stage_decode'.
Computing hashes of 6 cells of `\top_zkf_add_w8_m18_stage_decode'.
Finding duplicate cells in `\top_zkf_add_w8_m18_stage_decode'.
Finding identical cells in module `$paramod$73d19c912a883d1ee1979033e573e00ce9efcbb9\zkf_add'.
Computing hashes of 207 cells of `$paramod$73d19c912a883d1ee1979033e573e00ce9efcbb9\zkf_add'.
Finding duplicate cells in `$paramod$73d19c912a883d1ee1979033e573e00ce9efcbb9\zkf_add'.
Removed a total of 0 cells.

6.25.3. Executing OPT_MUXTREE pass (detect dead branches in mux trees).
Running muxtree optimizer on module \top_zkf_add_w8_m18_stage_decode..
  Creating internal representation of mux trees.
  No muxes found in this module.
Running muxtree optimizer on module $paramod$73d19c912a883d1ee1979033e573e00ce9efcbb9\zkf_add..
  Creating internal representation of mux trees.
  Evaluating internal representation of mux trees.
  Analyzing evaluation results.
Removed 0 multiplexer ports.
<suppressed ~90 debug messages>

6.25.4. Executing OPT_REDUCE pass (consolidate $*mux and $reduce_* inputs).
  Optimizing cells in module \top_zkf_add_w8_m18_stage_decode.
  Optimizing cells in module $paramod$73d19c912a883d1ee1979033e573e00ce9efcbb9\zkf_add.
Performed a total of 0 changes.

6.25.5. Executing OPT_MERGE pass (detect identical cells).
Finding identical cells in module `\top_zkf_add_w8_m18_stage_decode'.
Computing hashes of 6 cells of `\top_zkf_add_w8_m18_stage_decode'.
Finding duplicate cells in `\top_zkf_add_w8_m18_stage_decode'.
Finding identical cells in module `$paramod$73d19c912a883d1ee1979033e573e00ce9efcbb9\zkf_add'.
Computing hashes of 207 cells of `$paramod$73d19c912a883d1ee1979033e573e00ce9efcbb9\zkf_add'.
Finding duplicate cells in `$paramod$73d19c912a883d1ee1979033e573e00ce9efcbb9\zkf_add'.
Removed a total of 0 cells.

6.25.6. Executing OPT_DFF pass (perform DFF optimizations).
Adding SRST signal on $auto$ff.cc:337:slice$821 ($sdff) from module $paramod$73d19c912a883d1ee1979033e573e00ce9efcbb9\zkf_add (D = \u_align_small.data[2] [20:5], Q = \s1_small_aligned [20:5], rval = 16'0000000000000000).

6.25.7. Executing OPT_CLEAN pass (remove unused cells and wires).
Finding unused cells or wires in module \top_zkf_add_w8_m18_stage_decode..
Finding unused cells or wires in module $paramod$73d19c912a883d1ee1979033e573e00ce9efcbb9\zkf_add..
Removed 1 unused cells and 1 unused wires.
<suppressed ~2 debug messages>

6.25.8. Executing OPT_EXPR pass (perform const folding).
Optimizing module top_zkf_add_w8_m18_stage_decode.
Optimizing module $paramod$73d19c912a883d1ee1979033e573e00ce9efcbb9\zkf_add.

6.25.9. Rerunning OPT passes. (Maybe there is more to do..)

6.25.10. Executing OPT_MUXTREE pass (detect dead branches in mux trees).
Running muxtree optimizer on module \top_zkf_add_w8_m18_stage_decode..
  Creating internal representation of mux trees.
  No muxes found in this module.
Running muxtree optimizer on module $paramod$73d19c912a883d1ee1979033e573e00ce9efcbb9\zkf_add..
  Creating internal representation of mux trees.
  Evaluating internal representation of mux trees.
  Analyzing evaluation results.
Removed 0 multiplexer ports.
<suppressed ~90 debug messages>

6.25.11. Executing OPT_REDUCE pass (consolidate $*mux and $reduce_* inputs).
  Optimizing cells in module \top_zkf_add_w8_m18_stage_decode.
  Optimizing cells in module $paramod$73d19c912a883d1ee1979033e573e00ce9efcbb9\zkf_add.
    New input vector for $reduce_or cell $auto$opt_dff.cc:277:combine_resets$870: { \s0_exp_diff [7:6] $auto$rtlil.cc:3255:Not$868 }
  Optimizing cells in module $paramod$73d19c912a883d1ee1979033e573e00ce9efcbb9\zkf_add.
Performed a total of 1 changes.

6.25.12. Executing OPT_MERGE pass (detect identical cells).
Finding identical cells in module `\top_zkf_add_w8_m18_stage_decode'.
Computing hashes of 6 cells of `\top_zkf_add_w8_m18_stage_decode'.
Finding duplicate cells in `\top_zkf_add_w8_m18_stage_decode'.
Finding identical cells in module `$paramod$73d19c912a883d1ee1979033e573e00ce9efcbb9\zkf_add'.
Computing hashes of 209 cells of `$paramod$73d19c912a883d1ee1979033e573e00ce9efcbb9\zkf_add'.
Finding duplicate cells in `$paramod$73d19c912a883d1ee1979033e573e00ce9efcbb9\zkf_add'.
Removed a total of 0 cells.

6.25.13. Executing OPT_DFF pass (perform DFF optimizations).

6.25.14. Executing OPT_CLEAN pass (remove unused cells and wires).
Finding unused cells or wires in module \top_zkf_add_w8_m18_stage_decode..
Finding unused cells or wires in module $paramod$73d19c912a883d1ee1979033e573e00ce9efcbb9\zkf_add..

6.25.15. Executing OPT_EXPR pass (perform const folding).
Optimizing module top_zkf_add_w8_m18_stage_decode.
Optimizing module $paramod$73d19c912a883d1ee1979033e573e00ce9efcbb9\zkf_add.

6.25.16. Rerunning OPT passes. (Maybe there is more to do..)

6.25.17. Executing OPT_MUXTREE pass (detect dead branches in mux trees).
Running muxtree optimizer on module \top_zkf_add_w8_m18_stage_decode..
  Creating internal representation of mux trees.
  No muxes found in this module.
Running muxtree optimizer on module $paramod$73d19c912a883d1ee1979033e573e00ce9efcbb9\zkf_add..
  Creating internal representation of mux trees.
  Evaluating internal representation of mux trees.
  Analyzing evaluation results.
Removed 0 multiplexer ports.
<suppressed ~90 debug messages>

6.25.18. Executing OPT_REDUCE pass (consolidate $*mux and $reduce_* inputs).
  Optimizing cells in module \top_zkf_add_w8_m18_stage_decode.
  Optimizing cells in module $paramod$73d19c912a883d1ee1979033e573e00ce9efcbb9\zkf_add.
Performed a total of 0 changes.

6.25.19. Executing OPT_MERGE pass (detect identical cells).
Finding identical cells in module `\top_zkf_add_w8_m18_stage_decode'.
Computing hashes of 6 cells of `\top_zkf_add_w8_m18_stage_decode'.
Finding duplicate cells in `\top_zkf_add_w8_m18_stage_decode'.
Finding identical cells in module `$paramod$73d19c912a883d1ee1979033e573e00ce9efcbb9\zkf_add'.
Computing hashes of 209 cells of `$paramod$73d19c912a883d1ee1979033e573e00ce9efcbb9\zkf_add'.
Finding duplicate cells in `$paramod$73d19c912a883d1ee1979033e573e00ce9efcbb9\zkf_add'.
Removed a total of 0 cells.

6.25.20. Executing OPT_DFF pass (perform DFF optimizations).

6.25.21. Executing OPT_CLEAN pass (remove unused cells and wires).
Finding unused cells or wires in module \top_zkf_add_w8_m18_stage_decode..
Finding unused cells or wires in module $paramod$73d19c912a883d1ee1979033e573e00ce9efcbb9\zkf_add..

6.25.22. Executing OPT_EXPR pass (perform const folding).
Optimizing module top_zkf_add_w8_m18_stage_decode.
Optimizing module $paramod$73d19c912a883d1ee1979033e573e00ce9efcbb9\zkf_add.

6.25.23. Finished fast OPT passes. (There is nothing left to do.)

6.26. Executing MEMORY pass.

6.26.1. Executing OPT_MEM pass (optimize memories).
Performed a total of 0 transformations.

6.26.2. Executing OPT_MEM_PRIORITY pass (removing unnecessary memory write priority relations).
Performed a total of 0 transformations.

6.26.3. Executing OPT_MEM_FEEDBACK pass (finding memory read-to-write feedback paths).

6.26.4. Executing MEMORY_BMUX2ROM pass (converting muxes to ROMs).

6.26.5. Executing MEMORY_DFF pass (merging $dff cells to $memrd).

6.26.6. Executing OPT_CLEAN pass (remove unused cells and wires).
Finding unused cells or wires in module \top_zkf_add_w8_m18_stage_decode..
Finding unused cells or wires in module $paramod$73d19c912a883d1ee1979033e573e00ce9efcbb9\zkf_add..

6.26.7. Executing MEMORY_SHARE pass (consolidating $memrd/$memwr cells).

6.26.8. Executing OPT_MEM_WIDEN pass (optimize memories where all ports are wide).
Performed a total of 0 transformations.

6.26.9. Executing OPT_CLEAN pass (remove unused cells and wires).
Finding unused cells or wires in module \top_zkf_add_w8_m18_stage_decode..
Finding unused cells or wires in module $paramod$73d19c912a883d1ee1979033e573e00ce9efcbb9\zkf_add..

6.26.10. Executing MEMORY_COLLECT pass (generating $mem cells).

6.27. Executing OPT_CLEAN pass (remove unused cells and wires).
Finding unused cells or wires in module \top_zkf_add_w8_m18_stage_decode..
Finding unused cells or wires in module $paramod$73d19c912a883d1ee1979033e573e00ce9efcbb9\zkf_add..

6.28. Executing MEMORY_LIBMAP pass (mapping memories to cells).

6.29. Executing TECHMAP pass (map to technology primitives).

6.29.1. Executing Verilog-2005 frontend: /mnt/storage/synth_eval/oss-cad-suite/lib/../share/yosys/lattice/lutrams_map_trellis.v
Parsing Verilog input from `/mnt/storage/synth_eval/oss-cad-suite/lib/../share/yosys/lattice/lutrams_map_trellis.v' to AST representation.
Generating RTLIL representation for module `$__TRELLIS_DPR16X4_'.
Successfully finished Verilog frontend.

6.29.2. Executing Verilog-2005 frontend: /mnt/storage/synth_eval/oss-cad-suite/lib/../share/yosys/lattice/brams_map_16kd.v
Parsing Verilog input from `/mnt/storage/synth_eval/oss-cad-suite/lib/../share/yosys/lattice/brams_map_16kd.v' to AST representation.
Generating RTLIL representation for module `$__DP16KD_'.
Generating RTLIL representation for module `$__PDPW16KD_'.
Successfully finished Verilog frontend.

6.29.3. Continuing TECHMAP pass.
No more expansions possible.
<suppressed ~5 debug messages>

6.30. Executing OPT pass (performing simple optimizations).

6.30.1. Executing OPT_EXPR pass (perform const folding).
Optimizing module top_zkf_add_w8_m18_stage_decode.
Optimizing module $paramod$73d19c912a883d1ee1979033e573e00ce9efcbb9\zkf_add.
<suppressed ~9 debug messages>

6.30.2. Executing OPT_MERGE pass (detect identical cells).
Finding identical cells in module `\top_zkf_add_w8_m18_stage_decode'.
Computing hashes of 6 cells of `\top_zkf_add_w8_m18_stage_decode'.
Finding duplicate cells in `\top_zkf_add_w8_m18_stage_decode'.
Finding identical cells in module `$paramod$73d19c912a883d1ee1979033e573e00ce9efcbb9\zkf_add'.
Computing hashes of 209 cells of `$paramod$73d19c912a883d1ee1979033e573e00ce9efcbb9\zkf_add'.
Finding duplicate cells in `$paramod$73d19c912a883d1ee1979033e573e00ce9efcbb9\zkf_add'.
Removed a total of 0 cells.

6.30.3. Executing OPT_DFF pass (perform DFF optimizations).

6.30.4. Executing OPT_CLEAN pass (remove unused cells and wires).
Finding unused cells or wires in module \top_zkf_add_w8_m18_stage_decode..
Finding unused cells or wires in module $paramod$73d19c912a883d1ee1979033e573e00ce9efcbb9\zkf_add..
Removed 0 unused cells and 2 unused wires.
<suppressed ~1 debug messages>

6.30.5. Finished fast OPT passes.

6.31. Executing MEMORY_MAP pass (converting memories to logic and flip-flops).

6.32. Executing OPT pass (performing simple optimizations).

6.32.1. Executing OPT_EXPR pass (perform const folding).
Optimizing module top_zkf_add_w8_m18_stage_decode.
Optimizing module $paramod$73d19c912a883d1ee1979033e573e00ce9efcbb9\zkf_add.

6.32.2. Executing OPT_MERGE pass (detect identical cells).
Finding identical cells in module `\top_zkf_add_w8_m18_stage_decode'.
Computing hashes of 6 cells of `\top_zkf_add_w8_m18_stage_decode'.
Finding duplicate cells in `\top_zkf_add_w8_m18_stage_decode'.
Finding identical cells in module `$paramod$73d19c912a883d1ee1979033e573e00ce9efcbb9\zkf_add'.
Computing hashes of 209 cells of `$paramod$73d19c912a883d1ee1979033e573e00ce9efcbb9\zkf_add'.
Finding duplicate cells in `$paramod$73d19c912a883d1ee1979033e573e00ce9efcbb9\zkf_add'.
Removed a total of 0 cells.

6.32.3. Executing OPT_MUXTREE pass (detect dead branches in mux trees).
Running muxtree optimizer on module \top_zkf_add_w8_m18_stage_decode..
  Creating internal representation of mux trees.
  No muxes found in this module.
Running muxtree optimizer on module $paramod$73d19c912a883d1ee1979033e573e00ce9efcbb9\zkf_add..
  Creating internal representation of mux trees.
  Evaluating internal representation of mux trees.
  Analyzing evaluation results.
Removed 0 multiplexer ports.
<suppressed ~90 debug messages>

6.32.4. Executing OPT_REDUCE pass (consolidate $*mux and $reduce_* inputs).
  Optimizing cells in module \top_zkf_add_w8_m18_stage_decode.
  Optimizing cells in module $paramod$73d19c912a883d1ee1979033e573e00ce9efcbb9\zkf_add.
    Consolidated identical input bits for $mux cell $flatten\u_align_small.$ternary$/mnt/storage/zubax/kulibin2/float/hdl/_zkf_rshift_sticky.v:133$673:
      Old ports: A={ 2'00 $auto$wreduce.cc:514:run$842 [18:0] }, B={ 1'0 \s0_small_sig_exp 2'00 }, Y=$flatten\u_align_small.$ternary$/mnt/storage/zubax/kulibin2/float/hdl/_zkf_rshift_sticky.v:133$673_Y
      New ports: A={ 1'0 $auto$wreduce.cc:514:run$842 [18:0] }, B={ \s0_small_sig_exp 2'00 }, Y=$flatten\u_align_small.$ternary$/mnt/storage/zubax/kulibin2/float/hdl/_zkf_rshift_sticky.v:133$673_Y [19:0]
      New connections: $flatten\u_align_small.$ternary$/mnt/storage/zubax/kulibin2/float/hdl/_zkf_rshift_sticky.v:133$673_Y [20] = 1'0
    Consolidated identical input bits for $mux cell $flatten\u_align_small.$ternary$/mnt/storage/zubax/kulibin2/float/hdl/_zkf_rshift_sticky.v:133$690:
      Old ports: A={ 8'00000000 $auto$wreduce.cc:514:run$843 [12:0] }, B={ 4'0000 \u_align_small.g_stage[1].d0 [20:12] \u_align_small.data[1] [11:4] }, Y=$flatten\u_align_small.$ternary$/mnt/storage/zubax/kulibin2/float/hdl/_zkf_rshift_sticky.v:133$690_Y
      New ports: A={ 4'0000 $auto$wreduce.cc:514:run$843 [12:0] }, B={ \u_align_small.g_stage[1].d0 [20:12] \u_align_small.data[1] [11:4] }, Y=$flatten\u_align_small.$ternary$/mnt/storage/zubax/kulibin2/float/hdl/_zkf_rshift_sticky.v:133$690_Y [16:0]
      New connections: $flatten\u_align_small.$ternary$/mnt/storage/zubax/kulibin2/float/hdl/_zkf_rshift_sticky.v:133$690_Y [20:17] = 4'0000
  Optimizing cells in module $paramod$73d19c912a883d1ee1979033e573e00ce9efcbb9\zkf_add.
Performed a total of 2 changes.

6.32.5. Executing OPT_MERGE pass (detect identical cells).
Finding identical cells in module `\top_zkf_add_w8_m18_stage_decode'.
Computing hashes of 6 cells of `\top_zkf_add_w8_m18_stage_decode'.
Finding duplicate cells in `\top_zkf_add_w8_m18_stage_decode'.
Finding identical cells in module `$paramod$73d19c912a883d1ee1979033e573e00ce9efcbb9\zkf_add'.
Computing hashes of 209 cells of `$paramod$73d19c912a883d1ee1979033e573e00ce9efcbb9\zkf_add'.
Finding duplicate cells in `$paramod$73d19c912a883d1ee1979033e573e00ce9efcbb9\zkf_add'.
Removed a total of 0 cells.

6.32.6. Executing OPT_DFF pass (perform DFF optimizations).

6.32.7. Executing OPT_CLEAN pass (remove unused cells and wires).
Finding unused cells or wires in module \top_zkf_add_w8_m18_stage_decode..
Finding unused cells or wires in module $paramod$73d19c912a883d1ee1979033e573e00ce9efcbb9\zkf_add..

6.32.8. Executing OPT_EXPR pass (perform const folding).
Optimizing module top_zkf_add_w8_m18_stage_decode.
Optimizing module $paramod$73d19c912a883d1ee1979033e573e00ce9efcbb9\zkf_add.

6.32.9. Rerunning OPT passes. (Maybe there is more to do..)

6.32.10. Executing OPT_MUXTREE pass (detect dead branches in mux trees).
Running muxtree optimizer on module \top_zkf_add_w8_m18_stage_decode..
  Creating internal representation of mux trees.
  No muxes found in this module.
Running muxtree optimizer on module $paramod$73d19c912a883d1ee1979033e573e00ce9efcbb9\zkf_add..
  Creating internal representation of mux trees.
  Evaluating internal representation of mux trees.
  Analyzing evaluation results.
Removed 0 multiplexer ports.
<suppressed ~90 debug messages>

6.32.11. Executing OPT_REDUCE pass (consolidate $*mux and $reduce_* inputs).
  Optimizing cells in module \top_zkf_add_w8_m18_stage_decode.
  Optimizing cells in module $paramod$73d19c912a883d1ee1979033e573e00ce9efcbb9\zkf_add.
Performed a total of 0 changes.

6.32.12. Executing OPT_MERGE pass (detect identical cells).
Finding identical cells in module `\top_zkf_add_w8_m18_stage_decode'.
Computing hashes of 6 cells of `\top_zkf_add_w8_m18_stage_decode'.
Finding duplicate cells in `\top_zkf_add_w8_m18_stage_decode'.
Finding identical cells in module `$paramod$73d19c912a883d1ee1979033e573e00ce9efcbb9\zkf_add'.
Computing hashes of 209 cells of `$paramod$73d19c912a883d1ee1979033e573e00ce9efcbb9\zkf_add'.
Finding duplicate cells in `$paramod$73d19c912a883d1ee1979033e573e00ce9efcbb9\zkf_add'.
Removed a total of 0 cells.

6.32.13. Executing OPT_DFF pass (perform DFF optimizations).

6.32.14. Executing OPT_CLEAN pass (remove unused cells and wires).
Finding unused cells or wires in module \top_zkf_add_w8_m18_stage_decode..
Finding unused cells or wires in module $paramod$73d19c912a883d1ee1979033e573e00ce9efcbb9\zkf_add..

6.32.15. Executing OPT_EXPR pass (perform const folding).
Optimizing module top_zkf_add_w8_m18_stage_decode.
Optimizing module $paramod$73d19c912a883d1ee1979033e573e00ce9efcbb9\zkf_add.

6.32.16. Finished fast OPT passes. (There is nothing left to do.)

6.33. Executing TECHMAP pass (map to technology primitives).

6.33.1. Executing Verilog-2005 frontend: /mnt/storage/synth_eval/oss-cad-suite/lib/../share/yosys/techmap.v
Parsing Verilog input from `/mnt/storage/synth_eval/oss-cad-suite/lib/../share/yosys/techmap.v' to AST representation.
Generating RTLIL representation for module `\_90_simplemap_bool_ops'.
Generating RTLIL representation for module `\_90_simplemap_reduce_ops'.
Generating RTLIL representation for module `\_90_simplemap_logic_ops'.
Generating RTLIL representation for module `\_90_simplemap_compare_ops'.
Generating RTLIL representation for module `\_90_simplemap_various'.
Generating RTLIL representation for module `\_90_simplemap_registers'.
Generating RTLIL representation for module `\_90_shift_ops_shr_shl_sshl_sshr'.
Generating RTLIL representation for module `\_90_shift_shiftx'.
Generating RTLIL representation for module `\_90_fa'.
Generating RTLIL representation for module `\_90_lcu_brent_kung'.
Generating RTLIL representation for module `\_90_alu'.
Generating RTLIL representation for module `\_90_macc'.
Generating RTLIL representation for module `\_90_alumacc'.
Generating RTLIL representation for module `$__div_mod_u'.
Generating RTLIL representation for module `$__div_mod_trunc'.
Generating RTLIL representation for module `\_90_div'.
Generating RTLIL representation for module `\_90_mod'.
Generating RTLIL representation for module `$__div_mod_floor'.
Generating RTLIL representation for module `\_90_divfloor'.
Generating RTLIL representation for module `\_90_modfloor'.
Generating RTLIL representation for module `\_90_pow'.
Generating RTLIL representation for module `\_90_demux'.
Generating RTLIL representation for module `\_90_lut'.
Generating RTLIL representation for module `$connect'.
Generating RTLIL representation for module `$input_port'.
Successfully finished Verilog frontend.

6.33.2. Executing Verilog-2005 frontend: /mnt/storage/synth_eval/oss-cad-suite/lib/../share/yosys/lattice/arith_map_ccu2c.v
Parsing Verilog input from `/mnt/storage/synth_eval/oss-cad-suite/lib/../share/yosys/lattice/arith_map_ccu2c.v' to AST representation.
Generating RTLIL representation for module `\_80_ccu2c_alu'.
Successfully finished Verilog frontend.

6.33.3. Continuing TECHMAP pass.
Using extmapper simplemap for cells of type $not.
Using extmapper simplemap for cells of type $sdff.
Using extmapper simplemap for cells of type $reduce_or.
Using template $paramod$ec4cd333bc5ed64421f9ad2d4ba45c0659044a6d\_80_ccu2c_alu for cells of type $alu.
Using template $paramod$4945780fa0e199488e9e78888cb8f4db4b672b74\_80_ccu2c_alu for cells of type $alu.
Using template $paramod$c3cd1564c35d873179656addd6052d7ea8b6d991\_80_ccu2c_alu for cells of type $alu.
Using template $paramod$ee96caa5ff6c189e32bbc182641c7922643956ce\_80_ccu2c_alu for cells of type $alu.
Using template $paramod$a1bc51c02ce12ac21eb18988e83292af48ed7d72\_80_ccu2c_alu for cells of type $alu.
Using template $paramod$a8151eed7df109f18d5adf1169b40bb7b9e884a8\_80_ccu2c_alu for cells of type $alu.
Using extmapper simplemap for cells of type $dff.
Using extmapper simplemap for cells of type $reduce_and.
Using extmapper simplemap for cells of type $xor.
Using extmapper simplemap for cells of type $logic_not.
Using extmapper simplemap for cells of type $logic_and.
Using extmapper simplemap for cells of type $mux.
Using extmapper simplemap for cells of type $and.
Using extmapper simplemap for cells of type $or.
Using extmapper simplemap for cells of type $logic_or.
Using extmapper simplemap for cells of type $eq.
Using extmapper simplemap for cells of type $pos.
No more expansions possible.
<suppressed ~633 debug messages>

6.34. Executing OPT pass (performing simple optimizations).

6.34.1. Executing OPT_EXPR pass (perform const folding).
Optimizing module top_zkf_add_w8_m18_stage_decode.
Optimizing module $paramod$73d19c912a883d1ee1979033e573e00ce9efcbb9\zkf_add.
<suppressed ~370 debug messages>

6.34.2. Executing OPT_MERGE pass (detect identical cells).
Finding identical cells in module `\top_zkf_add_w8_m18_stage_decode'.
Computing hashes of 81 cells of `\top_zkf_add_w8_m18_stage_decode'.
Finding duplicate cells in `\top_zkf_add_w8_m18_stage_decode'.
Finding identical cells in module `$paramod$73d19c912a883d1ee1979033e573e00ce9efcbb9\zkf_add'.
Computing hashes of 1420 cells of `$paramod$73d19c912a883d1ee1979033e573e00ce9efcbb9\zkf_add'.
Finding duplicate cells in `$paramod$73d19c912a883d1ee1979033e573e00ce9efcbb9\zkf_add'.
Computing hashes of 1392 cells of `$paramod$73d19c912a883d1ee1979033e573e00ce9efcbb9\zkf_add'.
Finding duplicate cells in `$paramod$73d19c912a883d1ee1979033e573e00ce9efcbb9\zkf_add'.
Computing hashes of 1382 cells of `$paramod$73d19c912a883d1ee1979033e573e00ce9efcbb9\zkf_add'.
Finding duplicate cells in `$paramod$73d19c912a883d1ee1979033e573e00ce9efcbb9\zkf_add'.
Computing hashes of 1379 cells of `$paramod$73d19c912a883d1ee1979033e573e00ce9efcbb9\zkf_add'.
Finding duplicate cells in `$paramod$73d19c912a883d1ee1979033e573e00ce9efcbb9\zkf_add'.
Computing hashes of 1378 cells of `$paramod$73d19c912a883d1ee1979033e573e00ce9efcbb9\zkf_add'.
Finding duplicate cells in `$paramod$73d19c912a883d1ee1979033e573e00ce9efcbb9\zkf_add'.
<suppressed ~126 debug messages>
Removed a total of 42 cells.

6.34.3. Executing OPT_DFF pass (perform DFF optimizations).

6.34.4. Executing OPT_CLEAN pass (remove unused cells and wires).
Finding unused cells or wires in module \top_zkf_add_w8_m18_stage_decode..
Finding unused cells or wires in module $paramod$73d19c912a883d1ee1979033e573e00ce9efcbb9\zkf_add..
Removed 368 unused cells and 385 unused wires.
<suppressed ~369 debug messages>

6.34.5. Finished fast OPT passes.

6.35. Executing ABC pass (technology mapping using ABC).

6.35.1. Summary of detected clock domains:
  3 cells in clk=\clk, en={ }, arst={ }, srst=\rst
  78 cells in clk=\clk, en={ }, arst={ }, srst={ }

6.35.2. Extracting gate netlist of module `\top_zkf_add_w8_m18_stage_decode' to `<abc-temp-dir>/input.blif'..
Found matching posedge clock domain: \clk, synchronously reset by \rst

6.35.3. Extracting gate netlist of module `\top_zkf_add_w8_m18_stage_decode' to `<abc-temp-dir>/input.blif'..
Found matching posedge clock domain: \clk

6.35.3.1. Executed ABC.
Extracted 2 gates and 4 wires to a netlist network with 2 inputs and 2 outputs.
Running ABC script: <abc-temp-dir>/abc.script
ABC: UC Berkeley, ABC 1.01 (compiled May 12 2026 04:40:36)
ABC: abc 01> empty
ABC: abc 01> source <abc-temp-dir>/abc.script
ABC: + read_blif <abc-temp-dir>/input.blif 
ABC: + read_library <abc-temp-dir>/stdcells.genlib 
ABC: + strash 
ABC: + &get -n 
ABC: + &fraig -x 
ABC: + &put 
ABC: + scorr 
ABC: + dc2 
ABC: + dretime 
ABC: + retime -o -D 1 
ABC: + strash 
ABC: + &get -n 
ABC: + &dch -f 
ABC: + &nf -D 1 
ABC: + &put 
ABC: + write_blif <abc-temp-dir>/output.blif 
ABC: 
ABC: YOSYS_ABC_DONE 

6.35.3.2. Re-integrating ABC results.
ABC RESULTS:               BUF cells:        4
ABC RESULTS:               DFF cells:        2
ABC RESULTS:        internal signals:        0
ABC RESULTS:           input signals:        2
ABC RESULTS:          output signals:        2
Removing temp directory.

6.35.3.1. Executed ABC.
Extracted 78 gates and 156 wires to a netlist network with 78 inputs and 78 outputs.
Running ABC script: <abc-temp-dir>/abc.script
ABC: UC Berkeley, ABC 1.01 (compiled May 12 2026 04:40:36)
ABC: abc 01> empty
ABC: abc 01> source <abc-temp-dir>/abc.script
ABC: + read_blif <abc-temp-dir>/input.blif 
ABC: + read_library <abc-temp-dir>/stdcells.genlib 
ABC: + strash 
ABC: + &get -n 
ABC: Warning: 78 registers in this network have don't-care init values.
ABC: The don't-care are assumed to be 0. The result may not verify.
ABC: Use command "print_latch" to see the init values of registers.
ABC: Use command "zero" to convert or "init" to change the values.
ABC: + &fraig -x 
ABC: + &put 
ABC: + scorr 
ABC: + dc2 
ABC: + dretime 
ABC: + retime -o -D 1 
ABC: + strash 
ABC: + &get -n 
ABC: + &dch -f 
ABC: + &nf -D 1 
ABC: + &put 
ABC: + write_blif <abc-temp-dir>/output.blif 
ABC: 
ABC: YOSYS_ABC_DONE 

6.35.3.2. Re-integrating ABC results.
ABC RESULTS:               BUF cells:      156
ABC RESULTS:               DFF cells:       78
ABC RESULTS:        internal signals:        0
ABC RESULTS:           input signals:       78
ABC RESULTS:          output signals:       78
Removing temp directory.

6.35.4. Summary of detected clock domains:
  4 cells in clk={ }, en={ }, arst={ }, srst={ }
  6 cells in clk=\clk, en={ }, arst={ }, srst=$auto$opt_dff.cc:275:combine_resets$828
  7 cells in clk=\clk, en={ }, arst={ }, srst=\rst
  2 cells in clk=\clk, en={ }, arst={ }, srst=\s2_raw_result [21]
  6 cells in clk=\clk, en={ }, arst={ }, srst=$auto$simplemap.cc:148:simplemap_reduce$2369 [2]
  33 cells in clk=\clk, en={ }, arst={ }, srst=\u_align_small.shamt_ge_w_use
  68 cells in clk=\clk, en={ }, arst={ }, srst=$auto$opt_dff.cc:275:combine_resets$869
  17 cells in clk=\clk, en={ }, arst={ }, srst=!$auto$opt_dff.cc:275:combine_resets$836
  17 cells in clk=\clk, en={ }, arst={ }, srst=!$auto$opt_dff.cc:275:combine_resets$833
  25 cells in clk=\clk, en={ }, arst={ }, srst=!$flatten\u_sub_norm.$reduce_or$/mnt/storage/zubax/kulibin2/float/hdl/_zkf_normshift.v:73$451_Y
  34 cells in clk=\clk, en={ }, arst={ }, srst=!\b_finite
  38 cells in clk=\clk, en={ }, arst={ }, srst=!\a_finite
  753 cells in clk=\clk, en={ }, arst={ }, srst={ }

6.35.5. Extracting gate netlist of module `$paramod$73d19c912a883d1ee1979033e573e00ce9efcbb9\zkf_add' to `<abc-temp-dir>/input.blif'..
No matching clock domain found. Not extracting any FF cells.

6.35.6. Extracting gate netlist of module `$paramod$73d19c912a883d1ee1979033e573e00ce9efcbb9\zkf_add' to `<abc-temp-dir>/input.blif'..
Found matching posedge clock domain: \clk, synchronously reset by $auto$opt_dff.cc:275:combine_resets$828

6.35.6.1. Executed ABC.
Extracted 0 gates and 0 wires to a netlist network with 0 inputs and 0 outputs.
Don't call ABC as there is nothing to map.
Removing temp directory.

6.35.7. Extracting gate netlist of module `$paramod$73d19c912a883d1ee1979033e573e00ce9efcbb9\zkf_add' to `<abc-temp-dir>/input.blif'..
Found matching posedge clock domain: \clk, synchronously reset by \rst

6.35.8. Extracting gate netlist of module `$paramod$73d19c912a883d1ee1979033e573e00ce9efcbb9\zkf_add' to `<abc-temp-dir>/input.blif'..
Found matching posedge clock domain: \clk, synchronously reset by \s2_raw_result [21]

6.35.9. Extracting gate netlist of module `$paramod$73d19c912a883d1ee1979033e573e00ce9efcbb9\zkf_add' to `<abc-temp-dir>/input.blif'..
Found matching posedge clock domain: \clk, synchronously reset by $auto$simplemap.cc:148:simplemap_reduce$2369 [2]

6.35.10. Extracting gate netlist of module `$paramod$73d19c912a883d1ee1979033e573e00ce9efcbb9\zkf_add' to `<abc-temp-dir>/input.blif'..
Found matching posedge clock domain: \clk, synchronously reset by \u_align_small.shamt_ge_w_use

6.35.11. Extracting gate netlist of module `$paramod$73d19c912a883d1ee1979033e573e00ce9efcbb9\zkf_add' to `<abc-temp-dir>/input.blif'..
Found matching posedge clock domain: \clk, synchronously reset by $auto$opt_dff.cc:275:combine_resets$869

6.35.12. Extracting gate netlist of module `$paramod$73d19c912a883d1ee1979033e573e00ce9efcbb9\zkf_add' to `<abc-temp-dir>/input.blif'..
Found matching posedge clock domain: \clk, synchronously reset by !$auto$opt_dff.cc:275:combine_resets$836

6.35.13. Extracting gate netlist of module `$paramod$73d19c912a883d1ee1979033e573e00ce9efcbb9\zkf_add' to `<abc-temp-dir>/input.blif'..
Found matching posedge clock domain: \clk, synchronously reset by !$auto$opt_dff.cc:275:combine_resets$833

6.35.14. Extracting gate netlist of module `$paramod$73d19c912a883d1ee1979033e573e00ce9efcbb9\zkf_add' to `<abc-temp-dir>/input.blif'..
Found matching posedge clock domain: \clk, synchronously reset by !$flatten\u_sub_norm.$reduce_or$/mnt/storage/zubax/kulibin2/float/hdl/_zkf_normshift.v:73$451_Y

6.35.15. Extracting gate netlist of module `$paramod$73d19c912a883d1ee1979033e573e00ce9efcbb9\zkf_add' to `<abc-temp-dir>/input.blif'..
Found matching posedge clock domain: \clk, synchronously reset by !\b_finite

6.35.16. Extracting gate netlist of module `$paramod$73d19c912a883d1ee1979033e573e00ce9efcbb9\zkf_add' to `<abc-temp-dir>/input.blif'..
Found matching posedge clock domain: \clk, synchronously reset by !\a_finite

6.35.17. Extracting gate netlist of module `$paramod$73d19c912a883d1ee1979033e573e00ce9efcbb9\zkf_add' to `<abc-temp-dir>/input.blif'..
Found matching posedge clock domain: \clk

6.35.17.1. Executed ABC.
Extracted 5 gates and 11 wires to a netlist network with 5 inputs and 3 outputs.
Running ABC script: <abc-temp-dir>/abc.script
ABC: UC Berkeley, ABC 1.01 (compiled May 12 2026 04:40:36)
ABC: abc 01> empty
ABC: abc 01> source <abc-temp-dir>/abc.script
ABC: + read_blif <abc-temp-dir>/input.blif 
ABC: + read_library <abc-temp-dir>/stdcells.genlib 
ABC: + strash 
ABC: + &get -n 
ABC: + &fraig -x 
ABC: + &put 
ABC: + scorr 
ABC: + dc2 
ABC: + dretime 
ABC: + retime -o -D 1 
ABC: Abc_NtkRetimeInitialValues(): The problem is unsatisfiable. DC latch values are used.
ABC: + strash 
ABC: + &get -n 
ABC: + &dch -f 
ABC: + &nf -D 1 
ABC: + &put 
ABC: + write_blif <abc-temp-dir>/output.blif 
ABC: 
ABC: YOSYS_ABC_DONE 

6.35.17.2. Re-integrating ABC results.
ABC RESULTS:              NAND cells:        1
ABC RESULTS:               NOR cells:        2
ABC RESULTS:               ONE cells:        1
ABC RESULTS:                OR cells:        1
ABC RESULTS:        internal signals:        3
ABC RESULTS:           input signals:        5
ABC RESULTS:          output signals:        3
Removing temp directory.

6.35.17.1. Executed ABC.
Extracted 7 gates and 9 wires to a netlist network with 2 inputs and 1 outputs.
Running ABC script: <abc-temp-dir>/abc.script
ABC: UC Berkeley, ABC 1.01 (compiled May 12 2026 04:40:36)
ABC: abc 01> empty
ABC: abc 01> source <abc-temp-dir>/abc.script
ABC: + read_blif <abc-temp-dir>/input.blif 
ABC: + read_library <abc-temp-dir>/stdcells.genlib 
ABC: + strash 
ABC: + &get -n 
ABC: + &fraig -x 
ABC: + &put 
ABC: + scorr 
ABC: + dc2 
ABC: + dretime 
ABC: + retime -o -D 1 
ABC: + strash 
ABC: + &get -n 
ABC: + &dch -f 
ABC: + &nf -D 1 
ABC: + &put 
ABC: + write_blif <abc-temp-dir>/output.blif 
ABC: 
ABC: YOSYS_ABC_DONE 

6.35.17.2. Re-integrating ABC results.
ABC RESULTS:            ANDNOT cells:        1
ABC RESULTS:               BUF cells:        5
ABC RESULTS:               DFF cells:        5
ABC RESULTS:        internal signals:        6
ABC RESULTS:           input signals:        2
ABC RESULTS:          output signals:        1
Removing temp directory.

6.35.17.1. Executed ABC.
Extracted 2 gates and 4 wires to a netlist network with 2 inputs and 2 outputs.
Running ABC script: <abc-temp-dir>/abc.script
ABC: UC Berkeley, ABC 1.01 (compiled May 12 2026 04:40:36)
ABC: abc 01> empty
ABC: abc 01> source <abc-temp-dir>/abc.script
ABC: + read_blif <abc-temp-dir>/input.blif 
ABC: + read_library <abc-temp-dir>/stdcells.genlib 
ABC: + strash 
ABC: + &get -n 
ABC: + &fraig -x 
ABC: + &put 
ABC: + scorr 
ABC: + dc2 
ABC: + dretime 
ABC: + retime -o -D 1 
ABC: + strash 
ABC: + &get -n 
ABC: + &dch -f 
ABC: + &nf -D 1 
ABC: + &put 
ABC: + write_blif <abc-temp-dir>/output.blif 
ABC: 
ABC: YOSYS_ABC_DONE 

6.35.17.2. Re-integrating ABC results.
ABC RESULTS:               DFF cells:        1
ABC RESULTS:               NOT cells:        2
ABC RESULTS:             ORNOT cells:        1
ABC RESULTS:        internal signals:        0
ABC RESULTS:           input signals:        2
ABC RESULTS:          output signals:        2
Removing temp directory.

6.35.17.1. Executed ABC.
Extracted 6 gates and 13 wires to a netlist network with 6 inputs and 2 outputs.
Running ABC script: <abc-temp-dir>/abc.script
ABC: UC Berkeley, ABC 1.01 (compiled May 12 2026 04:40:36)
ABC: abc 01> empty
ABC: abc 01> source <abc-temp-dir>/abc.script
ABC: + read_blif <abc-temp-dir>/input.blif 
ABC: + read_library <abc-temp-dir>/stdcells.genlib 
ABC: + strash 
ABC: + &get -n 
ABC: + &fraig -x 
ABC: + &put 
ABC: + scorr 
ABC: + dc2 
ABC: + dretime 
ABC: + retime -o -D 1 
ABC: + strash 
ABC: + &get -n 
ABC: + &dch -f 
ABC: + &nf -D 1 
ABC: + &put 
ABC: + write_blif <abc-temp-dir>/output.blif 
ABC: 
ABC: YOSYS_ABC_DONE 

6.35.17.2. Re-integrating ABC results.
ABC RESULTS:               BUF cells:        1
ABC RESULTS:               DFF cells:        1
ABC RESULTS:              NAND cells:        1
ABC RESULTS:               NOR cells:        2
ABC RESULTS:             ORNOT cells:        1
ABC RESULTS:        internal signals:        5
ABC RESULTS:           input signals:        6
ABC RESULTS:          output signals:        2
Removing temp directory.

6.35.17.1. Executed ABC.
Extracted 33 gates and 64 wires to a netlist network with 30 inputs and 14 outputs.
Running ABC script: <abc-temp-dir>/abc.script
ABC: UC Berkeley, ABC 1.01 (compiled May 12 2026 04:40:36)
ABC: abc 01> empty
ABC: abc 01> source <abc-temp-dir>/abc.script
ABC: + read_blif <abc-temp-dir>/input.blif 
ABC: + read_library <abc-temp-dir>/stdcells.genlib 
ABC: + strash 
ABC: + &get -n 
ABC: + &fraig -x 
ABC: + &put 
ABC: + scorr 
ABC: + dc2 
ABC: + dretime 
ABC: + retime -o -D 1 
ABC: + strash 
ABC: + &get -n 
ABC: + &dch -f 
ABC: + &nf -D 1 
ABC: + &put 
ABC: + write_blif <abc-temp-dir>/output.blif 
ABC: 
ABC: YOSYS_ABC_DONE 

6.35.17.2. Re-integrating ABC results.
ABC RESULTS:               AND cells:       19
ABC RESULTS:            ANDNOT cells:        5
ABC RESULTS:               BUF cells:        1
ABC RESULTS:               DFF cells:        9
ABC RESULTS:               MUX cells:        4
ABC RESULTS:              NAND cells:        8
ABC RESULTS:               NOR cells:        3
ABC RESULTS:               NOT cells:        3
ABC RESULTS:                OR cells:        6
ABC RESULTS:             ORNOT cells:        4
ABC RESULTS:              XNOR cells:        1
ABC RESULTS:        internal signals:       20
ABC RESULTS:           input signals:       30
ABC RESULTS:          output signals:       14
Removing temp directory.

6.35.17.1. Executed ABC.
Extracted 68 gates and 88 wires to a netlist network with 19 inputs and 48 outputs.
Running ABC script: <abc-temp-dir>/abc.script
ABC: UC Berkeley, ABC 1.01 (compiled May 12 2026 04:40:36)
ABC: abc 01> empty
ABC: abc 01> source <abc-temp-dir>/abc.script
ABC: + read_blif <abc-temp-dir>/input.blif 
ABC: + read_library <abc-temp-dir>/stdcells.genlib 
ABC: + strash 
ABC: + &get -n 
ABC: + &fraig -x 
ABC: + &put 
ABC: + scorr 
ABC: + dc2 
ABC: + dretime 
ABC: + retime -o -D 1 
ABC: + strash 
ABC: + &get -n 
ABC: + &dch -f 
ABC: + &nf -D 1 
ABC: + &put 
ABC: + write_blif <abc-temp-dir>/output.blif 
ABC: 
ABC: YOSYS_ABC_DONE 

6.35.17.2. Re-integrating ABC results.
ABC RESULTS:               AND cells:       12
ABC RESULTS:            ANDNOT cells:       13
ABC RESULTS:               BUF cells:       16
ABC RESULTS:               DFF cells:       16
ABC RESULTS:               MUX cells:       20
ABC RESULTS:              NAND cells:       16
ABC RESULTS:               NOT cells:       16
ABC RESULTS:                OR cells:        4
ABC RESULTS:             ORNOT cells:        8
ABC RESULTS:        internal signals:       21
ABC RESULTS:           input signals:       19
ABC RESULTS:          output signals:       48
Removing temp directory.

6.35.17.1. Executed ABC.
Extracted 17 gates and 32 wires to a netlist network with 14 inputs and 14 outputs.
Running ABC script: <abc-temp-dir>/abc.script
ABC: UC Berkeley, ABC 1.01 (compiled May 12 2026 04:40:36)
ABC: abc 01> empty
ABC: abc 01> source <abc-temp-dir>/abc.script
ABC: + read_blif <abc-temp-dir>/input.blif 
ABC: + read_library <abc-temp-dir>/stdcells.genlib 
ABC: + strash 
ABC: + &get -n 
ABC: + &fraig -x 
ABC: + &put 
ABC: + scorr 
ABC: + dc2 
ABC: + dretime 
ABC: + retime -o -D 1 
ABC: + strash 
ABC: + &get -n 
ABC: + &dch -f 
ABC: + &nf -D 1 
ABC: + &put 
ABC: + write_blif <abc-temp-dir>/output.blif 
ABC: 
ABC: YOSYS_ABC_DONE 

6.35.17.2. Re-integrating ABC results.
ABC RESULTS:               AND cells:        9
ABC RESULTS:               BUF cells:        4
ABC RESULTS:               DFF cells:        4
ABC RESULTS:               MUX cells:        8
ABC RESULTS:        internal signals:        4
ABC RESULTS:           input signals:       14
ABC RESULTS:          output signals:       14
Removing temp directory.

6.35.17.1. Executed ABC.
Extracted 17 gates and 35 wires to a netlist network with 18 inputs and 10 outputs.
Running ABC script: <abc-temp-dir>/abc.script
ABC: empty
ABC: abc 10> source <abc-temp-dir>/abc.script
ABC: + read_blif <abc-temp-dir>/input.blif 
ABC: + read_library <abc-temp-dir>/stdcells.genlib 
ABC: + strash 
ABC: + &get -n 
ABC: + &fraig -x 
ABC: + &put 
ABC: + scorr 
ABC: + dc2 
ABC: + dretime 
ABC: + retime -o -D 1 
ABC: + strash 
ABC: + &get -n 
ABC: + &dch -f 
ABC: + &nf -D 1 
ABC: + &put 
ABC: + write_blif <abc-temp-dir>/output.blif 
ABC: 
ABC: YOSYS_ABC_DONE 

6.35.17.2. Re-integrating ABC results.
ABC RESULTS:               AND cells:        1
ABC RESULTS:               BUF cells:        4
ABC RESULTS:               DFF cells:        4
ABC RESULTS:               MUX cells:       12
ABC RESULTS:        internal signals:        7
ABC RESULTS:           input signals:       18
ABC RESULTS:          output signals:       10
Removing temp directory.

6.35.17.1. Executed ABC.
Extracted 25 gates and 48 wires to a netlist network with 23 inputs and 10 outputs.
Running ABC script: <abc-temp-dir>/abc.script
ABC: empty
ABC: abc 10> source <abc-temp-dir>/abc.script
ABC: + read_blif <abc-temp-dir>/input.blif 
ABC: + read_library <abc-temp-dir>/stdcells.genlib 
ABC: + strash 
ABC: + &get -n 
ABC: + &fraig -x 
ABC: + &put 
ABC: + scorr 
ABC: + dc2 
ABC: + dretime 
ABC: + retime -o -D 1 
ABC: + strash 
ABC: + &get -n 
ABC: + &dch -f 
ABC: + &nf -D 1 
ABC: + &put 
ABC: + write_blif <abc-temp-dir>/output.blif 
ABC: 
ABC: YOSYS_ABC_DONE 

6.35.17.2. Re-integrating ABC results.
ABC RESULTS:               AND cells:        1
ABC RESULTS:               BUF cells:        4
ABC RESULTS:               DFF cells:        4
ABC RESULTS:               MUX cells:       16
ABC RESULTS:              NAND cells:        1
ABC RESULTS:               NOR cells:        3
ABC RESULTS:        internal signals:       15
ABC RESULTS:           input signals:       23
ABC RESULTS:          output signals:       10
Removing temp directory.

6.35.17.1. Executed ABC.
Extracted 34 gates and 60 wires to a netlist network with 26 inputs and 26 outputs.
Running ABC script: <abc-temp-dir>/abc.script
ABC: empty
ABC: abc 19> source <abc-temp-dir>/abc.script
ABC: + read_blif <abc-temp-dir>/input.blif 
ABC: + read_library <abc-temp-dir>/stdcells.genlib 
ABC: + strash 
ABC: + &get -n 
ABC: + &fraig -x 
ABC: + &put 
ABC: + scorr 
ABC: + dc2 
ABC: + dretime 
ABC: + retime -o -D 1 
ABC: + strash 
ABC: + &get -n 
ABC: + &dch -f 
ABC: + &nf -D 1 
ABC: + &put 
ABC: + write_blif <abc-temp-dir>/output.blif 
ABC: 
ABC: YOSYS_ABC_DONE 

6.35.17.2. Re-integrating ABC results.
ABC RESULTS:               AND cells:        3
ABC RESULTS:               BUF cells:       50
ABC RESULTS:               DFF cells:       25
ABC RESULTS:               NOR cells:        5
ABC RESULTS:        internal signals:        8
ABC RESULTS:           input signals:       26
ABC RESULTS:          output signals:       26
Removing temp directory.

6.35.17.1. Executed ABC.
Extracted 38 gates and 67 wires to a netlist network with 29 inputs and 28 outputs.
Running ABC script: <abc-temp-dir>/abc.script
ABC: empty
ABC: abc 28> source <abc-temp-dir>/abc.script
ABC: + read_blif <abc-temp-dir>/input.blif 
ABC: + read_library <abc-temp-dir>/stdcells.genlib 
ABC: + strash 
ABC: + &get -n 
ABC: + &fraig -x 
ABC: + &put 
ABC: + scorr 
ABC: + dc2 
ABC: + dretime 
ABC: + retime -o -D 1 
ABC: + strash 
ABC: + &get -n 
ABC: + &dch -f 
ABC: + &nf -D 1 
ABC: + &put 
ABC: + write_blif <abc-temp-dir>/output.blif 
ABC: 
ABC: YOSYS_ABC_DONE 

6.35.17.2. Re-integrating ABC results.
ABC RESULTS:               AND cells:        3
ABC RESULTS:               BUF cells:       48
ABC RESULTS:               DFF cells:       25
ABC RESULTS:               MUX cells:        4
ABC RESULTS:               NOR cells:        5
ABC RESULTS:        internal signals:       10
ABC RESULTS:           input signals:       29
ABC RESULTS:          output signals:       28
Removing temp directory.

6.35.17.1. Executed ABC.
Extracted 704 gates and 943 wires to a netlist network with 237 inputs and 199 outputs.
Running ABC script: <abc-temp-dir>/abc.script
ABC: empty
ABC: abc 10> source <abc-temp-dir>/abc.script
ABC: + read_blif <abc-temp-dir>/input.blif 
ABC: + read_library <abc-temp-dir>/stdcells.genlib 
ABC: + strash 
ABC: + &get -n 
ABC: Warning: 182 registers in this network have don't-care init values.
ABC: The don't-care are assumed to be 0. The result may not verify.
ABC: Use command "print_latch" to see the init values of registers.
ABC: Use command "zero" to convert or "init" to change the values.
ABC: + &fraig -x 
ABC: + &put 
ABC: + scorr 
ABC: + dc2 
ABC: + dretime 
ABC: + retime -o -D 1 
ABC: + strash 
ABC: + &get -n 
ABC: + &dch -f 
ABC: + &nf -D 1 
ABC: + &put 
ABC: + write_blif <abc-temp-dir>/output.blif 
ABC: 
ABC: YOSYS_ABC_DONE 

6.35.17.2. Re-integrating ABC results.
ABC RESULTS:               AND cells:      138
ABC RESULTS:            ANDNOT cells:       24
ABC RESULTS:               BUF cells:      157
ABC RESULTS:               DFF cells:      194
ABC RESULTS:               MUX cells:      184
ABC RESULTS:              NAND cells:       83
ABC RESULTS:               NOR cells:       46
ABC RESULTS:               NOT cells:        5
ABC RESULTS:                OR cells:       51
ABC RESULTS:             ORNOT cells:       15
ABC RESULTS:              XNOR cells:        2
ABC RESULTS:        internal signals:      507
ABC RESULTS:           input signals:      237
ABC RESULTS:          output signals:      199
Removing temp directory.
Removing global temp directory.

6.36. Executing OPT_CLEAN pass (remove unused cells and wires).
Finding unused cells or wires in module \top_zkf_add_w8_m18_stage_decode..
Finding unused cells or wires in module $paramod$73d19c912a883d1ee1979033e573e00ce9efcbb9\zkf_add..
Removed 0 unused cells and 1545 unused wires.
<suppressed ~101 debug messages>

6.37. Executing DFFLEGALIZE pass (convert FFs to types supported by the target).

6.38. Executing OPT_MERGE pass (detect identical cells).
Finding identical cells in module `\top_zkf_add_w8_m18_stage_decode'.
Computing hashes of 81 cells of `\top_zkf_add_w8_m18_stage_decode'.
Finding duplicate cells in `\top_zkf_add_w8_m18_stage_decode'.
Finding identical cells in module `$paramod$73d19c912a883d1ee1979033e573e00ce9efcbb9\zkf_add'.
Computing hashes of 1177 cells of `$paramod$73d19c912a883d1ee1979033e573e00ce9efcbb9\zkf_add'.
Finding duplicate cells in `$paramod$73d19c912a883d1ee1979033e573e00ce9efcbb9\zkf_add'.
Computing hashes of 1088 cells of `$paramod$73d19c912a883d1ee1979033e573e00ce9efcbb9\zkf_add'.
Finding duplicate cells in `$paramod$73d19c912a883d1ee1979033e573e00ce9efcbb9\zkf_add'.
<suppressed ~267 debug messages>
Removed a total of 89 cells.

6.39. Executing TECHMAP pass (map to technology primitives).

6.39.1. Executing Verilog-2005 frontend: /mnt/storage/synth_eval/oss-cad-suite/lib/../share/yosys/lattice/cells_map_trellis.v
Parsing Verilog input from `/mnt/storage/synth_eval/oss-cad-suite/lib/../share/yosys/lattice/cells_map_trellis.v' to AST representation.
Generating RTLIL representation for module `$_DFF_N_'.
Generating RTLIL representation for module `$_DFF_P_'.
Generating RTLIL representation for module `$_DFFE_NN_'.
Generating RTLIL representation for module `$_DFFE_PN_'.
Generating RTLIL representation for module `$_DFFE_NP_'.
Generating RTLIL representation for module `$_DFFE_PP_'.
Generating RTLIL representation for module `$_DFF_NP0_'.
Generating RTLIL representation for module `$_DFF_NP1_'.
Generating RTLIL representation for module `$_DFF_PP0_'.
Generating RTLIL representation for module `$_DFF_PP1_'.
Generating RTLIL representation for module `$_SDFF_NP0_'.
Generating RTLIL representation for module `$_SDFF_NP1_'.
Generating RTLIL representation for module `$_SDFF_PP0_'.
Generating RTLIL representation for module `$_SDFF_PP1_'.
Generating RTLIL representation for module `$_DFFE_NP0P_'.
Generating RTLIL representation for module `$_DFFE_NP1P_'.
Generating RTLIL representation for module `$_DFFE_PP0P_'.
Generating RTLIL representation for module `$_DFFE_PP1P_'.
Generating RTLIL representation for module `$_DFFE_NP0N_'.
Generating RTLIL representation for module `$_DFFE_NP1N_'.
Generating RTLIL representation for module `$_DFFE_PP0N_'.
Generating RTLIL representation for module `$_DFFE_PP1N_'.
Generating RTLIL representation for module `$_SDFFE_NP0P_'.
Generating RTLIL representation for module `$_SDFFE_NP1P_'.
Generating RTLIL representation for module `$_SDFFE_PP0P_'.
Generating RTLIL representation for module `$_SDFFE_PP1P_'.
Generating RTLIL representation for module `$_SDFFE_NP0N_'.
Generating RTLIL representation for module `$_SDFFE_NP1N_'.
Generating RTLIL representation for module `$_SDFFE_PP0N_'.
Generating RTLIL representation for module `$_SDFFE_PP1N_'.
Generating RTLIL representation for module `$_ALDFF_NP_'.
Generating RTLIL representation for module `$_ALDFF_PP_'.
Generating RTLIL representation for module `$_ALDFFE_NPN_'.
Generating RTLIL representation for module `$_ALDFFE_NPP_'.
Generating RTLIL representation for module `$_ALDFFE_PPN_'.
Generating RTLIL representation for module `$_ALDFFE_PPP_'.
Generating RTLIL representation for module `\FD1P3AX'.
Generating RTLIL representation for module `\FD1P3AY'.
Generating RTLIL representation for module `\FD1P3BX'.
Generating RTLIL representation for module `\FD1P3DX'.
Generating RTLIL representation for module `\FD1P3IX'.
Generating RTLIL representation for module `\FD1P3JX'.
Generating RTLIL representation for module `\FD1S3AX'.
Generating RTLIL representation for module `\FD1S3AY'.
Generating RTLIL representation for module `\FD1S3BX'.
Generating RTLIL representation for module `\FD1S3DX'.
Generating RTLIL representation for module `\FD1S3IX'.
Generating RTLIL representation for module `\FD1S3JX'.
Generating RTLIL representation for module `\IFS1P3BX'.
Generating RTLIL representation for module `\IFS1P3DX'.
Generating RTLIL representation for module `\IFS1P3IX'.
Generating RTLIL representation for module `\IFS1P3JX'.
Generating RTLIL representation for module `\OFS1P3BX'.
Generating RTLIL representation for module `\OFS1P3DX'.
Generating RTLIL representation for module `\OFS1P3IX'.
Generating RTLIL representation for module `\OFS1P3JX'.
Generating RTLIL representation for module `\IB'.
Generating RTLIL representation for module `\IBPU'.
Generating RTLIL representation for module `\IBPD'.
Generating RTLIL representation for module `\OB'.
Generating RTLIL representation for module `\OBZ'.
Generating RTLIL representation for module `\OBZPU'.
Generating RTLIL representation for module `\OBZPD'.
Generating RTLIL representation for module `\OBCO'.
Generating RTLIL representation for module `\BB'.
Generating RTLIL representation for module `\BBPU'.
Generating RTLIL representation for module `\BBPD'.
Generating RTLIL representation for module `\ILVDS'.
Generating RTLIL representation for module `\OLVDS'.
Successfully finished Verilog frontend.

6.39.2. Continuing TECHMAP pass.
Using template $_SDFF_PP0_ for cells of type $_SDFF_PP0_.
Using template $paramod$_DFF_P_\_TECHMAP_WIREINIT_Q_=1'x for cells of type $_DFF_P_.
No more expansions possible.
<suppressed ~450 debug messages>

6.40. Executing OPT_EXPR pass (perform const folding).
Optimizing module top_zkf_add_w8_m18_stage_decode.
Optimizing module $paramod$73d19c912a883d1ee1979033e573e00ce9efcbb9\zkf_add.
<suppressed ~252 debug messages>

6.41. Executing SIMPLEMAP pass (map simple cells to gate primitives).

6.42. Executing LATTICE_GSR pass (implement FF init values).
Handling GSR in top_zkf_add_w8_m18_stage_decode.
Handling GSR in $paramod$73d19c912a883d1ee1979033e573e00ce9efcbb9\zkf_add.

6.43. Executing ATTRMVCP pass (move or copy attributes).

6.44. Executing OPT_CLEAN pass (remove unused cells and wires).
Finding unused cells or wires in module \top_zkf_add_w8_m18_stage_decode..
Finding unused cells or wires in module $paramod$73d19c912a883d1ee1979033e573e00ce9efcbb9\zkf_add..
Removed 1 unused cells and 1658 unused wires.
<suppressed ~3 debug messages>

6.45. Executing ABC pass (technology mapping using ABC).

6.45.1. Extracting gate netlist of module `\top_zkf_add_w8_m18_stage_decode' to `<abc-temp-dir>/input.blif'..

6.45.1.1. Executed ABC.
Extracted 0 gates and 0 wires to a netlist network with 0 inputs and 0 outputs.
Don't call ABC as there is nothing to map.
Removing temp directory.

6.45.2. Extracting gate netlist of module `$paramod$73d19c912a883d1ee1979033e573e00ce9efcbb9\zkf_add' to `<abc-temp-dir>/input.blif'..

6.45.2.1. Executed ABC.
Extracted 745 gates and 1012 wires to a netlist network with 267 inputs and 232 outputs.
Running ABC script: <abc-temp-dir>/abc.script
ABC: UC Berkeley, ABC 1.01 (compiled May 12 2026 04:40:36)
ABC: abc 01> empty
ABC: abc 01> source <abc-temp-dir>/abc.script
ABC: + read_blif <abc-temp-dir>/input.blif 
ABC: + read_library <abc-temp-dir>/stdcells.genlib 
ABC: + strash 
ABC: + &get -n 
ABC: + &fraig -x 
ABC: + &put 
ABC: + scorr 
ABC: Warning: The network is combinational (run "fraig" or "fraig_sweep").
ABC: + dc2 
ABC: + dretime 
ABC: + strash 
ABC: + &get -n 
ABC: + &dch -f 
ABC: + &nf 
ABC: + &put 
ABC: + write_blif <abc-temp-dir>/output.blif 
ABC: 
ABC: YOSYS_ABC_DONE 

6.45.2.2. Re-integrating ABC results.
ABC RESULTS:               AND cells:      209
ABC RESULTS:            ANDNOT cells:       43
ABC RESULTS:               MUX cells:      145
ABC RESULTS:              NAND cells:      243
ABC RESULTS:               NOR cells:       67
ABC RESULTS:               NOT cells:       12
ABC RESULTS:                OR cells:       44
ABC RESULTS:             ORNOT cells:       16
ABC RESULTS:              XNOR cells:       22
ABC RESULTS:        internal signals:      513
ABC RESULTS:           input signals:      267
ABC RESULTS:          output signals:      232
Removing temp directory.
Removing global temp directory.

6.46. Executing TECHMAP pass (map to technology primitives).

6.46.1. Executing Verilog-2005 frontend: /mnt/storage/synth_eval/oss-cad-suite/lib/../share/yosys/lattice/latches_map.v
Parsing Verilog input from `/mnt/storage/synth_eval/oss-cad-suite/lib/../share/yosys/lattice/latches_map.v' to AST representation.
Generating RTLIL representation for module `$_DLATCH_N_'.
Generating RTLIL representation for module `$_DLATCH_P_'.
Successfully finished Verilog frontend.

6.46.2. Continuing TECHMAP pass.
No more expansions possible.
<suppressed ~4 debug messages>

6.47. Executing ABC pass (technology mapping using ABC).

6.47.1. Summary of detected clock domains:
  81 cells in clk={ }, en={ }, arst={ }, srst={ }

6.47.2. Extracting gate netlist of module `\top_zkf_add_w8_m18_stage_decode' to `<abc-temp-dir>/input.blif'..
No matching clock domain found. Not extracting any FF cells.

6.47.2.1. Executed ABC.
Extracted 0 gates and 0 wires to a netlist network with 0 inputs and 0 outputs.
Don't call ABC as there is nothing to map.
Removing temp directory.

6.47.3. Summary of detected clock domains:
  1143 cells in clk={ }, en={ }, arst={ }, srst={ }

6.47.4. Extracting gate netlist of module `$paramod$73d19c912a883d1ee1979033e573e00ce9efcbb9\zkf_add' to `<abc-temp-dir>/input.blif'..
No matching clock domain found. Not extracting any FF cells.

6.47.4.1. Executed ABC.
Extracted 801 gates and 1068 wires to a netlist network with 267 inputs and 232 outputs.
Running ABC script: <abc-temp-dir>/abc.script
ABC: UC Berkeley, ABC 1.01 (compiled May 12 2026 04:40:36)
ABC: abc 01> empty
ABC: abc 01> source <abc-temp-dir>/abc.script
ABC: + read_blif <abc-temp-dir>/input.blif 
ABC: + read_lut <abc-temp-dir>/lutdefs.txt 
ABC: + strash 
ABC: + &get -n 
ABC: + &fraig -x 
ABC: + &put 
ABC: + scorr 
ABC: Warning: The network is combinational (run "fraig" or "fraig_sweep").
ABC: + dc2 
ABC: + dretime 
ABC: + strash 
ABC: + dch -f 
ABC: + if 
ABC: + mfs2 
ABC: + dress <abc-temp-dir>/input.blif 
ABC: Total number of equiv classes                =     312.
ABC: Participating nodes from both networks       =     633.
ABC: Participating nodes from the first network   =     314. (  81.35 % of nodes)
ABC: Participating nodes from the second network  =     319. (  82.64 % of nodes)
ABC: Node pairs (any polarity)                    =     314. (  81.35 % of names can be moved)
ABC: Node pairs (same polarity)                   =     273. (  70.73 % of names can be moved)
ABC: Total runtime =     0.13 sec
ABC: + write_blif <abc-temp-dir>/output.blif 
ABC: 
ABC: YOSYS_ABC_DONE 

6.47.4.2. Re-integrating ABC results.
ABC RESULTS:              $lut cells:      385
ABC RESULTS:        internal signals:      569
ABC RESULTS:           input signals:      267
ABC RESULTS:          output signals:      232
Removing temp directory.
Removing global temp directory.
Removed 0 unused cells and 2038 unused wires.

6.48. Executing TECHMAP pass (map to technology primitives).

6.48.1. Executing Verilog-2005 frontend: /mnt/storage/synth_eval/oss-cad-suite/lib/../share/yosys/lattice/cells_map_trellis.v
Parsing Verilog input from `/mnt/storage/synth_eval/oss-cad-suite/lib/../share/yosys/lattice/cells_map_trellis.v' to AST representation.
Generating RTLIL representation for module `$_DFF_N_'.
Generating RTLIL representation for module `$_DFF_P_'.
Generating RTLIL representation for module `$_DFFE_NN_'.
Generating RTLIL representation for module `$_DFFE_PN_'.
Generating RTLIL representation for module `$_DFFE_NP_'.
Generating RTLIL representation for module `$_DFFE_PP_'.
Generating RTLIL representation for module `$_DFF_NP0_'.
Generating RTLIL representation for module `$_DFF_NP1_'.
Generating RTLIL representation for module `$_DFF_PP0_'.
Generating RTLIL representation for module `$_DFF_PP1_'.
Generating RTLIL representation for module `$_SDFF_NP0_'.
Generating RTLIL representation for module `$_SDFF_NP1_'.
Generating RTLIL representation for module `$_SDFF_PP0_'.
Generating RTLIL representation for module `$_SDFF_PP1_'.
Generating RTLIL representation for module `$_DFFE_NP0P_'.
Generating RTLIL representation for module `$_DFFE_NP1P_'.
Generating RTLIL representation for module `$_DFFE_PP0P_'.
Generating RTLIL representation for module `$_DFFE_PP1P_'.
Generating RTLIL representation for module `$_DFFE_NP0N_'.
Generating RTLIL representation for module `$_DFFE_NP1N_'.
Generating RTLIL representation for module `$_DFFE_PP0N_'.
Generating RTLIL representation for module `$_DFFE_PP1N_'.
Generating RTLIL representation for module `$_SDFFE_NP0P_'.
Generating RTLIL representation for module `$_SDFFE_NP1P_'.
Generating RTLIL representation for module `$_SDFFE_PP0P_'.
Generating RTLIL representation for module `$_SDFFE_PP1P_'.
Generating RTLIL representation for module `$_SDFFE_NP0N_'.
Generating RTLIL representation for module `$_SDFFE_NP1N_'.
Generating RTLIL representation for module `$_SDFFE_PP0N_'.
Generating RTLIL representation for module `$_SDFFE_PP1N_'.
Generating RTLIL representation for module `$_ALDFF_NP_'.
Generating RTLIL representation for module `$_ALDFF_PP_'.
Generating RTLIL representation for module `$_ALDFFE_NPN_'.
Generating RTLIL representation for module `$_ALDFFE_NPP_'.
Generating RTLIL representation for module `$_ALDFFE_PPN_'.
Generating RTLIL representation for module `$_ALDFFE_PPP_'.
Generating RTLIL representation for module `\FD1P3AX'.
Generating RTLIL representation for module `\FD1P3AY'.
Generating RTLIL representation for module `\FD1P3BX'.
Generating RTLIL representation for module `\FD1P3DX'.
Generating RTLIL representation for module `\FD1P3IX'.
Generating RTLIL representation for module `\FD1P3JX'.
Generating RTLIL representation for module `\FD1S3AX'.
Generating RTLIL representation for module `\FD1S3AY'.
Generating RTLIL representation for module `\FD1S3BX'.
Generating RTLIL representation for module `\FD1S3DX'.
Generating RTLIL representation for module `\FD1S3IX'.
Generating RTLIL representation for module `\FD1S3JX'.
Generating RTLIL representation for module `\IFS1P3BX'.
Generating RTLIL representation for module `\IFS1P3DX'.
Generating RTLIL representation for module `\IFS1P3IX'.
Generating RTLIL representation for module `\IFS1P3JX'.
Generating RTLIL representation for module `\OFS1P3BX'.
Generating RTLIL representation for module `\OFS1P3DX'.
Generating RTLIL representation for module `\OFS1P3IX'.
Generating RTLIL representation for module `\OFS1P3JX'.
Generating RTLIL representation for module `\IB'.
Generating RTLIL representation for module `\IBPU'.
Generating RTLIL representation for module `\IBPD'.
Generating RTLIL representation for module `\OB'.
Generating RTLIL representation for module `\OBZ'.
Generating RTLIL representation for module `\OBZPU'.
Generating RTLIL representation for module `\OBZPD'.
Generating RTLIL representation for module `\OBCO'.
Generating RTLIL representation for module `\BB'.
Generating RTLIL representation for module `\BBPU'.
Generating RTLIL representation for module `\BBPD'.
Generating RTLIL representation for module `\ILVDS'.
Generating RTLIL representation for module `\OLVDS'.
Generating RTLIL representation for module `$lut'.
Successfully finished Verilog frontend.

6.48.2. Continuing TECHMAP pass.
Using template $paramod$lut\WIDTH=32'00000000000000000000000000000001\LUT=2'01 for cells of type $lut.
Using template $paramod$658b9ed803f0d3d335616d3858b53e0a2522f1e8$lut for cells of type $lut.
Using template $paramod$lut\WIDTH=32'00000000000000000000000000000011\LUT=8'00000001 for cells of type $lut.
Using template $paramod$6b34fea2ea941280aa234b1fe5c9ccfb60e66bd9$lut for cells of type $lut.
Using template $paramod$09194da5f2c8e08bed8f609fd0e254d8629b24b3$lut for cells of type $lut.
Using template $paramod$lut\WIDTH=32'00000000000000000000000000000011\LUT=8'10000000 for cells of type $lut.
Using template $paramod$571404c0889eaf57f492cb5e37f8acb5df5852f9$lut for cells of type $lut.
Using template $paramod$251994398653c4cf8de320f1e306e535d5d2d624$lut for cells of type $lut.
Using template $paramod$lut\WIDTH=32'00000000000000000000000000000011\LUT=8'00000111 for cells of type $lut.
Using template $paramod$lut\WIDTH=32'00000000000000000000000000000011\LUT=8'10101100 for cells of type $lut.
Using template $paramod$lut\WIDTH=32'00000000000000000000000000000011\LUT=8'00001011 for cells of type $lut.
Using template $paramod$lut\WIDTH=32'00000000000000000000000000000010\LUT=4'1001 for cells of type $lut.
Using template $paramod$lut\WIDTH=32'00000000000000000000000000000010\LUT=4'1110 for cells of type $lut.
Using template $paramod$688901ae8bff259b6d6e1f40e9eee2d362da7922$lut for cells of type $lut.
Using template $paramod$lut\WIDTH=32'00000000000000000000000000000011\LUT=8'11110001 for cells of type $lut.
Using template $paramod$272652f6c6fbe9a75eff76e45cc7e2788835518b$lut for cells of type $lut.
Using template $paramod$eba7de026ff587370e320127e266317dae097a89$lut for cells of type $lut.
Using template $paramod$6e238df02989b317f10820a22773676e71120644$lut for cells of type $lut.
Using template $paramod$6b0849254d6c87461fb93e37cc18f089f61eb912$lut for cells of type $lut.
Using template $paramod$c5b694ec89d7629b942ccf6a9be1d39e24f8edec$lut for cells of type $lut.
Using template $paramod$f63fe32f78d5f3c5de711945c592c8c5ec2303ae$lut for cells of type $lut.
Using template $paramod$0a94662b0161fc067fc2a1123fd5ac94da2ec1db$lut for cells of type $lut.
Using template $paramod$0efe21ff42c6a5f207b6a2c21d88701273b37457$lut for cells of type $lut.
Using template $paramod$lut\WIDTH=32'00000000000000000000000000000011\LUT=8'11001010 for cells of type $lut.
Using template $paramod$b4d59a169df3392cc49f75ff3f36786eb368b5e7$lut for cells of type $lut.
Using template $paramod$f29c63d68a7940869c66a595c809adee66a45a40$lut for cells of type $lut.
Using template $paramod$lut\WIDTH=32'00000000000000000000000000000011\LUT=8'11000101 for cells of type $lut.
Using template $paramod$e4adb5a40bce606100fc00f292ff9d4f2f55953f$lut for cells of type $lut.
Using template $paramod$d14ad95bded2b667afa97670e151697087b7de83$lut for cells of type $lut.
Using template $paramod$948df73222435b57e3b498bb000d74eb077247ea$lut for cells of type $lut.
Using template $paramod$9709783aa6b7fb87e796c8e2983d953620f244ba$lut for cells of type $lut.
Using template $paramod$1d141219ff18fb1fa11c7dd9dc0688a29ac2a036$lut for cells of type $lut.
Using template $paramod$lut\WIDTH=32'00000000000000000000000000000010\LUT=4'0001 for cells of type $lut.
Using template $paramod$lut\WIDTH=32'00000000000000000000000000000010\LUT=4'1000 for cells of type $lut.
Using template $paramod$b9beaf251e770b8503fa6e22bb5b5b94552f98f5$lut for cells of type $lut.
Using template $paramod$0e79cda014ec69cef3bb676defd607496a291d73$lut for cells of type $lut.
Using template $paramod$49308c380d4434ff502cc9276068deff427c75f2$lut for cells of type $lut.
Using template $paramod$lut\WIDTH=32'00000000000000000000000000000010\LUT=4'0100 for cells of type $lut.
Using template $paramod$6e46ec5a196ba1a24b8e69ab094cadc07c13ac1f$lut for cells of type $lut.
Using template $paramod$9adb63670ed0c5ceae876448ba2256ff5c866396$lut for cells of type $lut.
Using template $paramod$4a109f3fb52b763f914ea568f8192f0e71c74dc4$lut for cells of type $lut.
Using template $paramod$9bdc414229f06e785dc8fd97a243faa9336e164a$lut for cells of type $lut.
Using template $paramod$821faed1475c638687052ec0c9f7ab37407237cb$lut for cells of type $lut.
Using template $paramod$6c80ac691bf17c20f5dd1d7a2b0afc684314c74d$lut for cells of type $lut.
Using template $paramod$c6364c1c44c01bd533fa2efe3a700455891e44b1$lut for cells of type $lut.
Using template $paramod$3a334671beee87954ec16dfa01e8aced4e5f2043$lut for cells of type $lut.
Using template $paramod$lut\WIDTH=32'00000000000000000000000000000011\LUT=8'10100011 for cells of type $lut.
Using template $paramod$5e95edf6fe3106f8c82841b72878b142c992ec39$lut for cells of type $lut.
Using template $paramod$8adf7fbd410d2cc654c288d5be5f7508ee8809b0$lut for cells of type $lut.
Using template $paramod$a7dad16c080c08c1647c7e1b9706a59a123d8bcd$lut for cells of type $lut.
Using template $paramod$23297aac40685e57cfbc36ab6a30898adc593904$lut for cells of type $lut.
Using template $paramod$d25c5ed7cce01a2a4804202e877356eeec4db6a1$lut for cells of type $lut.
Using template $paramod$cc62d891a92e841f04701e3ece4d58450dd01198$lut for cells of type $lut.
Using template $paramod$8dad52e72016b5562becd6d61d63fb3aa971d1e9$lut for cells of type $lut.
Using template $paramod$lut\WIDTH=32'00000000000000000000000000000011\LUT=8'01000000 for cells of type $lut.
Using template $paramod$e094dfc2bdf4cb98036bc7bb3af5c219c22f622e$lut for cells of type $lut.
Using template $paramod$lut\WIDTH=32'00000000000000000000000000000011\LUT=8'00010000 for cells of type $lut.
Using template $paramod$5cfab68ab0821f7c3434dace4fef302fa2880a52$lut for cells of type $lut.
Using template $paramod$7ab64d7cb1dc57d90da949068d7051c797658951$lut for cells of type $lut.
Using template $paramod$0c79ad31f774d2dd6788797142fdcec1b66fbdf5$lut for cells of type $lut.
Using template $paramod$d4fae2c0d9ad2966369cd4e39b81c71bcd1327c9$lut for cells of type $lut.
Using template $paramod$8bf0527205ca7ce4542aa7973af6cc2322ccd9b3$lut for cells of type $lut.
Using template $paramod$0333666220798ebf55b36ab2a64879cdc8d968cd$lut for cells of type $lut.
Using template $paramod$edc6f5ad75ac7b84db4030acfc60b499964a56e3$lut for cells of type $lut.
Using template $paramod$26bfbb9ddc7512d041e5416a2fd52ba3b08b6b21$lut for cells of type $lut.
Using template $paramod$lut\WIDTH=32'00000000000000000000000000000011\LUT=8'00110101 for cells of type $lut.
Using template $paramod$b431bfd938e35871dd0b7668e1503c7e8b9d491c$lut for cells of type $lut.
Using template $paramod$lut\WIDTH=32'00000000000000000000000000000011\LUT=8'00001110 for cells of type $lut.
Using template $paramod$3e895991b845b8c620b8c9e0068c52e372d1fbc1$lut for cells of type $lut.
Using template $paramod$4fd7b1305bda889fb7cf3da75b130d5c046d290a$lut for cells of type $lut.
Using template $paramod$4b5c94185ecf2868a4d5d227d5ba95b4a1f2f772$lut for cells of type $lut.
Using template $paramod$a9bfd53c2e769fcfeb34110a546652c7bf4859f5$lut for cells of type $lut.
Using template $paramod$lut\WIDTH=32'00000000000000000000000000000011\LUT=8'10110000 for cells of type $lut.
Using template $paramod$lut\WIDTH=32'00000000000000000000000000000010\LUT=4'1011 for cells of type $lut.
Using template $paramod$f0169807cabb208126f94e3f71552cc012e8013f$lut for cells of type $lut.
Using template $paramod$f3e1547c4b47e64c590e75cf09078b2507c8cc75$lut for cells of type $lut.
Using template $paramod$2fab281e9c4a2e4eead1be9a241e0f65aed24d35$lut for cells of type $lut.
Using template $paramod$8d5cc5391d8c56cfaeb5f22d6f06f261494cc518$lut for cells of type $lut.
Using template $paramod$00c7f81073f0b76ede5d5482934656f9484df3e8$lut for cells of type $lut.
Using template $paramod$f7e71e826cd916fdeffe25cc21d0f73460783755$lut for cells of type $lut.
Using template $paramod$86a675c6b56591ddf665d47d658ec4afe9f63e9c$lut for cells of type $lut.
Using template $paramod$611f2940993e4333cdc3496ef169b98ec1a32d45$lut for cells of type $lut.
Using template $paramod$e29d77caadfafd73aa5fe633bde045cc468a68f9$lut for cells of type $lut.
Using template $paramod$530e47d80fb2f5a640af2f9e2505f7e32df6f331$lut for cells of type $lut.
Using template $paramod$3e365636a13c4e882968d55b4789e905af9d6a16$lut for cells of type $lut.
Using template $paramod$cf652acbfbf67d2248e3045cd0f09c58ca55886c$lut for cells of type $lut.
Using template $paramod$c471af5667a682bd131a5b479e58e470d1b2b7cd$lut for cells of type $lut.
Using template $paramod$b2f372f1dd4a457614a2cb501b50fb722cb87fb4$lut for cells of type $lut.
Using template $paramod$a642d9cfd5ba13532c60b90e27156eef10bdd135$lut for cells of type $lut.
Using template $paramod$a50be0e6fa3a01511bb234559cb74fb8bd3e2061$lut for cells of type $lut.
Using template $paramod$e5f53fb2cb3e702c9422ebddd3ba952e5a8f3401$lut for cells of type $lut.
Using template $paramod$2ae22ed255cc0f3746c71b5da2407ee38a2a66e6$lut for cells of type $lut.
Using template $paramod$167cb51e4d9314bc32661a1f3223c77b48d3fd29$lut for cells of type $lut.
Using template $paramod$d22f801fcd75db8db906abae80b93b957b773450$lut for cells of type $lut.
Using template $paramod$ecae3ac793cbee084150ef4e35059b0aa9012645$lut for cells of type $lut.
Using template $paramod$b37f456815ea21f4ae8fe81abd8ac64e904dcd02$lut for cells of type $lut.
Using template $paramod$0f79e47282398145084183a64a900b76e2a03b61$lut for cells of type $lut.
Using template $paramod$9af20be0c192ebc05d8f7ad28a5e4155b3c8a182$lut for cells of type $lut.
Using template $paramod$e5b4e2c984dec718d3d17110207a110501cdb879$lut for cells of type $lut.
Using template $paramod$fdc12d248e0bc3fe28728637c5dc8d5ec6082925$lut for cells of type $lut.
Using template $paramod$4913b2153bfc480d7c5373272c333ee519e62c3f$lut for cells of type $lut.
Using template $paramod$9ae0f136c9ed34a2deb323e9b2a3a520eea61514$lut for cells of type $lut.
Using template $paramod$dadb4e6e720c72e11840b11f78a6e373841d769c$lut for cells of type $lut.
Using template $paramod$82465a09fa1fb625cf05c680e7f5642ba36c85a0$lut for cells of type $lut.
Using template $paramod$496671df97ea26464cc257f4894786555bea8fb9$lut for cells of type $lut.
Using template $paramod$67acf0a60c80bb9f835ef4cacdcfca714b23bbc1$lut for cells of type $lut.
Using template $paramod$21ae97a4a7b4150f4d543da554e192df87272b1f$lut for cells of type $lut.
Using template $paramod$f7afd62d706ac84158447fa9298e2f1d2408ef37$lut for cells of type $lut.
Using template $paramod$lut\WIDTH=32'00000000000000000000000000000011\LUT=8'11111000 for cells of type $lut.
Using template $paramod$fe069c20df121452df84aab6a091eace3d40f1de$lut for cells of type $lut.
Using template $paramod$0cb52dca25fc7ac9a2aa38d06c95cadfd867e0d6$lut for cells of type $lut.
Using template $paramod$001d9634602f00137f774620efde4c651c7a59ca$lut for cells of type $lut.
No more expansions possible.
<suppressed ~1913 debug messages>

6.49. Executing OPT_LUT_INS pass (discard unused LUT inputs).
Optimizing LUTs in top_zkf_add_w8_m18_stage_decode.
Optimizing LUTs in $paramod$73d19c912a883d1ee1979033e573e00ce9efcbb9\zkf_add.
  Optimizing lut $abc$6037$auto$blifparse.cc:557:parse_blif$6076.genblk1.genblk1.genblk1.genblk1.genblk1.lut1 (4 -> 3)
  Optimizing lut $abc$6037$auto$blifparse.cc:557:parse_blif$6077.genblk1.genblk1.genblk1.genblk1.genblk1.lut1 (4 -> 3)
  Optimizing lut $abc$6037$auto$blifparse.cc:557:parse_blif$6122.genblk1.genblk1.genblk1.genblk1.genblk1.genblk1.genblk1.lut2 (4 -> 0)
  Optimizing lut $abc$6037$auto$blifparse.cc:557:parse_blif$6122.genblk1.genblk1.genblk1.genblk1.genblk1.genblk1.genblk1.lut3 (4 -> 0)
  Optimizing lut $abc$6037$auto$blifparse.cc:557:parse_blif$6122.genblk1.genblk1.genblk1.genblk1.genblk1.genblk1.genblk1.lut4 (4 -> 0)
  Optimizing lut $abc$6037$auto$blifparse.cc:557:parse_blif$6122.genblk1.genblk1.genblk1.genblk1.genblk1.genblk1.genblk1.lut6 (4 -> 0)
  Optimizing lut $abc$6037$auto$blifparse.cc:557:parse_blif$6122.genblk1.genblk1.genblk1.genblk1.genblk1.genblk1.genblk1.lut7 (4 -> 0)
  Optimizing lut $abc$6037$auto$blifparse.cc:557:parse_blif$6123.genblk1.genblk1.genblk1.genblk1.genblk1.genblk1.lut1 (4 -> 0)
  Optimizing lut $abc$6037$auto$blifparse.cc:557:parse_blif$6123.genblk1.genblk1.genblk1.genblk1.genblk1.genblk1.lut2 (4 -> 3)
  Optimizing lut $abc$6037$auto$blifparse.cc:557:parse_blif$6123.genblk1.genblk1.genblk1.genblk1.genblk1.genblk1.lut3 (4 -> 3)
  Optimizing lut $abc$6037$auto$blifparse.cc:557:parse_blif$6133.genblk1.genblk1.genblk1.genblk1.genblk1.genblk1.lut1 (4 -> 2)
  Optimizing lut $abc$6037$auto$blifparse.cc:557:parse_blif$6133.genblk1.genblk1.genblk1.genblk1.genblk1.genblk1.lut2 (4 -> 1)
  Optimizing lut $abc$6037$auto$blifparse.cc:557:parse_blif$6133.genblk1.genblk1.genblk1.genblk1.genblk1.genblk1.lut3 (4 -> 0)
  Optimizing lut $abc$6037$auto$blifparse.cc:557:parse_blif$6137.genblk1.genblk1.genblk1.genblk1.genblk1.genblk1.genblk1.lut1 (4 -> 2)
  Optimizing lut $abc$6037$auto$blifparse.cc:557:parse_blif$6137.genblk1.genblk1.genblk1.genblk1.genblk1.genblk1.genblk1.lut2 (4 -> 0)
  Optimizing lut $abc$6037$auto$blifparse.cc:557:parse_blif$6137.genblk1.genblk1.genblk1.genblk1.genblk1.genblk1.genblk1.lut3 (4 -> 0)
  Optimizing lut $abc$6037$auto$blifparse.cc:557:parse_blif$6137.genblk1.genblk1.genblk1.genblk1.genblk1.genblk1.genblk1.lut4 (4 -> 2)
  Optimizing lut $abc$6037$auto$blifparse.cc:557:parse_blif$6137.genblk1.genblk1.genblk1.genblk1.genblk1.genblk1.genblk1.lut5 (4 -> 2)
  Optimizing lut $abc$6037$auto$blifparse.cc:557:parse_blif$6137.genblk1.genblk1.genblk1.genblk1.genblk1.genblk1.genblk1.lut6 (4 -> 0)
  Optimizing lut $abc$6037$auto$blifparse.cc:557:parse_blif$6137.genblk1.genblk1.genblk1.genblk1.genblk1.genblk1.genblk1.lut7 (4 -> 0)
  Optimizing lut $abc$6037$auto$blifparse.cc:557:parse_blif$6144.genblk1.genblk1.genblk1.genblk1.genblk1.genblk1.lut3 (4 -> 0)
  Optimizing lut $abc$6037$auto$blifparse.cc:557:parse_blif$6160.genblk1.genblk1.genblk1.genblk1.genblk1.genblk1.genblk1.lut1 (4 -> 0)
  Optimizing lut $abc$6037$auto$blifparse.cc:557:parse_blif$6160.genblk1.genblk1.genblk1.genblk1.genblk1.genblk1.genblk1.lut2 (4 -> 0)
  Optimizing lut $abc$6037$auto$blifparse.cc:557:parse_blif$6160.genblk1.genblk1.genblk1.genblk1.genblk1.genblk1.genblk1.lut3 (4 -> 0)
  Optimizing lut $abc$6037$auto$blifparse.cc:557:parse_blif$6160.genblk1.genblk1.genblk1.genblk1.genblk1.genblk1.genblk1.lut4 (4 -> 2)
  Optimizing lut $abc$6037$auto$blifparse.cc:557:parse_blif$6160.genblk1.genblk1.genblk1.genblk1.genblk1.genblk1.genblk1.lut5 (4 -> 1)
  Optimizing lut $abc$6037$auto$blifparse.cc:557:parse_blif$6160.genblk1.genblk1.genblk1.genblk1.genblk1.genblk1.genblk1.lut7 (4 -> 3)
  Optimizing lut $abc$6037$auto$blifparse.cc:557:parse_blif$6172.genblk1.genblk1.genblk1.genblk1.genblk1.genblk1.lut1 (4 -> 0)
  Optimizing lut $abc$6037$auto$blifparse.cc:557:parse_blif$6172.genblk1.genblk1.genblk1.genblk1.genblk1.genblk1.lut2 (4 -> 0)
  Optimizing lut $abc$6037$auto$blifparse.cc:557:parse_blif$6175.genblk1.genblk1.genblk1.genblk1.genblk1.genblk1.genblk1.lut1 (4 -> 0)
  Optimizing lut $abc$6037$auto$blifparse.cc:557:parse_blif$6175.genblk1.genblk1.genblk1.genblk1.genblk1.genblk1.genblk1.lut2 (4 -> 0)
  Optimizing lut $abc$6037$auto$blifparse.cc:557:parse_blif$6175.genblk1.genblk1.genblk1.genblk1.genblk1.genblk1.genblk1.lut3 (4 -> 0)
  Optimizing lut $abc$6037$auto$blifparse.cc:557:parse_blif$6175.genblk1.genblk1.genblk1.genblk1.genblk1.genblk1.genblk1.lut5 (4 -> 0)
  Optimizing lut $abc$6037$auto$blifparse.cc:557:parse_blif$6175.genblk1.genblk1.genblk1.genblk1.genblk1.genblk1.genblk1.lut6 (4 -> 0)
  Optimizing lut $abc$6037$auto$blifparse.cc:557:parse_blif$6175.genblk1.genblk1.genblk1.genblk1.genblk1.genblk1.genblk1.lut7 (4 -> 0)
  Optimizing lut $abc$6037$auto$blifparse.cc:557:parse_blif$6179.genblk1.genblk1.genblk1.genblk1.genblk1.genblk1.lut1 (4 -> 2)
  Optimizing lut $abc$6037$auto$blifparse.cc:557:parse_blif$6179.genblk1.genblk1.genblk1.genblk1.genblk1.genblk1.lut2 (4 -> 1)
  Optimizing lut $abc$6037$auto$blifparse.cc:557:parse_blif$6179.genblk1.genblk1.genblk1.genblk1.genblk1.genblk1.lut3 (4 -> 0)
  Optimizing lut $abc$6037$auto$blifparse.cc:557:parse_blif$6185.genblk1.genblk1.genblk1.genblk1.genblk1.genblk1.lut1 (4 -> 0)
  Optimizing lut $abc$6037$auto$blifparse.cc:557:parse_blif$6185.genblk1.genblk1.genblk1.genblk1.genblk1.genblk1.lut2 (4 -> 2)
  Optimizing lut $abc$6037$auto$blifparse.cc:557:parse_blif$6185.genblk1.genblk1.genblk1.genblk1.genblk1.genblk1.lut3 (4 -> 0)
  Optimizing lut $abc$6037$auto$blifparse.cc:557:parse_blif$6186.genblk1.genblk1.genblk1.genblk1.genblk1.genblk1.lut1 (4 -> 0)
  Optimizing lut $abc$6037$auto$blifparse.cc:557:parse_blif$6186.genblk1.genblk1.genblk1.genblk1.genblk1.genblk1.lut3 (4 -> 0)
  Optimizing lut $abc$6037$auto$blifparse.cc:557:parse_blif$6187.genblk1.genblk1.genblk1.genblk1.genblk1.genblk1.lut1 (4 -> 0)
  Optimizing lut $abc$6037$auto$blifparse.cc:557:parse_blif$6187.genblk1.genblk1.genblk1.genblk1.genblk1.genblk1.lut3 (4 -> 0)
  Optimizing lut $abc$6037$auto$blifparse.cc:557:parse_blif$6189.genblk1.genblk1.genblk1.genblk1.genblk1.genblk1.genblk1.lut2 (4 -> 0)
  Optimizing lut $abc$6037$auto$blifparse.cc:557:parse_blif$6189.genblk1.genblk1.genblk1.genblk1.genblk1.genblk1.genblk1.lut3 (4 -> 0)
  Optimizing lut $abc$6037$auto$blifparse.cc:557:parse_blif$6189.genblk1.genblk1.genblk1.genblk1.genblk1.genblk1.genblk1.lut4 (4 -> 0)
  Optimizing lut $abc$6037$auto$blifparse.cc:557:parse_blif$6189.genblk1.genblk1.genblk1.genblk1.genblk1.genblk1.genblk1.lut5 (4 -> 0)
  Optimizing lut $abc$6037$auto$blifparse.cc:557:parse_blif$6189.genblk1.genblk1.genblk1.genblk1.genblk1.genblk1.genblk1.lut6 (4 -> 0)
  Optimizing lut $abc$6037$auto$blifparse.cc:557:parse_blif$6190.genblk1.genblk1.genblk1.genblk1.genblk1.genblk1.lut1 (4 -> 0)
  Optimizing lut $abc$6037$auto$blifparse.cc:557:parse_blif$6190.genblk1.genblk1.genblk1.genblk1.genblk1.genblk1.lut2 (4 -> 0)
  Optimizing lut $abc$6037$auto$blifparse.cc:557:parse_blif$6191.genblk1.genblk1.genblk1.genblk1.genblk1.genblk1.lut1 (4 -> 0)
  Optimizing lut $abc$6037$auto$blifparse.cc:557:parse_blif$6191.genblk1.genblk1.genblk1.genblk1.genblk1.genblk1.lut2 (4 -> 3)
  Optimizing lut $abc$6037$auto$blifparse.cc:557:parse_blif$6191.genblk1.genblk1.genblk1.genblk1.genblk1.genblk1.lut3 (4 -> 0)
  Optimizing lut $abc$6037$auto$blifparse.cc:557:parse_blif$6192.genblk1.genblk1.genblk1.genblk1.genblk1.lut1 (4 -> 0)
  Optimizing lut $abc$6037$auto$blifparse.cc:557:parse_blif$6193.genblk1.genblk1.genblk1.genblk1.genblk1.lut1 (4 -> 0)
  Optimizing lut $abc$6037$auto$blifparse.cc:557:parse_blif$6171.genblk1.genblk1.genblk1.genblk1.genblk1.genblk1.genblk1.lut2 (4 -> 2)
  Optimizing lut $abc$6037$auto$blifparse.cc:557:parse_blif$6171.genblk1.genblk1.genblk1.genblk1.genblk1.genblk1.genblk1.lut3 (4 -> 1)
  Optimizing lut $abc$6037$auto$blifparse.cc:557:parse_blif$6171.genblk1.genblk1.genblk1.genblk1.genblk1.genblk1.genblk1.lut4 (4 -> 2)
  Optimizing lut $abc$6037$auto$blifparse.cc:557:parse_blif$6171.genblk1.genblk1.genblk1.genblk1.genblk1.genblk1.genblk1.lut5 (4 -> 1)
  Optimizing lut $abc$6037$auto$blifparse.cc:557:parse_blif$6171.genblk1.genblk1.genblk1.genblk1.genblk1.genblk1.genblk1.lut6 (4 -> 2)
  Optimizing lut $abc$6037$auto$blifparse.cc:557:parse_blif$6171.genblk1.genblk1.genblk1.genblk1.genblk1.genblk1.genblk1.lut7 (4 -> 1)
  Optimizing lut $abc$6037$auto$blifparse.cc:557:parse_blif$6173.genblk1.genblk1.genblk1.genblk1.genblk1.genblk1.genblk1.lut2 (4 -> 0)
  Optimizing lut $abc$6037$auto$blifparse.cc:557:parse_blif$6173.genblk1.genblk1.genblk1.genblk1.genblk1.genblk1.genblk1.lut3 (4 -> 0)
  Optimizing lut $abc$6037$auto$blifparse.cc:557:parse_blif$6173.genblk1.genblk1.genblk1.genblk1.genblk1.genblk1.genblk1.lut4 (4 -> 3)
  Optimizing lut $abc$6037$auto$blifparse.cc:557:parse_blif$6173.genblk1.genblk1.genblk1.genblk1.genblk1.genblk1.genblk1.lut6 (4 -> 0)
  Optimizing lut $abc$6037$auto$blifparse.cc:557:parse_blif$6173.genblk1.genblk1.genblk1.genblk1.genblk1.genblk1.genblk1.lut7 (4 -> 0)
  Optimizing lut $abc$6037$auto$blifparse.cc:557:parse_blif$6158.genblk1.genblk1.genblk1.genblk1.genblk1.genblk1.lut1 (4 -> 0)
  Optimizing lut $abc$6037$auto$blifparse.cc:557:parse_blif$6158.genblk1.genblk1.genblk1.genblk1.genblk1.genblk1.lut2 (4 -> 3)
  Optimizing lut $abc$6037$auto$blifparse.cc:557:parse_blif$6158.genblk1.genblk1.genblk1.genblk1.genblk1.genblk1.lut3 (4 -> 0)
  Optimizing lut $abc$6037$auto$blifparse.cc:557:parse_blif$6159.genblk1.genblk1.genblk1.genblk1.genblk1.genblk1.lut1 (4 -> 2)
  Optimizing lut $abc$6037$auto$blifparse.cc:557:parse_blif$6159.genblk1.genblk1.genblk1.genblk1.genblk1.genblk1.lut2 (4 -> 2)
  Optimizing lut $abc$6037$auto$blifparse.cc:557:parse_blif$6159.genblk1.genblk1.genblk1.genblk1.genblk1.genblk1.lut3 (4 -> 0)
  Optimizing lut $abc$6037$auto$blifparse.cc:557:parse_blif$6182.genblk1.genblk1.genblk1.genblk1.genblk1.genblk1.lut2 (4 -> 0)
  Optimizing lut $abc$6037$auto$blifparse.cc:557:parse_blif$6182.genblk1.genblk1.genblk1.genblk1.genblk1.genblk1.lut3 (4 -> 2)
  Optimizing lut $abc$6037$auto$blifparse.cc:557:parse_blif$6183.genblk1.genblk1.genblk1.genblk1.genblk1.genblk1.genblk1.lut1 (4 -> 2)
  Optimizing lut $abc$6037$auto$blifparse.cc:557:parse_blif$6183.genblk1.genblk1.genblk1.genblk1.genblk1.genblk1.genblk1.lut2 (4 -> 2)
  Optimizing lut $abc$6037$auto$blifparse.cc:557:parse_blif$6183.genblk1.genblk1.genblk1.genblk1.genblk1.genblk1.genblk1.lut3 (4 -> 2)
  Optimizing lut $abc$6037$auto$blifparse.cc:557:parse_blif$6183.genblk1.genblk1.genblk1.genblk1.genblk1.genblk1.genblk1.lut4 (4 -> 1)
  Optimizing lut $abc$6037$auto$blifparse.cc:557:parse_blif$6183.genblk1.genblk1.genblk1.genblk1.genblk1.genblk1.genblk1.lut5 (4 -> 1)
  Optimizing lut $abc$6037$auto$blifparse.cc:557:parse_blif$6183.genblk1.genblk1.genblk1.genblk1.genblk1.genblk1.genblk1.lut6 (4 -> 1)
  Optimizing lut $abc$6037$auto$blifparse.cc:557:parse_blif$6183.genblk1.genblk1.genblk1.genblk1.genblk1.genblk1.genblk1.lut7 (4 -> 1)
  Optimizing lut $abc$6037$auto$blifparse.cc:557:parse_blif$6048.genblk1.genblk1.genblk1.genblk1.genblk1.genblk1.genblk1.lut2 (4 -> 3)
  Optimizing lut $abc$6037$auto$blifparse.cc:557:parse_blif$6048.genblk1.genblk1.genblk1.genblk1.genblk1.genblk1.genblk1.lut4 (4 -> 3)
  Optimizing lut $abc$6037$auto$blifparse.cc:557:parse_blif$6048.genblk1.genblk1.genblk1.genblk1.genblk1.genblk1.genblk1.lut6 (4 -> 0)
  Optimizing lut $abc$6037$auto$blifparse.cc:557:parse_blif$6048.genblk1.genblk1.genblk1.genblk1.genblk1.genblk1.genblk1.lut7 (4 -> 0)
  Optimizing lut $abc$6037$auto$blifparse.cc:557:parse_blif$6138.genblk1.genblk1.genblk1.genblk1.genblk1.genblk1.lut1 (4 -> 0)
  Optimizing lut $abc$6037$auto$blifparse.cc:557:parse_blif$6138.genblk1.genblk1.genblk1.genblk1.genblk1.genblk1.lut2 (4 -> 3)
  Optimizing lut $abc$6037$auto$blifparse.cc:557:parse_blif$6138.genblk1.genblk1.genblk1.genblk1.genblk1.genblk1.lut3 (4 -> 0)
  Optimizing lut $abc$6037$auto$blifparse.cc:557:parse_blif$6146.genblk1.genblk1.genblk1.genblk1.genblk1.genblk1.lut1 (4 -> 0)
  Optimizing lut $abc$6037$auto$blifparse.cc:557:parse_blif$6146.genblk1.genblk1.genblk1.genblk1.genblk1.genblk1.lut2 (4 -> 2)
  Optimizing lut $abc$6037$auto$blifparse.cc:557:parse_blif$6146.genblk1.genblk1.genblk1.genblk1.genblk1.genblk1.lut3 (4 -> 0)
  Optimizing lut $abc$6037$auto$blifparse.cc:557:parse_blif$6140.genblk1.genblk1.genblk1.genblk1.genblk1.genblk1.lut1 (4 -> 0)
  Optimizing lut $abc$6037$auto$blifparse.cc:557:parse_blif$6140.genblk1.genblk1.genblk1.genblk1.genblk1.genblk1.lut2 (4 -> 3)
  Optimizing lut $abc$6037$auto$blifparse.cc:557:parse_blif$6140.genblk1.genblk1.genblk1.genblk1.genblk1.genblk1.lut3 (4 -> 0)
  Optimizing lut $abc$6037$auto$blifparse.cc:557:parse_blif$6148.genblk1.genblk1.genblk1.genblk1.genblk1.genblk1.genblk1.lut2 (4 -> 2)
  Optimizing lut $abc$6037$auto$blifparse.cc:557:parse_blif$6148.genblk1.genblk1.genblk1.genblk1.genblk1.genblk1.genblk1.lut3 (4 -> 1)
  Optimizing lut $abc$6037$auto$blifparse.cc:557:parse_blif$6148.genblk1.genblk1.genblk1.genblk1.genblk1.genblk1.genblk1.lut4 (4 -> 2)
  Optimizing lut $abc$6037$auto$blifparse.cc:557:parse_blif$6148.genblk1.genblk1.genblk1.genblk1.genblk1.genblk1.genblk1.lut5 (4 -> 1)
  Optimizing lut $abc$6037$auto$blifparse.cc:557:parse_blif$6148.genblk1.genblk1.genblk1.genblk1.genblk1.genblk1.genblk1.lut6 (4 -> 2)
  Optimizing lut $abc$6037$auto$blifparse.cc:557:parse_blif$6148.genblk1.genblk1.genblk1.genblk1.genblk1.genblk1.genblk1.lut7 (4 -> 1)
  Optimizing lut $abc$6037$auto$blifparse.cc:557:parse_blif$6143.genblk1.genblk1.genblk1.genblk1.genblk1.genblk1.lut2 (4 -> 2)
  Optimizing lut $abc$6037$auto$blifparse.cc:557:parse_blif$6143.genblk1.genblk1.genblk1.genblk1.genblk1.genblk1.lut3 (4 -> 0)
  Optimizing lut $abc$6037$auto$blifparse.cc:557:parse_blif$6161.genblk1.genblk1.genblk1.genblk1.genblk1.genblk1.lut2 (4 -> 2)
  Optimizing lut $abc$6037$auto$blifparse.cc:557:parse_blif$6161.genblk1.genblk1.genblk1.genblk1.genblk1.genblk1.lut3 (4 -> 1)
  Optimizing lut $abc$6037$auto$blifparse.cc:557:parse_blif$6134.genblk1.genblk1.genblk1.genblk1.genblk1.genblk1.lut1 (4 -> 0)
  Optimizing lut $abc$6037$auto$blifparse.cc:557:parse_blif$6134.genblk1.genblk1.genblk1.genblk1.genblk1.genblk1.lut2 (4 -> 3)
  Optimizing lut $abc$6037$auto$blifparse.cc:557:parse_blif$6134.genblk1.genblk1.genblk1.genblk1.genblk1.genblk1.lut3 (4 -> 0)
  Optimizing lut $abc$6037$auto$blifparse.cc:557:parse_blif$6136.genblk1.genblk1.genblk1.genblk1.genblk1.genblk1.genblk1.lut1 (4 -> 2)
  Optimizing lut $abc$6037$auto$blifparse.cc:557:parse_blif$6136.genblk1.genblk1.genblk1.genblk1.genblk1.genblk1.genblk1.lut2 (4 -> 2)
  Optimizing lut $abc$6037$auto$blifparse.cc:557:parse_blif$6136.genblk1.genblk1.genblk1.genblk1.genblk1.genblk1.genblk1.lut3 (4 -> 2)
  Optimizing lut $abc$6037$auto$blifparse.cc:557:parse_blif$6136.genblk1.genblk1.genblk1.genblk1.genblk1.genblk1.genblk1.lut4 (4 -> 1)
  Optimizing lut $abc$6037$auto$blifparse.cc:557:parse_blif$6136.genblk1.genblk1.genblk1.genblk1.genblk1.genblk1.genblk1.lut5 (4 -> 1)
  Optimizing lut $abc$6037$auto$blifparse.cc:557:parse_blif$6136.genblk1.genblk1.genblk1.genblk1.genblk1.genblk1.genblk1.lut6 (4 -> 1)
  Optimizing lut $abc$6037$auto$blifparse.cc:557:parse_blif$6136.genblk1.genblk1.genblk1.genblk1.genblk1.genblk1.genblk1.lut7 (4 -> 1)
  Optimizing lut $abc$6037$auto$blifparse.cc:557:parse_blif$6176.genblk1.genblk1.genblk1.genblk1.genblk1.genblk1.genblk1.lut2 (4 -> 0)
  Optimizing lut $abc$6037$auto$blifparse.cc:557:parse_blif$6176.genblk1.genblk1.genblk1.genblk1.genblk1.genblk1.genblk1.lut3 (4 -> 0)
  Optimizing lut $abc$6037$auto$blifparse.cc:557:parse_blif$6176.genblk1.genblk1.genblk1.genblk1.genblk1.genblk1.genblk1.lut4 (4 -> 2)
  Optimizing lut $abc$6037$auto$blifparse.cc:557:parse_blif$6176.genblk1.genblk1.genblk1.genblk1.genblk1.genblk1.genblk1.lut5 (4 -> 2)
  Optimizing lut $abc$6037$auto$blifparse.cc:557:parse_blif$6176.genblk1.genblk1.genblk1.genblk1.genblk1.genblk1.genblk1.lut6 (4 -> 2)
  Optimizing lut $abc$6037$auto$blifparse.cc:557:parse_blif$6176.genblk1.genblk1.genblk1.genblk1.genblk1.genblk1.genblk1.lut7 (4 -> 2)
  Optimizing lut $abc$6037$auto$blifparse.cc:557:parse_blif$6150.genblk1.genblk1.genblk1.genblk1.genblk1.genblk1.lut1 (4 -> 0)
  Optimizing lut $abc$6037$auto$blifparse.cc:557:parse_blif$6150.genblk1.genblk1.genblk1.genblk1.genblk1.genblk1.lut2 (4 -> 3)
  Optimizing lut $abc$6037$auto$blifparse.cc:557:parse_blif$6150.genblk1.genblk1.genblk1.genblk1.genblk1.genblk1.lut3 (4 -> 0)
  Optimizing lut $abc$6037$auto$blifparse.cc:557:parse_blif$6152.genblk1.genblk1.genblk1.genblk1.genblk1.genblk1.genblk1.lut1 (4 -> 2)
  Optimizing lut $abc$6037$auto$blifparse.cc:557:parse_blif$6152.genblk1.genblk1.genblk1.genblk1.genblk1.genblk1.genblk1.lut2 (4 -> 2)
  Optimizing lut $abc$6037$auto$blifparse.cc:557:parse_blif$6152.genblk1.genblk1.genblk1.genblk1.genblk1.genblk1.genblk1.lut3 (4 -> 2)
  Optimizing lut $abc$6037$auto$blifparse.cc:557:parse_blif$6152.genblk1.genblk1.genblk1.genblk1.genblk1.genblk1.genblk1.lut4 (4 -> 1)
  Optimizing lut $abc$6037$auto$blifparse.cc:557:parse_blif$6152.genblk1.genblk1.genblk1.genblk1.genblk1.genblk1.genblk1.lut5 (4 -> 1)
  Optimizing lut $abc$6037$auto$blifparse.cc:557:parse_blif$6152.genblk1.genblk1.genblk1.genblk1.genblk1.genblk1.genblk1.lut6 (4 -> 1)
  Optimizing lut $abc$6037$auto$blifparse.cc:557:parse_blif$6152.genblk1.genblk1.genblk1.genblk1.genblk1.genblk1.genblk1.lut7 (4 -> 1)
  Optimizing lut $abc$6037$auto$blifparse.cc:557:parse_blif$6155.genblk1.genblk1.genblk1.genblk1.genblk1.genblk1.genblk1.lut2 (4 -> 2)
  Optimizing lut $abc$6037$auto$blifparse.cc:557:parse_blif$6155.genblk1.genblk1.genblk1.genblk1.genblk1.genblk1.genblk1.lut3 (4 -> 1)
  Optimizing lut $abc$6037$auto$blifparse.cc:557:parse_blif$6155.genblk1.genblk1.genblk1.genblk1.genblk1.genblk1.genblk1.lut4 (4 -> 2)
  Optimizing lut $abc$6037$auto$blifparse.cc:557:parse_blif$6155.genblk1.genblk1.genblk1.genblk1.genblk1.genblk1.genblk1.lut5 (4 -> 1)
  Optimizing lut $abc$6037$auto$blifparse.cc:557:parse_blif$6155.genblk1.genblk1.genblk1.genblk1.genblk1.genblk1.genblk1.lut6 (4 -> 2)
  Optimizing lut $abc$6037$auto$blifparse.cc:557:parse_blif$6155.genblk1.genblk1.genblk1.genblk1.genblk1.genblk1.genblk1.lut7 (4 -> 1)
  Optimizing lut $abc$6037$auto$blifparse.cc:557:parse_blif$6178.genblk1.genblk1.genblk1.genblk1.genblk1.genblk1.genblk1.lut2 (4 -> 2)
  Optimizing lut $abc$6037$auto$blifparse.cc:557:parse_blif$6178.genblk1.genblk1.genblk1.genblk1.genblk1.genblk1.genblk1.lut3 (4 -> 2)
  Optimizing lut $abc$6037$auto$blifparse.cc:557:parse_blif$6178.genblk1.genblk1.genblk1.genblk1.genblk1.genblk1.genblk1.lut4 (4 -> 1)
  Optimizing lut $abc$6037$auto$blifparse.cc:557:parse_blif$6178.genblk1.genblk1.genblk1.genblk1.genblk1.genblk1.genblk1.lut5 (4 -> 1)
  Optimizing lut $abc$6037$auto$blifparse.cc:557:parse_blif$6178.genblk1.genblk1.genblk1.genblk1.genblk1.genblk1.genblk1.lut6 (4 -> 1)
  Optimizing lut $abc$6037$auto$blifparse.cc:557:parse_blif$6178.genblk1.genblk1.genblk1.genblk1.genblk1.genblk1.genblk1.lut7 (4 -> 1)
  Optimizing lut $abc$6037$auto$blifparse.cc:557:parse_blif$6126.genblk1.genblk1.genblk1.genblk1.genblk1.genblk1.genblk1.lut2 (4 -> 2)
  Optimizing lut $abc$6037$auto$blifparse.cc:557:parse_blif$6126.genblk1.genblk1.genblk1.genblk1.genblk1.genblk1.genblk1.lut3 (4 -> 1)
  Optimizing lut $abc$6037$auto$blifparse.cc:557:parse_blif$6126.genblk1.genblk1.genblk1.genblk1.genblk1.genblk1.genblk1.lut4 (4 -> 2)
  Optimizing lut $abc$6037$auto$blifparse.cc:557:parse_blif$6126.genblk1.genblk1.genblk1.genblk1.genblk1.genblk1.genblk1.lut5 (4 -> 1)
  Optimizing lut $abc$6037$auto$blifparse.cc:557:parse_blif$6126.genblk1.genblk1.genblk1.genblk1.genblk1.genblk1.genblk1.lut6 (4 -> 2)
  Optimizing lut $abc$6037$auto$blifparse.cc:557:parse_blif$6126.genblk1.genblk1.genblk1.genblk1.genblk1.genblk1.genblk1.lut7 (4 -> 1)
  Optimizing lut $abc$6037$auto$blifparse.cc:557:parse_blif$6127.genblk1.genblk1.genblk1.genblk1.genblk1.genblk1.lut1 (4 -> 2)
  Optimizing lut $abc$6037$auto$blifparse.cc:557:parse_blif$6127.genblk1.genblk1.genblk1.genblk1.genblk1.genblk1.lut2 (4 -> 0)
  Optimizing lut $abc$6037$auto$blifparse.cc:557:parse_blif$6127.genblk1.genblk1.genblk1.genblk1.genblk1.genblk1.lut3 (4 -> 2)
  Optimizing lut $abc$6037$auto$blifparse.cc:557:parse_blif$6044.genblk1.genblk1.genblk1.genblk1.genblk1.genblk1.lut1 (4 -> 0)
  Optimizing lut $abc$6037$auto$blifparse.cc:557:parse_blif$6044.genblk1.genblk1.genblk1.genblk1.genblk1.genblk1.lut2 (4 -> 3)
  Optimizing lut $abc$6037$auto$blifparse.cc:557:parse_blif$6044.genblk1.genblk1.genblk1.genblk1.genblk1.genblk1.lut3 (4 -> 0)
  Optimizing lut $abc$6037$auto$blifparse.cc:557:parse_blif$6128.genblk1.genblk1.genblk1.genblk1.genblk1.genblk1.lut1 (4 -> 0)
  Optimizing lut $abc$6037$auto$blifparse.cc:557:parse_blif$6128.genblk1.genblk1.genblk1.genblk1.genblk1.genblk1.lut2 (4 -> 3)
  Optimizing lut $abc$6037$auto$blifparse.cc:557:parse_blif$6128.genblk1.genblk1.genblk1.genblk1.genblk1.genblk1.lut3 (4 -> 0)
  Optimizing lut $abc$6037$auto$blifparse.cc:557:parse_blif$6132.genblk1.genblk1.genblk1.genblk1.genblk1.genblk1.genblk1.lut2 (4 -> 2)
  Optimizing lut $abc$6037$auto$blifparse.cc:557:parse_blif$6132.genblk1.genblk1.genblk1.genblk1.genblk1.genblk1.genblk1.lut3 (4 -> 1)
  Optimizing lut $abc$6037$auto$blifparse.cc:557:parse_blif$6132.genblk1.genblk1.genblk1.genblk1.genblk1.genblk1.genblk1.lut4 (4 -> 2)
  Optimizing lut $abc$6037$auto$blifparse.cc:557:parse_blif$6132.genblk1.genblk1.genblk1.genblk1.genblk1.genblk1.genblk1.lut5 (4 -> 1)
  Optimizing lut $abc$6037$auto$blifparse.cc:557:parse_blif$6132.genblk1.genblk1.genblk1.genblk1.genblk1.genblk1.genblk1.lut6 (4 -> 2)
  Optimizing lut $abc$6037$auto$blifparse.cc:557:parse_blif$6132.genblk1.genblk1.genblk1.genblk1.genblk1.genblk1.genblk1.lut7 (4 -> 1)
  Optimizing lut $abc$6037$auto$blifparse.cc:557:parse_blif$6224.genblk1.genblk1.genblk1.genblk1.genblk1.genblk1.lut2 (4 -> 0)
  Optimizing lut $abc$6037$auto$blifparse.cc:557:parse_blif$6227.genblk1.genblk1.genblk1.genblk1.genblk1.genblk1.genblk1.lut2 (4 -> 1)
  Optimizing lut $abc$6037$auto$blifparse.cc:557:parse_blif$6227.genblk1.genblk1.genblk1.genblk1.genblk1.genblk1.genblk1.lut3 (4 -> 1)
  Optimizing lut $abc$6037$auto$blifparse.cc:557:parse_blif$6227.genblk1.genblk1.genblk1.genblk1.genblk1.genblk1.genblk1.lut4 (4 -> 1)
  Optimizing lut $abc$6037$auto$blifparse.cc:557:parse_blif$6227.genblk1.genblk1.genblk1.genblk1.genblk1.genblk1.genblk1.lut5 (4 -> 1)
  Optimizing lut $abc$6037$auto$blifparse.cc:557:parse_blif$6227.genblk1.genblk1.genblk1.genblk1.genblk1.genblk1.genblk1.lut6 (4 -> 1)
  Optimizing lut $abc$6037$auto$blifparse.cc:557:parse_blif$6227.genblk1.genblk1.genblk1.genblk1.genblk1.genblk1.genblk1.lut7 (4 -> 3)
  Optimizing lut $abc$6037$auto$blifparse.cc:557:parse_blif$6228.genblk1.genblk1.genblk1.genblk1.genblk1.genblk1.lut1 (4 -> 0)
  Optimizing lut $abc$6037$auto$blifparse.cc:557:parse_blif$6228.genblk1.genblk1.genblk1.genblk1.genblk1.genblk1.lut2 (4 -> 0)
  Optimizing lut $abc$6037$auto$blifparse.cc:557:parse_blif$6228.genblk1.genblk1.genblk1.genblk1.genblk1.genblk1.lut3 (4 -> 0)
  Optimizing lut $abc$6037$auto$blifparse.cc:557:parse_blif$6229.genblk1.genblk1.genblk1.genblk1.genblk1.genblk1.lut2 (4 -> 0)
  Optimizing lut $abc$6037$auto$blifparse.cc:557:parse_blif$6232.genblk1.genblk1.genblk1.genblk1.genblk1.genblk1.genblk1.lut2 (4 -> 1)
  Optimizing lut $abc$6037$auto$blifparse.cc:557:parse_blif$6232.genblk1.genblk1.genblk1.genblk1.genblk1.genblk1.genblk1.lut3 (4 -> 1)
  Optimizing lut $abc$6037$auto$blifparse.cc:557:parse_blif$6232.genblk1.genblk1.genblk1.genblk1.genblk1.genblk1.genblk1.lut4 (4 -> 1)
  Optimizing lut $abc$6037$auto$blifparse.cc:557:parse_blif$6232.genblk1.genblk1.genblk1.genblk1.genblk1.genblk1.genblk1.lut5 (4 -> 1)
  Optimizing lut $abc$6037$auto$blifparse.cc:557:parse_blif$6232.genblk1.genblk1.genblk1.genblk1.genblk1.genblk1.genblk1.lut6 (4 -> 1)
  Optimizing lut $abc$6037$auto$blifparse.cc:557:parse_blif$6232.genblk1.genblk1.genblk1.genblk1.genblk1.genblk1.genblk1.lut7 (4 -> 3)
  Optimizing lut $abc$6037$auto$blifparse.cc:557:parse_blif$6234.genblk1.genblk1.genblk1.genblk1.genblk1.genblk1.genblk1.lut1 (4 -> 1)
  Optimizing lut $abc$6037$auto$blifparse.cc:557:parse_blif$6234.genblk1.genblk1.genblk1.genblk1.genblk1.genblk1.genblk1.lut2 (4 -> 1)
  Optimizing lut $abc$6037$auto$blifparse.cc:557:parse_blif$6234.genblk1.genblk1.genblk1.genblk1.genblk1.genblk1.genblk1.lut3 (4 -> 1)
  Optimizing lut $abc$6037$auto$blifparse.cc:557:parse_blif$6234.genblk1.genblk1.genblk1.genblk1.genblk1.genblk1.genblk1.lut4 (4 -> 1)
  Optimizing lut $abc$6037$auto$blifparse.cc:557:parse_blif$6234.genblk1.genblk1.genblk1.genblk1.genblk1.genblk1.genblk1.lut5 (4 -> 1)
  Optimizing lut $abc$6037$auto$blifparse.cc:557:parse_blif$6234.genblk1.genblk1.genblk1.genblk1.genblk1.genblk1.genblk1.lut6 (4 -> 1)
  Optimizing lut $abc$6037$auto$blifparse.cc:557:parse_blif$6234.genblk1.genblk1.genblk1.genblk1.genblk1.genblk1.genblk1.lut7 (4 -> 3)
  Optimizing lut $abc$6037$auto$blifparse.cc:557:parse_blif$6118.genblk1.genblk1.genblk1.genblk1.genblk1.lut1 (4 -> 0)
  Optimizing lut $abc$6037$auto$blifparse.cc:557:parse_blif$6238.genblk1.genblk1.genblk1.genblk1.genblk1.lut1 (4 -> 0)
  Optimizing lut $abc$6037$auto$blifparse.cc:557:parse_blif$6072.genblk1.genblk1.genblk1.genblk1.genblk1.genblk1.lut2 (4 -> 0)
  Optimizing lut $abc$6037$auto$blifparse.cc:557:parse_blif$6072.genblk1.genblk1.genblk1.genblk1.genblk1.genblk1.lut3 (4 -> 0)
  Optimizing lut $abc$6037$auto$blifparse.cc:557:parse_blif$6323.genblk1.genblk1.genblk1.genblk1.genblk1.lut1 (4 -> 1)
  Optimizing lut $abc$6037$auto$blifparse.cc:557:parse_blif$6324.genblk1.genblk1.genblk1.genblk1.genblk1.lut1 (4 -> 1)
  Optimizing lut $abc$6037$auto$blifparse.cc:557:parse_blif$6333.genblk1.genblk1.genblk1.genblk1.genblk1.genblk1.lut2 (4 -> 0)
  Optimizing lut $abc$6037$auto$blifparse.cc:557:parse_blif$6333.genblk1.genblk1.genblk1.genblk1.genblk1.genblk1.lut3 (4 -> 0)
  Optimizing lut $abc$6037$auto$blifparse.cc:557:parse_blif$6334.genblk1.genblk1.genblk1.genblk1.genblk1.genblk1.lut2 (4 -> 0)
  Optimizing lut $abc$6037$auto$blifparse.cc:557:parse_blif$6334.genblk1.genblk1.genblk1.genblk1.genblk1.genblk1.lut3 (4 -> 0)
  Optimizing lut $abc$6037$auto$blifparse.cc:557:parse_blif$6335.genblk1.genblk1.genblk1.genblk1.genblk1.genblk1.lut2 (4 -> 0)
  Optimizing lut $abc$6037$auto$blifparse.cc:557:parse_blif$6335.genblk1.genblk1.genblk1.genblk1.genblk1.genblk1.lut3 (4 -> 0)
  Optimizing lut $abc$6037$auto$blifparse.cc:557:parse_blif$6336.genblk1.genblk1.genblk1.genblk1.genblk1.genblk1.lut2 (4 -> 0)
  Optimizing lut $abc$6037$auto$blifparse.cc:557:parse_blif$6336.genblk1.genblk1.genblk1.genblk1.genblk1.genblk1.lut3 (4 -> 0)
  Optimizing lut $abc$6037$auto$blifparse.cc:557:parse_blif$6337.genblk1.genblk1.genblk1.genblk1.genblk1.genblk1.lut2 (4 -> 0)
  Optimizing lut $abc$6037$auto$blifparse.cc:557:parse_blif$6337.genblk1.genblk1.genblk1.genblk1.genblk1.genblk1.lut3 (4 -> 0)
  Optimizing lut $abc$6037$auto$blifparse.cc:557:parse_blif$6338.genblk1.genblk1.genblk1.genblk1.genblk1.genblk1.lut2 (4 -> 0)
  Optimizing lut $abc$6037$auto$blifparse.cc:557:parse_blif$6338.genblk1.genblk1.genblk1.genblk1.genblk1.genblk1.lut3 (4 -> 0)
  Optimizing lut $abc$6037$auto$blifparse.cc:557:parse_blif$6339.genblk1.genblk1.genblk1.genblk1.genblk1.genblk1.lut1 (4 -> 3)
  Optimizing lut $abc$6037$auto$blifparse.cc:557:parse_blif$6339.genblk1.genblk1.genblk1.genblk1.genblk1.genblk1.lut2 (4 -> 0)
  Optimizing lut $abc$6037$auto$blifparse.cc:557:parse_blif$6339.genblk1.genblk1.genblk1.genblk1.genblk1.genblk1.lut3 (4 -> 0)
  Optimizing lut $abc$6037$auto$blifparse.cc:557:parse_blif$6340.genblk1.genblk1.genblk1.genblk1.genblk1.genblk1.lut2 (4 -> 0)
  Optimizing lut $abc$6037$auto$blifparse.cc:557:parse_blif$6340.genblk1.genblk1.genblk1.genblk1.genblk1.genblk1.lut3 (4 -> 0)
  Optimizing lut $abc$6037$auto$blifparse.cc:557:parse_blif$6293.genblk1.genblk1.genblk1.genblk1.genblk1.lut1 (4 -> 0)
  Optimizing lut $abc$6037$auto$blifparse.cc:557:parse_blif$6343.genblk1.genblk1.genblk1.genblk1.genblk1.lut1 (4 -> 1)
  Optimizing lut $abc$6037$auto$blifparse.cc:557:parse_blif$6344.genblk1.genblk1.genblk1.genblk1.genblk1.lut1 (4 -> 1)
  Optimizing lut $abc$6037$auto$blifparse.cc:557:parse_blif$6345.genblk1.genblk1.genblk1.genblk1.genblk1.lut1 (4 -> 1)
  Optimizing lut $abc$6037$auto$blifparse.cc:557:parse_blif$6346.genblk1.genblk1.genblk1.genblk1.genblk1.lut1 (4 -> 1)
  Optimizing lut $abc$6037$auto$blifparse.cc:557:parse_blif$6347.genblk1.genblk1.genblk1.genblk1.genblk1.lut1 (4 -> 1)
  Optimizing lut $abc$6037$auto$blifparse.cc:557:parse_blif$6348.genblk1.genblk1.genblk1.genblk1.genblk1.lut1 (4 -> 1)
  Optimizing lut $abc$6037$auto$blifparse.cc:557:parse_blif$6349.genblk1.genblk1.genblk1.genblk1.genblk1.lut1 (4 -> 1)
  Optimizing lut $abc$6037$auto$blifparse.cc:557:parse_blif$6350.genblk1.genblk1.genblk1.genblk1.genblk1.lut1 (4 -> 1)
  Optimizing lut $abc$6037$auto$blifparse.cc:557:parse_blif$6351.genblk1.genblk1.genblk1.genblk1.genblk1.lut1 (4 -> 1)
  Optimizing lut $abc$6037$auto$blifparse.cc:557:parse_blif$6352.genblk1.genblk1.genblk1.genblk1.genblk1.lut1 (4 -> 1)
  Optimizing lut $abc$6037$auto$blifparse.cc:557:parse_blif$6353.genblk1.genblk1.genblk1.genblk1.genblk1.lut1 (4 -> 1)
  Optimizing lut $abc$6037$auto$blifparse.cc:557:parse_blif$6354.genblk1.genblk1.genblk1.genblk1.genblk1.lut1 (4 -> 1)
  Optimizing lut $abc$6037$auto$blifparse.cc:557:parse_blif$6355.genblk1.genblk1.genblk1.genblk1.genblk1.lut1 (4 -> 1)
  Optimizing lut $abc$6037$auto$blifparse.cc:557:parse_blif$6356.genblk1.genblk1.genblk1.genblk1.genblk1.lut1 (4 -> 1)
  Optimizing lut $abc$6037$auto$blifparse.cc:557:parse_blif$6357.genblk1.genblk1.genblk1.genblk1.genblk1.lut1 (4 -> 1)
  Optimizing lut $abc$6037$auto$blifparse.cc:557:parse_blif$6358.genblk1.genblk1.genblk1.genblk1.genblk1.lut1 (4 -> 1)
  Optimizing lut $abc$6037$auto$blifparse.cc:557:parse_blif$6363.genblk1.genblk1.genblk1.genblk1.genblk1.lut1 (4 -> 1)
  Optimizing lut $abc$6037$auto$blifparse.cc:557:parse_blif$6061.genblk1.genblk1.genblk1.genblk1.genblk1.lut1 (4 -> 0)
  Optimizing lut $abc$6037$auto$blifparse.cc:557:parse_blif$6062.genblk1.genblk1.genblk1.genblk1.genblk1.genblk1.genblk1.lut2 (4 -> 0)
  Optimizing lut $abc$6037$auto$blifparse.cc:557:parse_blif$6062.genblk1.genblk1.genblk1.genblk1.genblk1.genblk1.genblk1.lut3 (4 -> 0)
  Optimizing lut $abc$6037$auto$blifparse.cc:557:parse_blif$6062.genblk1.genblk1.genblk1.genblk1.genblk1.genblk1.genblk1.lut4 (4 -> 0)
  Optimizing lut $abc$6037$auto$blifparse.cc:557:parse_blif$6062.genblk1.genblk1.genblk1.genblk1.genblk1.genblk1.genblk1.lut5 (4 -> 0)
  Optimizing lut $abc$6037$auto$blifparse.cc:557:parse_blif$6062.genblk1.genblk1.genblk1.genblk1.genblk1.genblk1.genblk1.lut6 (4 -> 0)
  Optimizing lut $abc$6037$auto$blifparse.cc:557:parse_blif$6062.genblk1.genblk1.genblk1.genblk1.genblk1.genblk1.genblk1.lut7 (4 -> 0)
  Optimizing lut $abc$6037$auto$blifparse.cc:557:parse_blif$6184.genblk1.genblk1.genblk1.genblk1.genblk1.lut1 (4 -> 2)
  Optimizing lut $abc$6037$auto$blifparse.cc:557:parse_blif$6044.genblk1.genblk1.genblk1.genblk1.genblk1.genblk1.lut0 (4 -> 3)
  Optimizing lut $abc$6037$auto$blifparse.cc:557:parse_blif$6045.genblk1.genblk1.genblk1.genblk1.genblk1.lut0 (4 -> 3)
  Optimizing lut $abc$6037$auto$blifparse.cc:557:parse_blif$6048.genblk1.genblk1.genblk1.genblk1.genblk1.genblk1.genblk1.lut0 (4 -> 3)
  Optimizing lut $abc$6037$auto$blifparse.cc:557:parse_blif$6051.genblk1.genblk1.genblk1.genblk1.genblk1.lut0 (4 -> 3)
  Optimizing lut $abc$6037$auto$blifparse.cc:557:parse_blif$6232.genblk1.genblk1.genblk1.genblk1.genblk1.genblk1.genblk1.lut1 (4 -> 1)
  Optimizing lut $abc$6037$auto$blifparse.cc:557:parse_blif$6060.genblk1.genblk1.genblk1.genblk1.genblk1.lut1 (4 -> 0)
  Optimizing lut $abc$6037$auto$blifparse.cc:557:parse_blif$6062.genblk1.genblk1.genblk1.genblk1.genblk1.genblk1.genblk1.lut0 (4 -> 0)
  Optimizing lut $abc$6037$auto$blifparse.cc:557:parse_blif$6227.genblk1.genblk1.genblk1.genblk1.genblk1.genblk1.genblk1.lut1 (4 -> 1)
  Optimizing lut $abc$6037$auto$blifparse.cc:557:parse_blif$6229.genblk1.genblk1.genblk1.genblk1.genblk1.genblk1.lut1 (4 -> 0)
  Optimizing lut $abc$6037$auto$blifparse.cc:557:parse_blif$6071.genblk1.genblk1.genblk1.genblk1.genblk1.lut1 (4 -> 3)
  Optimizing lut $abc$6037$auto$blifparse.cc:557:parse_blif$6071.genblk1.genblk1.genblk1.genblk1.genblk1.lut0 (4 -> 1)
  Optimizing lut $abc$6037$auto$blifparse.cc:557:parse_blif$6072.genblk1.genblk1.genblk1.genblk1.genblk1.genblk1.lut0 (4 -> 0)
  Optimizing lut $abc$6037$auto$blifparse.cc:557:parse_blif$6075.genblk1.genblk1.genblk1.genblk1.genblk1.lut1 (4 -> 3)
  Optimizing lut $abc$6037$auto$blifparse.cc:557:parse_blif$6075.genblk1.genblk1.genblk1.genblk1.genblk1.lut0 (4 -> 1)
  Optimizing lut $abc$6037$auto$blifparse.cc:557:parse_blif$6076.genblk1.genblk1.genblk1.genblk1.genblk1.lut0 (4 -> 1)
  Optimizing lut $abc$6037$auto$blifparse.cc:557:parse_blif$6077.genblk1.genblk1.genblk1.genblk1.genblk1.lut0 (4 -> 1)
  Optimizing lut $abc$6037$auto$blifparse.cc:557:parse_blif$6079.genblk1.genblk1.genblk1.genblk1.genblk1.lut0 (4 -> 0)
  Optimizing lut $abc$6037$auto$blifparse.cc:557:parse_blif$6088.genblk1.genblk1.genblk1.genblk1.genblk1.lut0 (4 -> 0)
  Optimizing lut $abc$6037$auto$blifparse.cc:557:parse_blif$6116.genblk1.genblk1.genblk1.genblk1.genblk1.lut0 (4 -> 1)
  Optimizing lut $abc$6037$auto$blifparse.cc:557:parse_blif$6122.genblk1.genblk1.genblk1.genblk1.genblk1.genblk1.genblk1.lut1 (4 -> 0)
  Optimizing lut $abc$6037$auto$blifparse.cc:557:parse_blif$6122.genblk1.genblk1.genblk1.genblk1.genblk1.genblk1.genblk1.lut0 (4 -> 0)
  Optimizing lut $abc$6037$auto$blifparse.cc:557:parse_blif$6123.genblk1.genblk1.genblk1.genblk1.genblk1.genblk1.lut0 (4 -> 0)
  Optimizing lut $abc$6037$auto$blifparse.cc:557:parse_blif$6126.genblk1.genblk1.genblk1.genblk1.genblk1.genblk1.genblk1.lut1 (4 -> 1)
  Optimizing lut $abc$6037$auto$blifparse.cc:557:parse_blif$6126.genblk1.genblk1.genblk1.genblk1.genblk1.genblk1.genblk1.lut0 (4 -> 2)
  Optimizing lut $abc$6037$auto$blifparse.cc:557:parse_blif$6127.genblk1.genblk1.genblk1.genblk1.genblk1.genblk1.lut0 (4 -> 2)
  Optimizing lut $abc$6037$auto$blifparse.cc:557:parse_blif$6128.genblk1.genblk1.genblk1.genblk1.genblk1.genblk1.lut0 (4 -> 3)
  Optimizing lut $abc$6037$auto$blifparse.cc:557:parse_blif$6129.genblk1.genblk1.genblk1.genblk1.genblk1.lut0 (4 -> 3)
  Optimizing lut $abc$6037$auto$blifparse.cc:557:parse_blif$6132.genblk1.genblk1.genblk1.genblk1.genblk1.genblk1.genblk1.lut1 (4 -> 1)
  Optimizing lut $abc$6037$auto$blifparse.cc:557:parse_blif$6132.genblk1.genblk1.genblk1.genblk1.genblk1.genblk1.genblk1.lut0 (4 -> 2)
  Optimizing lut $abc$6037$auto$blifparse.cc:557:parse_blif$6133.genblk1.genblk1.genblk1.genblk1.genblk1.genblk1.lut0 (4 -> 1)
  Optimizing lut $abc$6037$auto$blifparse.cc:557:parse_blif$6134.genblk1.genblk1.genblk1.genblk1.genblk1.genblk1.lut0 (4 -> 3)
  Optimizing lut $abc$6037$auto$blifparse.cc:557:parse_blif$6135.genblk1.genblk1.genblk1.genblk1.genblk1.lut0 (4 -> 3)
  Optimizing lut $abc$6037$auto$blifparse.cc:557:parse_blif$6136.genblk1.genblk1.genblk1.genblk1.genblk1.genblk1.genblk1.lut0 (4 -> 1)
  Optimizing lut $abc$6037$auto$blifparse.cc:557:parse_blif$6137.genblk1.genblk1.genblk1.genblk1.genblk1.genblk1.genblk1.lut0 (4 -> 2)
  Optimizing lut $abc$6037$auto$blifparse.cc:557:parse_blif$6138.genblk1.genblk1.genblk1.genblk1.genblk1.genblk1.lut0 (4 -> 3)
  Optimizing lut $abc$6037$auto$blifparse.cc:557:parse_blif$6139.genblk1.genblk1.genblk1.genblk1.genblk1.lut0 (4 -> 3)
  Optimizing lut $abc$6037$auto$blifparse.cc:557:parse_blif$6140.genblk1.genblk1.genblk1.genblk1.genblk1.genblk1.lut0 (4 -> 3)
  Optimizing lut $abc$6037$auto$blifparse.cc:557:parse_blif$6141.genblk1.genblk1.genblk1.genblk1.genblk1.lut0 (4 -> 3)
  Optimizing lut $abc$6037$auto$blifparse.cc:557:parse_blif$6143.genblk1.genblk1.genblk1.genblk1.genblk1.genblk1.lut1 (4 -> 2)
  Optimizing lut $abc$6037$auto$blifparse.cc:557:parse_blif$6143.genblk1.genblk1.genblk1.genblk1.genblk1.genblk1.lut0 (4 -> 0)
  Optimizing lut $abc$6037$auto$blifparse.cc:557:parse_blif$6145.genblk1.genblk1.genblk1.genblk1.genblk1.lut0 (4 -> 0)
  Optimizing lut $abc$6037$auto$blifparse.cc:557:parse_blif$6146.genblk1.genblk1.genblk1.genblk1.genblk1.genblk1.lut0 (4 -> 2)
  Optimizing lut $abc$6037$auto$blifparse.cc:557:parse_blif$6148.genblk1.genblk1.genblk1.genblk1.genblk1.genblk1.genblk1.lut1 (4 -> 1)
  Optimizing lut $abc$6037$auto$blifparse.cc:557:parse_blif$6148.genblk1.genblk1.genblk1.genblk1.genblk1.genblk1.genblk1.lut0 (4 -> 2)
  Optimizing lut $abc$6037$auto$blifparse.cc:557:parse_blif$6149.genblk1.genblk1.genblk1.genblk1.genblk1.lut0 (4 -> 2)
  Optimizing lut $abc$6037$auto$blifparse.cc:557:parse_blif$6150.genblk1.genblk1.genblk1.genblk1.genblk1.genblk1.lut0 (4 -> 3)
  Optimizing lut $abc$6037$auto$blifparse.cc:557:parse_blif$6151.genblk1.genblk1.genblk1.genblk1.genblk1.lut0 (4 -> 3)
  Optimizing lut $abc$6037$auto$blifparse.cc:557:parse_blif$6152.genblk1.genblk1.genblk1.genblk1.genblk1.genblk1.genblk1.lut0 (4 -> 1)
  Optimizing lut $abc$6037$auto$blifparse.cc:557:parse_blif$6155.genblk1.genblk1.genblk1.genblk1.genblk1.genblk1.genblk1.lut1 (4 -> 1)
  Optimizing lut $abc$6037$auto$blifparse.cc:557:parse_blif$6155.genblk1.genblk1.genblk1.genblk1.genblk1.genblk1.genblk1.lut0 (4 -> 2)
  Optimizing lut $abc$6037$auto$blifparse.cc:557:parse_blif$6156.genblk1.genblk1.genblk1.genblk1.genblk1.lut0 (4 -> 0)
  Optimizing lut $abc$6037$auto$blifparse.cc:557:parse_blif$6157.genblk1.genblk1.genblk1.genblk1.genblk1.lut0 (4 -> 2)
  Optimizing lut $abc$6037$auto$blifparse.cc:557:parse_blif$6158.genblk1.genblk1.genblk1.genblk1.genblk1.genblk1.lut0 (4 -> 3)
  Optimizing lut $abc$6037$auto$blifparse.cc:557:parse_blif$6159.genblk1.genblk1.genblk1.genblk1.genblk1.genblk1.lut0 (4 -> 0)
  Optimizing lut $abc$6037$auto$blifparse.cc:557:parse_blif$6160.genblk1.genblk1.genblk1.genblk1.genblk1.genblk1.genblk1.lut0 (4 -> 0)
  Optimizing lut $abc$6037$auto$blifparse.cc:557:parse_blif$6161.genblk1.genblk1.genblk1.genblk1.genblk1.genblk1.lut0 (4 -> 0)
  Optimizing lut $abc$6037$auto$blifparse.cc:557:parse_blif$6162.genblk1.genblk1.genblk1.genblk1.genblk1.lut0 (4 -> 0)
  Optimizing lut $abc$6037$auto$blifparse.cc:557:parse_blif$6171.genblk1.genblk1.genblk1.genblk1.genblk1.genblk1.genblk1.lut1 (4 -> 1)
  Optimizing lut $abc$6037$auto$blifparse.cc:557:parse_blif$6171.genblk1.genblk1.genblk1.genblk1.genblk1.genblk1.genblk1.lut0 (4 -> 2)
  Optimizing lut $abc$6037$auto$blifparse.cc:557:parse_blif$6172.genblk1.genblk1.genblk1.genblk1.genblk1.genblk1.lut0 (4 -> 0)
  Optimizing lut $abc$6037$auto$blifparse.cc:557:parse_blif$6173.genblk1.genblk1.genblk1.genblk1.genblk1.genblk1.genblk1.lut0 (4 -> 0)
  Optimizing lut $abc$6037$auto$blifparse.cc:557:parse_blif$6174.genblk1.genblk1.genblk1.genblk1.genblk1.lut0 (4 -> 0)
  Optimizing lut $abc$6037$auto$blifparse.cc:557:parse_blif$6175.genblk1.genblk1.genblk1.genblk1.genblk1.genblk1.genblk1.lut0 (4 -> 0)
  Optimizing lut $abc$6037$auto$blifparse.cc:557:parse_blif$6176.genblk1.genblk1.genblk1.genblk1.genblk1.genblk1.genblk1.lut0 (4 -> 0)
  Optimizing lut $abc$6037$auto$blifparse.cc:557:parse_blif$6178.genblk1.genblk1.genblk1.genblk1.genblk1.genblk1.genblk1.lut1 (4 -> 2)
  Optimizing lut $abc$6037$auto$blifparse.cc:557:parse_blif$6178.genblk1.genblk1.genblk1.genblk1.genblk1.genblk1.genblk1.lut0 (4 -> 1)
  Optimizing lut $abc$6037$auto$blifparse.cc:557:parse_blif$6179.genblk1.genblk1.genblk1.genblk1.genblk1.genblk1.lut0 (4 -> 1)
  Optimizing lut $abc$6037$auto$blifparse.cc:557:parse_blif$6180.genblk1.genblk1.genblk1.genblk1.genblk1.lut0 (4 -> 0)
  Optimizing lut $abc$6037$auto$blifparse.cc:557:parse_blif$6182.genblk1.genblk1.genblk1.genblk1.genblk1.genblk1.lut1 (4 -> 1)
  Optimizing lut $abc$6037$auto$blifparse.cc:557:parse_blif$6182.genblk1.genblk1.genblk1.genblk1.genblk1.genblk1.lut0 (4 -> 1)
  Optimizing lut $abc$6037$auto$blifparse.cc:557:parse_blif$6183.genblk1.genblk1.genblk1.genblk1.genblk1.genblk1.genblk1.lut0 (4 -> 1)
  Optimizing lut $abc$6037$auto$blifparse.cc:557:parse_blif$6184.genblk1.genblk1.genblk1.genblk1.genblk1.lut0 (4 -> 3)
  Optimizing lut $abc$6037$auto$blifparse.cc:557:parse_blif$6185.genblk1.genblk1.genblk1.genblk1.genblk1.genblk1.lut0 (4 -> 2)
  Optimizing lut $abc$6037$auto$blifparse.cc:557:parse_blif$6186.genblk1.genblk1.genblk1.genblk1.genblk1.genblk1.lut0 (4 -> 0)
  Optimizing lut $abc$6037$auto$blifparse.cc:557:parse_blif$6187.genblk1.genblk1.genblk1.genblk1.genblk1.genblk1.lut0 (4 -> 0)
  Optimizing lut $abc$6037$auto$blifparse.cc:557:parse_blif$6189.genblk1.genblk1.genblk1.genblk1.genblk1.genblk1.genblk1.lut1 (4 -> 0)
  Optimizing lut $abc$6037$auto$blifparse.cc:557:parse_blif$6189.genblk1.genblk1.genblk1.genblk1.genblk1.genblk1.genblk1.lut0 (4 -> 0)
  Optimizing lut $abc$6037$auto$blifparse.cc:557:parse_blif$6190.genblk1.genblk1.genblk1.genblk1.genblk1.genblk1.lut0 (4 -> 0)
  Optimizing lut $abc$6037$auto$blifparse.cc:557:parse_blif$6191.genblk1.genblk1.genblk1.genblk1.genblk1.genblk1.lut0 (4 -> 2)
  Optimizing lut $abc$6037$auto$blifparse.cc:557:parse_blif$6194.genblk1.genblk1.genblk1.genblk1.genblk1.lut0 (4 -> 0)
  Optimizing lut $abc$6037$auto$blifparse.cc:557:parse_blif$6173.genblk1.genblk1.genblk1.genblk1.genblk1.genblk1.genblk1.lut1 (4 -> 0)
  Optimizing lut $abc$6037$auto$blifparse.cc:557:parse_blif$6157.genblk1.genblk1.genblk1.genblk1.genblk1.lut1 (4 -> 3)
  Optimizing lut $abc$6037$auto$blifparse.cc:557:parse_blif$6149.genblk1.genblk1.genblk1.genblk1.genblk1.lut1 (4 -> 3)
  Optimizing lut $abc$6037$auto$blifparse.cc:557:parse_blif$6161.genblk1.genblk1.genblk1.genblk1.genblk1.genblk1.lut1 (4 -> 1)
  Optimizing lut $abc$6037$auto$blifparse.cc:557:parse_blif$6176.genblk1.genblk1.genblk1.genblk1.genblk1.genblk1.genblk1.lut1 (4 -> 0)
  Optimizing lut $abc$6037$auto$blifparse.cc:557:parse_blif$6222.genblk1.genblk1.genblk1.genblk1.genblk1.lut0 (4 -> 0)
  Optimizing lut $abc$6037$auto$blifparse.cc:557:parse_blif$6223.genblk1.genblk1.genblk1.genblk1.genblk1.lut0 (4 -> 0)
  Optimizing lut $abc$6037$auto$blifparse.cc:557:parse_blif$6224.genblk1.genblk1.genblk1.genblk1.genblk1.genblk1.lut0 (4 -> 0)
  Optimizing lut $abc$6037$auto$blifparse.cc:557:parse_blif$6225.genblk1.genblk1.genblk1.genblk1.genblk1.lut0 (4 -> 0)
  Optimizing lut $abc$6037$auto$blifparse.cc:557:parse_blif$6227.genblk1.genblk1.genblk1.genblk1.genblk1.genblk1.genblk1.lut0 (4 -> 1)
  Optimizing lut $abc$6037$auto$blifparse.cc:557:parse_blif$6229.genblk1.genblk1.genblk1.genblk1.genblk1.genblk1.lut0 (4 -> 0)
  Optimizing lut $abc$6037$auto$blifparse.cc:557:parse_blif$6230.genblk1.genblk1.genblk1.genblk1.genblk1.lut0 (4 -> 0)
  Optimizing lut $abc$6037$auto$blifparse.cc:557:parse_blif$6232.genblk1.genblk1.genblk1.genblk1.genblk1.genblk1.genblk1.lut0 (4 -> 1)
  Optimizing lut $abc$6037$auto$blifparse.cc:557:parse_blif$6234.genblk1.genblk1.genblk1.genblk1.genblk1.genblk1.genblk1.lut0 (4 -> 1)
  Optimizing lut $abc$6037$auto$blifparse.cc:557:parse_blif$6235.genblk1.genblk1.genblk1.genblk1.genblk1.lut0 (4 -> 1)
  Optimizing lut $abc$6037$auto$blifparse.cc:557:parse_blif$6237.genblk1.genblk1.genblk1.genblk1.genblk1.lut0 (4 -> 1)
  Optimizing lut $abc$6037$auto$blifparse.cc:557:parse_blif$6239.genblk1.genblk1.genblk1.genblk1.genblk1.lut0 (4 -> 1)
  Optimizing lut $abc$6037$auto$blifparse.cc:557:parse_blif$6284.genblk1.genblk1.genblk1.genblk1.genblk1.lut0 (4 -> 0)
  Optimizing lut $abc$6037$auto$blifparse.cc:557:parse_blif$6286.genblk1.genblk1.genblk1.genblk1.genblk1.lut0 (4 -> 0)
  Optimizing lut $abc$6037$auto$blifparse.cc:557:parse_blif$6288.genblk1.genblk1.genblk1.genblk1.genblk1.lut0 (4 -> 0)
  Optimizing lut $abc$6037$auto$blifparse.cc:557:parse_blif$6307.genblk1.genblk1.genblk1.genblk1.genblk1.lut0 (4 -> 0)
  Optimizing lut $abc$6037$auto$blifparse.cc:557:parse_blif$6308.genblk1.genblk1.genblk1.genblk1.genblk1.lut0 (4 -> 0)
  Optimizing lut $abc$6037$auto$blifparse.cc:557:parse_blif$6309.genblk1.genblk1.genblk1.genblk1.genblk1.lut0 (4 -> 0)
  Optimizing lut $abc$6037$auto$blifparse.cc:557:parse_blif$6310.genblk1.genblk1.genblk1.genblk1.genblk1.lut0 (4 -> 0)
  Optimizing lut $abc$6037$auto$blifparse.cc:557:parse_blif$6311.genblk1.genblk1.genblk1.genblk1.genblk1.lut0 (4 -> 0)
  Optimizing lut $abc$6037$auto$blifparse.cc:557:parse_blif$6312.genblk1.genblk1.genblk1.genblk1.genblk1.lut0 (4 -> 0)
  Optimizing lut $abc$6037$auto$blifparse.cc:557:parse_blif$6313.genblk1.genblk1.genblk1.genblk1.genblk1.lut0 (4 -> 0)
  Optimizing lut $abc$6037$auto$blifparse.cc:557:parse_blif$6314.genblk1.genblk1.genblk1.genblk1.genblk1.lut0 (4 -> 0)
  Optimizing lut $abc$6037$auto$blifparse.cc:557:parse_blif$6315.genblk1.genblk1.genblk1.genblk1.genblk1.lut0 (4 -> 0)
  Optimizing lut $abc$6037$auto$blifparse.cc:557:parse_blif$6316.genblk1.genblk1.genblk1.genblk1.genblk1.lut0 (4 -> 0)
  Optimizing lut $abc$6037$auto$blifparse.cc:557:parse_blif$6317.genblk1.genblk1.genblk1.genblk1.genblk1.lut0 (4 -> 0)
  Optimizing lut $abc$6037$auto$blifparse.cc:557:parse_blif$6318.genblk1.genblk1.genblk1.genblk1.genblk1.lut0 (4 -> 0)
  Optimizing lut $abc$6037$auto$blifparse.cc:557:parse_blif$6319.genblk1.genblk1.genblk1.genblk1.genblk1.lut0 (4 -> 0)
  Optimizing lut $abc$6037$auto$blifparse.cc:557:parse_blif$6320.genblk1.genblk1.genblk1.genblk1.genblk1.lut0 (4 -> 0)
  Optimizing lut $abc$6037$auto$blifparse.cc:557:parse_blif$6321.genblk1.genblk1.genblk1.genblk1.genblk1.lut0 (4 -> 0)
  Optimizing lut $abc$6037$auto$blifparse.cc:557:parse_blif$6322.genblk1.genblk1.genblk1.genblk1.genblk1.lut0 (4 -> 0)
  Optimizing lut $abc$6037$auto$blifparse.cc:557:parse_blif$6323.genblk1.genblk1.genblk1.genblk1.genblk1.lut0 (4 -> 3)
  Optimizing lut $abc$6037$auto$blifparse.cc:557:parse_blif$6324.genblk1.genblk1.genblk1.genblk1.genblk1.lut0 (4 -> 3)
  Optimizing lut $abc$6037$auto$blifparse.cc:557:parse_blif$6333.genblk1.genblk1.genblk1.genblk1.genblk1.genblk1.lut0 (4 -> 3)
  Optimizing lut $abc$6037$auto$blifparse.cc:557:parse_blif$6334.genblk1.genblk1.genblk1.genblk1.genblk1.genblk1.lut0 (4 -> 3)
  Optimizing lut $abc$6037$auto$blifparse.cc:557:parse_blif$6335.genblk1.genblk1.genblk1.genblk1.genblk1.genblk1.lut0 (4 -> 3)
  Optimizing lut $abc$6037$auto$blifparse.cc:557:parse_blif$6336.genblk1.genblk1.genblk1.genblk1.genblk1.genblk1.lut0 (4 -> 3)
  Optimizing lut $abc$6037$auto$blifparse.cc:557:parse_blif$6337.genblk1.genblk1.genblk1.genblk1.genblk1.genblk1.lut0 (4 -> 3)
  Optimizing lut $abc$6037$auto$blifparse.cc:557:parse_blif$6338.genblk1.genblk1.genblk1.genblk1.genblk1.genblk1.lut0 (4 -> 3)
  Optimizing lut $abc$6037$auto$blifparse.cc:557:parse_blif$6340.genblk1.genblk1.genblk1.genblk1.genblk1.genblk1.lut0 (4 -> 3)
  Optimizing lut $abc$6037$auto$blifparse.cc:557:parse_blif$6342.genblk1.genblk1.genblk1.genblk1.genblk1.lut1 (4 -> 2)
  Optimizing lut $abc$6037$auto$blifparse.cc:557:parse_blif$6343.genblk1.genblk1.genblk1.genblk1.genblk1.lut0 (4 -> 3)
  Optimizing lut $abc$6037$auto$blifparse.cc:557:parse_blif$6345.genblk1.genblk1.genblk1.genblk1.genblk1.lut0 (4 -> 3)
  Optimizing lut $abc$6037$auto$blifparse.cc:557:parse_blif$6346.genblk1.genblk1.genblk1.genblk1.genblk1.lut0 (4 -> 3)
  Optimizing lut $abc$6037$auto$blifparse.cc:557:parse_blif$6347.genblk1.genblk1.genblk1.genblk1.genblk1.lut0 (4 -> 3)
  Optimizing lut $abc$6037$auto$blifparse.cc:557:parse_blif$6348.genblk1.genblk1.genblk1.genblk1.genblk1.lut0 (4 -> 3)
  Optimizing lut $abc$6037$auto$blifparse.cc:557:parse_blif$6349.genblk1.genblk1.genblk1.genblk1.genblk1.lut0 (4 -> 3)
  Optimizing lut $abc$6037$auto$blifparse.cc:557:parse_blif$6350.genblk1.genblk1.genblk1.genblk1.genblk1.lut0 (4 -> 3)
  Optimizing lut $abc$6037$auto$blifparse.cc:557:parse_blif$6351.genblk1.genblk1.genblk1.genblk1.genblk1.lut0 (4 -> 3)
  Optimizing lut $abc$6037$auto$blifparse.cc:557:parse_blif$6352.genblk1.genblk1.genblk1.genblk1.genblk1.lut0 (4 -> 3)
  Optimizing lut $abc$6037$auto$blifparse.cc:557:parse_blif$6353.genblk1.genblk1.genblk1.genblk1.genblk1.lut0 (4 -> 3)
  Optimizing lut $abc$6037$auto$blifparse.cc:557:parse_blif$6354.genblk1.genblk1.genblk1.genblk1.genblk1.lut0 (4 -> 3)
  Optimizing lut $abc$6037$auto$blifparse.cc:557:parse_blif$6355.genblk1.genblk1.genblk1.genblk1.genblk1.lut0 (4 -> 3)
  Optimizing lut $abc$6037$auto$blifparse.cc:557:parse_blif$6356.genblk1.genblk1.genblk1.genblk1.genblk1.lut0 (4 -> 3)
  Optimizing lut $abc$6037$auto$blifparse.cc:557:parse_blif$6357.genblk1.genblk1.genblk1.genblk1.genblk1.lut0 (4 -> 3)
  Optimizing lut $abc$6037$auto$blifparse.cc:557:parse_blif$6358.genblk1.genblk1.genblk1.genblk1.genblk1.lut0 (4 -> 3)
  Optimizing lut $abc$6037$auto$blifparse.cc:557:parse_blif$6360.genblk1.genblk1.genblk1.genblk1.genblk1.lut1 (4 -> 1)
  Optimizing lut $abc$6037$auto$blifparse.cc:557:parse_blif$6360.genblk1.genblk1.genblk1.genblk1.genblk1.lut0 (4 -> 3)
  Optimizing lut $abc$6037$auto$blifparse.cc:557:parse_blif$6362.genblk1.genblk1.genblk1.genblk1.genblk1.lut1 (4 -> 1)
  Optimizing lut $abc$6037$auto$blifparse.cc:557:parse_blif$6362.genblk1.genblk1.genblk1.genblk1.genblk1.lut0 (4 -> 3)
  Optimizing lut $abc$6037$auto$blifparse.cc:557:parse_blif$6363.genblk1.genblk1.genblk1.genblk1.genblk1.lut0 (4 -> 3)
  Optimizing lut $abc$6037$auto$blifparse.cc:557:parse_blif$6365.genblk1.genblk1.genblk1.genblk1.genblk1.lut1 (4 -> 1)
  Optimizing lut $abc$6037$auto$blifparse.cc:557:parse_blif$6365.genblk1.genblk1.genblk1.genblk1.genblk1.lut0 (4 -> 3)
  Optimizing lut $abc$6037$auto$blifparse.cc:557:parse_blif$6368.genblk1.genblk1.genblk1.genblk1.genblk1.lut1 (4 -> 1)
  Optimizing lut $abc$6037$auto$blifparse.cc:557:parse_blif$6368.genblk1.genblk1.genblk1.genblk1.genblk1.lut0 (4 -> 3)
  Optimizing lut $abc$6037$auto$blifparse.cc:557:parse_blif$6371.genblk1.genblk1.genblk1.genblk1.genblk1.lut1 (4 -> 1)
  Optimizing lut $abc$6037$auto$blifparse.cc:557:parse_blif$6371.genblk1.genblk1.genblk1.genblk1.genblk1.lut0 (4 -> 3)
  Optimizing lut $abc$6037$auto$blifparse.cc:557:parse_blif$6374.genblk1.genblk1.genblk1.genblk1.genblk1.lut1 (4 -> 1)
  Optimizing lut $abc$6037$auto$blifparse.cc:557:parse_blif$6374.genblk1.genblk1.genblk1.genblk1.genblk1.lut0 (4 -> 3)
  Optimizing lut $abc$6037$auto$blifparse.cc:557:parse_blif$6377.genblk1.genblk1.genblk1.genblk1.genblk1.lut1 (4 -> 1)
  Optimizing lut $abc$6037$auto$blifparse.cc:557:parse_blif$6377.genblk1.genblk1.genblk1.genblk1.genblk1.lut0 (4 -> 3)
Removed 0 unused cells and 911 unused wires.

6.50. Executing AUTONAME pass.
Renamed 80 objects in module top_zkf_add_w8_m18_stage_decode (4 iterations).
Renamed 2356 objects in module $paramod$73d19c912a883d1ee1979033e573e00ce9efcbb9\zkf_add (445 iterations).
<suppressed ~2436 debug messages>

6.51. Executing HIERARCHY pass (managing design hierarchy).
Attribute `top' found on module `top_zkf_add_w8_m18_stage_decode'. Setting top module to top_zkf_add_w8_m18_stage_decode.

6.51.1. Analyzing design hierarchy..
Top module:  \top_zkf_add_w8_m18_stage_decode
Used module:     $paramod$73d19c912a883d1ee1979033e573e00ce9efcbb9\zkf_add

6.51.2. Analyzing design hierarchy..
Top module:  \top_zkf_add_w8_m18_stage_decode
Used module:     $paramod$73d19c912a883d1ee1979033e573e00ce9efcbb9\zkf_add
Removed 0 unused modules.

6.52. Printing statistics.

=== top_zkf_add_w8_m18_stage_decode ===

        +----------Local Count, excluding submodules.
        | 
       14 wires
      189 wire bits
       14 public wires
      189 public wire bits
        7 ports
       82 port bits
       81 submodules
        1   $paramod$73d19c912a883d1ee1979033e573e00ce9efcbb9\zkf_add
       80   TRELLIS_FF

=== $paramod$73d19c912a883d1ee1979033e573e00ce9efcbb9\zkf_add ===

        +----------Local Count, excluding submodules.
        | 
     1105 wires
     3435 wire bits
     1105 public wires
     3435 public wire bits
        7 ports
       82 port bits
        4 cells
        4   $scopeinfo
     1395 submodules
       50   CCU2C
       98   L6MUX21
      721   LUT4
      238   PFUMX
      288   TRELLIS_FF

=== design hierarchy ===

        +----------Count including submodules.
        | 
        4 top_zkf_add_w8_m18_stage_decode
        4 $paramod$73d19c912a883d1ee1979033e573e00ce9efcbb9\zkf_add

        +----------Count including submodules.
        | 
     1119 wires
     3624 wire bits
     1119 public wires
     3624 public wire bits
       14 ports
      164 port bits
        - memories
        - memory bits
        - processes
        4 cells
        4   $scopeinfo
       81 submodules
        1   $paramod$73d19c912a883d1ee1979033e573e00ce9efcbb9\zkf_add
       80   TRELLIS_FF

6.53. Executing CHECK pass (checking for obvious problems).
Checking module top_zkf_add_w8_m18_stage_decode...
Checking module $paramod$73d19c912a883d1ee1979033e573e00ce9efcbb9\zkf_add...
Found and reported 0 problems.

6.54. Executing JSON backend.

End of script. Logfile hash: 90af5bb004, time: 5.43s, user: 2.24s, system: 0.17s, MEM: 69.95 MB peak
Yosys 0.64+215 (git sha1 54866d154, clang++ 18.1.8 -fPIC -O3)
Time spent: 37% 3x abc (1 sec), 15% 1x autoname (0 sec), ...
$ yosys -s /mnt/storage/test/zkf-vs-flopoco/artifacts/targets/ecp5-yosys/rows/zkf_add_w8_m18_stage_decode/yosys.ys


[exit code 0]
