
****** Vivado v2025.2.1 (64-bit)
  **** SW Build 6403652 on Thu Mar 19 13:47:00 MDT 2026
  **** IP Build 6403511 on Thu Mar 19 12:41:45 MDT 2026
  **** SharedData Build 6403650 on Thu Mar 19 14:02:13 MDT 2026
  **** Start of session at: Sat May 23 23:30:27 2026
    ** Copyright 1986-2022 Xilinx, Inc. All Rights Reserved.
    ** Copyright 2022-2026 Advanced Micro Devices, Inc. All Rights Reserved.

source /mnt/storage/test/zkf-vs-flopoco/artifacts/targets/spartan7-vivado/rows/flopoco_div_we8_wf17_zynq7000_native_srt_87_f300/vivado.tcl -notrace
read_xdc: Time (s): cpu = 00:00:11 ; elapsed = 00:00:11 . Memory (MB): peak = 1553.027 ; gain = 48.840 ; free physical = 11313 ; free virtual = 15564
Command: synth_design -top top_flopoco_div_we8_wf17_zynq7000_native_srt_87_f300 -part xc7s50csga324-1 -mode out_of_context -flatten_hierarchy rebuilt
Starting synth_design
Attempting to get a license for feature 'Synthesis' and/or device 'xc7s50'
INFO: [Common 17-349] Got license for feature 'Synthesis' and/or device 'xc7s50'
INFO: [Device 21-403] Loading part xc7s50csga324-1
INFO: [Synth 8-7079] Multithreading enabled for synth_design using a maximum of 1 processes.
INFO: [Synth 8-7078] Launching helper process for spawning children vivado processes
INFO: [Synth 8-7075] Helper process launched with PID 195334
---------------------------------------------------------------------------------
Starting RTL Elaboration : Time (s): cpu = 00:00:07 ; elapsed = 00:00:07 . Memory (MB): peak = 2194.121 ; gain = 482.875 ; free physical = 9962 ; free virtual = 14218
---------------------------------------------------------------------------------
INFO: [Synth 8-638] synthesizing module 'top_flopoco_div_we8_wf17_zynq7000_native_srt_87_f300' [/mnt/storage/test/zkf-vs-flopoco/artifacts/targets/spartan7-vivado/rows/flopoco_div_we8_wf17_zynq7000_native_srt_87_f300/src/top_flopoco_div_we8_wf17_zynq7000_native_srt_87_f300.vhdl:13]
INFO: [Synth 8-638] synthesizing module 'flopoco_div_we8_wf17_zynq7000_native_srt_87_f300' [/mnt/storage/test/zkf-vs-flopoco/artifacts/targets/spartan7-vivado/rows/flopoco_div_we8_wf17_zynq7000_native_srt_87_f300/src/flopoco_div_we8_wf17_zynq7000_native_srt_87_f300.vhdl:200]
INFO: [Synth 8-3491] module 'selFunction7_4_Freq300_uid4' declared at '/mnt/storage/test/zkf-vs-flopoco/artifacts/targets/spartan7-vivado/rows/flopoco_div_we8_wf17_zynq7000_native_srt_87_f300/src/flopoco_div_we8_wf17_zynq7000_native_srt_87_f300.vhdl:24' bound to instance 'SelFunctionTable7' of component 'selFunction7_4_Freq300_uid4' [/mnt/storage/test/zkf-vs-flopoco/artifacts/targets/spartan7-vivado/rows/flopoco_div_we8_wf17_zynq7000_native_srt_87_f300/src/flopoco_div_we8_wf17_zynq7000_native_srt_87_f300.vhdl:631]
INFO: [Synth 8-638] synthesizing module 'selFunction7_4_Freq300_uid4' [/mnt/storage/test/zkf-vs-flopoco/artifacts/targets/spartan7-vivado/rows/flopoco_div_we8_wf17_zynq7000_native_srt_87_f300/src/flopoco_div_we8_wf17_zynq7000_native_srt_87_f300.vhdl:29]
INFO: [Synth 8-226] default block is never used [/mnt/storage/test/zkf-vs-flopoco/artifacts/targets/spartan7-vivado/rows/flopoco_div_we8_wf17_zynq7000_native_srt_87_f300/src/flopoco_div_we8_wf17_zynq7000_native_srt_87_f300.vhdl:35]
INFO: [Synth 8-256] done synthesizing module 'selFunction7_4_Freq300_uid4' (0#1) [/mnt/storage/test/zkf-vs-flopoco/artifacts/targets/spartan7-vivado/rows/flopoco_div_we8_wf17_zynq7000_native_srt_87_f300/src/flopoco_div_we8_wf17_zynq7000_native_srt_87_f300.vhdl:29]
INFO: [Synth 8-3491] module 'selFunction7_4_Freq300_uid4' declared at '/mnt/storage/test/zkf-vs-flopoco/artifacts/targets/spartan7-vivado/rows/flopoco_div_we8_wf17_zynq7000_native_srt_87_f300/src/flopoco_div_we8_wf17_zynq7000_native_srt_87_f300.vhdl:24' bound to instance 'SelFunctionTable6' of component 'selFunction7_4_Freq300_uid4' [/mnt/storage/test/zkf-vs-flopoco/artifacts/targets/spartan7-vivado/rows/flopoco_div_we8_wf17_zynq7000_native_srt_87_f300/src/flopoco_div_we8_wf17_zynq7000_native_srt_87_f300.vhdl:653]
INFO: [Synth 8-3491] module 'selFunction7_4_Freq300_uid4' declared at '/mnt/storage/test/zkf-vs-flopoco/artifacts/targets/spartan7-vivado/rows/flopoco_div_we8_wf17_zynq7000_native_srt_87_f300/src/flopoco_div_we8_wf17_zynq7000_native_srt_87_f300.vhdl:24' bound to instance 'SelFunctionTable5' of component 'selFunction7_4_Freq300_uid4' [/mnt/storage/test/zkf-vs-flopoco/artifacts/targets/spartan7-vivado/rows/flopoco_div_we8_wf17_zynq7000_native_srt_87_f300/src/flopoco_div_we8_wf17_zynq7000_native_srt_87_f300.vhdl:675]
INFO: [Synth 8-3491] module 'selFunction7_4_Freq300_uid4' declared at '/mnt/storage/test/zkf-vs-flopoco/artifacts/targets/spartan7-vivado/rows/flopoco_div_we8_wf17_zynq7000_native_srt_87_f300/src/flopoco_div_we8_wf17_zynq7000_native_srt_87_f300.vhdl:24' bound to instance 'SelFunctionTable4' of component 'selFunction7_4_Freq300_uid4' [/mnt/storage/test/zkf-vs-flopoco/artifacts/targets/spartan7-vivado/rows/flopoco_div_we8_wf17_zynq7000_native_srt_87_f300/src/flopoco_div_we8_wf17_zynq7000_native_srt_87_f300.vhdl:697]
INFO: [Synth 8-3491] module 'selFunction7_4_Freq300_uid4' declared at '/mnt/storage/test/zkf-vs-flopoco/artifacts/targets/spartan7-vivado/rows/flopoco_div_we8_wf17_zynq7000_native_srt_87_f300/src/flopoco_div_we8_wf17_zynq7000_native_srt_87_f300.vhdl:24' bound to instance 'SelFunctionTable3' of component 'selFunction7_4_Freq300_uid4' [/mnt/storage/test/zkf-vs-flopoco/artifacts/targets/spartan7-vivado/rows/flopoco_div_we8_wf17_zynq7000_native_srt_87_f300/src/flopoco_div_we8_wf17_zynq7000_native_srt_87_f300.vhdl:719]
INFO: [Synth 8-3491] module 'selFunction7_4_Freq300_uid4' declared at '/mnt/storage/test/zkf-vs-flopoco/artifacts/targets/spartan7-vivado/rows/flopoco_div_we8_wf17_zynq7000_native_srt_87_f300/src/flopoco_div_we8_wf17_zynq7000_native_srt_87_f300.vhdl:24' bound to instance 'SelFunctionTable2' of component 'selFunction7_4_Freq300_uid4' [/mnt/storage/test/zkf-vs-flopoco/artifacts/targets/spartan7-vivado/rows/flopoco_div_we8_wf17_zynq7000_native_srt_87_f300/src/flopoco_div_we8_wf17_zynq7000_native_srt_87_f300.vhdl:741]
INFO: [Synth 8-3491] module 'selFunction7_4_Freq300_uid4' declared at '/mnt/storage/test/zkf-vs-flopoco/artifacts/targets/spartan7-vivado/rows/flopoco_div_we8_wf17_zynq7000_native_srt_87_f300/src/flopoco_div_we8_wf17_zynq7000_native_srt_87_f300.vhdl:24' bound to instance 'SelFunctionTable1' of component 'selFunction7_4_Freq300_uid4' [/mnt/storage/test/zkf-vs-flopoco/artifacts/targets/spartan7-vivado/rows/flopoco_div_we8_wf17_zynq7000_native_srt_87_f300/src/flopoco_div_we8_wf17_zynq7000_native_srt_87_f300.vhdl:763]
INFO: [Synth 8-256] done synthesizing module 'flopoco_div_we8_wf17_zynq7000_native_srt_87_f300' (0#1) [/mnt/storage/test/zkf-vs-flopoco/artifacts/targets/spartan7-vivado/rows/flopoco_div_we8_wf17_zynq7000_native_srt_87_f300/src/flopoco_div_we8_wf17_zynq7000_native_srt_87_f300.vhdl:200]
INFO: [Synth 8-256] done synthesizing module 'top_flopoco_div_we8_wf17_zynq7000_native_srt_87_f300' (0#1) [/mnt/storage/test/zkf-vs-flopoco/artifacts/targets/spartan7-vivado/rows/flopoco_div_we8_wf17_zynq7000_native_srt_87_f300/src/top_flopoco_div_we8_wf17_zynq7000_native_srt_87_f300.vhdl:13]
WARNING: [Synth 8-3936] Found unconnected internal register 'w0full_reg' and it is trimmed from '24' to '21' bits. [/mnt/storage/test/zkf-vs-flopoco/artifacts/targets/spartan7-vivado/rows/flopoco_div_we8_wf17_zynq7000_native_srt_87_f300/src/flopoco_div_we8_wf17_zynq7000_native_srt_87_f300.vhdl:780]
WARNING: [Synth 8-3936] Found unconnected internal register 'w0fulla_reg' and it is trimmed from '24' to '21' bits. [/mnt/storage/test/zkf-vs-flopoco/artifacts/targets/spartan7-vivado/rows/flopoco_div_we8_wf17_zynq7000_native_srt_87_f300/src/flopoco_div_we8_wf17_zynq7000_native_srt_87_f300.vhdl:769]
WARNING: [Synth 8-3936] Found unconnected internal register 'w1pad_d1_reg' and it is trimmed from '24' to '21' bits. [/mnt/storage/test/zkf-vs-flopoco/artifacts/targets/spartan7-vivado/rows/flopoco_div_we8_wf17_zynq7000_native_srt_87_f300/src/flopoco_div_we8_wf17_zynq7000_native_srt_87_f300.vhdl:488]
WARNING: [Synth 8-3936] Found unconnected internal register 'w1full_reg' and it is trimmed from '24' to '21' bits. [/mnt/storage/test/zkf-vs-flopoco/artifacts/targets/spartan7-vivado/rows/flopoco_div_we8_wf17_zynq7000_native_srt_87_f300/src/flopoco_div_we8_wf17_zynq7000_native_srt_87_f300.vhdl:758]
WARNING: [Synth 8-3936] Found unconnected internal register 'w1fulla_d1_reg' and it is trimmed from '24' to '21' bits. [/mnt/storage/test/zkf-vs-flopoco/artifacts/targets/spartan7-vivado/rows/flopoco_div_we8_wf17_zynq7000_native_srt_87_f300/src/flopoco_div_we8_wf17_zynq7000_native_srt_87_f300.vhdl:484]
WARNING: [Synth 8-3936] Found unconnected internal register 'w1fulla_reg' and it is trimmed from '24' to '21' bits. [/mnt/storage/test/zkf-vs-flopoco/artifacts/targets/spartan7-vivado/rows/flopoco_div_we8_wf17_zynq7000_native_srt_87_f300/src/flopoco_div_we8_wf17_zynq7000_native_srt_87_f300.vhdl:484]
WARNING: [Synth 8-3936] Found unconnected internal register 'w2pad_d1_reg' and it is trimmed from '24' to '21' bits. [/mnt/storage/test/zkf-vs-flopoco/artifacts/targets/spartan7-vivado/rows/flopoco_div_we8_wf17_zynq7000_native_srt_87_f300/src/flopoco_div_we8_wf17_zynq7000_native_srt_87_f300.vhdl:483]
WARNING: [Synth 8-3936] Found unconnected internal register 'w2full_reg' and it is trimmed from '24' to '21' bits. [/mnt/storage/test/zkf-vs-flopoco/artifacts/targets/spartan7-vivado/rows/flopoco_div_we8_wf17_zynq7000_native_srt_87_f300/src/flopoco_div_we8_wf17_zynq7000_native_srt_87_f300.vhdl:736]
WARNING: [Synth 8-3936] Found unconnected internal register 'w2fulla_d1_reg' and it is trimmed from '24' to '21' bits. [/mnt/storage/test/zkf-vs-flopoco/artifacts/targets/spartan7-vivado/rows/flopoco_div_we8_wf17_zynq7000_native_srt_87_f300/src/flopoco_div_we8_wf17_zynq7000_native_srt_87_f300.vhdl:478]
WARNING: [Synth 8-3936] Found unconnected internal register 'w2fulla_reg' and it is trimmed from '24' to '21' bits. [/mnt/storage/test/zkf-vs-flopoco/artifacts/targets/spartan7-vivado/rows/flopoco_div_we8_wf17_zynq7000_native_srt_87_f300/src/flopoco_div_we8_wf17_zynq7000_native_srt_87_f300.vhdl:478]
WARNING: [Synth 8-3936] Found unconnected internal register 'w3pad_d1_reg' and it is trimmed from '24' to '21' bits. [/mnt/storage/test/zkf-vs-flopoco/artifacts/targets/spartan7-vivado/rows/flopoco_div_we8_wf17_zynq7000_native_srt_87_f300/src/flopoco_div_we8_wf17_zynq7000_native_srt_87_f300.vhdl:477]
WARNING: [Synth 8-3936] Found unconnected internal register 'w3full_reg' and it is trimmed from '24' to '21' bits. [/mnt/storage/test/zkf-vs-flopoco/artifacts/targets/spartan7-vivado/rows/flopoco_div_we8_wf17_zynq7000_native_srt_87_f300/src/flopoco_div_we8_wf17_zynq7000_native_srt_87_f300.vhdl:714]
WARNING: [Synth 8-3936] Found unconnected internal register 'w3fulla_d1_reg' and it is trimmed from '24' to '21' bits. [/mnt/storage/test/zkf-vs-flopoco/artifacts/targets/spartan7-vivado/rows/flopoco_div_we8_wf17_zynq7000_native_srt_87_f300/src/flopoco_div_we8_wf17_zynq7000_native_srt_87_f300.vhdl:472]
WARNING: [Synth 8-3936] Found unconnected internal register 'w3fulla_reg' and it is trimmed from '24' to '21' bits. [/mnt/storage/test/zkf-vs-flopoco/artifacts/targets/spartan7-vivado/rows/flopoco_div_we8_wf17_zynq7000_native_srt_87_f300/src/flopoco_div_we8_wf17_zynq7000_native_srt_87_f300.vhdl:472]
WARNING: [Synth 8-3936] Found unconnected internal register 'w4pad_d1_reg' and it is trimmed from '24' to '21' bits. [/mnt/storage/test/zkf-vs-flopoco/artifacts/targets/spartan7-vivado/rows/flopoco_div_we8_wf17_zynq7000_native_srt_87_f300/src/flopoco_div_we8_wf17_zynq7000_native_srt_87_f300.vhdl:471]
WARNING: [Synth 8-3936] Found unconnected internal register 'w4full_reg' and it is trimmed from '24' to '21' bits. [/mnt/storage/test/zkf-vs-flopoco/artifacts/targets/spartan7-vivado/rows/flopoco_div_we8_wf17_zynq7000_native_srt_87_f300/src/flopoco_div_we8_wf17_zynq7000_native_srt_87_f300.vhdl:692]
WARNING: [Synth 8-3936] Found unconnected internal register 'w4fulla_d1_reg' and it is trimmed from '24' to '21' bits. [/mnt/storage/test/zkf-vs-flopoco/artifacts/targets/spartan7-vivado/rows/flopoco_div_we8_wf17_zynq7000_native_srt_87_f300/src/flopoco_div_we8_wf17_zynq7000_native_srt_87_f300.vhdl:467]
WARNING: [Synth 8-3936] Found unconnected internal register 'w4fulla_reg' and it is trimmed from '24' to '21' bits. [/mnt/storage/test/zkf-vs-flopoco/artifacts/targets/spartan7-vivado/rows/flopoco_div_we8_wf17_zynq7000_native_srt_87_f300/src/flopoco_div_we8_wf17_zynq7000_native_srt_87_f300.vhdl:467]
WARNING: [Synth 8-3936] Found unconnected internal register 'w5pad_d1_reg' and it is trimmed from '24' to '21' bits. [/mnt/storage/test/zkf-vs-flopoco/artifacts/targets/spartan7-vivado/rows/flopoco_div_we8_wf17_zynq7000_native_srt_87_f300/src/flopoco_div_we8_wf17_zynq7000_native_srt_87_f300.vhdl:466]
WARNING: [Synth 8-3936] Found unconnected internal register 'w5full_reg' and it is trimmed from '24' to '21' bits. [/mnt/storage/test/zkf-vs-flopoco/artifacts/targets/spartan7-vivado/rows/flopoco_div_we8_wf17_zynq7000_native_srt_87_f300/src/flopoco_div_we8_wf17_zynq7000_native_srt_87_f300.vhdl:670]
WARNING: [Synth 8-3936] Found unconnected internal register 'w5fulla_d1_reg' and it is trimmed from '24' to '21' bits. [/mnt/storage/test/zkf-vs-flopoco/artifacts/targets/spartan7-vivado/rows/flopoco_div_we8_wf17_zynq7000_native_srt_87_f300/src/flopoco_div_we8_wf17_zynq7000_native_srt_87_f300.vhdl:462]
WARNING: [Synth 8-3936] Found unconnected internal register 'w5fulla_reg' and it is trimmed from '24' to '21' bits. [/mnt/storage/test/zkf-vs-flopoco/artifacts/targets/spartan7-vivado/rows/flopoco_div_we8_wf17_zynq7000_native_srt_87_f300/src/flopoco_div_we8_wf17_zynq7000_native_srt_87_f300.vhdl:462]
WARNING: [Synth 8-3936] Found unconnected internal register 'w6pad_d1_reg' and it is trimmed from '24' to '21' bits. [/mnt/storage/test/zkf-vs-flopoco/artifacts/targets/spartan7-vivado/rows/flopoco_div_we8_wf17_zynq7000_native_srt_87_f300/src/flopoco_div_we8_wf17_zynq7000_native_srt_87_f300.vhdl:461]
WARNING: [Synth 8-3936] Found unconnected internal register 'w6full_reg' and it is trimmed from '24' to '21' bits. [/mnt/storage/test/zkf-vs-flopoco/artifacts/targets/spartan7-vivado/rows/flopoco_div_we8_wf17_zynq7000_native_srt_87_f300/src/flopoco_div_we8_wf17_zynq7000_native_srt_87_f300.vhdl:648]
WARNING: [Synth 8-3936] Found unconnected internal register 'w6fulla_d1_reg' and it is trimmed from '24' to '21' bits. [/mnt/storage/test/zkf-vs-flopoco/artifacts/targets/spartan7-vivado/rows/flopoco_div_we8_wf17_zynq7000_native_srt_87_f300/src/flopoco_div_we8_wf17_zynq7000_native_srt_87_f300.vhdl:457]
WARNING: [Synth 8-3936] Found unconnected internal register 'w6fulla_reg' and it is trimmed from '24' to '21' bits. [/mnt/storage/test/zkf-vs-flopoco/artifacts/targets/spartan7-vivado/rows/flopoco_div_we8_wf17_zynq7000_native_srt_87_f300/src/flopoco_div_we8_wf17_zynq7000_native_srt_87_f300.vhdl:457]
WARNING: [Synth 8-3936] Found unconnected internal register 'w7pad_d1_reg' and it is trimmed from '24' to '21' bits. [/mnt/storage/test/zkf-vs-flopoco/artifacts/targets/spartan7-vivado/rows/flopoco_div_we8_wf17_zynq7000_native_srt_87_f300/src/flopoco_div_we8_wf17_zynq7000_native_srt_87_f300.vhdl:456]
WARNING: [Synth 8-3936] Found unconnected internal register 'qM7_d13_reg' and it is trimmed from '3' to '2' bits. [/mnt/storage/test/zkf-vs-flopoco/artifacts/targets/spartan7-vivado/rows/flopoco_div_we8_wf17_zynq7000_native_srt_87_f300/src/flopoco_div_we8_wf17_zynq7000_native_srt_87_f300.vhdl:516]
WARNING: [Synth 8-3936] Found unconnected internal register 'qM7_d12_reg' and it is trimmed from '3' to '2' bits. [/mnt/storage/test/zkf-vs-flopoco/artifacts/targets/spartan7-vivado/rows/flopoco_div_we8_wf17_zynq7000_native_srt_87_f300/src/flopoco_div_we8_wf17_zynq7000_native_srt_87_f300.vhdl:515]
WARNING: [Synth 8-3936] Found unconnected internal register 'qM7_d11_reg' and it is trimmed from '3' to '2' bits. [/mnt/storage/test/zkf-vs-flopoco/artifacts/targets/spartan7-vivado/rows/flopoco_div_we8_wf17_zynq7000_native_srt_87_f300/src/flopoco_div_we8_wf17_zynq7000_native_srt_87_f300.vhdl:514]
WARNING: [Synth 8-3936] Found unconnected internal register 'qM7_d10_reg' and it is trimmed from '3' to '2' bits. [/mnt/storage/test/zkf-vs-flopoco/artifacts/targets/spartan7-vivado/rows/flopoco_div_we8_wf17_zynq7000_native_srt_87_f300/src/flopoco_div_we8_wf17_zynq7000_native_srt_87_f300.vhdl:513]
WARNING: [Synth 8-3936] Found unconnected internal register 'qM7_d9_reg' and it is trimmed from '3' to '2' bits. [/mnt/storage/test/zkf-vs-flopoco/artifacts/targets/spartan7-vivado/rows/flopoco_div_we8_wf17_zynq7000_native_srt_87_f300/src/flopoco_div_we8_wf17_zynq7000_native_srt_87_f300.vhdl:512]
WARNING: [Synth 8-3936] Found unconnected internal register 'qM7_d8_reg' and it is trimmed from '3' to '2' bits. [/mnt/storage/test/zkf-vs-flopoco/artifacts/targets/spartan7-vivado/rows/flopoco_div_we8_wf17_zynq7000_native_srt_87_f300/src/flopoco_div_we8_wf17_zynq7000_native_srt_87_f300.vhdl:511]
WARNING: [Synth 8-3936] Found unconnected internal register 'qM7_d7_reg' and it is trimmed from '3' to '2' bits. [/mnt/storage/test/zkf-vs-flopoco/artifacts/targets/spartan7-vivado/rows/flopoco_div_we8_wf17_zynq7000_native_srt_87_f300/src/flopoco_div_we8_wf17_zynq7000_native_srt_87_f300.vhdl:510]
WARNING: [Synth 8-3936] Found unconnected internal register 'qM7_d6_reg' and it is trimmed from '3' to '2' bits. [/mnt/storage/test/zkf-vs-flopoco/artifacts/targets/spartan7-vivado/rows/flopoco_div_we8_wf17_zynq7000_native_srt_87_f300/src/flopoco_div_we8_wf17_zynq7000_native_srt_87_f300.vhdl:509]
WARNING: [Synth 8-3936] Found unconnected internal register 'qM7_d5_reg' and it is trimmed from '3' to '2' bits. [/mnt/storage/test/zkf-vs-flopoco/artifacts/targets/spartan7-vivado/rows/flopoco_div_we8_wf17_zynq7000_native_srt_87_f300/src/flopoco_div_we8_wf17_zynq7000_native_srt_87_f300.vhdl:508]
WARNING: [Synth 8-3936] Found unconnected internal register 'qM7_d4_reg' and it is trimmed from '3' to '2' bits. [/mnt/storage/test/zkf-vs-flopoco/artifacts/targets/spartan7-vivado/rows/flopoco_div_we8_wf17_zynq7000_native_srt_87_f300/src/flopoco_div_we8_wf17_zynq7000_native_srt_87_f300.vhdl:507]
WARNING: [Synth 8-3936] Found unconnected internal register 'qM7_d3_reg' and it is trimmed from '3' to '2' bits. [/mnt/storage/test/zkf-vs-flopoco/artifacts/targets/spartan7-vivado/rows/flopoco_div_we8_wf17_zynq7000_native_srt_87_f300/src/flopoco_div_we8_wf17_zynq7000_native_srt_87_f300.vhdl:506]
WARNING: [Synth 8-3936] Found unconnected internal register 'qM7_d2_reg' and it is trimmed from '3' to '2' bits. [/mnt/storage/test/zkf-vs-flopoco/artifacts/targets/spartan7-vivado/rows/flopoco_div_we8_wf17_zynq7000_native_srt_87_f300/src/flopoco_div_we8_wf17_zynq7000_native_srt_87_f300.vhdl:505]
WARNING: [Synth 8-3936] Found unconnected internal register 'qM7_d1_reg' and it is trimmed from '3' to '2' bits. [/mnt/storage/test/zkf-vs-flopoco/artifacts/targets/spartan7-vivado/rows/flopoco_div_we8_wf17_zynq7000_native_srt_87_f300/src/flopoco_div_we8_wf17_zynq7000_native_srt_87_f300.vhdl:504]
WARNING: [Synth 8-3936] Found unconnected internal register 'qP7_d13_reg' and it is trimmed from '3' to '2' bits. [/mnt/storage/test/zkf-vs-flopoco/artifacts/targets/spartan7-vivado/rows/flopoco_div_we8_wf17_zynq7000_native_srt_87_f300/src/flopoco_div_we8_wf17_zynq7000_native_srt_87_f300.vhdl:503]
WARNING: [Synth 8-3936] Found unconnected internal register 'qP7_d12_reg' and it is trimmed from '3' to '2' bits. [/mnt/storage/test/zkf-vs-flopoco/artifacts/targets/spartan7-vivado/rows/flopoco_div_we8_wf17_zynq7000_native_srt_87_f300/src/flopoco_div_we8_wf17_zynq7000_native_srt_87_f300.vhdl:502]
WARNING: [Synth 8-3936] Found unconnected internal register 'qP7_d11_reg' and it is trimmed from '3' to '2' bits. [/mnt/storage/test/zkf-vs-flopoco/artifacts/targets/spartan7-vivado/rows/flopoco_div_we8_wf17_zynq7000_native_srt_87_f300/src/flopoco_div_we8_wf17_zynq7000_native_srt_87_f300.vhdl:501]
WARNING: [Synth 8-3936] Found unconnected internal register 'qP7_d10_reg' and it is trimmed from '3' to '2' bits. [/mnt/storage/test/zkf-vs-flopoco/artifacts/targets/spartan7-vivado/rows/flopoco_div_we8_wf17_zynq7000_native_srt_87_f300/src/flopoco_div_we8_wf17_zynq7000_native_srt_87_f300.vhdl:500]
WARNING: [Synth 8-3936] Found unconnected internal register 'qP7_d9_reg' and it is trimmed from '3' to '2' bits. [/mnt/storage/test/zkf-vs-flopoco/artifacts/targets/spartan7-vivado/rows/flopoco_div_we8_wf17_zynq7000_native_srt_87_f300/src/flopoco_div_we8_wf17_zynq7000_native_srt_87_f300.vhdl:499]
WARNING: [Synth 8-3936] Found unconnected internal register 'qP7_d8_reg' and it is trimmed from '3' to '2' bits. [/mnt/storage/test/zkf-vs-flopoco/artifacts/targets/spartan7-vivado/rows/flopoco_div_we8_wf17_zynq7000_native_srt_87_f300/src/flopoco_div_we8_wf17_zynq7000_native_srt_87_f300.vhdl:498]
WARNING: [Synth 8-3936] Found unconnected internal register 'qP7_d7_reg' and it is trimmed from '3' to '2' bits. [/mnt/storage/test/zkf-vs-flopoco/artifacts/targets/spartan7-vivado/rows/flopoco_div_we8_wf17_zynq7000_native_srt_87_f300/src/flopoco_div_we8_wf17_zynq7000_native_srt_87_f300.vhdl:497]
WARNING: [Synth 8-3936] Found unconnected internal register 'qP7_d6_reg' and it is trimmed from '3' to '2' bits. [/mnt/storage/test/zkf-vs-flopoco/artifacts/targets/spartan7-vivado/rows/flopoco_div_we8_wf17_zynq7000_native_srt_87_f300/src/flopoco_div_we8_wf17_zynq7000_native_srt_87_f300.vhdl:496]
WARNING: [Synth 8-3936] Found unconnected internal register 'qP7_d5_reg' and it is trimmed from '3' to '2' bits. [/mnt/storage/test/zkf-vs-flopoco/artifacts/targets/spartan7-vivado/rows/flopoco_div_we8_wf17_zynq7000_native_srt_87_f300/src/flopoco_div_we8_wf17_zynq7000_native_srt_87_f300.vhdl:495]
WARNING: [Synth 8-3936] Found unconnected internal register 'qP7_d4_reg' and it is trimmed from '3' to '2' bits. [/mnt/storage/test/zkf-vs-flopoco/artifacts/targets/spartan7-vivado/rows/flopoco_div_we8_wf17_zynq7000_native_srt_87_f300/src/flopoco_div_we8_wf17_zynq7000_native_srt_87_f300.vhdl:494]
WARNING: [Synth 8-3936] Found unconnected internal register 'qP7_d3_reg' and it is trimmed from '3' to '2' bits. [/mnt/storage/test/zkf-vs-flopoco/artifacts/targets/spartan7-vivado/rows/flopoco_div_we8_wf17_zynq7000_native_srt_87_f300/src/flopoco_div_we8_wf17_zynq7000_native_srt_87_f300.vhdl:493]
WARNING: [Synth 8-3936] Found unconnected internal register 'qP7_d2_reg' and it is trimmed from '3' to '2' bits. [/mnt/storage/test/zkf-vs-flopoco/artifacts/targets/spartan7-vivado/rows/flopoco_div_we8_wf17_zynq7000_native_srt_87_f300/src/flopoco_div_we8_wf17_zynq7000_native_srt_87_f300.vhdl:492]
WARNING: [Synth 8-3936] Found unconnected internal register 'qP7_d1_reg' and it is trimmed from '3' to '2' bits. [/mnt/storage/test/zkf-vs-flopoco/artifacts/targets/spartan7-vivado/rows/flopoco_div_we8_wf17_zynq7000_native_srt_87_f300/src/flopoco_div_we8_wf17_zynq7000_native_srt_87_f300.vhdl:491]
WARNING: [Synth 8-3936] Found unconnected internal register 'fYdec6_d1_reg' and it is trimmed from '24' to '21' bits. [/mnt/storage/test/zkf-vs-flopoco/artifacts/targets/spartan7-vivado/rows/flopoco_div_we8_wf17_zynq7000_native_srt_87_f300/src/flopoco_div_we8_wf17_zynq7000_native_srt_87_f300.vhdl:458]
WARNING: [Synth 8-3936] Found unconnected internal register 'fYdec5_d1_reg' and it is trimmed from '24' to '21' bits. [/mnt/storage/test/zkf-vs-flopoco/artifacts/targets/spartan7-vivado/rows/flopoco_div_we8_wf17_zynq7000_native_srt_87_f300/src/flopoco_div_we8_wf17_zynq7000_native_srt_87_f300.vhdl:463]
WARNING: [Synth 8-3936] Found unconnected internal register 'fYdec4_d1_reg' and it is trimmed from '24' to '21' bits. [/mnt/storage/test/zkf-vs-flopoco/artifacts/targets/spartan7-vivado/rows/flopoco_div_we8_wf17_zynq7000_native_srt_87_f300/src/flopoco_div_we8_wf17_zynq7000_native_srt_87_f300.vhdl:468]
WARNING: [Synth 8-3936] Found unconnected internal register 'fYdec3_d2_reg' and it is trimmed from '24' to '21' bits. [/mnt/storage/test/zkf-vs-flopoco/artifacts/targets/spartan7-vivado/rows/flopoco_div_we8_wf17_zynq7000_native_srt_87_f300/src/flopoco_div_we8_wf17_zynq7000_native_srt_87_f300.vhdl:474]
WARNING: [Synth 8-3936] Found unconnected internal register 'fYdec3_d1_reg' and it is trimmed from '24' to '21' bits. [/mnt/storage/test/zkf-vs-flopoco/artifacts/targets/spartan7-vivado/rows/flopoco_div_we8_wf17_zynq7000_native_srt_87_f300/src/flopoco_div_we8_wf17_zynq7000_native_srt_87_f300.vhdl:473]
WARNING: [Synth 8-3936] Found unconnected internal register 'fYdec2_d2_reg' and it is trimmed from '24' to '21' bits. [/mnt/storage/test/zkf-vs-flopoco/artifacts/targets/spartan7-vivado/rows/flopoco_div_we8_wf17_zynq7000_native_srt_87_f300/src/flopoco_div_we8_wf17_zynq7000_native_srt_87_f300.vhdl:480]
WARNING: [Synth 8-3936] Found unconnected internal register 'fYdec2_d1_reg' and it is trimmed from '24' to '21' bits. [/mnt/storage/test/zkf-vs-flopoco/artifacts/targets/spartan7-vivado/rows/flopoco_div_we8_wf17_zynq7000_native_srt_87_f300/src/flopoco_div_we8_wf17_zynq7000_native_srt_87_f300.vhdl:479]
WARNING: [Synth 8-3936] Found unconnected internal register 'fYdec1_d2_reg' and it is trimmed from '24' to '21' bits. [/mnt/storage/test/zkf-vs-flopoco/artifacts/targets/spartan7-vivado/rows/flopoco_div_we8_wf17_zynq7000_native_srt_87_f300/src/flopoco_div_we8_wf17_zynq7000_native_srt_87_f300.vhdl:486]
WARNING: [Synth 8-3936] Found unconnected internal register 'fYdec1_d1_reg' and it is trimmed from '24' to '21' bits. [/mnt/storage/test/zkf-vs-flopoco/artifacts/targets/spartan7-vivado/rows/flopoco_div_we8_wf17_zynq7000_native_srt_87_f300/src/flopoco_div_we8_wf17_zynq7000_native_srt_87_f300.vhdl:485]
WARNING: [Synth 8-3936] Found unconnected internal register 'fYdec0_d1_reg' and it is trimmed from '24' to '21' bits. [/mnt/storage/test/zkf-vs-flopoco/artifacts/targets/spartan7-vivado/rows/flopoco_div_we8_wf17_zynq7000_native_srt_87_f300/src/flopoco_div_we8_wf17_zynq7000_native_srt_87_f300.vhdl:489]
---------------------------------------------------------------------------------
Finished RTL Elaboration : Time (s): cpu = 00:00:09 ; elapsed = 00:00:10 . Memory (MB): peak = 2287.090 ; gain = 575.844 ; free physical = 9849 ; free virtual = 14108
---------------------------------------------------------------------------------
---------------------------------------------------------------------------------
Start Handling Custom Attributes
---------------------------------------------------------------------------------
---------------------------------------------------------------------------------
Finished Handling Custom Attributes : Time (s): cpu = 00:00:09 ; elapsed = 00:00:10 . Memory (MB): peak = 2301.934 ; gain = 590.688 ; free physical = 9847 ; free virtual = 14106
---------------------------------------------------------------------------------
---------------------------------------------------------------------------------
Finished RTL Optimization Phase 1 : Time (s): cpu = 00:00:09 ; elapsed = 00:00:10 . Memory (MB): peak = 2301.934 ; gain = 590.688 ; free physical = 9845 ; free virtual = 14105
---------------------------------------------------------------------------------
Netlist sorting complete. Time (s): cpu = 00:00:00.02 ; elapsed = 00:00:00.01 . Memory (MB): peak = 2301.934 ; gain = 0.000 ; free physical = 9849 ; free virtual = 14109
INFO: [Project 1-570] Preparing netlist for logic optimization

Processing XDC Constraints
Initializing timing engine
Parsing XDC File [/mnt/storage/test/zkf-vs-flopoco/artifacts/targets/spartan7-vivado/rows/flopoco_div_we8_wf17_zynq7000_native_srt_87_f300/constraints.xdc]
Finished Parsing XDC File [/mnt/storage/test/zkf-vs-flopoco/artifacts/targets/spartan7-vivado/rows/flopoco_div_we8_wf17_zynq7000_native_srt_87_f300/constraints.xdc]
Completed Processing XDC Constraints

Netlist sorting complete. Time (s): cpu = 00:00:00 ; elapsed = 00:00:00 . Memory (MB): peak = 2365.652 ; gain = 0.000 ; free physical = 9918 ; free virtual = 14178
INFO: [Project 1-111] Unisim Transformation Summary:
No Unisim elements were transformed.

Constraint Validation Runtime : Time (s): cpu = 00:00:00.01 ; elapsed = 00:00:00.02 . Memory (MB): peak = 2365.688 ; gain = 0.000 ; free physical = 9917 ; free virtual = 14177
---------------------------------------------------------------------------------
Finished Constraint Validation : Time (s): cpu = 00:00:16 ; elapsed = 00:00:17 . Memory (MB): peak = 2365.688 ; gain = 654.441 ; free physical = 9780 ; free virtual = 14039
---------------------------------------------------------------------------------
---------------------------------------------------------------------------------
Start Loading Part and Timing Information
---------------------------------------------------------------------------------
Loading part: xc7s50csga324-1
---------------------------------------------------------------------------------
Finished Loading Part and Timing Information : Time (s): cpu = 00:00:16 ; elapsed = 00:00:17 . Memory (MB): peak = 2373.656 ; gain = 662.410 ; free physical = 9780 ; free virtual = 14039
---------------------------------------------------------------------------------
---------------------------------------------------------------------------------
Start Applying 'set_property' XDC Constraints
---------------------------------------------------------------------------------
---------------------------------------------------------------------------------
Finished applying 'set_property' XDC Constraints : Time (s): cpu = 00:00:16 ; elapsed = 00:00:17 . Memory (MB): peak = 2373.656 ; gain = 662.410 ; free physical = 9778 ; free virtual = 14037
---------------------------------------------------------------------------------
WARNING: [Synth 8-3936] Found unconnected internal register 'qM7_d13_reg' and it is trimmed from '2' to '1' bits. [/mnt/storage/test/zkf-vs-flopoco/artifacts/targets/spartan7-vivado/rows/flopoco_div_we8_wf17_zynq7000_native_srt_87_f300/src/flopoco_div_we8_wf17_zynq7000_native_srt_87_f300.vhdl:516]
WARNING: [Synth 8-3936] Found unconnected internal register 'qM7_d12_reg' and it is trimmed from '2' to '1' bits. [/mnt/storage/test/zkf-vs-flopoco/artifacts/targets/spartan7-vivado/rows/flopoco_div_we8_wf17_zynq7000_native_srt_87_f300/src/flopoco_div_we8_wf17_zynq7000_native_srt_87_f300.vhdl:515]
WARNING: [Synth 8-3936] Found unconnected internal register 'qM7_d11_reg' and it is trimmed from '2' to '1' bits. [/mnt/storage/test/zkf-vs-flopoco/artifacts/targets/spartan7-vivado/rows/flopoco_div_we8_wf17_zynq7000_native_srt_87_f300/src/flopoco_div_we8_wf17_zynq7000_native_srt_87_f300.vhdl:514]
WARNING: [Synth 8-3936] Found unconnected internal register 'qM7_d10_reg' and it is trimmed from '2' to '1' bits. [/mnt/storage/test/zkf-vs-flopoco/artifacts/targets/spartan7-vivado/rows/flopoco_div_we8_wf17_zynq7000_native_srt_87_f300/src/flopoco_div_we8_wf17_zynq7000_native_srt_87_f300.vhdl:513]
WARNING: [Synth 8-3936] Found unconnected internal register 'qM7_d9_reg' and it is trimmed from '2' to '1' bits. [/mnt/storage/test/zkf-vs-flopoco/artifacts/targets/spartan7-vivado/rows/flopoco_div_we8_wf17_zynq7000_native_srt_87_f300/src/flopoco_div_we8_wf17_zynq7000_native_srt_87_f300.vhdl:512]
WARNING: [Synth 8-3936] Found unconnected internal register 'qM7_d8_reg' and it is trimmed from '2' to '1' bits. [/mnt/storage/test/zkf-vs-flopoco/artifacts/targets/spartan7-vivado/rows/flopoco_div_we8_wf17_zynq7000_native_srt_87_f300/src/flopoco_div_we8_wf17_zynq7000_native_srt_87_f300.vhdl:511]
WARNING: [Synth 8-3936] Found unconnected internal register 'qM7_d7_reg' and it is trimmed from '2' to '1' bits. [/mnt/storage/test/zkf-vs-flopoco/artifacts/targets/spartan7-vivado/rows/flopoco_div_we8_wf17_zynq7000_native_srt_87_f300/src/flopoco_div_we8_wf17_zynq7000_native_srt_87_f300.vhdl:510]
WARNING: [Synth 8-3936] Found unconnected internal register 'qM7_d6_reg' and it is trimmed from '2' to '1' bits. [/mnt/storage/test/zkf-vs-flopoco/artifacts/targets/spartan7-vivado/rows/flopoco_div_we8_wf17_zynq7000_native_srt_87_f300/src/flopoco_div_we8_wf17_zynq7000_native_srt_87_f300.vhdl:509]
WARNING: [Synth 8-3936] Found unconnected internal register 'qM7_d5_reg' and it is trimmed from '2' to '1' bits. [/mnt/storage/test/zkf-vs-flopoco/artifacts/targets/spartan7-vivado/rows/flopoco_div_we8_wf17_zynq7000_native_srt_87_f300/src/flopoco_div_we8_wf17_zynq7000_native_srt_87_f300.vhdl:508]
WARNING: [Synth 8-3936] Found unconnected internal register 'qM7_d4_reg' and it is trimmed from '2' to '1' bits. [/mnt/storage/test/zkf-vs-flopoco/artifacts/targets/spartan7-vivado/rows/flopoco_div_we8_wf17_zynq7000_native_srt_87_f300/src/flopoco_div_we8_wf17_zynq7000_native_srt_87_f300.vhdl:507]
WARNING: [Synth 8-3936] Found unconnected internal register 'qM7_d3_reg' and it is trimmed from '2' to '1' bits. [/mnt/storage/test/zkf-vs-flopoco/artifacts/targets/spartan7-vivado/rows/flopoco_div_we8_wf17_zynq7000_native_srt_87_f300/src/flopoco_div_we8_wf17_zynq7000_native_srt_87_f300.vhdl:506]
WARNING: [Synth 8-3936] Found unconnected internal register 'qM7_d2_reg' and it is trimmed from '2' to '1' bits. [/mnt/storage/test/zkf-vs-flopoco/artifacts/targets/spartan7-vivado/rows/flopoco_div_we8_wf17_zynq7000_native_srt_87_f300/src/flopoco_div_we8_wf17_zynq7000_native_srt_87_f300.vhdl:505]
---------------------------------------------------------------------------------
Finished RTL Optimization Phase 2 : Time (s): cpu = 00:00:17 ; elapsed = 00:00:18 . Memory (MB): peak = 2373.656 ; gain = 662.410 ; free physical = 9720 ; free virtual = 13981
---------------------------------------------------------------------------------
---------------------------------------------------------------------------------
Start RTL Component Statistics 
---------------------------------------------------------------------------------
Detailed RTL Component Info : 
+---Adders : 
	   2 Input   27 Bit       Adders := 1     
	   3 Input   23 Bit       Adders := 1     
	   2 Input   21 Bit       Adders := 1     
	   3 Input   21 Bit       Adders := 12    
	   5 Input   21 Bit       Adders := 1     
	   2 Input   20 Bit       Adders := 1     
	   3 Input   10 Bit       Adders := 1     
	   2 Input   10 Bit       Adders := 1     
+---XORs : 
	   2 Input      1 Bit         XORs := 1     
+---Registers : 
	               28 Bit    Registers := 3     
	               23 Bit    Registers := 1     
	               21 Bit    Registers := 23    
	               20 Bit    Registers := 14    
	               18 Bit    Registers := 1     
	               10 Bit    Registers := 15    
	                4 Bit    Registers := 13    
	                3 Bit    Registers := 84    
	                2 Bit    Registers := 29    
	                1 Bit    Registers := 27    
+---Muxes : 
	   2 Input   21 Bit        Muxes := 11    
	   4 Input   21 Bit        Muxes := 7     
	   3 Input   21 Bit        Muxes := 7     
	   2 Input   20 Bit        Muxes := 4     
	   2 Input   18 Bit        Muxes := 1     
	   4 Input    2 Bit        Muxes := 8     
	   4 Input    1 Bit        Muxes := 1     
---------------------------------------------------------------------------------
Finished RTL Component Statistics 
---------------------------------------------------------------------------------
---------------------------------------------------------------------------------
Start Part Resource Summary
---------------------------------------------------------------------------------
Part Resources:
DSPs: 120 (col length:60)
BRAMs: 150 (col length: RAMB18 60 RAMB36 30)
---------------------------------------------------------------------------------
Finished Part Resource Summary
---------------------------------------------------------------------------------
---------------------------------------------------------------------------------
Start Cross Boundary and Area Optimization
---------------------------------------------------------------------------------
---------------------------------------------------------------------------------
Finished Cross Boundary and Area Optimization : Time (s): cpu = 00:00:21 ; elapsed = 00:00:22 . Memory (MB): peak = 2373.656 ; gain = 662.410 ; free physical = 9150 ; free virtual = 13411
---------------------------------------------------------------------------------
---------------------------------------------------------------------------------
Start ROM, RAM, DSP, Shift Register and Retiming Reporting
---------------------------------------------------------------------------------

ROM: Preliminary Mapping Report
+-----------------------------------------------------+----------------------------+---------------+----------------+
|Module Name                                          | RTL Object                 | Depth x Width | Implemented As | 
+-----------------------------------------------------+----------------------------+---------------+----------------+
|selFunction7_4_Freq300_uid4                          | Y0                         | 128x4         | LUT            | 
|top_flopoco_div_we8_wf17_zynq7000_native_srt_87_f300 | u_dut/SelFunctionTable7/Y0 | 128x4         | LUT            | 
|top_flopoco_div_we8_wf17_zynq7000_native_srt_87_f300 | u_dut/SelFunctionTable6/Y0 | 128x4         | LUT            | 
|top_flopoco_div_we8_wf17_zynq7000_native_srt_87_f300 | u_dut/SelFunctionTable5/Y0 | 128x4         | LUT            | 
|top_flopoco_div_we8_wf17_zynq7000_native_srt_87_f300 | u_dut/SelFunctionTable4/Y0 | 128x4         | LUT            | 
|top_flopoco_div_we8_wf17_zynq7000_native_srt_87_f300 | u_dut/SelFunctionTable3/Y0 | 128x4         | LUT            | 
|top_flopoco_div_we8_wf17_zynq7000_native_srt_87_f300 | u_dut/SelFunctionTable2/Y0 | 128x4         | LUT            | 
|top_flopoco_div_we8_wf17_zynq7000_native_srt_87_f300 | u_dut/SelFunctionTable1/Y0 | 128x4         | LUT            | 
+-----------------------------------------------------+----------------------------+---------------+----------------+

---------------------------------------------------------------------------------
Finished ROM, RAM, DSP, Shift Register and Retiming Reporting
---------------------------------------------------------------------------------
---------------------------------------------------------------------------------
Start Applying XDC Timing Constraints
---------------------------------------------------------------------------------
---------------------------------------------------------------------------------
Finished Applying XDC Timing Constraints : Time (s): cpu = 00:00:28 ; elapsed = 00:00:29 . Memory (MB): peak = 2428.656 ; gain = 717.410 ; free physical = 8779 ; free virtual = 13048
---------------------------------------------------------------------------------
---------------------------------------------------------------------------------
Start Timing Optimization
---------------------------------------------------------------------------------
---------------------------------------------------------------------------------
Finished Timing Optimization : Time (s): cpu = 00:00:29 ; elapsed = 00:00:30 . Memory (MB): peak = 2439.672 ; gain = 728.426 ; free physical = 8769 ; free virtual = 13037
---------------------------------------------------------------------------------
---------------------------------------------------------------------------------
Start Technology Mapping
---------------------------------------------------------------------------------
---------------------------------------------------------------------------------
Finished Technology Mapping : Time (s): cpu = 00:00:29 ; elapsed = 00:00:30 . Memory (MB): peak = 2463.695 ; gain = 752.449 ; free physical = 8742 ; free virtual = 13010
---------------------------------------------------------------------------------
---------------------------------------------------------------------------------
Start IO Insertion
---------------------------------------------------------------------------------
---------------------------------------------------------------------------------
Start Flattening Before IO Insertion
---------------------------------------------------------------------------------
---------------------------------------------------------------------------------
Finished Flattening Before IO Insertion
---------------------------------------------------------------------------------
---------------------------------------------------------------------------------
Start Final Netlist Cleanup
---------------------------------------------------------------------------------
---------------------------------------------------------------------------------
Finished Final Netlist Cleanup
---------------------------------------------------------------------------------
---------------------------------------------------------------------------------
Finished IO Insertion : Time (s): cpu = 00:00:35 ; elapsed = 00:00:36 . Memory (MB): peak = 2626.508 ; gain = 915.262 ; free physical = 8595 ; free virtual = 12874
---------------------------------------------------------------------------------
---------------------------------------------------------------------------------
Start Renaming Generated Instances
---------------------------------------------------------------------------------
---------------------------------------------------------------------------------
Finished Renaming Generated Instances : Time (s): cpu = 00:00:35 ; elapsed = 00:00:36 . Memory (MB): peak = 2626.508 ; gain = 915.262 ; free physical = 8595 ; free virtual = 12874
---------------------------------------------------------------------------------
---------------------------------------------------------------------------------
Start Rebuilding User Hierarchy
---------------------------------------------------------------------------------
---------------------------------------------------------------------------------
Finished Rebuilding User Hierarchy : Time (s): cpu = 00:00:35 ; elapsed = 00:00:36 . Memory (MB): peak = 2626.508 ; gain = 915.262 ; free physical = 8595 ; free virtual = 12874
---------------------------------------------------------------------------------
---------------------------------------------------------------------------------
Start Renaming Generated Ports
---------------------------------------------------------------------------------
---------------------------------------------------------------------------------
Finished Renaming Generated Ports : Time (s): cpu = 00:00:35 ; elapsed = 00:00:36 . Memory (MB): peak = 2626.508 ; gain = 915.262 ; free physical = 8595 ; free virtual = 12874
---------------------------------------------------------------------------------
---------------------------------------------------------------------------------
Start Handling Custom Attributes
---------------------------------------------------------------------------------
---------------------------------------------------------------------------------
Finished Handling Custom Attributes : Time (s): cpu = 00:00:35 ; elapsed = 00:00:36 . Memory (MB): peak = 2626.508 ; gain = 915.262 ; free physical = 8595 ; free virtual = 12874
---------------------------------------------------------------------------------
---------------------------------------------------------------------------------
Start Renaming Generated Nets
---------------------------------------------------------------------------------
---------------------------------------------------------------------------------
Finished Renaming Generated Nets : Time (s): cpu = 00:00:35 ; elapsed = 00:00:36 . Memory (MB): peak = 2626.508 ; gain = 915.262 ; free physical = 8595 ; free virtual = 12874
---------------------------------------------------------------------------------
---------------------------------------------------------------------------------
Start ROM, RAM, DSP, Shift Register and Retiming Reporting
---------------------------------------------------------------------------------

Static Shift Register Report:
+-----------------------------------------------------+------------------------+--------+-------+--------------+--------------------+-------------------+--------+---------+
|Module Name                                          | RTL Name               | Length | Width | Reset Signal | Pull out first Reg | Pull out last Reg | SRL16E | SRLC32E | 
+-----------------------------------------------------+------------------------+--------+-------+--------------+--------------------+-------------------+--------+---------+
|top_flopoco_div_we8_wf17_zynq7000_native_srt_87_f300 | u_dut/qM3_d6_reg[2]    | 4      | 1     | NO           | NO                 | YES               | 1      | 0       | 
|top_flopoco_div_we8_wf17_zynq7000_native_srt_87_f300 | u_dut/qM4_d8_reg[2]    | 6      | 1     | NO           | NO                 | YES               | 1      | 0       | 
|top_flopoco_div_we8_wf17_zynq7000_native_srt_87_f300 | u_dut/qM5_d10_reg[2]   | 8      | 1     | NO           | NO                 | YES               | 1      | 0       | 
|top_flopoco_div_we8_wf17_zynq7000_native_srt_87_f300 | u_dut/qM6_d12_reg[2]   | 10     | 1     | NO           | NO                 | YES               | 1      | 0       | 
|top_flopoco_div_we8_wf17_zynq7000_native_srt_87_f300 | u_dut/qP2_d4_reg[2]    | 4      | 1     | NO           | NO                 | YES               | 1      | 0       | 
|top_flopoco_div_we8_wf17_zynq7000_native_srt_87_f300 | u_dut/qP2_d4_reg[1]    | 3      | 2     | NO           | NO                 | YES               | 2      | 0       | 
|top_flopoco_div_we8_wf17_zynq7000_native_srt_87_f300 | u_dut/qP3_d6_reg[2]    | 6      | 1     | NO           | NO                 | YES               | 1      | 0       | 
|top_flopoco_div_we8_wf17_zynq7000_native_srt_87_f300 | u_dut/qP3_d6_reg[1]    | 5      | 2     | NO           | NO                 | YES               | 2      | 0       | 
|top_flopoco_div_we8_wf17_zynq7000_native_srt_87_f300 | u_dut/qP4_d8_reg[2]    | 8      | 1     | NO           | NO                 | YES               | 1      | 0       | 
|top_flopoco_div_we8_wf17_zynq7000_native_srt_87_f300 | u_dut/qP4_d8_reg[1]    | 7      | 2     | NO           | NO                 | YES               | 2      | 0       | 
|top_flopoco_div_we8_wf17_zynq7000_native_srt_87_f300 | u_dut/qP5_d10_reg[2]   | 9      | 3     | NO           | NO                 | YES               | 3      | 0       | 
|top_flopoco_div_we8_wf17_zynq7000_native_srt_87_f300 | u_dut/qP6_d12_reg[2]   | 11     | 3     | NO           | NO                 | YES               | 3      | 0       | 
|top_flopoco_div_we8_wf17_zynq7000_native_srt_87_f300 | u_dut/qP7_d13_reg[1]   | 13     | 2     | NO           | NO                 | YES               | 2      | 0       | 
|top_flopoco_div_we8_wf17_zynq7000_native_srt_87_f300 | u_dut/expR0_d15_reg[8] | 15     | 9     | NO           | YES                | YES               | 9      | 0       | 
|top_flopoco_div_we8_wf17_zynq7000_native_srt_87_f300 | u_dut/exnR0_d15_reg[1] | 15     | 2     | NO           | NO                 | YES               | 2      | 0       | 
|top_flopoco_div_we8_wf17_zynq7000_native_srt_87_f300 | u_dut/sR_d15_reg       | 15     | 1     | NO           | NO                 | YES               | 1      | 0       | 
+-----------------------------------------------------+------------------------+--------+-------+--------------+--------------------+-------------------+--------+---------+

---------------------------------------------------------------------------------
Finished ROM, RAM, DSP, Shift Register and Retiming Reporting
---------------------------------------------------------------------------------
---------------------------------------------------------------------------------
Start Writing Synthesis Report
---------------------------------------------------------------------------------

Report BlackBoxes: 
+-+--------------+----------+
| |BlackBox name |Instances |
+-+--------------+----------+
+-+--------------+----------+

Report Cell Usage: 
+------+-------+------+
|      |Cell   |Count |
+------+-------+------+
|1     |CARRY4 |   109|
|2     |LUT1   |     9|
|3     |LUT2   |   121|
|4     |LUT3   |   136|
|5     |LUT4   |    94|
|6     |LUT5   |   186|
|7     |LUT6   |   120|
|8     |MUXF7  |    18|
|9     |SRL16E |    33|
|10    |FDRE   |   885|
+------+-------+------+
---------------------------------------------------------------------------------
Finished Writing Synthesis Report : Time (s): cpu = 00:00:35 ; elapsed = 00:00:36 . Memory (MB): peak = 2626.508 ; gain = 915.262 ; free physical = 8595 ; free virtual = 12874
---------------------------------------------------------------------------------
Synthesis finished with 0 errors, 0 critical warnings and 12 warnings.
Synthesis Optimization Runtime : Time (s): cpu = 00:00:33 ; elapsed = 00:00:34 . Memory (MB): peak = 2626.508 ; gain = 851.508 ; free physical = 8594 ; free virtual = 12874
Synthesis Optimization Complete : Time (s): cpu = 00:00:35 ; elapsed = 00:00:36 . Memory (MB): peak = 2626.516 ; gain = 915.262 ; free physical = 8594 ; free virtual = 12874
INFO: [Project 1-571] Translating synthesized netlist
Netlist sorting complete. Time (s): cpu = 00:00:00.01 ; elapsed = 00:00:00.01 . Memory (MB): peak = 2626.516 ; gain = 0.000 ; free physical = 8594 ; free virtual = 12874
INFO: [Netlist 29-17] Analyzing 127 Unisim elements for replacement
INFO: [Netlist 29-28] Unisim Transformation completed in 0 CPU seconds
WARNING: [Netlist 29-101] Netlist 'top_flopoco_div_we8_wf17_zynq7000_native_srt_87_f300' is not ideal for floorplanning, since the cellview 'flopoco_div_we8_wf17_zynq7000_native_srt_87_f300' contains a large number of primitives.  Please consider enabling hierarchy in synthesis if you want to do floorplanning.
INFO: [Project 1-570] Preparing netlist for logic optimization
Parsing XDC File [/mnt/storage/test/zkf-vs-flopoco/artifacts/targets/spartan7-vivado/rows/flopoco_div_we8_wf17_zynq7000_native_srt_87_f300/constraints.xdc]
Finished Parsing XDC File [/mnt/storage/test/zkf-vs-flopoco/artifacts/targets/spartan7-vivado/rows/flopoco_div_we8_wf17_zynq7000_native_srt_87_f300/constraints.xdc]
INFO: [Opt 31-138] Pushed 0 inverter(s) to 0 load pin(s).
Netlist sorting complete. Time (s): cpu = 00:00:00 ; elapsed = 00:00:00 . Memory (MB): peak = 2626.516 ; gain = 0.000 ; free physical = 8747 ; free virtual = 13027
INFO: [Project 1-111] Unisim Transformation Summary:
No Unisim elements were transformed.

Synth Design complete | Checksum: c72d1ab6
INFO: [Common 17-83] Releasing license: Synthesis
28 Infos, 76 Warnings, 0 Critical Warnings and 0 Errors encountered.
synth_design completed successfully
synth_design: Time (s): cpu = 00:00:45 ; elapsed = 00:00:43 . Memory (MB): peak = 2626.543 ; gain = 1073.516 ; free physical = 8739 ; free virtual = 13020
INFO: [Common 17-2834] synth_design peak Physical Memory [PSS] (MB): overall = 1702.748; main = 1623.576; forked = 237.867
INFO: [Common 17-2834] synth_design peak Virtual Memory [VSS] (MB): overall = 3481.750; main = 2626.512; forked = 1018.051
Command: opt_design
Attempting to get a license for feature 'Implementation' and/or device 'xc7s50'
INFO: [Common 17-349] Got license for feature 'Implementation' and/or device 'xc7s50'
Running DRC as a precondition to command opt_design

Starting DRC Task
WARNING: [DRC 23-814] Not all possible (connectivity based) DRCs may have been run because this design is seen as Out of Context.
INFO: [Project 1-461] DRC finished with 0 Errors
INFO: [Project 1-462] Please refer to the DRC report (report_drc) for more information.

Time (s): cpu = 00:00:00.53 ; elapsed = 00:00:00.54 . Memory (MB): peak = 2626.543 ; gain = 0.000 ; free physical = 8741 ; free virtual = 13021

Starting Cache Timing Information Task
INFO: [Timing 38-35] Done setting XDC timing constraints.
Ending Cache Timing Information Task | Checksum: 1ce638a64

Time (s): cpu = 00:00:08 ; elapsed = 00:00:08 . Memory (MB): peak = 2626.543 ; gain = 0.000 ; free physical = 9864 ; free virtual = 14150

Starting Logic Optimization Task

Phase 1 Initialization

Phase 1.1 Core Generation And Design Setup
Phase 1.1 Core Generation And Design Setup | Checksum: 1ce638a64

Time (s): cpu = 00:00:00 ; elapsed = 00:00:00 . Memory (MB): peak = 2665.508 ; gain = 0.000 ; free physical = 9666 ; free virtual = 13952

Phase 1.2 Setup Constraints And Sort Netlist
Phase 1.2 Setup Constraints And Sort Netlist | Checksum: 1ce638a64

Time (s): cpu = 00:00:00 ; elapsed = 00:00:00 . Memory (MB): peak = 2665.508 ; gain = 0.000 ; free physical = 9666 ; free virtual = 13952
Phase 1 Initialization | Checksum: 1ce638a64

Time (s): cpu = 00:00:00 ; elapsed = 00:00:00 . Memory (MB): peak = 2665.508 ; gain = 0.000 ; free physical = 9666 ; free virtual = 13952

Phase 2 Timer Update And Timing Data Collection

Phase 2.1 Detect if minReqCache needed
Phase 2.1 Detect if minReqCache needed | Checksum: 1ce638a64

Time (s): cpu = 00:00:00.01 ; elapsed = 00:00:00.01 . Memory (MB): peak = 2665.508 ; gain = 0.000 ; free physical = 9666 ; free virtual = 13952

Phase 2.2 Timer Update
Phase 2.2 Timer Update | Checksum: 1ce638a64

Time (s): cpu = 00:00:00.01 ; elapsed = 00:00:00.01 . Memory (MB): peak = 2665.508 ; gain = 0.000 ; free physical = 9666 ; free virtual = 13952
Phase 2 Timer Update And Timing Data Collection | Checksum: 1ce638a64

Time (s): cpu = 00:00:00.01 ; elapsed = 00:00:00.01 . Memory (MB): peak = 2665.508 ; gain = 0.000 ; free physical = 9666 ; free virtual = 13952

Phase 3 Retarget
INFO: [Opt 31-1851] Number of loadless carry chains removed were: 0
INFO: [Opt 31-1834] Total Chains To Be Transformed Were: 0 AND Number of Transformed insts Created are: 0
INFO: [Opt 31-138] Pushed 0 inverter(s) to 0 load pin(s).
INFO: [Opt 31-49] Retargeted 0 cell(s).
Phase 3 Retarget | Checksum: 213db1a76

Time (s): cpu = 00:00:00.06 ; elapsed = 00:00:00.06 . Memory (MB): peak = 2665.508 ; gain = 0.000 ; free physical = 9666 ; free virtual = 13952
Retarget | Checksum: 213db1a76
INFO: [Opt 31-389] Phase Retarget created 6 cells and removed 7 cells

Phase 4 Constant propagation
INFO: [Opt 31-138] Pushed 0 inverter(s) to 0 load pin(s).
Phase 4 Constant propagation | Checksum: 1d079a05b

Time (s): cpu = 00:00:00.07 ; elapsed = 00:00:00.08 . Memory (MB): peak = 2665.508 ; gain = 0.000 ; free physical = 9666 ; free virtual = 13952
Constant propagation | Checksum: 1d079a05b
INFO: [Opt 31-389] Phase Constant propagation created 0 cells and removed 0 cells

Phase 5 Sweep
INFO: [Constraints 18-11670] Building netlist checker database with flags, 0x8
Done building netlist checker database: Time (s): cpu = 00:00:00 ; elapsed = 00:00:00 . Memory (MB): peak = 2665.508 ; gain = 0.000 ; free physical = 9666 ; free virtual = 13952
Phase 5 Sweep | Checksum: 1dbfccfec

Time (s): cpu = 00:00:00.09 ; elapsed = 00:00:00.09 . Memory (MB): peak = 2665.508 ; gain = 0.000 ; free physical = 9666 ; free virtual = 13952
Sweep | Checksum: 1dbfccfec
INFO: [Opt 31-389] Phase Sweep created 0 cells and removed 0 cells
INFO: [Opt 31-1021] In phase Sweep, 168 netlist objects are constrained preventing optimization. Please run opt_design with -debug_log to get more detail. 

Phase 6 BUFG optimization
Phase 6 BUFG optimization | Checksum: 1dbfccfec

Time (s): cpu = 00:00:00.1 ; elapsed = 00:00:00.11 . Memory (MB): peak = 2697.523 ; gain = 32.016 ; free physical = 9666 ; free virtual = 13952
BUFG optimization | Checksum: 1dbfccfec
INFO: [Opt 31-662] Phase BUFG optimization created 0 cells of which 0 are BUFGs and removed 0 cells.

Phase 7 Shift Register Optimization
INFO: [Opt 31-1064] SRL Remap converted 0 SRLs to 0 registers and converted 0 registers of register chains to 0 SRLs
Phase 7 Shift Register Optimization | Checksum: 1dbfccfec

Time (s): cpu = 00:00:00.11 ; elapsed = 00:00:00.11 . Memory (MB): peak = 2697.523 ; gain = 32.016 ; free physical = 9666 ; free virtual = 13952
Shift Register Optimization | Checksum: 1dbfccfec
INFO: [Opt 31-389] Phase Shift Register Optimization created 0 cells and removed 0 cells

Phase 8 Post Processing Netlist
Phase 8 Post Processing Netlist | Checksum: 1dbfccfec

Time (s): cpu = 00:00:00.11 ; elapsed = 00:00:00.12 . Memory (MB): peak = 2697.523 ; gain = 32.016 ; free physical = 9666 ; free virtual = 13952
Post Processing Netlist | Checksum: 1dbfccfec
INFO: [Opt 31-389] Phase Post Processing Netlist created 0 cells and removed 0 cells

Phase 9 Finalization

Phase 9.1 Finalizing Design Cores and Updating Shapes
Phase 9.1 Finalizing Design Cores and Updating Shapes | Checksum: 227d12cec

Time (s): cpu = 00:00:00.23 ; elapsed = 00:00:00.24 . Memory (MB): peak = 2697.523 ; gain = 32.016 ; free physical = 9665 ; free virtual = 13951

Phase 9.2 Verifying Netlist Connectivity

Starting Connectivity Check Task

Time (s): cpu = 00:00:00.01 ; elapsed = 00:00:00 . Memory (MB): peak = 2697.523 ; gain = 0.000 ; free physical = 9665 ; free virtual = 13951
Phase 9.2 Verifying Netlist Connectivity | Checksum: 227d12cec

Time (s): cpu = 00:00:00.24 ; elapsed = 00:00:00.24 . Memory (MB): peak = 2697.523 ; gain = 32.016 ; free physical = 9665 ; free virtual = 13951
Phase 9 Finalization | Checksum: 227d12cec

Time (s): cpu = 00:00:00.24 ; elapsed = 00:00:00.24 . Memory (MB): peak = 2697.523 ; gain = 32.016 ; free physical = 9665 ; free virtual = 13951
Opt_design Change Summary
=========================


-------------------------------------------------------------------------------------------------------------------------
|  Phase                        |  #Cells created  |  #Cells Removed  |  #Constrained objects preventing optimizations  |
-------------------------------------------------------------------------------------------------------------------------
|  Retarget                     |               6  |               7  |                                              0  |
|  Constant propagation         |               0  |               0  |                                              0  |
|  Sweep                        |               0  |               0  |                                            168  |
|  BUFG optimization            |               0  |               0  |                                              0  |
|  Shift Register Optimization  |               0  |               0  |                                              0  |
|  Post Processing Netlist      |               0  |               0  |                                              0  |
-------------------------------------------------------------------------------------------------------------------------


Ending Logic Optimization Task | Checksum: 227d12cec

Time (s): cpu = 00:00:00.24 ; elapsed = 00:00:00.25 . Memory (MB): peak = 2697.523 ; gain = 32.016 ; free physical = 9665 ; free virtual = 13951

Starting Power Optimization Task
INFO: [Pwropt 34-132] Skipping clock gating for clocks with a period < 2.00 ns.
Ending Power Optimization Task | Checksum: 227d12cec

Time (s): cpu = 00:00:00 ; elapsed = 00:00:00.01 . Memory (MB): peak = 2697.523 ; gain = 0.000 ; free physical = 9665 ; free virtual = 13951

Starting Final Cleanup Task
Ending Final Cleanup Task | Checksum: 227d12cec

Time (s): cpu = 00:00:00 ; elapsed = 00:00:00 . Memory (MB): peak = 2697.523 ; gain = 0.000 ; free physical = 9665 ; free virtual = 13951
Netlist sorting complete. Time (s): cpu = 00:00:00 ; elapsed = 00:00:00 . Memory (MB): peak = 2697.523 ; gain = 0.000 ; free physical = 9665 ; free virtual = 13951
INFO: [Common 17-83] Releasing license: Implementation
50 Infos, 77 Warnings, 0 Critical Warnings and 0 Errors encountered.
opt_design completed successfully
opt_design: Time (s): cpu = 00:00:12 ; elapsed = 00:00:12 . Memory (MB): peak = 2697.523 ; gain = 70.980 ; free physical = 9665 ; free virtual = 13951
Command: place_design
Attempting to get a license for feature 'Implementation' and/or device 'xc7s50'
INFO: [Common 17-349] Got license for feature 'Implementation' and/or device 'xc7s50'
INFO: [Common 17-83] Releasing license: Implementation
WARNING: [DRC 23-814] Not all possible (connectivity based) DRCs may have been run because this design is seen as Out of Context.
INFO: [Vivado_Tcl 4-198] DRC finished with 0 Errors
INFO: [Vivado_Tcl 4-199] Please refer to the DRC report (report_drc) for more information.
INFO: [Timing 38-35] Done setting XDC timing constraints.
Running DRC as a precondition to command place_design
WARNING: [DRC 23-814] Not all possible (connectivity based) DRCs may have been run because this design is seen as Out of Context.
INFO: [Vivado_Tcl 4-198] DRC finished with 0 Errors
INFO: [Vivado_Tcl 4-199] Please refer to the DRC report (report_drc) for more information.

Starting Placer Task

Phase 1 Placer Initialization

Phase 1.1 Placer Initialization Netlist Sorting
Netlist sorting complete. Time (s): cpu = 00:00:00 ; elapsed = 00:00:00 . Memory (MB): peak = 2697.523 ; gain = 0.000 ; free physical = 9669 ; free virtual = 13955
Phase 1.1 Placer Initialization Netlist Sorting | Checksum: 181c1cc1e

Time (s): cpu = 00:00:00.01 ; elapsed = 00:00:00 . Memory (MB): peak = 2697.523 ; gain = 0.000 ; free physical = 9669 ; free virtual = 13955
Netlist sorting complete. Time (s): cpu = 00:00:00 ; elapsed = 00:00:00 . Memory (MB): peak = 2697.523 ; gain = 0.000 ; free physical = 9669 ; free virtual = 13955

Phase 1.2 IO Placement/ Clock Placement/ Build Placer Device
Phase 1.2 IO Placement/ Clock Placement/ Build Placer Device | Checksum: 136e967fb

Time (s): cpu = 00:00:00.16 ; elapsed = 00:00:00.16 . Memory (MB): peak = 2697.523 ; gain = 0.000 ; free physical = 9669 ; free virtual = 13955

Phase 1.3 Build Placer Netlist Model
Phase 1.3 Build Placer Netlist Model | Checksum: 139b01de1

Time (s): cpu = 00:00:00.54 ; elapsed = 00:00:00.55 . Memory (MB): peak = 2697.523 ; gain = 0.000 ; free physical = 9669 ; free virtual = 13955

Phase 1.4 Constrain Clocks/Macros
Phase 1.4 Constrain Clocks/Macros | Checksum: 139b01de1

Time (s): cpu = 00:00:00.55 ; elapsed = 00:00:00.55 . Memory (MB): peak = 2697.523 ; gain = 0.000 ; free physical = 9669 ; free virtual = 13955
Phase 1 Placer Initialization | Checksum: 139b01de1

Time (s): cpu = 00:00:00.55 ; elapsed = 00:00:00.56 . Memory (MB): peak = 2697.523 ; gain = 0.000 ; free physical = 9669 ; free virtual = 13955

Phase 2 Global Placement

Phase 2.1 Floorplanning
Phase 2.1 Floorplanning | Checksum: 1befd875f

Time (s): cpu = 00:00:00.72 ; elapsed = 00:00:00.72 . Memory (MB): peak = 2697.523 ; gain = 0.000 ; free physical = 9669 ; free virtual = 13955

Phase 2.2 Update Timing before SLR Path Opt
Phase 2.2 Update Timing before SLR Path Opt | Checksum: 1888b91e5

Time (s): cpu = 00:00:00.88 ; elapsed = 00:00:00.89 . Memory (MB): peak = 2697.523 ; gain = 0.000 ; free physical = 9669 ; free virtual = 13955

Phase 2.3 Post-Processing in Floorplanning
Phase 2.3 Post-Processing in Floorplanning | Checksum: 1888b91e5

Time (s): cpu = 00:00:00.89 ; elapsed = 00:00:00.89 . Memory (MB): peak = 2697.523 ; gain = 0.000 ; free physical = 9669 ; free virtual = 13955

Phase 2.4 Global Place Phase1
Phase 2.4 Global Place Phase1 | Checksum: 170de1e7a

Time (s): cpu = 00:00:02 ; elapsed = 00:00:02 . Memory (MB): peak = 2697.523 ; gain = 0.000 ; free physical = 9669 ; free virtual = 13955

Phase 2.5 Global Place Phase2

Phase 2.5.1 UpdateTiming Before Physical Synthesis
Phase 2.5.1 UpdateTiming Before Physical Synthesis | Checksum: 182a0b25f

Time (s): cpu = 00:00:02 ; elapsed = 00:00:02 . Memory (MB): peak = 2697.523 ; gain = 0.000 ; free physical = 9669 ; free virtual = 13955

Phase 2.5.2 Physical Synthesis In Placer
INFO: [Physopt 32-1035] Found 0 LUTNM shape to break, 11 LUT instances to create LUTNM shape
INFO: [Physopt 32-1044] Break lutnm for timing: one critical 0, two critical 0, total 0, new lutff created 0
INFO: [Physopt 32-1138] End 1 Pass. Optimized 4 nets or LUTs. Breaked 0 LUT, combined 4 existing LUTs and moved 0 existing LUT
INFO: [Physopt 32-65] No nets found for high-fanout optimization.
INFO: [Physopt 32-232] Optimized 0 net. Created 0 new instance.
INFO: [Physopt 32-775] End 1 Pass. Optimized 0 net or cell. Created 0 new cell, deleted 0 existing cell and moved 0 existing cell
INFO: [Physopt 32-456] No candidate cells for DSP register optimization found in the design.
INFO: [Physopt 32-775] End 2 Pass. Optimized 0 net or cell. Created 0 new cell, deleted 0 existing cell and moved 0 existing cell
INFO: [Physopt 32-1123] No candidate cells found for Shift Register to Pipeline optimization
INFO: [Physopt 32-775] End 2 Pass. Optimized 0 net or cell. Created 0 new cell, deleted 0 existing cell and moved 0 existing cell
INFO: [Physopt 32-1402] Pass 1: Identified 1 candidate cell for Shift Register optimization.
INFO: [Physopt 32-775] End 1 Pass. Optimized 0 net or cell. Created 0 new cell, deleted 0 existing cell and moved 0 existing cell
Netlist sorting complete. Time (s): cpu = 00:00:00 ; elapsed = 00:00:00 . Memory (MB): peak = 2697.523 ; gain = 0.000 ; free physical = 9669 ; free virtual = 13955
INFO: [Physopt 32-526] No candidate cells for BRAM register optimization found in the design
INFO: [Physopt 32-775] End 1 Pass. Optimized 0 net or cell. Created 0 new cell, deleted 0 existing cell and moved 0 existing cell
INFO: [Physopt 32-846] No candidate cells for URAM register optimization found in the design
INFO: [Physopt 32-775] End 1 Pass. Optimized 0 net or cell. Created 0 new cell, deleted 0 existing cell and moved 0 existing cell
INFO: [Physopt 32-846] No candidate cells for URAM register optimization found in the design
INFO: [Physopt 32-775] End 1 Pass. Optimized 0 net or cell. Created 0 new cell, deleted 0 existing cell and moved 0 existing cell
INFO: [Physopt 32-949] No candidate nets found for dynamic/static region interface net replication
INFO: [Physopt 32-775] End 1 Pass. Optimized 0 net or cell. Created 0 new cell, deleted 0 existing cell and moved 0 existing cell
Netlist sorting complete. Time (s): cpu = 00:00:00 ; elapsed = 00:00:00 . Memory (MB): peak = 2697.523 ; gain = 0.000 ; free physical = 9669 ; free virtual = 13955

Summary of Physical Synthesis Optimizations
============================================


-----------------------------------------------------------------------------------------------------------------------------------------------------------
|  Optimization                                     |  Added Cells  |  Removed Cells  |  Optimized Cells/Nets  |  Dont Touch  |  Iterations  |  Elapsed   |
-----------------------------------------------------------------------------------------------------------------------------------------------------------
|  LUT Combining                                    |            0  |              4  |                     4  |           0  |           1  |  00:00:00  |
|  Retime                                           |            0  |              0  |                     0  |           0  |           1  |  00:00:00  |
|  Very High Fanout                                 |            0  |              0  |                     0  |           0  |           1  |  00:00:00  |
|  DSP Register                                     |            0  |              0  |                     0  |           0  |           1  |  00:00:00  |
|  Shift Register to Pipeline                       |            0  |              0  |                     0  |           0  |           1  |  00:00:00  |
|  Shift Register                                   |            0  |              0  |                     0  |           0  |           1  |  00:00:00  |
|  BRAM Register                                    |            0  |              0  |                     0  |           0  |           1  |  00:00:00  |
|  URAM Register                                    |            0  |              0  |                     0  |           0  |           1  |  00:00:00  |
|  Dynamic/Static Region Interface Net Replication  |            0  |              0  |                     0  |           0  |           1  |  00:00:00  |
|  Total                                            |            0  |              4  |                     4  |           0  |           9  |  00:00:00  |
-----------------------------------------------------------------------------------------------------------------------------------------------------------


Phase 2.5.2 Physical Synthesis In Placer | Checksum: 1e54ba3db

Time (s): cpu = 00:00:02 ; elapsed = 00:00:02 . Memory (MB): peak = 2697.523 ; gain = 0.000 ; free physical = 9669 ; free virtual = 13955
Phase 2.5 Global Place Phase2 | Checksum: 1d77670a1

Time (s): cpu = 00:00:02 ; elapsed = 00:00:03 . Memory (MB): peak = 2697.523 ; gain = 0.000 ; free physical = 9669 ; free virtual = 13956
Phase 2 Global Placement | Checksum: 1d77670a1

Time (s): cpu = 00:00:02 ; elapsed = 00:00:03 . Memory (MB): peak = 2697.523 ; gain = 0.000 ; free physical = 9669 ; free virtual = 13956

Phase 3 Detail Placement

Phase 3.1 Commit Multi Column Macros
Phase 3.1 Commit Multi Column Macros | Checksum: 229beba07

Time (s): cpu = 00:00:03 ; elapsed = 00:00:03 . Memory (MB): peak = 2697.523 ; gain = 0.000 ; free physical = 9671 ; free virtual = 13958

Phase 3.2 Commit Most Macros & LUTRAMs
Phase 3.2 Commit Most Macros & LUTRAMs | Checksum: 1ef7e3592

Time (s): cpu = 00:00:03 ; elapsed = 00:00:03 . Memory (MB): peak = 2697.523 ; gain = 0.000 ; free physical = 9671 ; free virtual = 13958

Phase 3.3 Area Swap Optimization
Phase 3.3 Area Swap Optimization | Checksum: 1dc4b7afe

Time (s): cpu = 00:00:03 ; elapsed = 00:00:03 . Memory (MB): peak = 2697.523 ; gain = 0.000 ; free physical = 9671 ; free virtual = 13958

Phase 3.4 Pipeline Register Optimization
Phase 3.4 Pipeline Register Optimization | Checksum: 1d61e0c0b

Time (s): cpu = 00:00:03 ; elapsed = 00:00:03 . Memory (MB): peak = 2697.523 ; gain = 0.000 ; free physical = 9671 ; free virtual = 13958

Phase 3.5 Small Shape Detail Placement
Phase 3.5 Small Shape Detail Placement | Checksum: 25e600e34

Time (s): cpu = 00:00:03 ; elapsed = 00:00:03 . Memory (MB): peak = 2697.523 ; gain = 0.000 ; free physical = 9671 ; free virtual = 13958

Phase 3.6 Re-assign LUT pins
Phase 3.6 Re-assign LUT pins | Checksum: 1e80b4d95

Time (s): cpu = 00:00:03 ; elapsed = 00:00:03 . Memory (MB): peak = 2697.523 ; gain = 0.000 ; free physical = 9671 ; free virtual = 13958

Phase 3.7 Pipeline Register Optimization
Phase 3.7 Pipeline Register Optimization | Checksum: 1602ea54c

Time (s): cpu = 00:00:03 ; elapsed = 00:00:03 . Memory (MB): peak = 2697.523 ; gain = 0.000 ; free physical = 9671 ; free virtual = 13958
Phase 3 Detail Placement | Checksum: 1602ea54c

Time (s): cpu = 00:00:03 ; elapsed = 00:00:03 . Memory (MB): peak = 2697.523 ; gain = 0.000 ; free physical = 9671 ; free virtual = 13958

Phase 4 Post Placement Optimization and Clean-Up

Phase 4.1 Post Commit Optimization
INFO: [Timing 38-35] Done setting XDC timing constraints.

Phase 4.1.1 Post Placement Optimization
Post Placement Optimization Initialization | Checksum: 20ad95641

Phase 4.1.1.1 BUFG Insertion

Starting Physical Synthesis Task

Phase 1 Physical Synthesis Initialization
INFO: [Physopt 32-721] Multithreading enabled for phys_opt_design using a maximum of 1 CPUs
INFO: [Physopt 32-619] Estimated Timing Summary | WNS=0.509 | TNS=0.000 |
Phase 1 Physical Synthesis Initialization | Checksum: 19cc477e0

Time (s): cpu = 00:00:00.03 ; elapsed = 00:00:00.03 . Memory (MB): peak = 2697.523 ; gain = 0.000 ; free physical = 9671 ; free virtual = 13958
INFO: [Place 46-56] BUFG insertion identified 0 candidate nets. Inserted BUFG: 0, Replicated BUFG Driver: 0, Skipped due to Placement/Routing Conflicts: 0, Skipped due to Timing Degradation: 0, Skipped due to netlist editing failed: 0.
Ending Physical Synthesis Task | Checksum: 1dca28c86

Time (s): cpu = 00:00:00.04 ; elapsed = 00:00:00.04 . Memory (MB): peak = 2697.523 ; gain = 0.000 ; free physical = 9671 ; free virtual = 13958
Phase 4.1.1.1 BUFG Insertion | Checksum: 20ad95641

Time (s): cpu = 00:00:04 ; elapsed = 00:00:04 . Memory (MB): peak = 2697.523 ; gain = 0.000 ; free physical = 9671 ; free virtual = 13958

Phase 4.1.1.2 Post Placement Timing Optimization
INFO: [Place 30-746] Post Placement Timing Summary WNS=0.509. For the most accurate timing information please run report_timing.
Phase 4.1.1.2 Post Placement Timing Optimization | Checksum: 1f3069771

Time (s): cpu = 00:00:04 ; elapsed = 00:00:04 . Memory (MB): peak = 2697.523 ; gain = 0.000 ; free physical = 9671 ; free virtual = 13958

Time (s): cpu = 00:00:04 ; elapsed = 00:00:04 . Memory (MB): peak = 2697.523 ; gain = 0.000 ; free physical = 9671 ; free virtual = 13958
Phase 4.1 Post Commit Optimization | Checksum: 1f3069771

Time (s): cpu = 00:00:04 ; elapsed = 00:00:04 . Memory (MB): peak = 2697.523 ; gain = 0.000 ; free physical = 9671 ; free virtual = 13958

Phase 4.2 Post Placement Cleanup
Phase 4.2 Post Placement Cleanup | Checksum: 1f3069771

Time (s): cpu = 00:00:04 ; elapsed = 00:00:04 . Memory (MB): peak = 2697.523 ; gain = 0.000 ; free physical = 9671 ; free virtual = 13958

Phase 4.3 Placer Reporting

Phase 4.3.1 Print Estimated Congestion
INFO: [Place 30-612] Post-Placement Estimated Congestion 
 ____________________________________________________
|           | Global Congestion | Short Congestion  |
| Direction | Region Size       | Region Size       |
|___________|___________________|___________________|
|      North|                1x1|                1x1|
|___________|___________________|___________________|
|      South|                1x1|                1x1|
|___________|___________________|___________________|
|       East|                1x1|                1x1|
|___________|___________________|___________________|
|       West|                1x1|                1x1|
|___________|___________________|___________________|

Phase 4.3.1 Print Estimated Congestion | Checksum: 1f3069771

Time (s): cpu = 00:00:04 ; elapsed = 00:00:04 . Memory (MB): peak = 2697.523 ; gain = 0.000 ; free physical = 9671 ; free virtual = 13958
Phase 4.3 Placer Reporting | Checksum: 1f3069771

Time (s): cpu = 00:00:04 ; elapsed = 00:00:04 . Memory (MB): peak = 2697.523 ; gain = 0.000 ; free physical = 9671 ; free virtual = 13958

Phase 4.4 Final Placement Cleanup
Netlist sorting complete. Time (s): cpu = 00:00:00 ; elapsed = 00:00:00 . Memory (MB): peak = 2697.523 ; gain = 0.000 ; free physical = 9671 ; free virtual = 13958

Time (s): cpu = 00:00:04 ; elapsed = 00:00:04 . Memory (MB): peak = 2697.523 ; gain = 0.000 ; free physical = 9671 ; free virtual = 13958
Phase 4 Post Placement Optimization and Clean-Up | Checksum: 25a99a329

Time (s): cpu = 00:00:04 ; elapsed = 00:00:04 . Memory (MB): peak = 2697.523 ; gain = 0.000 ; free physical = 9671 ; free virtual = 13958
Ending Placer Task | Checksum: 19e263770

Time (s): cpu = 00:00:04 ; elapsed = 00:00:04 . Memory (MB): peak = 2697.523 ; gain = 0.000 ; free physical = 9671 ; free virtual = 13958
83 Infos, 79 Warnings, 0 Critical Warnings and 0 Errors encountered.
place_design completed successfully
Command: route_design
Attempting to get a license for feature 'Implementation' and/or device 'xc7s50'
INFO: [Common 17-349] Got license for feature 'Implementation' and/or device 'xc7s50'


Starting Routing Task

Phase 1 Build RT Design
Checksum: PlaceDB: 69930bf9 ConstDB: 0 ShapeSum: 8a01f841 RouteDB: aa913336
WARNING: [Route 35-197] Clock port "clk" does not have an associated HD.CLK_SRC. Without this constraint, timing analysis may not be accurate and upstream checks cannot be done to ensure correct clock placement.
WARNING: [Route 35-198] Port "X_i[25]" does not have an associated HD.PARTPIN_LOCS, which will prevent the partial routing of the signal "X_i[25]". Without this partial route, timing analysis to/from this port will not be accurate, and no routing information for this port can be exported.
WARNING: [Route 35-198] Port "Y_i[25]" does not have an associated HD.PARTPIN_LOCS, which will prevent the partial routing of the signal "Y_i[25]". Without this partial route, timing analysis to/from this port will not be accurate, and no routing information for this port can be exported.
WARNING: [Route 35-198] Port "Y_i[24]" does not have an associated HD.PARTPIN_LOCS, which will prevent the partial routing of the signal "Y_i[24]". Without this partial route, timing analysis to/from this port will not be accurate, and no routing information for this port can be exported.
WARNING: [Route 35-198] Port "Y_i[23]" does not have an associated HD.PARTPIN_LOCS, which will prevent the partial routing of the signal "Y_i[23]". Without this partial route, timing analysis to/from this port will not be accurate, and no routing information for this port can be exported.
WARNING: [Route 35-198] Port "Y_i[22]" does not have an associated HD.PARTPIN_LOCS, which will prevent the partial routing of the signal "Y_i[22]". Without this partial route, timing analysis to/from this port will not be accurate, and no routing information for this port can be exported.
WARNING: [Route 35-198] Port "Y_i[21]" does not have an associated HD.PARTPIN_LOCS, which will prevent the partial routing of the signal "Y_i[21]". Without this partial route, timing analysis to/from this port will not be accurate, and no routing information for this port can be exported.
WARNING: [Route 35-198] Port "X_i[24]" does not have an associated HD.PARTPIN_LOCS, which will prevent the partial routing of the signal "X_i[24]". Without this partial route, timing analysis to/from this port will not be accurate, and no routing information for this port can be exported.
WARNING: [Route 35-198] Port "X_i[23]" does not have an associated HD.PARTPIN_LOCS, which will prevent the partial routing of the signal "X_i[23]". Without this partial route, timing analysis to/from this port will not be accurate, and no routing information for this port can be exported.
WARNING: [Route 35-198] Port "X_i[22]" does not have an associated HD.PARTPIN_LOCS, which will prevent the partial routing of the signal "X_i[22]". Without this partial route, timing analysis to/from this port will not be accurate, and no routing information for this port can be exported.
WARNING: [Route 35-198] Port "X_i[21]" does not have an associated HD.PARTPIN_LOCS, which will prevent the partial routing of the signal "X_i[21]". Without this partial route, timing analysis to/from this port will not be accurate, and no routing information for this port can be exported.
WARNING: [Route 35-198] Port "X_i[27]" does not have an associated HD.PARTPIN_LOCS, which will prevent the partial routing of the signal "X_i[27]". Without this partial route, timing analysis to/from this port will not be accurate, and no routing information for this port can be exported.
WARNING: [Route 35-198] Port "X_i[26]" does not have an associated HD.PARTPIN_LOCS, which will prevent the partial routing of the signal "X_i[26]". Without this partial route, timing analysis to/from this port will not be accurate, and no routing information for this port can be exported.
WARNING: [Route 35-198] Port "Y_i[27]" does not have an associated HD.PARTPIN_LOCS, which will prevent the partial routing of the signal "Y_i[27]". Without this partial route, timing analysis to/from this port will not be accurate, and no routing information for this port can be exported.
WARNING: [Route 35-198] Port "Y_i[26]" does not have an associated HD.PARTPIN_LOCS, which will prevent the partial routing of the signal "Y_i[26]". Without this partial route, timing analysis to/from this port will not be accurate, and no routing information for this port can be exported.
WARNING: [Route 35-198] Port "X_i[20]" does not have an associated HD.PARTPIN_LOCS, which will prevent the partial routing of the signal "X_i[20]". Without this partial route, timing analysis to/from this port will not be accurate, and no routing information for this port can be exported.
WARNING: [Route 35-198] Port "X_i[19]" does not have an associated HD.PARTPIN_LOCS, which will prevent the partial routing of the signal "X_i[19]". Without this partial route, timing analysis to/from this port will not be accurate, and no routing information for this port can be exported.
WARNING: [Route 35-198] Port "X_i[18]" does not have an associated HD.PARTPIN_LOCS, which will prevent the partial routing of the signal "X_i[18]". Without this partial route, timing analysis to/from this port will not be accurate, and no routing information for this port can be exported.
WARNING: [Route 35-198] Port "X_i[17]" does not have an associated HD.PARTPIN_LOCS, which will prevent the partial routing of the signal "X_i[17]". Without this partial route, timing analysis to/from this port will not be accurate, and no routing information for this port can be exported.
WARNING: [Route 35-198] Port "Y_i[20]" does not have an associated HD.PARTPIN_LOCS, which will prevent the partial routing of the signal "Y_i[20]". Without this partial route, timing analysis to/from this port will not be accurate, and no routing information for this port can be exported.
WARNING: [Route 35-198] Port "Y_i[19]" does not have an associated HD.PARTPIN_LOCS, which will prevent the partial routing of the signal "Y_i[19]". Without this partial route, timing analysis to/from this port will not be accurate, and no routing information for this port can be exported.
WARNING: [Route 35-198] Port "Y_i[18]" does not have an associated HD.PARTPIN_LOCS, which will prevent the partial routing of the signal "Y_i[18]". Without this partial route, timing analysis to/from this port will not be accurate, and no routing information for this port can be exported.
WARNING: [Route 35-198] Port "Y_i[17]" does not have an associated HD.PARTPIN_LOCS, which will prevent the partial routing of the signal "Y_i[17]". Without this partial route, timing analysis to/from this port will not be accurate, and no routing information for this port can be exported.
WARNING: [Route 35-198] Port "X_i[12]" does not have an associated HD.PARTPIN_LOCS, which will prevent the partial routing of the signal "X_i[12]". Without this partial route, timing analysis to/from this port will not be accurate, and no routing information for this port can be exported.
WARNING: [Route 35-198] Port "X_i[11]" does not have an associated HD.PARTPIN_LOCS, which will prevent the partial routing of the signal "X_i[11]". Without this partial route, timing analysis to/from this port will not be accurate, and no routing information for this port can be exported.
WARNING: [Route 35-198] Port "X_i[15]" does not have an associated HD.PARTPIN_LOCS, which will prevent the partial routing of the signal "X_i[15]". Without this partial route, timing analysis to/from this port will not be accurate, and no routing information for this port can be exported.
WARNING: [Route 35-198] Port "X_i[14]" does not have an associated HD.PARTPIN_LOCS, which will prevent the partial routing of the signal "X_i[14]". Without this partial route, timing analysis to/from this port will not be accurate, and no routing information for this port can be exported.
WARNING: [Route 35-198] Port "X_i[13]" does not have an associated HD.PARTPIN_LOCS, which will prevent the partial routing of the signal "X_i[13]". Without this partial route, timing analysis to/from this port will not be accurate, and no routing information for this port can be exported.
WARNING: [Route 35-198] Port "X_i[16]" does not have an associated HD.PARTPIN_LOCS, which will prevent the partial routing of the signal "X_i[16]". Without this partial route, timing analysis to/from this port will not be accurate, and no routing information for this port can be exported.
WARNING: [Route 35-198] Port "X_i[10]" does not have an associated HD.PARTPIN_LOCS, which will prevent the partial routing of the signal "X_i[10]". Without this partial route, timing analysis to/from this port will not be accurate, and no routing information for this port can be exported.
WARNING: [Route 35-198] Port "X_i[9]" does not have an associated HD.PARTPIN_LOCS, which will prevent the partial routing of the signal "X_i[9]". Without this partial route, timing analysis to/from this port will not be accurate, and no routing information for this port can be exported.
WARNING: [Route 35-198] Port "X_i[6]" does not have an associated HD.PARTPIN_LOCS, which will prevent the partial routing of the signal "X_i[6]". Without this partial route, timing analysis to/from this port will not be accurate, and no routing information for this port can be exported.
WARNING: [Route 35-198] Port "X_i[1]" does not have an associated HD.PARTPIN_LOCS, which will prevent the partial routing of the signal "X_i[1]". Without this partial route, timing analysis to/from this port will not be accurate, and no routing information for this port can be exported.
WARNING: [Route 35-198] Port "X_i[3]" does not have an associated HD.PARTPIN_LOCS, which will prevent the partial routing of the signal "X_i[3]". Without this partial route, timing analysis to/from this port will not be accurate, and no routing information for this port can be exported.
WARNING: [Route 35-198] Port "X_i[4]" does not have an associated HD.PARTPIN_LOCS, which will prevent the partial routing of the signal "X_i[4]". Without this partial route, timing analysis to/from this port will not be accurate, and no routing information for this port can be exported.
WARNING: [Route 35-198] Port "X_i[0]" does not have an associated HD.PARTPIN_LOCS, which will prevent the partial routing of the signal "X_i[0]". Without this partial route, timing analysis to/from this port will not be accurate, and no routing information for this port can be exported.
WARNING: [Route 35-198] Port "X_i[8]" does not have an associated HD.PARTPIN_LOCS, which will prevent the partial routing of the signal "X_i[8]". Without this partial route, timing analysis to/from this port will not be accurate, and no routing information for this port can be exported.
WARNING: [Route 35-198] Port "X_i[7]" does not have an associated HD.PARTPIN_LOCS, which will prevent the partial routing of the signal "X_i[7]". Without this partial route, timing analysis to/from this port will not be accurate, and no routing information for this port can be exported.
WARNING: [Route 35-198] Port "X_i[2]" does not have an associated HD.PARTPIN_LOCS, which will prevent the partial routing of the signal "X_i[2]". Without this partial route, timing analysis to/from this port will not be accurate, and no routing information for this port can be exported.
WARNING: [Route 35-198] Port "Y_i[14]" does not have an associated HD.PARTPIN_LOCS, which will prevent the partial routing of the signal "Y_i[14]". Without this partial route, timing analysis to/from this port will not be accurate, and no routing information for this port can be exported.
WARNING: [Route 35-198] Port "Y_i[13]" does not have an associated HD.PARTPIN_LOCS, which will prevent the partial routing of the signal "Y_i[13]". Without this partial route, timing analysis to/from this port will not be accurate, and no routing information for this port can be exported.
WARNING: [Route 35-198] Port "X_i[5]" does not have an associated HD.PARTPIN_LOCS, which will prevent the partial routing of the signal "X_i[5]". Without this partial route, timing analysis to/from this port will not be accurate, and no routing information for this port can be exported.
WARNING: [Route 35-198] Port "Y_i[16]" does not have an associated HD.PARTPIN_LOCS, which will prevent the partial routing of the signal "Y_i[16]". Without this partial route, timing analysis to/from this port will not be accurate, and no routing information for this port can be exported.
WARNING: [Route 35-198] Port "Y_i[15]" does not have an associated HD.PARTPIN_LOCS, which will prevent the partial routing of the signal "Y_i[15]". Without this partial route, timing analysis to/from this port will not be accurate, and no routing information for this port can be exported.
WARNING: [Route 35-198] Port "Y_i[0]" does not have an associated HD.PARTPIN_LOCS, which will prevent the partial routing of the signal "Y_i[0]". Without this partial route, timing analysis to/from this port will not be accurate, and no routing information for this port can be exported.
WARNING: [Route 35-198] Port "Y_i[8]" does not have an associated HD.PARTPIN_LOCS, which will prevent the partial routing of the signal "Y_i[8]". Without this partial route, timing analysis to/from this port will not be accurate, and no routing information for this port can be exported.
WARNING: [Route 35-198] Port "Y_i[7]" does not have an associated HD.PARTPIN_LOCS, which will prevent the partial routing of the signal "Y_i[7]". Without this partial route, timing analysis to/from this port will not be accurate, and no routing information for this port can be exported.
WARNING: [Route 35-198] Port "Y_i[12]" does not have an associated HD.PARTPIN_LOCS, which will prevent the partial routing of the signal "Y_i[12]". Without this partial route, timing analysis to/from this port will not be accurate, and no routing information for this port can be exported.
WARNING: [Route 35-198] Port "Y_i[11]" does not have an associated HD.PARTPIN_LOCS, which will prevent the partial routing of the signal "Y_i[11]". Without this partial route, timing analysis to/from this port will not be accurate, and no routing information for this port can be exported.
WARNING: [Route 35-198] Port "Y_i[10]" does not have an associated HD.PARTPIN_LOCS, which will prevent the partial routing of the signal "Y_i[10]". Without this partial route, timing analysis to/from this port will not be accurate, and no routing information for this port can be exported.
WARNING: [Route 35-198] Port "Y_i[9]" does not have an associated HD.PARTPIN_LOCS, which will prevent the partial routing of the signal "Y_i[9]". Without this partial route, timing analysis to/from this port will not be accurate, and no routing information for this port can be exported.
WARNING: [Route 35-198] Port "Y_i[6]" does not have an associated HD.PARTPIN_LOCS, which will prevent the partial routing of the signal "Y_i[6]". Without this partial route, timing analysis to/from this port will not be accurate, and no routing information for this port can be exported.
WARNING: [Route 35-198] Port "Y_i[5]" does not have an associated HD.PARTPIN_LOCS, which will prevent the partial routing of the signal "Y_i[5]". Without this partial route, timing analysis to/from this port will not be accurate, and no routing information for this port can be exported.
WARNING: [Route 35-198] Port "Y_i[4]" does not have an associated HD.PARTPIN_LOCS, which will prevent the partial routing of the signal "Y_i[4]". Without this partial route, timing analysis to/from this port will not be accurate, and no routing information for this port can be exported.
WARNING: [Route 35-198] Port "Y_i[3]" does not have an associated HD.PARTPIN_LOCS, which will prevent the partial routing of the signal "Y_i[3]". Without this partial route, timing analysis to/from this port will not be accurate, and no routing information for this port can be exported.
WARNING: [Route 35-198] Port "Y_i[2]" does not have an associated HD.PARTPIN_LOCS, which will prevent the partial routing of the signal "Y_i[2]". Without this partial route, timing analysis to/from this port will not be accurate, and no routing information for this port can be exported.
WARNING: [Route 35-198] Port "Y_i[1]" does not have an associated HD.PARTPIN_LOCS, which will prevent the partial routing of the signal "Y_i[1]". Without this partial route, timing analysis to/from this port will not be accurate, and no routing information for this port can be exported.
WARNING: [Constraints 18-8777] Unable to split tiles. All required files are not available.
Post Restoration Checksum: NetGraph: b2bb8a5f | NumContArr: f77caa82 | Constraints: c2a8fa9d | Timing: c2a8fa9d
Phase 1 Build RT Design | Checksum: 32f8a2a1b

Time (s): cpu = 00:00:19 ; elapsed = 00:00:19 . Memory (MB): peak = 2697.523 ; gain = 0.000 ; free physical = 10350 ; free virtual = 14661

Phase 2 Router Initialization

Phase 2.1 Fix Topology Constraints
Phase 2.1 Fix Topology Constraints | Checksum: 32f8a2a1b

Time (s): cpu = 00:00:19 ; elapsed = 00:00:19 . Memory (MB): peak = 2697.523 ; gain = 0.000 ; free physical = 10350 ; free virtual = 14661

Phase 2.2 Pre Route Cleanup
Phase 2.2 Pre Route Cleanup | Checksum: 32f8a2a1b

Time (s): cpu = 00:00:19 ; elapsed = 00:00:19 . Memory (MB): peak = 2697.523 ; gain = 0.000 ; free physical = 10350 ; free virtual = 14661
 Number of Nodes with overlaps = 0

Phase 2.3 Update Timing
Phase 2.3 Update Timing | Checksum: 1c85190f6

Time (s): cpu = 00:00:19 ; elapsed = 00:00:20 . Memory (MB): peak = 2697.523 ; gain = 0.000 ; free physical = 10335 ; free virtual = 14646
INFO: [Route 35-416] Intermediate Timing Summary | WNS=0.677  | TNS=0.000  | WHS=0.061  | THS=0.000  |


Phase 2.4 Soft Constraint Pins - Fast Budgeting
Phase 2.4 Soft Constraint Pins - Fast Budgeting | Checksum: 2a0e1073b

Time (s): cpu = 00:00:20 ; elapsed = 00:00:20 . Memory (MB): peak = 2713.523 ; gain = 16.000 ; free physical = 10315 ; free virtual = 14625

Router Utilization Summary
  Global Vertical Routing Utilization    = 0 %
  Global Horizontal Routing Utilization  = 0 %
  Routable Net Status*
  *Does not include unroutable nets such as driverless and loadless.
  Run report_route_status for detailed report.
  Number of Failed Nets               = 1098
    (Failed Nets is the sum of unrouted and partially routed nets)
  Number of Unrouted Nets             = 1098
  Number of Partially Routed Nets     = 0
  Number of Node Overlaps             = 0

Phase 2 Router Initialization | Checksum: 2a0e1073b

Time (s): cpu = 00:00:20 ; elapsed = 00:00:20 . Memory (MB): peak = 2713.523 ; gain = 16.000 ; free physical = 10291 ; free virtual = 14602

Phase 3 Global Routing
Phase 3 Global Routing | Checksum: 2a0e1073b

Time (s): cpu = 00:00:20 ; elapsed = 00:00:20 . Memory (MB): peak = 2713.523 ; gain = 16.000 ; free physical = 10291 ; free virtual = 14602

Phase 4 Initial Routing

Phase 4.1 Initial Net Routing Pass
Phase 4.1 Initial Net Routing Pass | Checksum: 27a14c476

Time (s): cpu = 00:00:20 ; elapsed = 00:00:20 . Memory (MB): peak = 2713.523 ; gain = 16.000 ; free physical = 10270 ; free virtual = 14585
Phase 4 Initial Routing | Checksum: 27a14c476

Time (s): cpu = 00:00:20 ; elapsed = 00:00:20 . Memory (MB): peak = 2713.523 ; gain = 16.000 ; free physical = 10266 ; free virtual = 14581

Phase 5 Rip-up And Reroute

Phase 5.1 Global Iteration 0
 Number of Nodes with overlaps = 203
 Number of Nodes with overlaps = 52
 Number of Nodes with overlaps = 15
 Number of Nodes with overlaps = 4
 Number of Nodes with overlaps = 2
 Number of Nodes with overlaps = 1
 Number of Nodes with overlaps = 0
INFO: [Route 35-416] Intermediate Timing Summary | WNS=0.480  | TNS=0.000  | WHS=N/A    | THS=N/A    |

Phase 5.1 Global Iteration 0 | Checksum: 32a3fe3f8

Time (s): cpu = 00:00:21 ; elapsed = 00:00:21 . Memory (MB): peak = 2713.523 ; gain = 16.000 ; free physical = 11727 ; free virtual = 16045
Phase 5 Rip-up And Reroute | Checksum: 32a3fe3f8

Time (s): cpu = 00:00:21 ; elapsed = 00:00:21 . Memory (MB): peak = 2713.523 ; gain = 16.000 ; free physical = 11727 ; free virtual = 16045

Phase 6 Delay and Skew Optimization

Phase 6.1 Delay CleanUp
Phase 6.1 Delay CleanUp | Checksum: 32a3fe3f8

Time (s): cpu = 00:00:21 ; elapsed = 00:00:21 . Memory (MB): peak = 2713.523 ; gain = 16.000 ; free physical = 11727 ; free virtual = 16045

Phase 6.2 Clock Skew Optimization
Phase 6.2 Clock Skew Optimization | Checksum: 32a3fe3f8

Time (s): cpu = 00:00:21 ; elapsed = 00:00:21 . Memory (MB): peak = 2713.523 ; gain = 16.000 ; free physical = 11727 ; free virtual = 16045
Phase 6 Delay and Skew Optimization | Checksum: 32a3fe3f8

Time (s): cpu = 00:00:21 ; elapsed = 00:00:21 . Memory (MB): peak = 2713.523 ; gain = 16.000 ; free physical = 11727 ; free virtual = 16045

Phase 7 Post Hold Fix

Phase 7.1 Hold Fix Iter
INFO: [Route 35-416] Intermediate Timing Summary | WNS=0.480  | TNS=0.000  | WHS=0.036  | THS=0.000  |

Phase 7.1 Hold Fix Iter | Checksum: 2d5a3a975

Time (s): cpu = 00:00:21 ; elapsed = 00:00:22 . Memory (MB): peak = 2713.523 ; gain = 16.000 ; free physical = 11699 ; free virtual = 16016
Phase 7 Post Hold Fix | Checksum: 2d5a3a975

Time (s): cpu = 00:00:21 ; elapsed = 00:00:22 . Memory (MB): peak = 2713.523 ; gain = 16.000 ; free physical = 11699 ; free virtual = 16016

Phase 8 Route finalize

Router Utilization Summary
  Global Vertical Routing Utilization    = 0.209519 %
  Global Horizontal Routing Utilization  = 0.257028 %
  Routable Net Status*
  *Does not include unroutable nets such as driverless and loadless.
  Run report_route_status for detailed report.
  Number of Failed Nets               = 0
    (Failed Nets is the sum of unrouted and partially routed nets)
  Number of Unrouted Nets             = 0
  Number of Partially Routed Nets     = 0
  Number of Node Overlaps             = 0

Phase 8 Route finalize | Checksum: 2d5a3a975

Time (s): cpu = 00:00:21 ; elapsed = 00:00:22 . Memory (MB): peak = 2713.523 ; gain = 16.000 ; free physical = 11691 ; free virtual = 16008

Phase 9 Verifying routed nets

 Verification completed successfully
Phase 9 Verifying routed nets | Checksum: 2d5a3a975

Time (s): cpu = 00:00:21 ; elapsed = 00:00:22 . Memory (MB): peak = 2713.523 ; gain = 16.000 ; free physical = 11691 ; free virtual = 16008

Phase 10 Depositing Routes
Phase 10 Depositing Routes | Checksum: 26c8296fe

Time (s): cpu = 00:00:22 ; elapsed = 00:00:22 . Memory (MB): peak = 2713.523 ; gain = 16.000 ; free physical = 11537 ; free virtual = 15854

Phase 11 Post Process Routing
Phase 11 Post Process Routing | Checksum: 26c8296fe

Time (s): cpu = 00:00:22 ; elapsed = 00:00:22 . Memory (MB): peak = 2713.523 ; gain = 16.000 ; free physical = 11537 ; free virtual = 15854

Phase 12 Post Router Timing
INFO: [Route 35-57] Estimated Timing Summary | WNS=0.480  | TNS=0.000  | WHS=0.036  | THS=0.000  |

INFO: [Route 35-327] The final timing numbers are based on the router estimated timing analysis. For a complete and accurate timing signoff, please run report_timing_summary.
Phase 12 Post Router Timing | Checksum: 26c8296fe

Time (s): cpu = 00:00:22 ; elapsed = 00:00:22 . Memory (MB): peak = 2713.523 ; gain = 16.000 ; free physical = 11537 ; free virtual = 15854
Total Elapsed time in route_design: 21.76 secs

Phase 13 Post-Route Event Processing
Phase 13 Post-Route Event Processing | Checksum: 133a88bdd

Time (s): cpu = 00:00:22 ; elapsed = 00:00:22 . Memory (MB): peak = 2713.523 ; gain = 16.000 ; free physical = 11539 ; free virtual = 15856
INFO: [Route 35-16] Router Completed Successfully
Ending Routing Task | Checksum: 133a88bdd

Time (s): cpu = 00:00:22 ; elapsed = 00:00:22 . Memory (MB): peak = 2713.523 ; gain = 16.000 ; free physical = 11537 ; free virtual = 15854

Routing Is Done.
INFO: [Common 17-83] Releasing license: Implementation
91 Infos, 137 Warnings, 0 Critical Warnings and 0 Errors encountered.
route_design completed successfully
route_design: Time (s): cpu = 00:00:22 ; elapsed = 00:00:22 . Memory (MB): peak = 2713.523 ; gain = 16.000 ; free physical = 11537 ; free virtual = 15854
INFO: [Timing 38-91] UpdateTimingParams: Speed grade: -1, Delay Type: min_max.
WARNING: [Timing 38-242] The property HD.CLK_SRC of clock port "clk" is not set. In out-of-context mode, this prevents timing estimation for clock delay/skew
Resolution: Set the HD.CLK_SRC property of the out-of-context port to the location of the clock buffer instance in the top-level design
WARNING: [Vivado 12-180] No cells matched 'get_cells -hier -filter {REF_NAME =~ DSP*}'.
WARNING: [Vivado 12-180] No cells matched 'get_cells -hier -filter {REF_NAME =~ RAMB*}'.
INFO: [Timing 38-480] Writing timing data to binary archive.
Write ShapeDB Complete: Time (s): cpu = 00:00:00.01 ; elapsed = 00:00:00.01 . Memory (MB): peak = 2713.523 ; gain = 0.000 ; free physical = 11453 ; free virtual = 15772
Wrote PlaceDB: Time (s): cpu = 00:00:00 ; elapsed = 00:00:00 . Memory (MB): peak = 2713.523 ; gain = 0.000 ; free physical = 11453 ; free virtual = 15772
Wrote PulsedLatchDB: Time (s): cpu = 00:00:00 ; elapsed = 00:00:00 . Memory (MB): peak = 2713.523 ; gain = 0.000 ; free physical = 11453 ; free virtual = 15772
Writing XDEF routing.
Writing XDEF routing logical nets.
Writing XDEF routing special nets.
Wrote RouteStorage: Time (s): cpu = 00:00:00.02 ; elapsed = 00:00:00.03 . Memory (MB): peak = 2713.523 ; gain = 0.000 ; free physical = 11453 ; free virtual = 15772
Wrote PlaceStorage: Time (s): cpu = 00:00:00.06 ; elapsed = 00:00:00.06 . Memory (MB): peak = 2713.523 ; gain = 0.000 ; free physical = 11452 ; free virtual = 15773
Wrote Netlist Cache: Time (s): cpu = 00:00:00 ; elapsed = 00:00:00 . Memory (MB): peak = 2713.523 ; gain = 0.000 ; free physical = 11452 ; free virtual = 15773
Wrote Device Cache: Time (s): cpu = 00:00:00.01 ; elapsed = 00:00:00.01 . Memory (MB): peak = 2713.523 ; gain = 0.000 ; free physical = 11452 ; free virtual = 15773
Write Physdb Complete: Time (s): cpu = 00:00:00.09 ; elapsed = 00:00:00.1 . Memory (MB): peak = 2713.523 ; gain = 0.000 ; free physical = 11452 ; free virtual = 15773
INFO: [Common 17-1381] The checkpoint '/mnt/storage/test/zkf-vs-flopoco/artifacts/targets/spartan7-vivado/rows/flopoco_div_we8_wf17_zynq7000_native_srt_87_f300/post_route.dcp' has been generated.
INFO: [Common 17-206] Exiting Vivado at Sat May 23 23:32:05 2026...
$ /mnt/storage/xilinx/2025.2.1/Vivado/bin/vivado -mode batch -nojournal -nolog -notrace -source /mnt/storage/test/zkf-vs-flopoco/artifacts/targets/spartan7-vivado/rows/flopoco_div_we8_wf17_zynq7000_native_srt_87_f300/vivado.tcl


[exit code 0]
