Copyright 1986-2022 Xilinx, Inc. All Rights Reserved. Copyright 2022-2026 Advanced Micro Devices, Inc. All Rights Reserved.
---------------------------------------------------------------------------------------------------------------------------------------------------------------------------------------------------------
| Tool Version : Vivado v.2025.2.1 (lin64) Build 6403652 Thu Mar 19 13:47:00 MDT 2026
| Date         : Sun May 24 15:00:24 2026
| Host         : deep-thought running 64-bit Manjaro Linux
| Command      : report_timing_summary -file /mnt/storage/test/zkf-vs-flopoco/artifacts/targets/spartan7-vivado/rows/tommath_add_e8_m35_round_even_sticky_p5/timing_summary.rpt -max_paths 10 -nworst 10
| Design       : top_tommath_add_e8_m35_round_even_sticky_p5
| Device       : 7s50-csga324
| Speed File   : -1  PRODUCTION 1.23 2018-06-13
| Design State : Routed
---------------------------------------------------------------------------------------------------------------------------------------------------------------------------------------------------------

Timing Summary Report

------------------------------------------------------------------------------------------------
| Timer Settings
| --------------
------------------------------------------------------------------------------------------------

  Enable Multi Corner Analysis               :  Yes
  Enable Pessimism Removal                   :  Yes
  Pessimism Removal Resolution               :  Nearest Common Node
  Enable Input Delay Default Clock           :  No
  Enable Preset / Clear Arcs                 :  No
  Disable Flight Delays                      :  No
  Ignore I/O Paths                           :  No
  Timing Early Launch at Borrowing Latches   :  No
  Borrow Time for Max Delay Exceptions       :  Yes
  Merge Timing Exceptions                    :  Yes
  Inter-SLR Compensation                     :  Conservative

  Corner  Analyze    Analyze    
  Name    Max Paths  Min Paths  
  ------  ---------  ---------  
  Slow    Yes        Yes        
  Fast    Yes        Yes        


------------------------------------------------------------------------------------------------
| Report Methodology
| ------------------
------------------------------------------------------------------------------------------------

No report available as report_methodology has not been run prior. Run report_methodology on the current design for the summary of methodology violations.



check_timing report

Table of Contents
-----------------
1. checking no_clock (0)
2. checking constant_clock (0)
3. checking pulse_width_clock (0)
4. checking unconstrained_internal_endpoints (0)
5. checking no_input_delay (90)
6. checking no_output_delay (45)
7. checking multiple_clock (0)
8. checking generated_clocks (0)
9. checking loops (0)
10. checking partial_input_delay (0)
11. checking partial_output_delay (0)
12. checking latch_loops (0)

1. checking no_clock (0)
------------------------
 There are 0 register/latch pins with no clock.


2. checking constant_clock (0)
------------------------------
 There are 0 register/latch pins with constant_clock.


3. checking pulse_width_clock (0)
---------------------------------
 There are 0 register/latch pins which need pulse_width check


4. checking unconstrained_internal_endpoints (0)
------------------------------------------------
 There are 0 pins that are not constrained for maximum delay.

 There are 0 pins that are not constrained for maximum delay due to constant clock.


5. checking no_input_delay (90)
-------------------------------
 There are 90 input ports with no input delay specified. (HIGH)

 There are 0 input ports with no input delay but user has a false path constraint.


6. checking no_output_delay (45)
--------------------------------
 There are 45 ports with no output delay specified. (HIGH)

 There are 0 ports with no output delay but user has a false path constraint

 There are 0 ports with no output delay but with a timing clock defined on it or propagating through it


7. checking multiple_clock (0)
------------------------------
 There are 0 register/latch pins with multiple clocks.


8. checking generated_clocks (0)
--------------------------------
 There are 0 generated clocks that are not connected to a clock source.


9. checking loops (0)
---------------------
 There are 0 combinational loops in the design.


10. checking partial_input_delay (0)
------------------------------------
 There are 0 input ports with partial input delay specified.


11. checking partial_output_delay (0)
-------------------------------------
 There are 0 ports with partial output delay specified.


12. checking latch_loops (0)
----------------------------
 There are 0 combinational latch loops in the design through latch input



------------------------------------------------------------------------------------------------
| Design Timing Summary
| ---------------------
------------------------------------------------------------------------------------------------

    WNS(ns)      TNS(ns)  TNS Failing Endpoints  TNS Total Endpoints      WHS(ns)      THS(ns)  THS Failing Endpoints  THS Total Endpoints     WPWS(ns)     TPWS(ns)  TPWS Failing Endpoints  TPWS Total Endpoints  
    -------      -------  ---------------------  -------------------      -------      -------  ---------------------  -------------------     --------     --------  ----------------------  --------------------  
     -1.532      -57.258                     44                  441        0.135        0.000                      0                  441        2.353        0.000                       0                   486  


Timing constraints are not met.


------------------------------------------------------------------------------------------------
| Clock Summary
| -------------
------------------------------------------------------------------------------------------------

Clock  Waveform(ns)         Period(ns)      Frequency(MHz)
-----  ------------         ----------      --------------
clk    {0.000 3.333}        6.667           149.993         


------------------------------------------------------------------------------------------------
| Intra Clock Table
| -----------------
------------------------------------------------------------------------------------------------

Clock             WNS(ns)      TNS(ns)  TNS Failing Endpoints  TNS Total Endpoints      WHS(ns)      THS(ns)  THS Failing Endpoints  THS Total Endpoints     WPWS(ns)     TPWS(ns)  TPWS Failing Endpoints  TPWS Total Endpoints  
-----             -------      -------  ---------------------  -------------------      -------      -------  ---------------------  -------------------     --------     --------  ----------------------  --------------------  
clk                -1.532      -57.258                     44                  441        0.135        0.000                      0                  441        2.353        0.000                       0                   486  


------------------------------------------------------------------------------------------------
| Inter Clock Table
| -----------------
------------------------------------------------------------------------------------------------

From Clock    To Clock          WNS(ns)      TNS(ns)  TNS Failing Endpoints  TNS Total Endpoints      WHS(ns)      THS(ns)  THS Failing Endpoints  THS Total Endpoints  
----------    --------          -------      -------  ---------------------  -------------------      -------      -------  ---------------------  -------------------  


------------------------------------------------------------------------------------------------
| Other Path Groups Table
| -----------------------
------------------------------------------------------------------------------------------------

Path Group    From Clock    To Clock          WNS(ns)      TNS(ns)  TNS Failing Endpoints  TNS Total Endpoints      WHS(ns)      THS(ns)  THS Failing Endpoints  THS Total Endpoints  
----------    ----------    --------          -------      -------  ---------------------  -------------------      -------      -------  ---------------------  -------------------  


------------------------------------------------------------------------------------------------
| Timing Details
| --------------
------------------------------------------------------------------------------------------------


---------------------------------------------------------------------------------------------------
From Clock:  clk
  To Clock:  clk

Setup :           44  Failing Endpoints,  Worst Slack       -1.532ns,  Total Violation      -57.258ns
Hold  :            0  Failing Endpoints,  Worst Slack        0.135ns,  Total Violation        0.000ns
PW    :            0  Failing Endpoints,  Worst Slack        2.353ns,  Total Violation        0.000ns
---------------------------------------------------------------------------------------------------


Max Delay Paths
--------------------------------------------------------------------------------------
Slack (VIOLATED) :        -1.532ns  (required time - arrival time)
  Source:                 u_dut/n5_n4_mant_add_adj_reg[10]/C
                            (rising edge-triggered cell FDRE clocked by clk  {rise@0.000ns fall@3.333ns period=6.667ns})
  Destination:            y_r_reg[16]/D
                            (rising edge-triggered cell FDRE clocked by clk  {rise@0.000ns fall@3.333ns period=6.667ns})
  Path Group:             clk
  Path Type:              Setup (Max at Slow Process Corner)
  Requirement:            6.667ns  (clk rise@6.667ns - clk rise@0.000ns)
  Data Path Delay:        8.147ns  (logic 3.224ns (39.571%)  route 4.923ns (60.429%))
  Logic Levels:           14  (CARRY4=8 LUT3=1 LUT4=1 LUT5=1 LUT6=3)
  Clock Path Skew:        -0.049ns (DCD - SCD + CPR)
    Destination Clock Delay (DCD):    0.924ns = ( 7.591 - 6.667 ) 
    Source Clock Delay      (SCD):    0.973ns
    Clock Pessimism Removal (CPR):    0.000ns
  Clock Uncertainty:      0.035ns  ((TSJ^2 + TIJ^2)^1/2 + DJ) / 2 + PE
    Total System Jitter     (TSJ):    0.071ns
    Total Input Jitter      (TIJ):    0.000ns
    Discrete Jitter          (DJ):    0.000ns
    Phase Error              (PE):    0.000ns

    Location             Delay type                Incr(ns)  Path(ns)    Netlist Resource(s)
  -------------------------------------------------------------------    -------------------
                         (clock clk rise edge)        0.000     0.000 r  
                                                      0.000     0.000 r  clk (IN)
                         net (fo=485, unset)          0.973     0.973    u_dut/clk
    SLICE_X3Y86          FDRE                                         r  u_dut/n5_n4_mant_add_adj_reg[10]/C
  -------------------------------------------------------------------    -------------------
    SLICE_X3Y86          FDRE (Prop_fdre_C_Q)         0.456     1.429 r  u_dut/n5_n4_mant_add_adj_reg[10]/Q
                         net (fo=4, routed)           1.120     2.549    u_dut/n5_n4_mant_add_adj[10]
    SLICE_X1Y84          LUT6 (Prop_lut6_I0_O)        0.124     2.673 r  u_dut/io_result_payload_mant[23]_INST_0_i_16/O
                         net (fo=4, routed)           1.035     3.707    u_dut/io_result_payload_mant[23]_INST_0_i_16_n_0
    SLICE_X1Y89          LUT6 (Prop_lut6_I1_O)        0.124     3.831 r  u_dut/io_result_payload_mant[19]_INST_0_i_12/O
                         net (fo=4, routed)           0.519     4.351    u_dut/io_result_payload_mant[19]_INST_0_i_12_n_0
    SLICE_X0Y89          LUT3 (Prop_lut3_I2_O)        0.124     4.475 r  u_dut/io_result_payload_mant[19]_INST_0_i_5/O
                         net (fo=1, routed)           0.000     4.475    u_dut/p_0_in__0[18]
    SLICE_X0Y89          CARRY4 (Prop_carry4_S[1]_CO[3])
                                                      0.550     5.025 r  u_dut/io_result_payload_mant[19]_INST_0_i_1/CO[3]
                         net (fo=1, routed)           0.000     5.025    u_dut/io_result_payload_mant[19]_INST_0_i_1_n_0
    SLICE_X0Y90          CARRY4 (Prop_carry4_CI_CO[3])
                                                      0.114     5.139 r  u_dut/io_result_payload_mant[23]_INST_0_i_1/CO[3]
                         net (fo=1, routed)           0.000     5.139    u_dut/io_result_payload_mant[23]_INST_0_i_1_n_0
    SLICE_X0Y91          CARRY4 (Prop_carry4_CI_CO[3])
                                                      0.114     5.253 r  u_dut/io_result_payload_mant[27]_INST_0_i_1/CO[3]
                         net (fo=1, routed)           0.000     5.253    u_dut/io_result_payload_mant[27]_INST_0_i_1_n_0
    SLICE_X0Y92          CARRY4 (Prop_carry4_CI_CO[3])
                                                      0.114     5.367 r  u_dut/io_result_payload_mant[31]_INST_0_i_1/CO[3]
                         net (fo=1, routed)           0.000     5.367    u_dut/io_result_payload_mant[31]_INST_0_i_1_n_0
    SLICE_X0Y93          CARRY4 (Prop_carry4_CI_CO[3])
                                                      0.114     5.481 r  u_dut/io_result_payload_mant[34]_INST_0_i_3/CO[3]
                         net (fo=3, routed)           0.738     6.219    u_dut/_zz_n5_mant_rounded_1[36]
    SLICE_X1Y92          LUT4 (Prop_lut4_I0_O)        0.124     6.343 r  u_dut/io_result_payload_exp[3]_INST_0_i_4/O
                         net (fo=1, routed)           0.520     6.863    u_dut/io_result_payload_exp[3]_INST_0_i_4_n_0
    SLICE_X1Y93          CARRY4 (Prop_carry4_DI[1]_CO[3])
                                                      0.507     7.370 r  u_dut/io_result_payload_exp[3]_INST_0_i_1/CO[3]
                         net (fo=1, routed)           0.000     7.370    u_dut/io_result_payload_exp[3]_INST_0_i_1_n_0
    SLICE_X1Y94          CARRY4 (Prop_carry4_CI_CO[3])
                                                      0.114     7.484 r  u_dut/io_result_payload_exp[7]_INST_0_i_3/CO[3]
                         net (fo=1, routed)           0.000     7.484    u_dut/io_result_payload_exp[7]_INST_0_i_3_n_0
    SLICE_X1Y95          CARRY4 (Prop_carry4_CI_O[0])
                                                      0.222     7.706 f  u_dut/io_result_payload_exp[7]_INST_0_i_2/O[0]
                         net (fo=9, routed)           0.383     8.090    u_dut/io_result_payload_exp[7]_INST_0_i_2_n_7
    SLICE_X0Y96          LUT5 (Prop_lut5_I0_O)        0.299     8.389 r  u_dut/io_result_payload_mant[34]_INST_0_i_2/O
                         net (fo=35, routed)          0.608     8.996    u_dut/io_result_payload_mant[34]_INST_0_i_2_n_0
    SLICE_X3Y97          LUT6 (Prop_lut6_I1_O)        0.124     9.120 r  u_dut/io_result_payload_mant[16]_INST_0/O
                         net (fo=1, routed)           0.000     9.120    dut_y[16]
    SLICE_X3Y97          FDRE                                         r  y_r_reg[16]/D
  -------------------------------------------------------------------    -------------------

                         (clock clk rise edge)        6.667     6.667 r  
                                                      0.000     6.667 r  clk (IN)
                         net (fo=485, unset)          0.924     7.591    clk
    SLICE_X3Y97          FDRE                                         r  y_r_reg[16]/C
                         clock pessimism              0.000     7.591    
                         clock uncertainty           -0.035     7.556    
    SLICE_X3Y97          FDRE (Setup_fdre_C_D)        0.032     7.588    y_r_reg[16]
  -------------------------------------------------------------------
                         required time                          7.588    
                         arrival time                          -9.120    
  -------------------------------------------------------------------
                         slack                                 -1.532    

Slack (VIOLATED) :        -1.532ns  (required time - arrival time)
  Source:                 u_dut/n5_n4_mant_add_adj_reg[10]/C
                            (rising edge-triggered cell FDRE clocked by clk  {rise@0.000ns fall@3.333ns period=6.667ns})
  Destination:            y_r_reg[16]/D
                            (rising edge-triggered cell FDRE clocked by clk  {rise@0.000ns fall@3.333ns period=6.667ns})
  Path Group:             clk
  Path Type:              Setup (Max at Slow Process Corner)
  Requirement:            6.667ns  (clk rise@6.667ns - clk rise@0.000ns)
  Data Path Delay:        8.147ns  (logic 3.224ns (39.571%)  route 4.923ns (60.429%))
  Logic Levels:           14  (CARRY4=8 LUT3=1 LUT4=1 LUT5=1 LUT6=3)
  Clock Path Skew:        -0.049ns (DCD - SCD + CPR)
    Destination Clock Delay (DCD):    0.924ns = ( 7.591 - 6.667 ) 
    Source Clock Delay      (SCD):    0.973ns
    Clock Pessimism Removal (CPR):    0.000ns
  Clock Uncertainty:      0.035ns  ((TSJ^2 + TIJ^2)^1/2 + DJ) / 2 + PE
    Total System Jitter     (TSJ):    0.071ns
    Total Input Jitter      (TIJ):    0.000ns
    Discrete Jitter          (DJ):    0.000ns
    Phase Error              (PE):    0.000ns

    Location             Delay type                Incr(ns)  Path(ns)    Netlist Resource(s)
  -------------------------------------------------------------------    -------------------
                         (clock clk rise edge)        0.000     0.000 r  
                                                      0.000     0.000 r  clk (IN)
                         net (fo=485, unset)          0.973     0.973    u_dut/clk
    SLICE_X3Y86          FDRE                                         r  u_dut/n5_n4_mant_add_adj_reg[10]/C
  -------------------------------------------------------------------    -------------------
    SLICE_X3Y86          FDRE (Prop_fdre_C_Q)         0.456     1.429 f  u_dut/n5_n4_mant_add_adj_reg[10]/Q
                         net (fo=4, routed)           1.120     2.549    u_dut/n5_n4_mant_add_adj[10]
    SLICE_X1Y84          LUT6 (Prop_lut6_I0_O)        0.124     2.673 f  u_dut/io_result_payload_mant[23]_INST_0_i_16/O
                         net (fo=4, routed)           1.035     3.707    u_dut/io_result_payload_mant[23]_INST_0_i_16_n_0
    SLICE_X1Y89          LUT6 (Prop_lut6_I1_O)        0.124     3.831 f  u_dut/io_result_payload_mant[19]_INST_0_i_12/O
                         net (fo=4, routed)           0.519     4.351    u_dut/io_result_payload_mant[19]_INST_0_i_12_n_0
    SLICE_X0Y89          LUT3 (Prop_lut3_I2_O)        0.124     4.475 f  u_dut/io_result_payload_mant[19]_INST_0_i_5/O
                         net (fo=1, routed)           0.000     4.475    u_dut/p_0_in__0[18]
    SLICE_X0Y89          CARRY4 (Prop_carry4_S[1]_CO[3])
                                                      0.550     5.025 r  u_dut/io_result_payload_mant[19]_INST_0_i_1/CO[3]
                         net (fo=1, routed)           0.000     5.025    u_dut/io_result_payload_mant[19]_INST_0_i_1_n_0
    SLICE_X0Y90          CARRY4 (Prop_carry4_CI_CO[3])
                                                      0.114     5.139 r  u_dut/io_result_payload_mant[23]_INST_0_i_1/CO[3]
                         net (fo=1, routed)           0.000     5.139    u_dut/io_result_payload_mant[23]_INST_0_i_1_n_0
    SLICE_X0Y91          CARRY4 (Prop_carry4_CI_CO[3])
                                                      0.114     5.253 r  u_dut/io_result_payload_mant[27]_INST_0_i_1/CO[3]
                         net (fo=1, routed)           0.000     5.253    u_dut/io_result_payload_mant[27]_INST_0_i_1_n_0
    SLICE_X0Y92          CARRY4 (Prop_carry4_CI_CO[3])
                                                      0.114     5.367 r  u_dut/io_result_payload_mant[31]_INST_0_i_1/CO[3]
                         net (fo=1, routed)           0.000     5.367    u_dut/io_result_payload_mant[31]_INST_0_i_1_n_0
    SLICE_X0Y93          CARRY4 (Prop_carry4_CI_CO[3])
                                                      0.114     5.481 r  u_dut/io_result_payload_mant[34]_INST_0_i_3/CO[3]
                         net (fo=3, routed)           0.738     6.219    u_dut/_zz_n5_mant_rounded_1[36]
    SLICE_X1Y92          LUT4 (Prop_lut4_I0_O)        0.124     6.343 r  u_dut/io_result_payload_exp[3]_INST_0_i_4/O
                         net (fo=1, routed)           0.520     6.863    u_dut/io_result_payload_exp[3]_INST_0_i_4_n_0
    SLICE_X1Y93          CARRY4 (Prop_carry4_DI[1]_CO[3])
                                                      0.507     7.370 r  u_dut/io_result_payload_exp[3]_INST_0_i_1/CO[3]
                         net (fo=1, routed)           0.000     7.370    u_dut/io_result_payload_exp[3]_INST_0_i_1_n_0
    SLICE_X1Y94          CARRY4 (Prop_carry4_CI_CO[3])
                                                      0.114     7.484 r  u_dut/io_result_payload_exp[7]_INST_0_i_3/CO[3]
                         net (fo=1, routed)           0.000     7.484    u_dut/io_result_payload_exp[7]_INST_0_i_3_n_0
    SLICE_X1Y95          CARRY4 (Prop_carry4_CI_O[0])
                                                      0.222     7.706 f  u_dut/io_result_payload_exp[7]_INST_0_i_2/O[0]
                         net (fo=9, routed)           0.383     8.090    u_dut/io_result_payload_exp[7]_INST_0_i_2_n_7
    SLICE_X0Y96          LUT5 (Prop_lut5_I0_O)        0.299     8.389 r  u_dut/io_result_payload_mant[34]_INST_0_i_2/O
                         net (fo=35, routed)          0.608     8.996    u_dut/io_result_payload_mant[34]_INST_0_i_2_n_0
    SLICE_X3Y97          LUT6 (Prop_lut6_I1_O)        0.124     9.120 r  u_dut/io_result_payload_mant[16]_INST_0/O
                         net (fo=1, routed)           0.000     9.120    dut_y[16]
    SLICE_X3Y97          FDRE                                         r  y_r_reg[16]/D
  -------------------------------------------------------------------    -------------------

                         (clock clk rise edge)        6.667     6.667 r  
                                                      0.000     6.667 r  clk (IN)
                         net (fo=485, unset)          0.924     7.591    clk
    SLICE_X3Y97          FDRE                                         r  y_r_reg[16]/C
                         clock pessimism              0.000     7.591    
                         clock uncertainty           -0.035     7.556    
    SLICE_X3Y97          FDRE (Setup_fdre_C_D)        0.032     7.588    y_r_reg[16]
  -------------------------------------------------------------------
                         required time                          7.588    
                         arrival time                          -9.120    
  -------------------------------------------------------------------
                         slack                                 -1.532    

Slack (VIOLATED) :        -1.532ns  (required time - arrival time)
  Source:                 u_dut/n5_n4_mant_add_adj_reg[10]/C
                            (rising edge-triggered cell FDRE clocked by clk  {rise@0.000ns fall@3.333ns period=6.667ns})
  Destination:            y_r_reg[16]/D
                            (rising edge-triggered cell FDRE clocked by clk  {rise@0.000ns fall@3.333ns period=6.667ns})
  Path Group:             clk
  Path Type:              Setup (Max at Slow Process Corner)
  Requirement:            6.667ns  (clk rise@6.667ns - clk rise@0.000ns)
  Data Path Delay:        8.147ns  (logic 3.224ns (39.571%)  route 4.923ns (60.429%))
  Logic Levels:           14  (CARRY4=8 LUT3=1 LUT4=1 LUT5=1 LUT6=3)
  Clock Path Skew:        -0.049ns (DCD - SCD + CPR)
    Destination Clock Delay (DCD):    0.924ns = ( 7.591 - 6.667 ) 
    Source Clock Delay      (SCD):    0.973ns
    Clock Pessimism Removal (CPR):    0.000ns
  Clock Uncertainty:      0.035ns  ((TSJ^2 + TIJ^2)^1/2 + DJ) / 2 + PE
    Total System Jitter     (TSJ):    0.071ns
    Total Input Jitter      (TIJ):    0.000ns
    Discrete Jitter          (DJ):    0.000ns
    Phase Error              (PE):    0.000ns

    Location             Delay type                Incr(ns)  Path(ns)    Netlist Resource(s)
  -------------------------------------------------------------------    -------------------
                         (clock clk rise edge)        0.000     0.000 r  
                                                      0.000     0.000 r  clk (IN)
                         net (fo=485, unset)          0.973     0.973    u_dut/clk
    SLICE_X3Y86          FDRE                                         r  u_dut/n5_n4_mant_add_adj_reg[10]/C
  -------------------------------------------------------------------    -------------------
    SLICE_X3Y86          FDRE (Prop_fdre_C_Q)         0.456     1.429 r  u_dut/n5_n4_mant_add_adj_reg[10]/Q
                         net (fo=4, routed)           1.120     2.549    u_dut/n5_n4_mant_add_adj[10]
    SLICE_X1Y84          LUT6 (Prop_lut6_I0_O)        0.124     2.673 r  u_dut/io_result_payload_mant[23]_INST_0_i_16/O
                         net (fo=4, routed)           1.035     3.707    u_dut/io_result_payload_mant[23]_INST_0_i_16_n_0
    SLICE_X1Y89          LUT6 (Prop_lut6_I1_O)        0.124     3.831 r  u_dut/io_result_payload_mant[19]_INST_0_i_12/O
                         net (fo=4, routed)           0.519     4.351    u_dut/io_result_payload_mant[19]_INST_0_i_12_n_0
    SLICE_X0Y89          LUT3 (Prop_lut3_I2_O)        0.124     4.475 r  u_dut/io_result_payload_mant[19]_INST_0_i_5/O
                         net (fo=1, routed)           0.000     4.475    u_dut/p_0_in__0[18]
    SLICE_X0Y89          CARRY4 (Prop_carry4_S[1]_CO[3])
                                                      0.550     5.025 r  u_dut/io_result_payload_mant[19]_INST_0_i_1/CO[3]
                         net (fo=1, routed)           0.000     5.025    u_dut/io_result_payload_mant[19]_INST_0_i_1_n_0
    SLICE_X0Y90          CARRY4 (Prop_carry4_CI_CO[3])
                                                      0.114     5.139 r  u_dut/io_result_payload_mant[23]_INST_0_i_1/CO[3]
                         net (fo=1, routed)           0.000     5.139    u_dut/io_result_payload_mant[23]_INST_0_i_1_n_0
    SLICE_X0Y91          CARRY4 (Prop_carry4_CI_CO[3])
                                                      0.114     5.253 f  u_dut/io_result_payload_mant[27]_INST_0_i_1/CO[3]
                         net (fo=1, routed)           0.000     5.253    u_dut/io_result_payload_mant[27]_INST_0_i_1_n_0
    SLICE_X0Y92          CARRY4 (Prop_carry4_CI_CO[3])
                                                      0.114     5.367 r  u_dut/io_result_payload_mant[31]_INST_0_i_1/CO[3]
                         net (fo=1, routed)           0.000     5.367    u_dut/io_result_payload_mant[31]_INST_0_i_1_n_0
    SLICE_X0Y93          CARRY4 (Prop_carry4_CI_CO[3])
                                                      0.114     5.481 r  u_dut/io_result_payload_mant[34]_INST_0_i_3/CO[3]
                         net (fo=3, routed)           0.738     6.219    u_dut/_zz_n5_mant_rounded_1[36]
    SLICE_X1Y92          LUT4 (Prop_lut4_I0_O)        0.124     6.343 r  u_dut/io_result_payload_exp[3]_INST_0_i_4/O
                         net (fo=1, routed)           0.520     6.863    u_dut/io_result_payload_exp[3]_INST_0_i_4_n_0
    SLICE_X1Y93          CARRY4 (Prop_carry4_DI[1]_CO[3])
                                                      0.507     7.370 r  u_dut/io_result_payload_exp[3]_INST_0_i_1/CO[3]
                         net (fo=1, routed)           0.000     7.370    u_dut/io_result_payload_exp[3]_INST_0_i_1_n_0
    SLICE_X1Y94          CARRY4 (Prop_carry4_CI_CO[3])
                                                      0.114     7.484 r  u_dut/io_result_payload_exp[7]_INST_0_i_3/CO[3]
                         net (fo=1, routed)           0.000     7.484    u_dut/io_result_payload_exp[7]_INST_0_i_3_n_0
    SLICE_X1Y95          CARRY4 (Prop_carry4_CI_O[0])
                                                      0.222     7.706 f  u_dut/io_result_payload_exp[7]_INST_0_i_2/O[0]
                         net (fo=9, routed)           0.383     8.090    u_dut/io_result_payload_exp[7]_INST_0_i_2_n_7
    SLICE_X0Y96          LUT5 (Prop_lut5_I0_O)        0.299     8.389 r  u_dut/io_result_payload_mant[34]_INST_0_i_2/O
                         net (fo=35, routed)          0.608     8.996    u_dut/io_result_payload_mant[34]_INST_0_i_2_n_0
    SLICE_X3Y97          LUT6 (Prop_lut6_I1_O)        0.124     9.120 r  u_dut/io_result_payload_mant[16]_INST_0/O
                         net (fo=1, routed)           0.000     9.120    dut_y[16]
    SLICE_X3Y97          FDRE                                         r  y_r_reg[16]/D
  -------------------------------------------------------------------    -------------------

                         (clock clk rise edge)        6.667     6.667 r  
                                                      0.000     6.667 r  clk (IN)
                         net (fo=485, unset)          0.924     7.591    clk
    SLICE_X3Y97          FDRE                                         r  y_r_reg[16]/C
                         clock pessimism              0.000     7.591    
                         clock uncertainty           -0.035     7.556    
    SLICE_X3Y97          FDRE (Setup_fdre_C_D)        0.032     7.588    y_r_reg[16]
  -------------------------------------------------------------------
                         required time                          7.588    
                         arrival time                          -9.120    
  -------------------------------------------------------------------
                         slack                                 -1.532    

Slack (VIOLATED) :        -1.532ns  (required time - arrival time)
  Source:                 u_dut/n5_n4_mant_add_adj_reg[10]/C
                            (rising edge-triggered cell FDRE clocked by clk  {rise@0.000ns fall@3.333ns period=6.667ns})
  Destination:            y_r_reg[16]/D
                            (rising edge-triggered cell FDRE clocked by clk  {rise@0.000ns fall@3.333ns period=6.667ns})
  Path Group:             clk
  Path Type:              Setup (Max at Slow Process Corner)
  Requirement:            6.667ns  (clk rise@6.667ns - clk rise@0.000ns)
  Data Path Delay:        8.147ns  (logic 3.224ns (39.571%)  route 4.923ns (60.429%))
  Logic Levels:           14  (CARRY4=8 LUT3=1 LUT4=1 LUT5=1 LUT6=3)
  Clock Path Skew:        -0.049ns (DCD - SCD + CPR)
    Destination Clock Delay (DCD):    0.924ns = ( 7.591 - 6.667 ) 
    Source Clock Delay      (SCD):    0.973ns
    Clock Pessimism Removal (CPR):    0.000ns
  Clock Uncertainty:      0.035ns  ((TSJ^2 + TIJ^2)^1/2 + DJ) / 2 + PE
    Total System Jitter     (TSJ):    0.071ns
    Total Input Jitter      (TIJ):    0.000ns
    Discrete Jitter          (DJ):    0.000ns
    Phase Error              (PE):    0.000ns

    Location             Delay type                Incr(ns)  Path(ns)    Netlist Resource(s)
  -------------------------------------------------------------------    -------------------
                         (clock clk rise edge)        0.000     0.000 r  
                                                      0.000     0.000 r  clk (IN)
                         net (fo=485, unset)          0.973     0.973    u_dut/clk
    SLICE_X3Y86          FDRE                                         r  u_dut/n5_n4_mant_add_adj_reg[10]/C
  -------------------------------------------------------------------    -------------------
    SLICE_X3Y86          FDRE (Prop_fdre_C_Q)         0.456     1.429 f  u_dut/n5_n4_mant_add_adj_reg[10]/Q
                         net (fo=4, routed)           1.120     2.549    u_dut/n5_n4_mant_add_adj[10]
    SLICE_X1Y84          LUT6 (Prop_lut6_I0_O)        0.124     2.673 f  u_dut/io_result_payload_mant[23]_INST_0_i_16/O
                         net (fo=4, routed)           1.035     3.707    u_dut/io_result_payload_mant[23]_INST_0_i_16_n_0
    SLICE_X1Y89          LUT6 (Prop_lut6_I1_O)        0.124     3.831 f  u_dut/io_result_payload_mant[19]_INST_0_i_12/O
                         net (fo=4, routed)           0.519     4.351    u_dut/io_result_payload_mant[19]_INST_0_i_12_n_0
    SLICE_X0Y89          LUT3 (Prop_lut3_I2_O)        0.124     4.475 f  u_dut/io_result_payload_mant[19]_INST_0_i_5/O
                         net (fo=1, routed)           0.000     4.475    u_dut/p_0_in__0[18]
    SLICE_X0Y89          CARRY4 (Prop_carry4_S[1]_CO[3])
                                                      0.550     5.025 r  u_dut/io_result_payload_mant[19]_INST_0_i_1/CO[3]
                         net (fo=1, routed)           0.000     5.025    u_dut/io_result_payload_mant[19]_INST_0_i_1_n_0
    SLICE_X0Y90          CARRY4 (Prop_carry4_CI_CO[3])
                                                      0.114     5.139 r  u_dut/io_result_payload_mant[23]_INST_0_i_1/CO[3]
                         net (fo=1, routed)           0.000     5.139    u_dut/io_result_payload_mant[23]_INST_0_i_1_n_0
    SLICE_X0Y91          CARRY4 (Prop_carry4_CI_CO[3])
                                                      0.114     5.253 f  u_dut/io_result_payload_mant[27]_INST_0_i_1/CO[3]
                         net (fo=1, routed)           0.000     5.253    u_dut/io_result_payload_mant[27]_INST_0_i_1_n_0
    SLICE_X0Y92          CARRY4 (Prop_carry4_CI_CO[3])
                                                      0.114     5.367 r  u_dut/io_result_payload_mant[31]_INST_0_i_1/CO[3]
                         net (fo=1, routed)           0.000     5.367    u_dut/io_result_payload_mant[31]_INST_0_i_1_n_0
    SLICE_X0Y93          CARRY4 (Prop_carry4_CI_CO[3])
                                                      0.114     5.481 r  u_dut/io_result_payload_mant[34]_INST_0_i_3/CO[3]
                         net (fo=3, routed)           0.738     6.219    u_dut/_zz_n5_mant_rounded_1[36]
    SLICE_X1Y92          LUT4 (Prop_lut4_I0_O)        0.124     6.343 r  u_dut/io_result_payload_exp[3]_INST_0_i_4/O
                         net (fo=1, routed)           0.520     6.863    u_dut/io_result_payload_exp[3]_INST_0_i_4_n_0
    SLICE_X1Y93          CARRY4 (Prop_carry4_DI[1]_CO[3])
                                                      0.507     7.370 r  u_dut/io_result_payload_exp[3]_INST_0_i_1/CO[3]
                         net (fo=1, routed)           0.000     7.370    u_dut/io_result_payload_exp[3]_INST_0_i_1_n_0
    SLICE_X1Y94          CARRY4 (Prop_carry4_CI_CO[3])
                                                      0.114     7.484 r  u_dut/io_result_payload_exp[7]_INST_0_i_3/CO[3]
                         net (fo=1, routed)           0.000     7.484    u_dut/io_result_payload_exp[7]_INST_0_i_3_n_0
    SLICE_X1Y95          CARRY4 (Prop_carry4_CI_O[0])
                                                      0.222     7.706 f  u_dut/io_result_payload_exp[7]_INST_0_i_2/O[0]
                         net (fo=9, routed)           0.383     8.090    u_dut/io_result_payload_exp[7]_INST_0_i_2_n_7
    SLICE_X0Y96          LUT5 (Prop_lut5_I0_O)        0.299     8.389 r  u_dut/io_result_payload_mant[34]_INST_0_i_2/O
                         net (fo=35, routed)          0.608     8.996    u_dut/io_result_payload_mant[34]_INST_0_i_2_n_0
    SLICE_X3Y97          LUT6 (Prop_lut6_I1_O)        0.124     9.120 r  u_dut/io_result_payload_mant[16]_INST_0/O
                         net (fo=1, routed)           0.000     9.120    dut_y[16]
    SLICE_X3Y97          FDRE                                         r  y_r_reg[16]/D
  -------------------------------------------------------------------    -------------------

                         (clock clk rise edge)        6.667     6.667 r  
                                                      0.000     6.667 r  clk (IN)
                         net (fo=485, unset)          0.924     7.591    clk
    SLICE_X3Y97          FDRE                                         r  y_r_reg[16]/C
                         clock pessimism              0.000     7.591    
                         clock uncertainty           -0.035     7.556    
    SLICE_X3Y97          FDRE (Setup_fdre_C_D)        0.032     7.588    y_r_reg[16]
  -------------------------------------------------------------------
                         required time                          7.588    
                         arrival time                          -9.120    
  -------------------------------------------------------------------
                         slack                                 -1.532    

Slack (VIOLATED) :        -1.532ns  (required time - arrival time)
  Source:                 u_dut/n5_n4_mant_add_adj_reg[10]/C
                            (rising edge-triggered cell FDRE clocked by clk  {rise@0.000ns fall@3.333ns period=6.667ns})
  Destination:            y_r_reg[16]/D
                            (rising edge-triggered cell FDRE clocked by clk  {rise@0.000ns fall@3.333ns period=6.667ns})
  Path Group:             clk
  Path Type:              Setup (Max at Slow Process Corner)
  Requirement:            6.667ns  (clk rise@6.667ns - clk rise@0.000ns)
  Data Path Delay:        8.147ns  (logic 3.224ns (39.571%)  route 4.923ns (60.429%))
  Logic Levels:           14  (CARRY4=8 LUT3=1 LUT4=1 LUT5=1 LUT6=3)
  Clock Path Skew:        -0.049ns (DCD - SCD + CPR)
    Destination Clock Delay (DCD):    0.924ns = ( 7.591 - 6.667 ) 
    Source Clock Delay      (SCD):    0.973ns
    Clock Pessimism Removal (CPR):    0.000ns
  Clock Uncertainty:      0.035ns  ((TSJ^2 + TIJ^2)^1/2 + DJ) / 2 + PE
    Total System Jitter     (TSJ):    0.071ns
    Total Input Jitter      (TIJ):    0.000ns
    Discrete Jitter          (DJ):    0.000ns
    Phase Error              (PE):    0.000ns

    Location             Delay type                Incr(ns)  Path(ns)    Netlist Resource(s)
  -------------------------------------------------------------------    -------------------
                         (clock clk rise edge)        0.000     0.000 r  
                                                      0.000     0.000 r  clk (IN)
                         net (fo=485, unset)          0.973     0.973    u_dut/clk
    SLICE_X3Y86          FDRE                                         r  u_dut/n5_n4_mant_add_adj_reg[10]/C
  -------------------------------------------------------------------    -------------------
    SLICE_X3Y86          FDRE (Prop_fdre_C_Q)         0.456     1.429 r  u_dut/n5_n4_mant_add_adj_reg[10]/Q
                         net (fo=4, routed)           1.120     2.549    u_dut/n5_n4_mant_add_adj[10]
    SLICE_X1Y84          LUT6 (Prop_lut6_I0_O)        0.124     2.673 r  u_dut/io_result_payload_mant[23]_INST_0_i_16/O
                         net (fo=4, routed)           1.035     3.707    u_dut/io_result_payload_mant[23]_INST_0_i_16_n_0
    SLICE_X1Y89          LUT6 (Prop_lut6_I1_O)        0.124     3.831 r  u_dut/io_result_payload_mant[19]_INST_0_i_12/O
                         net (fo=4, routed)           0.519     4.351    u_dut/io_result_payload_mant[19]_INST_0_i_12_n_0
    SLICE_X0Y89          LUT3 (Prop_lut3_I2_O)        0.124     4.475 r  u_dut/io_result_payload_mant[19]_INST_0_i_5/O
                         net (fo=1, routed)           0.000     4.475    u_dut/p_0_in__0[18]
    SLICE_X0Y89          CARRY4 (Prop_carry4_S[1]_CO[3])
                                                      0.550     5.025 r  u_dut/io_result_payload_mant[19]_INST_0_i_1/CO[3]
                         net (fo=1, routed)           0.000     5.025    u_dut/io_result_payload_mant[19]_INST_0_i_1_n_0
    SLICE_X0Y90          CARRY4 (Prop_carry4_CI_CO[3])
                                                      0.114     5.139 r  u_dut/io_result_payload_mant[23]_INST_0_i_1/CO[3]
                         net (fo=1, routed)           0.000     5.139    u_dut/io_result_payload_mant[23]_INST_0_i_1_n_0
    SLICE_X0Y91          CARRY4 (Prop_carry4_CI_CO[3])
                                                      0.114     5.253 r  u_dut/io_result_payload_mant[27]_INST_0_i_1/CO[3]
                         net (fo=1, routed)           0.000     5.253    u_dut/io_result_payload_mant[27]_INST_0_i_1_n_0
    SLICE_X0Y92          CARRY4 (Prop_carry4_CI_CO[3])
                                                      0.114     5.367 r  u_dut/io_result_payload_mant[31]_INST_0_i_1/CO[3]
                         net (fo=1, routed)           0.000     5.367    u_dut/io_result_payload_mant[31]_INST_0_i_1_n_0
    SLICE_X0Y93          CARRY4 (Prop_carry4_CI_CO[3])
                                                      0.114     5.481 f  u_dut/io_result_payload_mant[34]_INST_0_i_3/CO[3]
                         net (fo=3, routed)           0.738     6.219    u_dut/_zz_n5_mant_rounded_1[36]
    SLICE_X1Y92          LUT4 (Prop_lut4_I0_O)        0.124     6.343 f  u_dut/io_result_payload_exp[3]_INST_0_i_4/O
                         net (fo=1, routed)           0.520     6.863    u_dut/io_result_payload_exp[3]_INST_0_i_4_n_0
    SLICE_X1Y93          CARRY4 (Prop_carry4_DI[1]_CO[3])
                                                      0.507     7.370 r  u_dut/io_result_payload_exp[3]_INST_0_i_1/CO[3]
                         net (fo=1, routed)           0.000     7.370    u_dut/io_result_payload_exp[3]_INST_0_i_1_n_0
    SLICE_X1Y94          CARRY4 (Prop_carry4_CI_CO[3])
                                                      0.114     7.484 r  u_dut/io_result_payload_exp[7]_INST_0_i_3/CO[3]
                         net (fo=1, routed)           0.000     7.484    u_dut/io_result_payload_exp[7]_INST_0_i_3_n_0
    SLICE_X1Y95          CARRY4 (Prop_carry4_CI_O[0])
                                                      0.222     7.706 f  u_dut/io_result_payload_exp[7]_INST_0_i_2/O[0]
                         net (fo=9, routed)           0.383     8.090    u_dut/io_result_payload_exp[7]_INST_0_i_2_n_7
    SLICE_X0Y96          LUT5 (Prop_lut5_I0_O)        0.299     8.389 r  u_dut/io_result_payload_mant[34]_INST_0_i_2/O
                         net (fo=35, routed)          0.608     8.996    u_dut/io_result_payload_mant[34]_INST_0_i_2_n_0
    SLICE_X3Y97          LUT6 (Prop_lut6_I1_O)        0.124     9.120 r  u_dut/io_result_payload_mant[16]_INST_0/O
                         net (fo=1, routed)           0.000     9.120    dut_y[16]
    SLICE_X3Y97          FDRE                                         r  y_r_reg[16]/D
  -------------------------------------------------------------------    -------------------

                         (clock clk rise edge)        6.667     6.667 r  
                                                      0.000     6.667 r  clk (IN)
                         net (fo=485, unset)          0.924     7.591    clk
    SLICE_X3Y97          FDRE                                         r  y_r_reg[16]/C
                         clock pessimism              0.000     7.591    
                         clock uncertainty           -0.035     7.556    
    SLICE_X3Y97          FDRE (Setup_fdre_C_D)        0.032     7.588    y_r_reg[16]
  -------------------------------------------------------------------
                         required time                          7.588    
                         arrival time                          -9.120    
  -------------------------------------------------------------------
                         slack                                 -1.532    

Slack (VIOLATED) :        -1.532ns  (required time - arrival time)
  Source:                 u_dut/n5_n4_mant_add_adj_reg[10]/C
                            (rising edge-triggered cell FDRE clocked by clk  {rise@0.000ns fall@3.333ns period=6.667ns})
  Destination:            y_r_reg[16]/D
                            (rising edge-triggered cell FDRE clocked by clk  {rise@0.000ns fall@3.333ns period=6.667ns})
  Path Group:             clk
  Path Type:              Setup (Max at Slow Process Corner)
  Requirement:            6.667ns  (clk rise@6.667ns - clk rise@0.000ns)
  Data Path Delay:        8.147ns  (logic 3.224ns (39.571%)  route 4.923ns (60.429%))
  Logic Levels:           14  (CARRY4=8 LUT3=1 LUT4=1 LUT5=1 LUT6=3)
  Clock Path Skew:        -0.049ns (DCD - SCD + CPR)
    Destination Clock Delay (DCD):    0.924ns = ( 7.591 - 6.667 ) 
    Source Clock Delay      (SCD):    0.973ns
    Clock Pessimism Removal (CPR):    0.000ns
  Clock Uncertainty:      0.035ns  ((TSJ^2 + TIJ^2)^1/2 + DJ) / 2 + PE
    Total System Jitter     (TSJ):    0.071ns
    Total Input Jitter      (TIJ):    0.000ns
    Discrete Jitter          (DJ):    0.000ns
    Phase Error              (PE):    0.000ns

    Location             Delay type                Incr(ns)  Path(ns)    Netlist Resource(s)
  -------------------------------------------------------------------    -------------------
                         (clock clk rise edge)        0.000     0.000 r  
                                                      0.000     0.000 r  clk (IN)
                         net (fo=485, unset)          0.973     0.973    u_dut/clk
    SLICE_X3Y86          FDRE                                         r  u_dut/n5_n4_mant_add_adj_reg[10]/C
  -------------------------------------------------------------------    -------------------
    SLICE_X3Y86          FDRE (Prop_fdre_C_Q)         0.456     1.429 f  u_dut/n5_n4_mant_add_adj_reg[10]/Q
                         net (fo=4, routed)           1.120     2.549    u_dut/n5_n4_mant_add_adj[10]
    SLICE_X1Y84          LUT6 (Prop_lut6_I0_O)        0.124     2.673 f  u_dut/io_result_payload_mant[23]_INST_0_i_16/O
                         net (fo=4, routed)           1.035     3.707    u_dut/io_result_payload_mant[23]_INST_0_i_16_n_0
    SLICE_X1Y89          LUT6 (Prop_lut6_I1_O)        0.124     3.831 f  u_dut/io_result_payload_mant[19]_INST_0_i_12/O
                         net (fo=4, routed)           0.519     4.351    u_dut/io_result_payload_mant[19]_INST_0_i_12_n_0
    SLICE_X0Y89          LUT3 (Prop_lut3_I2_O)        0.124     4.475 f  u_dut/io_result_payload_mant[19]_INST_0_i_5/O
                         net (fo=1, routed)           0.000     4.475    u_dut/p_0_in__0[18]
    SLICE_X0Y89          CARRY4 (Prop_carry4_S[1]_CO[3])
                                                      0.550     5.025 r  u_dut/io_result_payload_mant[19]_INST_0_i_1/CO[3]
                         net (fo=1, routed)           0.000     5.025    u_dut/io_result_payload_mant[19]_INST_0_i_1_n_0
    SLICE_X0Y90          CARRY4 (Prop_carry4_CI_CO[3])
                                                      0.114     5.139 r  u_dut/io_result_payload_mant[23]_INST_0_i_1/CO[3]
                         net (fo=1, routed)           0.000     5.139    u_dut/io_result_payload_mant[23]_INST_0_i_1_n_0
    SLICE_X0Y91          CARRY4 (Prop_carry4_CI_CO[3])
                                                      0.114     5.253 r  u_dut/io_result_payload_mant[27]_INST_0_i_1/CO[3]
                         net (fo=1, routed)           0.000     5.253    u_dut/io_result_payload_mant[27]_INST_0_i_1_n_0
    SLICE_X0Y92          CARRY4 (Prop_carry4_CI_CO[3])
                                                      0.114     5.367 r  u_dut/io_result_payload_mant[31]_INST_0_i_1/CO[3]
                         net (fo=1, routed)           0.000     5.367    u_dut/io_result_payload_mant[31]_INST_0_i_1_n_0
    SLICE_X0Y93          CARRY4 (Prop_carry4_CI_CO[3])
                                                      0.114     5.481 f  u_dut/io_result_payload_mant[34]_INST_0_i_3/CO[3]
                         net (fo=3, routed)           0.738     6.219    u_dut/_zz_n5_mant_rounded_1[36]
    SLICE_X1Y92          LUT4 (Prop_lut4_I0_O)        0.124     6.343 f  u_dut/io_result_payload_exp[3]_INST_0_i_4/O
                         net (fo=1, routed)           0.520     6.863    u_dut/io_result_payload_exp[3]_INST_0_i_4_n_0
    SLICE_X1Y93          CARRY4 (Prop_carry4_DI[1]_CO[3])
                                                      0.507     7.370 r  u_dut/io_result_payload_exp[3]_INST_0_i_1/CO[3]
                         net (fo=1, routed)           0.000     7.370    u_dut/io_result_payload_exp[3]_INST_0_i_1_n_0
    SLICE_X1Y94          CARRY4 (Prop_carry4_CI_CO[3])
                                                      0.114     7.484 r  u_dut/io_result_payload_exp[7]_INST_0_i_3/CO[3]
                         net (fo=1, routed)           0.000     7.484    u_dut/io_result_payload_exp[7]_INST_0_i_3_n_0
    SLICE_X1Y95          CARRY4 (Prop_carry4_CI_O[0])
                                                      0.222     7.706 f  u_dut/io_result_payload_exp[7]_INST_0_i_2/O[0]
                         net (fo=9, routed)           0.383     8.090    u_dut/io_result_payload_exp[7]_INST_0_i_2_n_7
    SLICE_X0Y96          LUT5 (Prop_lut5_I0_O)        0.299     8.389 r  u_dut/io_result_payload_mant[34]_INST_0_i_2/O
                         net (fo=35, routed)          0.608     8.996    u_dut/io_result_payload_mant[34]_INST_0_i_2_n_0
    SLICE_X3Y97          LUT6 (Prop_lut6_I1_O)        0.124     9.120 r  u_dut/io_result_payload_mant[16]_INST_0/O
                         net (fo=1, routed)           0.000     9.120    dut_y[16]
    SLICE_X3Y97          FDRE                                         r  y_r_reg[16]/D
  -------------------------------------------------------------------    -------------------

                         (clock clk rise edge)        6.667     6.667 r  
                                                      0.000     6.667 r  clk (IN)
                         net (fo=485, unset)          0.924     7.591    clk
    SLICE_X3Y97          FDRE                                         r  y_r_reg[16]/C
                         clock pessimism              0.000     7.591    
                         clock uncertainty           -0.035     7.556    
    SLICE_X3Y97          FDRE (Setup_fdre_C_D)        0.032     7.588    y_r_reg[16]
  -------------------------------------------------------------------
                         required time                          7.588    
                         arrival time                          -9.120    
  -------------------------------------------------------------------
                         slack                                 -1.532    

Slack (VIOLATED) :        -1.532ns  (required time - arrival time)
  Source:                 u_dut/n5_n4_mant_add_adj_reg[10]/C
                            (rising edge-triggered cell FDRE clocked by clk  {rise@0.000ns fall@3.333ns period=6.667ns})
  Destination:            y_r_reg[16]/D
                            (rising edge-triggered cell FDRE clocked by clk  {rise@0.000ns fall@3.333ns period=6.667ns})
  Path Group:             clk
  Path Type:              Setup (Max at Slow Process Corner)
  Requirement:            6.667ns  (clk rise@6.667ns - clk rise@0.000ns)
  Data Path Delay:        8.147ns  (logic 3.224ns (39.571%)  route 4.923ns (60.429%))
  Logic Levels:           14  (CARRY4=8 LUT3=1 LUT4=1 LUT5=1 LUT6=3)
  Clock Path Skew:        -0.049ns (DCD - SCD + CPR)
    Destination Clock Delay (DCD):    0.924ns = ( 7.591 - 6.667 ) 
    Source Clock Delay      (SCD):    0.973ns
    Clock Pessimism Removal (CPR):    0.000ns
  Clock Uncertainty:      0.035ns  ((TSJ^2 + TIJ^2)^1/2 + DJ) / 2 + PE
    Total System Jitter     (TSJ):    0.071ns
    Total Input Jitter      (TIJ):    0.000ns
    Discrete Jitter          (DJ):    0.000ns
    Phase Error              (PE):    0.000ns

    Location             Delay type                Incr(ns)  Path(ns)    Netlist Resource(s)
  -------------------------------------------------------------------    -------------------
                         (clock clk rise edge)        0.000     0.000 r  
                                                      0.000     0.000 r  clk (IN)
                         net (fo=485, unset)          0.973     0.973    u_dut/clk
    SLICE_X3Y86          FDRE                                         r  u_dut/n5_n4_mant_add_adj_reg[10]/C
  -------------------------------------------------------------------    -------------------
    SLICE_X3Y86          FDRE (Prop_fdre_C_Q)         0.456     1.429 r  u_dut/n5_n4_mant_add_adj_reg[10]/Q
                         net (fo=4, routed)           1.120     2.549    u_dut/n5_n4_mant_add_adj[10]
    SLICE_X1Y84          LUT6 (Prop_lut6_I0_O)        0.124     2.673 r  u_dut/io_result_payload_mant[23]_INST_0_i_16/O
                         net (fo=4, routed)           1.035     3.707    u_dut/io_result_payload_mant[23]_INST_0_i_16_n_0
    SLICE_X1Y89          LUT6 (Prop_lut6_I1_O)        0.124     3.831 r  u_dut/io_result_payload_mant[19]_INST_0_i_12/O
                         net (fo=4, routed)           0.519     4.351    u_dut/io_result_payload_mant[19]_INST_0_i_12_n_0
    SLICE_X0Y89          LUT3 (Prop_lut3_I2_O)        0.124     4.475 r  u_dut/io_result_payload_mant[19]_INST_0_i_5/O
                         net (fo=1, routed)           0.000     4.475    u_dut/p_0_in__0[18]
    SLICE_X0Y89          CARRY4 (Prop_carry4_S[1]_CO[3])
                                                      0.550     5.025 r  u_dut/io_result_payload_mant[19]_INST_0_i_1/CO[3]
                         net (fo=1, routed)           0.000     5.025    u_dut/io_result_payload_mant[19]_INST_0_i_1_n_0
    SLICE_X0Y90          CARRY4 (Prop_carry4_CI_CO[3])
                                                      0.114     5.139 r  u_dut/io_result_payload_mant[23]_INST_0_i_1/CO[3]
                         net (fo=1, routed)           0.000     5.139    u_dut/io_result_payload_mant[23]_INST_0_i_1_n_0
    SLICE_X0Y91          CARRY4 (Prop_carry4_CI_CO[3])
                                                      0.114     5.253 f  u_dut/io_result_payload_mant[27]_INST_0_i_1/CO[3]
                         net (fo=1, routed)           0.000     5.253    u_dut/io_result_payload_mant[27]_INST_0_i_1_n_0
    SLICE_X0Y92          CARRY4 (Prop_carry4_CI_CO[3])
                                                      0.114     5.367 r  u_dut/io_result_payload_mant[31]_INST_0_i_1/CO[3]
                         net (fo=1, routed)           0.000     5.367    u_dut/io_result_payload_mant[31]_INST_0_i_1_n_0
    SLICE_X0Y93          CARRY4 (Prop_carry4_CI_CO[3])
                                                      0.114     5.481 f  u_dut/io_result_payload_mant[34]_INST_0_i_3/CO[3]
                         net (fo=3, routed)           0.738     6.219    u_dut/_zz_n5_mant_rounded_1[36]
    SLICE_X1Y92          LUT4 (Prop_lut4_I0_O)        0.124     6.343 f  u_dut/io_result_payload_exp[3]_INST_0_i_4/O
                         net (fo=1, routed)           0.520     6.863    u_dut/io_result_payload_exp[3]_INST_0_i_4_n_0
    SLICE_X1Y93          CARRY4 (Prop_carry4_DI[1]_CO[3])
                                                      0.507     7.370 r  u_dut/io_result_payload_exp[3]_INST_0_i_1/CO[3]
                         net (fo=1, routed)           0.000     7.370    u_dut/io_result_payload_exp[3]_INST_0_i_1_n_0
    SLICE_X1Y94          CARRY4 (Prop_carry4_CI_CO[3])
                                                      0.114     7.484 r  u_dut/io_result_payload_exp[7]_INST_0_i_3/CO[3]
                         net (fo=1, routed)           0.000     7.484    u_dut/io_result_payload_exp[7]_INST_0_i_3_n_0
    SLICE_X1Y95          CARRY4 (Prop_carry4_CI_O[0])
                                                      0.222     7.706 f  u_dut/io_result_payload_exp[7]_INST_0_i_2/O[0]
                         net (fo=9, routed)           0.383     8.090    u_dut/io_result_payload_exp[7]_INST_0_i_2_n_7
    SLICE_X0Y96          LUT5 (Prop_lut5_I0_O)        0.299     8.389 r  u_dut/io_result_payload_mant[34]_INST_0_i_2/O
                         net (fo=35, routed)          0.608     8.996    u_dut/io_result_payload_mant[34]_INST_0_i_2_n_0
    SLICE_X3Y97          LUT6 (Prop_lut6_I1_O)        0.124     9.120 r  u_dut/io_result_payload_mant[16]_INST_0/O
                         net (fo=1, routed)           0.000     9.120    dut_y[16]
    SLICE_X3Y97          FDRE                                         r  y_r_reg[16]/D
  -------------------------------------------------------------------    -------------------

                         (clock clk rise edge)        6.667     6.667 r  
                                                      0.000     6.667 r  clk (IN)
                         net (fo=485, unset)          0.924     7.591    clk
    SLICE_X3Y97          FDRE                                         r  y_r_reg[16]/C
                         clock pessimism              0.000     7.591    
                         clock uncertainty           -0.035     7.556    
    SLICE_X3Y97          FDRE (Setup_fdre_C_D)        0.032     7.588    y_r_reg[16]
  -------------------------------------------------------------------
                         required time                          7.588    
                         arrival time                          -9.120    
  -------------------------------------------------------------------
                         slack                                 -1.532    

Slack (VIOLATED) :        -1.532ns  (required time - arrival time)
  Source:                 u_dut/n5_n4_mant_add_adj_reg[10]/C
                            (rising edge-triggered cell FDRE clocked by clk  {rise@0.000ns fall@3.333ns period=6.667ns})
  Destination:            y_r_reg[16]/D
                            (rising edge-triggered cell FDRE clocked by clk  {rise@0.000ns fall@3.333ns period=6.667ns})
  Path Group:             clk
  Path Type:              Setup (Max at Slow Process Corner)
  Requirement:            6.667ns  (clk rise@6.667ns - clk rise@0.000ns)
  Data Path Delay:        8.147ns  (logic 3.224ns (39.571%)  route 4.923ns (60.429%))
  Logic Levels:           14  (CARRY4=8 LUT3=1 LUT4=1 LUT5=1 LUT6=3)
  Clock Path Skew:        -0.049ns (DCD - SCD + CPR)
    Destination Clock Delay (DCD):    0.924ns = ( 7.591 - 6.667 ) 
    Source Clock Delay      (SCD):    0.973ns
    Clock Pessimism Removal (CPR):    0.000ns
  Clock Uncertainty:      0.035ns  ((TSJ^2 + TIJ^2)^1/2 + DJ) / 2 + PE
    Total System Jitter     (TSJ):    0.071ns
    Total Input Jitter      (TIJ):    0.000ns
    Discrete Jitter          (DJ):    0.000ns
    Phase Error              (PE):    0.000ns

    Location             Delay type                Incr(ns)  Path(ns)    Netlist Resource(s)
  -------------------------------------------------------------------    -------------------
                         (clock clk rise edge)        0.000     0.000 r  
                                                      0.000     0.000 r  clk (IN)
                         net (fo=485, unset)          0.973     0.973    u_dut/clk
    SLICE_X3Y86          FDRE                                         r  u_dut/n5_n4_mant_add_adj_reg[10]/C
  -------------------------------------------------------------------    -------------------
    SLICE_X3Y86          FDRE (Prop_fdre_C_Q)         0.456     1.429 f  u_dut/n5_n4_mant_add_adj_reg[10]/Q
                         net (fo=4, routed)           1.120     2.549    u_dut/n5_n4_mant_add_adj[10]
    SLICE_X1Y84          LUT6 (Prop_lut6_I0_O)        0.124     2.673 f  u_dut/io_result_payload_mant[23]_INST_0_i_16/O
                         net (fo=4, routed)           1.035     3.707    u_dut/io_result_payload_mant[23]_INST_0_i_16_n_0
    SLICE_X1Y89          LUT6 (Prop_lut6_I1_O)        0.124     3.831 f  u_dut/io_result_payload_mant[19]_INST_0_i_12/O
                         net (fo=4, routed)           0.519     4.351    u_dut/io_result_payload_mant[19]_INST_0_i_12_n_0
    SLICE_X0Y89          LUT3 (Prop_lut3_I2_O)        0.124     4.475 f  u_dut/io_result_payload_mant[19]_INST_0_i_5/O
                         net (fo=1, routed)           0.000     4.475    u_dut/p_0_in__0[18]
    SLICE_X0Y89          CARRY4 (Prop_carry4_S[1]_CO[3])
                                                      0.550     5.025 r  u_dut/io_result_payload_mant[19]_INST_0_i_1/CO[3]
                         net (fo=1, routed)           0.000     5.025    u_dut/io_result_payload_mant[19]_INST_0_i_1_n_0
    SLICE_X0Y90          CARRY4 (Prop_carry4_CI_CO[3])
                                                      0.114     5.139 r  u_dut/io_result_payload_mant[23]_INST_0_i_1/CO[3]
                         net (fo=1, routed)           0.000     5.139    u_dut/io_result_payload_mant[23]_INST_0_i_1_n_0
    SLICE_X0Y91          CARRY4 (Prop_carry4_CI_CO[3])
                                                      0.114     5.253 f  u_dut/io_result_payload_mant[27]_INST_0_i_1/CO[3]
                         net (fo=1, routed)           0.000     5.253    u_dut/io_result_payload_mant[27]_INST_0_i_1_n_0
    SLICE_X0Y92          CARRY4 (Prop_carry4_CI_CO[3])
                                                      0.114     5.367 r  u_dut/io_result_payload_mant[31]_INST_0_i_1/CO[3]
                         net (fo=1, routed)           0.000     5.367    u_dut/io_result_payload_mant[31]_INST_0_i_1_n_0
    SLICE_X0Y93          CARRY4 (Prop_carry4_CI_CO[3])
                                                      0.114     5.481 f  u_dut/io_result_payload_mant[34]_INST_0_i_3/CO[3]
                         net (fo=3, routed)           0.738     6.219    u_dut/_zz_n5_mant_rounded_1[36]
    SLICE_X1Y92          LUT4 (Prop_lut4_I0_O)        0.124     6.343 f  u_dut/io_result_payload_exp[3]_INST_0_i_4/O
                         net (fo=1, routed)           0.520     6.863    u_dut/io_result_payload_exp[3]_INST_0_i_4_n_0
    SLICE_X1Y93          CARRY4 (Prop_carry4_DI[1]_CO[3])
                                                      0.507     7.370 r  u_dut/io_result_payload_exp[3]_INST_0_i_1/CO[3]
                         net (fo=1, routed)           0.000     7.370    u_dut/io_result_payload_exp[3]_INST_0_i_1_n_0
    SLICE_X1Y94          CARRY4 (Prop_carry4_CI_CO[3])
                                                      0.114     7.484 r  u_dut/io_result_payload_exp[7]_INST_0_i_3/CO[3]
                         net (fo=1, routed)           0.000     7.484    u_dut/io_result_payload_exp[7]_INST_0_i_3_n_0
    SLICE_X1Y95          CARRY4 (Prop_carry4_CI_O[0])
                                                      0.222     7.706 f  u_dut/io_result_payload_exp[7]_INST_0_i_2/O[0]
                         net (fo=9, routed)           0.383     8.090    u_dut/io_result_payload_exp[7]_INST_0_i_2_n_7
    SLICE_X0Y96          LUT5 (Prop_lut5_I0_O)        0.299     8.389 r  u_dut/io_result_payload_mant[34]_INST_0_i_2/O
                         net (fo=35, routed)          0.608     8.996    u_dut/io_result_payload_mant[34]_INST_0_i_2_n_0
    SLICE_X3Y97          LUT6 (Prop_lut6_I1_O)        0.124     9.120 r  u_dut/io_result_payload_mant[16]_INST_0/O
                         net (fo=1, routed)           0.000     9.120    dut_y[16]
    SLICE_X3Y97          FDRE                                         r  y_r_reg[16]/D
  -------------------------------------------------------------------    -------------------

                         (clock clk rise edge)        6.667     6.667 r  
                                                      0.000     6.667 r  clk (IN)
                         net (fo=485, unset)          0.924     7.591    clk
    SLICE_X3Y97          FDRE                                         r  y_r_reg[16]/C
                         clock pessimism              0.000     7.591    
                         clock uncertainty           -0.035     7.556    
    SLICE_X3Y97          FDRE (Setup_fdre_C_D)        0.032     7.588    y_r_reg[16]
  -------------------------------------------------------------------
                         required time                          7.588    
                         arrival time                          -9.120    
  -------------------------------------------------------------------
                         slack                                 -1.532    

Slack (VIOLATED) :        -1.532ns  (required time - arrival time)
  Source:                 u_dut/n5_n4_mant_add_adj_reg[10]/C
                            (rising edge-triggered cell FDRE clocked by clk  {rise@0.000ns fall@3.333ns period=6.667ns})
  Destination:            y_r_reg[16]/D
                            (rising edge-triggered cell FDRE clocked by clk  {rise@0.000ns fall@3.333ns period=6.667ns})
  Path Group:             clk
  Path Type:              Setup (Max at Slow Process Corner)
  Requirement:            6.667ns  (clk rise@6.667ns - clk rise@0.000ns)
  Data Path Delay:        8.147ns  (logic 3.224ns (39.571%)  route 4.923ns (60.429%))
  Logic Levels:           14  (CARRY4=8 LUT3=1 LUT4=1 LUT5=1 LUT6=3)
  Clock Path Skew:        -0.049ns (DCD - SCD + CPR)
    Destination Clock Delay (DCD):    0.924ns = ( 7.591 - 6.667 ) 
    Source Clock Delay      (SCD):    0.973ns
    Clock Pessimism Removal (CPR):    0.000ns
  Clock Uncertainty:      0.035ns  ((TSJ^2 + TIJ^2)^1/2 + DJ) / 2 + PE
    Total System Jitter     (TSJ):    0.071ns
    Total Input Jitter      (TIJ):    0.000ns
    Discrete Jitter          (DJ):    0.000ns
    Phase Error              (PE):    0.000ns

    Location             Delay type                Incr(ns)  Path(ns)    Netlist Resource(s)
  -------------------------------------------------------------------    -------------------
                         (clock clk rise edge)        0.000     0.000 r  
                                                      0.000     0.000 r  clk (IN)
                         net (fo=485, unset)          0.973     0.973    u_dut/clk
    SLICE_X3Y86          FDRE                                         r  u_dut/n5_n4_mant_add_adj_reg[10]/C
  -------------------------------------------------------------------    -------------------
    SLICE_X3Y86          FDRE (Prop_fdre_C_Q)         0.456     1.429 r  u_dut/n5_n4_mant_add_adj_reg[10]/Q
                         net (fo=4, routed)           1.120     2.549    u_dut/n5_n4_mant_add_adj[10]
    SLICE_X1Y84          LUT6 (Prop_lut6_I0_O)        0.124     2.673 r  u_dut/io_result_payload_mant[23]_INST_0_i_16/O
                         net (fo=4, routed)           1.035     3.707    u_dut/io_result_payload_mant[23]_INST_0_i_16_n_0
    SLICE_X1Y89          LUT6 (Prop_lut6_I1_O)        0.124     3.831 r  u_dut/io_result_payload_mant[19]_INST_0_i_12/O
                         net (fo=4, routed)           0.519     4.351    u_dut/io_result_payload_mant[19]_INST_0_i_12_n_0
    SLICE_X0Y89          LUT3 (Prop_lut3_I2_O)        0.124     4.475 r  u_dut/io_result_payload_mant[19]_INST_0_i_5/O
                         net (fo=1, routed)           0.000     4.475    u_dut/p_0_in__0[18]
    SLICE_X0Y89          CARRY4 (Prop_carry4_S[1]_CO[3])
                                                      0.550     5.025 r  u_dut/io_result_payload_mant[19]_INST_0_i_1/CO[3]
                         net (fo=1, routed)           0.000     5.025    u_dut/io_result_payload_mant[19]_INST_0_i_1_n_0
    SLICE_X0Y90          CARRY4 (Prop_carry4_CI_CO[3])
                                                      0.114     5.139 r  u_dut/io_result_payload_mant[23]_INST_0_i_1/CO[3]
                         net (fo=1, routed)           0.000     5.139    u_dut/io_result_payload_mant[23]_INST_0_i_1_n_0
    SLICE_X0Y91          CARRY4 (Prop_carry4_CI_CO[3])
                                                      0.114     5.253 r  u_dut/io_result_payload_mant[27]_INST_0_i_1/CO[3]
                         net (fo=1, routed)           0.000     5.253    u_dut/io_result_payload_mant[27]_INST_0_i_1_n_0
    SLICE_X0Y92          CARRY4 (Prop_carry4_CI_CO[3])
                                                      0.114     5.367 r  u_dut/io_result_payload_mant[31]_INST_0_i_1/CO[3]
                         net (fo=1, routed)           0.000     5.367    u_dut/io_result_payload_mant[31]_INST_0_i_1_n_0
    SLICE_X0Y93          CARRY4 (Prop_carry4_CI_CO[3])
                                                      0.114     5.481 r  u_dut/io_result_payload_mant[34]_INST_0_i_3/CO[3]
                         net (fo=3, routed)           0.738     6.219    u_dut/_zz_n5_mant_rounded_1[36]
    SLICE_X1Y92          LUT4 (Prop_lut4_I0_O)        0.124     6.343 r  u_dut/io_result_payload_exp[3]_INST_0_i_4/O
                         net (fo=1, routed)           0.520     6.863    u_dut/io_result_payload_exp[3]_INST_0_i_4_n_0
    SLICE_X1Y93          CARRY4 (Prop_carry4_DI[1]_CO[3])
                                                      0.507     7.370 r  u_dut/io_result_payload_exp[3]_INST_0_i_1/CO[3]
                         net (fo=1, routed)           0.000     7.370    u_dut/io_result_payload_exp[3]_INST_0_i_1_n_0
    SLICE_X1Y94          CARRY4 (Prop_carry4_CI_CO[3])
                                                      0.114     7.484 f  u_dut/io_result_payload_exp[7]_INST_0_i_3/CO[3]
                         net (fo=1, routed)           0.000     7.484    u_dut/io_result_payload_exp[7]_INST_0_i_3_n_0
    SLICE_X1Y95          CARRY4 (Prop_carry4_CI_O[0])
                                                      0.222     7.706 f  u_dut/io_result_payload_exp[7]_INST_0_i_2/O[0]
                         net (fo=9, routed)           0.383     8.090    u_dut/io_result_payload_exp[7]_INST_0_i_2_n_7
    SLICE_X0Y96          LUT5 (Prop_lut5_I0_O)        0.299     8.389 r  u_dut/io_result_payload_mant[34]_INST_0_i_2/O
                         net (fo=35, routed)          0.608     8.996    u_dut/io_result_payload_mant[34]_INST_0_i_2_n_0
    SLICE_X3Y97          LUT6 (Prop_lut6_I1_O)        0.124     9.120 r  u_dut/io_result_payload_mant[16]_INST_0/O
                         net (fo=1, routed)           0.000     9.120    dut_y[16]
    SLICE_X3Y97          FDRE                                         r  y_r_reg[16]/D
  -------------------------------------------------------------------    -------------------

                         (clock clk rise edge)        6.667     6.667 r  
                                                      0.000     6.667 r  clk (IN)
                         net (fo=485, unset)          0.924     7.591    clk
    SLICE_X3Y97          FDRE                                         r  y_r_reg[16]/C
                         clock pessimism              0.000     7.591    
                         clock uncertainty           -0.035     7.556    
    SLICE_X3Y97          FDRE (Setup_fdre_C_D)        0.032     7.588    y_r_reg[16]
  -------------------------------------------------------------------
                         required time                          7.588    
                         arrival time                          -9.120    
  -------------------------------------------------------------------
                         slack                                 -1.532    

Slack (VIOLATED) :        -1.532ns  (required time - arrival time)
  Source:                 u_dut/n5_n4_mant_add_adj_reg[10]/C
                            (rising edge-triggered cell FDRE clocked by clk  {rise@0.000ns fall@3.333ns period=6.667ns})
  Destination:            y_r_reg[16]/D
                            (rising edge-triggered cell FDRE clocked by clk  {rise@0.000ns fall@3.333ns period=6.667ns})
  Path Group:             clk
  Path Type:              Setup (Max at Slow Process Corner)
  Requirement:            6.667ns  (clk rise@6.667ns - clk rise@0.000ns)
  Data Path Delay:        8.147ns  (logic 3.224ns (39.571%)  route 4.923ns (60.429%))
  Logic Levels:           14  (CARRY4=8 LUT3=1 LUT4=1 LUT5=1 LUT6=3)
  Clock Path Skew:        -0.049ns (DCD - SCD + CPR)
    Destination Clock Delay (DCD):    0.924ns = ( 7.591 - 6.667 ) 
    Source Clock Delay      (SCD):    0.973ns
    Clock Pessimism Removal (CPR):    0.000ns
  Clock Uncertainty:      0.035ns  ((TSJ^2 + TIJ^2)^1/2 + DJ) / 2 + PE
    Total System Jitter     (TSJ):    0.071ns
    Total Input Jitter      (TIJ):    0.000ns
    Discrete Jitter          (DJ):    0.000ns
    Phase Error              (PE):    0.000ns

    Location             Delay type                Incr(ns)  Path(ns)    Netlist Resource(s)
  -------------------------------------------------------------------    -------------------
                         (clock clk rise edge)        0.000     0.000 r  
                                                      0.000     0.000 r  clk (IN)
                         net (fo=485, unset)          0.973     0.973    u_dut/clk
    SLICE_X3Y86          FDRE                                         r  u_dut/n5_n4_mant_add_adj_reg[10]/C
  -------------------------------------------------------------------    -------------------
    SLICE_X3Y86          FDRE (Prop_fdre_C_Q)         0.456     1.429 r  u_dut/n5_n4_mant_add_adj_reg[10]/Q
                         net (fo=4, routed)           1.120     2.549    u_dut/n5_n4_mant_add_adj[10]
    SLICE_X1Y84          LUT6 (Prop_lut6_I0_O)        0.124     2.673 r  u_dut/io_result_payload_mant[23]_INST_0_i_16/O
                         net (fo=4, routed)           1.035     3.707    u_dut/io_result_payload_mant[23]_INST_0_i_16_n_0
    SLICE_X1Y89          LUT6 (Prop_lut6_I1_O)        0.124     3.831 r  u_dut/io_result_payload_mant[19]_INST_0_i_12/O
                         net (fo=4, routed)           0.519     4.351    u_dut/io_result_payload_mant[19]_INST_0_i_12_n_0
    SLICE_X0Y89          LUT3 (Prop_lut3_I2_O)        0.124     4.475 r  u_dut/io_result_payload_mant[19]_INST_0_i_5/O
                         net (fo=1, routed)           0.000     4.475    u_dut/p_0_in__0[18]
    SLICE_X0Y89          CARRY4 (Prop_carry4_S[1]_CO[3])
                                                      0.550     5.025 r  u_dut/io_result_payload_mant[19]_INST_0_i_1/CO[3]
                         net (fo=1, routed)           0.000     5.025    u_dut/io_result_payload_mant[19]_INST_0_i_1_n_0
    SLICE_X0Y90          CARRY4 (Prop_carry4_CI_CO[3])
                                                      0.114     5.139 r  u_dut/io_result_payload_mant[23]_INST_0_i_1/CO[3]
                         net (fo=1, routed)           0.000     5.139    u_dut/io_result_payload_mant[23]_INST_0_i_1_n_0
    SLICE_X0Y91          CARRY4 (Prop_carry4_CI_CO[3])
                                                      0.114     5.253 r  u_dut/io_result_payload_mant[27]_INST_0_i_1/CO[3]
                         net (fo=1, routed)           0.000     5.253    u_dut/io_result_payload_mant[27]_INST_0_i_1_n_0
    SLICE_X0Y92          CARRY4 (Prop_carry4_CI_CO[3])
                                                      0.114     5.367 r  u_dut/io_result_payload_mant[31]_INST_0_i_1/CO[3]
                         net (fo=1, routed)           0.000     5.367    u_dut/io_result_payload_mant[31]_INST_0_i_1_n_0
    SLICE_X0Y93          CARRY4 (Prop_carry4_CI_CO[3])
                                                      0.114     5.481 f  u_dut/io_result_payload_mant[34]_INST_0_i_3/CO[3]
                         net (fo=3, routed)           0.738     6.219    u_dut/_zz_n5_mant_rounded_1[36]
    SLICE_X1Y92          LUT4 (Prop_lut4_I0_O)        0.124     6.343 f  u_dut/io_result_payload_exp[3]_INST_0_i_4/O
                         net (fo=1, routed)           0.520     6.863    u_dut/io_result_payload_exp[3]_INST_0_i_4_n_0
    SLICE_X1Y93          CARRY4 (Prop_carry4_DI[1]_CO[3])
                                                      0.507     7.370 r  u_dut/io_result_payload_exp[3]_INST_0_i_1/CO[3]
                         net (fo=1, routed)           0.000     7.370    u_dut/io_result_payload_exp[3]_INST_0_i_1_n_0
    SLICE_X1Y94          CARRY4 (Prop_carry4_CI_CO[3])
                                                      0.114     7.484 f  u_dut/io_result_payload_exp[7]_INST_0_i_3/CO[3]
                         net (fo=1, routed)           0.000     7.484    u_dut/io_result_payload_exp[7]_INST_0_i_3_n_0
    SLICE_X1Y95          CARRY4 (Prop_carry4_CI_O[0])
                                                      0.222     7.706 f  u_dut/io_result_payload_exp[7]_INST_0_i_2/O[0]
                         net (fo=9, routed)           0.383     8.090    u_dut/io_result_payload_exp[7]_INST_0_i_2_n_7
    SLICE_X0Y96          LUT5 (Prop_lut5_I0_O)        0.299     8.389 r  u_dut/io_result_payload_mant[34]_INST_0_i_2/O
                         net (fo=35, routed)          0.608     8.996    u_dut/io_result_payload_mant[34]_INST_0_i_2_n_0
    SLICE_X3Y97          LUT6 (Prop_lut6_I1_O)        0.124     9.120 r  u_dut/io_result_payload_mant[16]_INST_0/O
                         net (fo=1, routed)           0.000     9.120    dut_y[16]
    SLICE_X3Y97          FDRE                                         r  y_r_reg[16]/D
  -------------------------------------------------------------------    -------------------

                         (clock clk rise edge)        6.667     6.667 r  
                                                      0.000     6.667 r  clk (IN)
                         net (fo=485, unset)          0.924     7.591    clk
    SLICE_X3Y97          FDRE                                         r  y_r_reg[16]/C
                         clock pessimism              0.000     7.591    
                         clock uncertainty           -0.035     7.556    
    SLICE_X3Y97          FDRE (Setup_fdre_C_D)        0.032     7.588    y_r_reg[16]
  -------------------------------------------------------------------
                         required time                          7.588    
                         arrival time                          -9.120    
  -------------------------------------------------------------------
                         slack                                 -1.532    





Min Delay Paths
--------------------------------------------------------------------------------------
Slack (MET) :             0.135ns  (arrival time - required time)
  Source:                 b_r_reg[12]/C
                            (rising edge-triggered cell FDRE clocked by clk  {rise@0.000ns fall@3.333ns period=6.667ns})
  Destination:            u_dut/n1_n0_mant_b_swap_reg[12]/D
                            (rising edge-triggered cell FDRE clocked by clk  {rise@0.000ns fall@3.333ns period=6.667ns})
  Path Group:             clk
  Path Type:              Hold (Min at Fast Process Corner)
  Requirement:            0.000ns  (clk rise@0.000ns - clk rise@0.000ns)
  Data Path Delay:        0.287ns  (logic 0.189ns (65.806%)  route 0.098ns (34.194%))
  Logic Levels:           1  (LUT5=1)
  Clock Path Skew:        0.022ns (DCD - SCD - CPR)
    Destination Clock Delay (DCD):    0.432ns
    Source Clock Delay      (SCD):    0.410ns
    Clock Pessimism Removal (CPR):    -0.000ns

    Location             Delay type                Incr(ns)  Path(ns)    Netlist Resource(s)
  -------------------------------------------------------------------    -------------------
                         (clock clk rise edge)        0.000     0.000 r  
                                                      0.000     0.000 r  clk (IN)
                         net (fo=485, unset)          0.410     0.410    clk
    SLICE_X13Y81         FDRE                                         r  b_r_reg[12]/C
  -------------------------------------------------------------------    -------------------
    SLICE_X13Y81         FDRE (Prop_fdre_C_Q)         0.141     0.551 r  b_r_reg[12]/Q
                         net (fo=3, routed)           0.098     0.649    u_dut/io_op_payload_b_mant[12]
    SLICE_X12Y81         LUT5 (Prop_lut5_I0_O)        0.048     0.697 r  u_dut/n1_n0_mant_b_swap[12]_i_1/O
                         net (fo=1, routed)           0.000     0.697    u_dut/n0_mant_b_swap[12]
    SLICE_X12Y81         FDRE                                         r  u_dut/n1_n0_mant_b_swap_reg[12]/D
  -------------------------------------------------------------------    -------------------

                         (clock clk rise edge)        0.000     0.000 r  
                                                      0.000     0.000 r  clk (IN)
                         net (fo=485, unset)          0.432     0.432    u_dut/clk
    SLICE_X12Y81         FDRE                                         r  u_dut/n1_n0_mant_b_swap_reg[12]/C
                         clock pessimism              0.000     0.432    
    SLICE_X12Y81         FDRE (Hold_fdre_C_D)         0.131     0.563    u_dut/n1_n0_mant_b_swap_reg[12]
  -------------------------------------------------------------------
                         required time                         -0.563    
                         arrival time                           0.697    
  -------------------------------------------------------------------
                         slack                                  0.135    

Slack (MET) :             0.135ns  (arrival time - required time)
  Source:                 b_r_reg[12]/C
                            (rising edge-triggered cell FDRE clocked by clk  {rise@0.000ns fall@3.333ns period=6.667ns})
  Destination:            u_dut/n1_n0_mant_b_swap_reg[12]/D
                            (rising edge-triggered cell FDRE clocked by clk  {rise@0.000ns fall@3.333ns period=6.667ns})
  Path Group:             clk
  Path Type:              Hold (Min at Fast Process Corner)
  Requirement:            0.000ns  (clk rise@0.000ns - clk rise@0.000ns)
  Data Path Delay:        0.287ns  (logic 0.189ns (65.806%)  route 0.098ns (34.194%))
  Logic Levels:           1  (LUT5=1)
  Clock Path Skew:        0.022ns (DCD - SCD - CPR)
    Destination Clock Delay (DCD):    0.432ns
    Source Clock Delay      (SCD):    0.410ns
    Clock Pessimism Removal (CPR):    -0.000ns

    Location             Delay type                Incr(ns)  Path(ns)    Netlist Resource(s)
  -------------------------------------------------------------------    -------------------
                         (clock clk rise edge)        0.000     0.000 r  
                                                      0.000     0.000 r  clk (IN)
                         net (fo=485, unset)          0.410     0.410    clk
    SLICE_X13Y81         FDRE                                         r  b_r_reg[12]/C
  -------------------------------------------------------------------    -------------------
    SLICE_X13Y81         FDRE (Prop_fdre_C_Q)         0.141     0.551 f  b_r_reg[12]/Q
                         net (fo=3, routed)           0.098     0.649    u_dut/io_op_payload_b_mant[12]
    SLICE_X12Y81         LUT5 (Prop_lut5_I0_O)        0.048     0.697 f  u_dut/n1_n0_mant_b_swap[12]_i_1/O
                         net (fo=1, routed)           0.000     0.697    u_dut/n0_mant_b_swap[12]
    SLICE_X12Y81         FDRE                                         f  u_dut/n1_n0_mant_b_swap_reg[12]/D
  -------------------------------------------------------------------    -------------------

                         (clock clk rise edge)        0.000     0.000 r  
                                                      0.000     0.000 r  clk (IN)
                         net (fo=485, unset)          0.432     0.432    u_dut/clk
    SLICE_X12Y81         FDRE                                         r  u_dut/n1_n0_mant_b_swap_reg[12]/C
                         clock pessimism              0.000     0.432    
    SLICE_X12Y81         FDRE (Hold_fdre_C_D)         0.131     0.563    u_dut/n1_n0_mant_b_swap_reg[12]
  -------------------------------------------------------------------
                         required time                         -0.563    
                         arrival time                           0.697    
  -------------------------------------------------------------------
                         slack                                  0.135    

Slack (MET) :             0.136ns  (arrival time - required time)
  Source:                 a_r_reg[22]/C
                            (rising edge-triggered cell FDRE clocked by clk  {rise@0.000ns fall@3.333ns period=6.667ns})
  Destination:            u_dut/n1_n0_mant_b_swap_reg[22]/D
                            (rising edge-triggered cell FDRE clocked by clk  {rise@0.000ns fall@3.333ns period=6.667ns})
  Path Group:             clk
  Path Type:              Hold (Min at Fast Process Corner)
  Requirement:            0.000ns  (clk rise@0.000ns - clk rise@0.000ns)
  Data Path Delay:        0.288ns  (logic 0.189ns (65.556%)  route 0.099ns (34.444%))
  Logic Levels:           1  (LUT5=1)
  Clock Path Skew:        0.022ns (DCD - SCD - CPR)
    Destination Clock Delay (DCD):    0.432ns
    Source Clock Delay      (SCD):    0.410ns
    Clock Pessimism Removal (CPR):    -0.000ns

    Location             Delay type                Incr(ns)  Path(ns)    Netlist Resource(s)
  -------------------------------------------------------------------    -------------------
                         (clock clk rise edge)        0.000     0.000 r  
                                                      0.000     0.000 r  clk (IN)
                         net (fo=485, unset)          0.410     0.410    clk
    SLICE_X15Y91         FDRE                                         r  a_r_reg[22]/C
  -------------------------------------------------------------------    -------------------
    SLICE_X15Y91         FDRE (Prop_fdre_C_Q)         0.141     0.551 r  a_r_reg[22]/Q
                         net (fo=3, routed)           0.099     0.650    u_dut/io_op_payload_a_mant[22]
    SLICE_X14Y91         LUT5 (Prop_lut5_I3_O)        0.048     0.698 r  u_dut/n1_n0_mant_b_swap[22]_i_1/O
                         net (fo=1, routed)           0.000     0.698    u_dut/n0_mant_b_swap[22]
    SLICE_X14Y91         FDRE                                         r  u_dut/n1_n0_mant_b_swap_reg[22]/D
  -------------------------------------------------------------------    -------------------

                         (clock clk rise edge)        0.000     0.000 r  
                                                      0.000     0.000 r  clk (IN)
                         net (fo=485, unset)          0.432     0.432    u_dut/clk
    SLICE_X14Y91         FDRE                                         r  u_dut/n1_n0_mant_b_swap_reg[22]/C
                         clock pessimism              0.000     0.432    
    SLICE_X14Y91         FDRE (Hold_fdre_C_D)         0.131     0.563    u_dut/n1_n0_mant_b_swap_reg[22]
  -------------------------------------------------------------------
                         required time                         -0.563    
                         arrival time                           0.698    
  -------------------------------------------------------------------
                         slack                                  0.136    

Slack (MET) :             0.136ns  (arrival time - required time)
  Source:                 a_r_reg[22]/C
                            (rising edge-triggered cell FDRE clocked by clk  {rise@0.000ns fall@3.333ns period=6.667ns})
  Destination:            u_dut/n1_n0_mant_b_swap_reg[22]/D
                            (rising edge-triggered cell FDRE clocked by clk  {rise@0.000ns fall@3.333ns period=6.667ns})
  Path Group:             clk
  Path Type:              Hold (Min at Fast Process Corner)
  Requirement:            0.000ns  (clk rise@0.000ns - clk rise@0.000ns)
  Data Path Delay:        0.288ns  (logic 0.189ns (65.556%)  route 0.099ns (34.444%))
  Logic Levels:           1  (LUT5=1)
  Clock Path Skew:        0.022ns (DCD - SCD - CPR)
    Destination Clock Delay (DCD):    0.432ns
    Source Clock Delay      (SCD):    0.410ns
    Clock Pessimism Removal (CPR):    -0.000ns

    Location             Delay type                Incr(ns)  Path(ns)    Netlist Resource(s)
  -------------------------------------------------------------------    -------------------
                         (clock clk rise edge)        0.000     0.000 r  
                                                      0.000     0.000 r  clk (IN)
                         net (fo=485, unset)          0.410     0.410    clk
    SLICE_X15Y91         FDRE                                         r  a_r_reg[22]/C
  -------------------------------------------------------------------    -------------------
    SLICE_X15Y91         FDRE (Prop_fdre_C_Q)         0.141     0.551 f  a_r_reg[22]/Q
                         net (fo=3, routed)           0.099     0.650    u_dut/io_op_payload_a_mant[22]
    SLICE_X14Y91         LUT5 (Prop_lut5_I3_O)        0.048     0.698 f  u_dut/n1_n0_mant_b_swap[22]_i_1/O
                         net (fo=1, routed)           0.000     0.698    u_dut/n0_mant_b_swap[22]
    SLICE_X14Y91         FDRE                                         f  u_dut/n1_n0_mant_b_swap_reg[22]/D
  -------------------------------------------------------------------    -------------------

                         (clock clk rise edge)        0.000     0.000 r  
                                                      0.000     0.000 r  clk (IN)
                         net (fo=485, unset)          0.432     0.432    u_dut/clk
    SLICE_X14Y91         FDRE                                         r  u_dut/n1_n0_mant_b_swap_reg[22]/C
                         clock pessimism              0.000     0.432    
    SLICE_X14Y91         FDRE (Hold_fdre_C_D)         0.131     0.563    u_dut/n1_n0_mant_b_swap_reg[22]
  -------------------------------------------------------------------
                         required time                         -0.563    
                         arrival time                           0.698    
  -------------------------------------------------------------------
                         slack                                  0.136    

Slack (MET) :             0.143ns  (arrival time - required time)
  Source:                 b_r_reg[12]/C
                            (rising edge-triggered cell FDRE clocked by clk  {rise@0.000ns fall@3.333ns period=6.667ns})
  Destination:            u_dut/n1_n0_mant_a_swap_reg[12]/D
                            (rising edge-triggered cell FDRE clocked by clk  {rise@0.000ns fall@3.333ns period=6.667ns})
  Path Group:             clk
  Path Type:              Hold (Min at Fast Process Corner)
  Requirement:            0.000ns  (clk rise@0.000ns - clk rise@0.000ns)
  Data Path Delay:        0.284ns  (logic 0.186ns (65.445%)  route 0.098ns (34.555%))
  Logic Levels:           1  (LUT5=1)
  Clock Path Skew:        0.022ns (DCD - SCD - CPR)
    Destination Clock Delay (DCD):    0.432ns
    Source Clock Delay      (SCD):    0.410ns
    Clock Pessimism Removal (CPR):    -0.000ns

    Location             Delay type                Incr(ns)  Path(ns)    Netlist Resource(s)
  -------------------------------------------------------------------    -------------------
                         (clock clk rise edge)        0.000     0.000 r  
                                                      0.000     0.000 r  clk (IN)
                         net (fo=485, unset)          0.410     0.410    clk
    SLICE_X13Y81         FDRE                                         r  b_r_reg[12]/C
  -------------------------------------------------------------------    -------------------
    SLICE_X13Y81         FDRE (Prop_fdre_C_Q)         0.141     0.551 r  b_r_reg[12]/Q
                         net (fo=3, routed)           0.098     0.649    u_dut/io_op_payload_b_mant[12]
    SLICE_X12Y81         LUT5 (Prop_lut5_I3_O)        0.045     0.694 r  u_dut/n1_n0_mant_a_swap[12]_i_1/O
                         net (fo=1, routed)           0.000     0.694    u_dut/n0_mant_a_swap[12]
    SLICE_X12Y81         FDRE                                         r  u_dut/n1_n0_mant_a_swap_reg[12]/D
  -------------------------------------------------------------------    -------------------

                         (clock clk rise edge)        0.000     0.000 r  
                                                      0.000     0.000 r  clk (IN)
                         net (fo=485, unset)          0.432     0.432    u_dut/clk
    SLICE_X12Y81         FDRE                                         r  u_dut/n1_n0_mant_a_swap_reg[12]/C
                         clock pessimism              0.000     0.432    
    SLICE_X12Y81         FDRE (Hold_fdre_C_D)         0.120     0.552    u_dut/n1_n0_mant_a_swap_reg[12]
  -------------------------------------------------------------------
                         required time                         -0.552    
                         arrival time                           0.694    
  -------------------------------------------------------------------
                         slack                                  0.143    

Slack (MET) :             0.143ns  (arrival time - required time)
  Source:                 b_r_reg[12]/C
                            (rising edge-triggered cell FDRE clocked by clk  {rise@0.000ns fall@3.333ns period=6.667ns})
  Destination:            u_dut/n1_n0_mant_a_swap_reg[12]/D
                            (rising edge-triggered cell FDRE clocked by clk  {rise@0.000ns fall@3.333ns period=6.667ns})
  Path Group:             clk
  Path Type:              Hold (Min at Fast Process Corner)
  Requirement:            0.000ns  (clk rise@0.000ns - clk rise@0.000ns)
  Data Path Delay:        0.284ns  (logic 0.186ns (65.445%)  route 0.098ns (34.555%))
  Logic Levels:           1  (LUT5=1)
  Clock Path Skew:        0.022ns (DCD - SCD - CPR)
    Destination Clock Delay (DCD):    0.432ns
    Source Clock Delay      (SCD):    0.410ns
    Clock Pessimism Removal (CPR):    -0.000ns

    Location             Delay type                Incr(ns)  Path(ns)    Netlist Resource(s)
  -------------------------------------------------------------------    -------------------
                         (clock clk rise edge)        0.000     0.000 r  
                                                      0.000     0.000 r  clk (IN)
                         net (fo=485, unset)          0.410     0.410    clk
    SLICE_X13Y81         FDRE                                         r  b_r_reg[12]/C
  -------------------------------------------------------------------    -------------------
    SLICE_X13Y81         FDRE (Prop_fdre_C_Q)         0.141     0.551 f  b_r_reg[12]/Q
                         net (fo=3, routed)           0.098     0.649    u_dut/io_op_payload_b_mant[12]
    SLICE_X12Y81         LUT5 (Prop_lut5_I3_O)        0.045     0.694 f  u_dut/n1_n0_mant_a_swap[12]_i_1/O
                         net (fo=1, routed)           0.000     0.694    u_dut/n0_mant_a_swap[12]
    SLICE_X12Y81         FDRE                                         f  u_dut/n1_n0_mant_a_swap_reg[12]/D
  -------------------------------------------------------------------    -------------------

                         (clock clk rise edge)        0.000     0.000 r  
                                                      0.000     0.000 r  clk (IN)
                         net (fo=485, unset)          0.432     0.432    u_dut/clk
    SLICE_X12Y81         FDRE                                         r  u_dut/n1_n0_mant_a_swap_reg[12]/C
                         clock pessimism              0.000     0.432    
    SLICE_X12Y81         FDRE (Hold_fdre_C_D)         0.120     0.552    u_dut/n1_n0_mant_a_swap_reg[12]
  -------------------------------------------------------------------
                         required time                         -0.552    
                         arrival time                           0.694    
  -------------------------------------------------------------------
                         slack                                  0.143    

Slack (MET) :             0.144ns  (arrival time - required time)
  Source:                 a_r_reg[22]/C
                            (rising edge-triggered cell FDRE clocked by clk  {rise@0.000ns fall@3.333ns period=6.667ns})
  Destination:            u_dut/n1_n0_mant_a_swap_reg[22]/D
                            (rising edge-triggered cell FDRE clocked by clk  {rise@0.000ns fall@3.333ns period=6.667ns})
  Path Group:             clk
  Path Type:              Hold (Min at Fast Process Corner)
  Requirement:            0.000ns  (clk rise@0.000ns - clk rise@0.000ns)
  Data Path Delay:        0.285ns  (logic 0.186ns (65.194%)  route 0.099ns (34.806%))
  Logic Levels:           1  (LUT5=1)
  Clock Path Skew:        0.022ns (DCD - SCD - CPR)
    Destination Clock Delay (DCD):    0.432ns
    Source Clock Delay      (SCD):    0.410ns
    Clock Pessimism Removal (CPR):    -0.000ns

    Location             Delay type                Incr(ns)  Path(ns)    Netlist Resource(s)
  -------------------------------------------------------------------    -------------------
                         (clock clk rise edge)        0.000     0.000 r  
                                                      0.000     0.000 r  clk (IN)
                         net (fo=485, unset)          0.410     0.410    clk
    SLICE_X15Y91         FDRE                                         r  a_r_reg[22]/C
  -------------------------------------------------------------------    -------------------
    SLICE_X15Y91         FDRE (Prop_fdre_C_Q)         0.141     0.551 r  a_r_reg[22]/Q
                         net (fo=3, routed)           0.099     0.650    u_dut/io_op_payload_a_mant[22]
    SLICE_X14Y91         LUT5 (Prop_lut5_I0_O)        0.045     0.695 r  u_dut/n1_n0_mant_a_swap[22]_i_1/O
                         net (fo=1, routed)           0.000     0.695    u_dut/n0_mant_a_swap[22]
    SLICE_X14Y91         FDRE                                         r  u_dut/n1_n0_mant_a_swap_reg[22]/D
  -------------------------------------------------------------------    -------------------

                         (clock clk rise edge)        0.000     0.000 r  
                                                      0.000     0.000 r  clk (IN)
                         net (fo=485, unset)          0.432     0.432    u_dut/clk
    SLICE_X14Y91         FDRE                                         r  u_dut/n1_n0_mant_a_swap_reg[22]/C
                         clock pessimism              0.000     0.432    
    SLICE_X14Y91         FDRE (Hold_fdre_C_D)         0.120     0.552    u_dut/n1_n0_mant_a_swap_reg[22]
  -------------------------------------------------------------------
                         required time                         -0.552    
                         arrival time                           0.695    
  -------------------------------------------------------------------
                         slack                                  0.144    

Slack (MET) :             0.144ns  (arrival time - required time)
  Source:                 a_r_reg[22]/C
                            (rising edge-triggered cell FDRE clocked by clk  {rise@0.000ns fall@3.333ns period=6.667ns})
  Destination:            u_dut/n1_n0_mant_a_swap_reg[22]/D
                            (rising edge-triggered cell FDRE clocked by clk  {rise@0.000ns fall@3.333ns period=6.667ns})
  Path Group:             clk
  Path Type:              Hold (Min at Fast Process Corner)
  Requirement:            0.000ns  (clk rise@0.000ns - clk rise@0.000ns)
  Data Path Delay:        0.285ns  (logic 0.186ns (65.194%)  route 0.099ns (34.806%))
  Logic Levels:           1  (LUT5=1)
  Clock Path Skew:        0.022ns (DCD - SCD - CPR)
    Destination Clock Delay (DCD):    0.432ns
    Source Clock Delay      (SCD):    0.410ns
    Clock Pessimism Removal (CPR):    -0.000ns

    Location             Delay type                Incr(ns)  Path(ns)    Netlist Resource(s)
  -------------------------------------------------------------------    -------------------
                         (clock clk rise edge)        0.000     0.000 r  
                                                      0.000     0.000 r  clk (IN)
                         net (fo=485, unset)          0.410     0.410    clk
    SLICE_X15Y91         FDRE                                         r  a_r_reg[22]/C
  -------------------------------------------------------------------    -------------------
    SLICE_X15Y91         FDRE (Prop_fdre_C_Q)         0.141     0.551 f  a_r_reg[22]/Q
                         net (fo=3, routed)           0.099     0.650    u_dut/io_op_payload_a_mant[22]
    SLICE_X14Y91         LUT5 (Prop_lut5_I0_O)        0.045     0.695 f  u_dut/n1_n0_mant_a_swap[22]_i_1/O
                         net (fo=1, routed)           0.000     0.695    u_dut/n0_mant_a_swap[22]
    SLICE_X14Y91         FDRE                                         f  u_dut/n1_n0_mant_a_swap_reg[22]/D
  -------------------------------------------------------------------    -------------------

                         (clock clk rise edge)        0.000     0.000 r  
                                                      0.000     0.000 r  clk (IN)
                         net (fo=485, unset)          0.432     0.432    u_dut/clk
    SLICE_X14Y91         FDRE                                         r  u_dut/n1_n0_mant_a_swap_reg[22]/C
                         clock pessimism              0.000     0.432    
    SLICE_X14Y91         FDRE (Hold_fdre_C_D)         0.120     0.552    u_dut/n1_n0_mant_a_swap_reg[22]
  -------------------------------------------------------------------
                         required time                         -0.552    
                         arrival time                           0.695    
  -------------------------------------------------------------------
                         slack                                  0.144    

Slack (MET) :             0.144ns  (arrival time - required time)
  Source:                 u_dut/n2_n1_mant_a_adj_reg[28]/C
                            (rising edge-triggered cell FDRE clocked by clk  {rise@0.000ns fall@3.333ns period=6.667ns})
  Destination:            u_dut/n3_n2_mant_a_opt_inv_reg[29]/D
                            (rising edge-triggered cell FDRE clocked by clk  {rise@0.000ns fall@3.333ns period=6.667ns})
  Path Group:             clk
  Path Type:              Hold (Min at Fast Process Corner)
  Requirement:            0.000ns  (clk rise@0.000ns - clk rise@0.000ns)
  Data Path Delay:        0.285ns  (logic 0.186ns (65.194%)  route 0.099ns (34.806%))
  Logic Levels:           1  (LUT4=1)
  Clock Path Skew:        0.022ns (DCD - SCD - CPR)
    Destination Clock Delay (DCD):    0.432ns
    Source Clock Delay      (SCD):    0.410ns
    Clock Pessimism Removal (CPR):    -0.000ns

    Location             Delay type                Incr(ns)  Path(ns)    Netlist Resource(s)
  -------------------------------------------------------------------    -------------------
                         (clock clk rise edge)        0.000     0.000 r  
                                                      0.000     0.000 r  clk (IN)
                         net (fo=485, unset)          0.410     0.410    u_dut/clk
    SLICE_X9Y90          FDRE                                         r  u_dut/n2_n1_mant_a_adj_reg[28]/C
  -------------------------------------------------------------------    -------------------
    SLICE_X9Y90          FDRE (Prop_fdre_C_Q)         0.141     0.551 r  u_dut/n2_n1_mant_a_adj_reg[28]/Q
                         net (fo=3, routed)           0.099     0.650    u_dut/n2_n1_mant_a_adj[28]
    SLICE_X8Y90          LUT4 (Prop_lut4_I3_O)        0.045     0.695 r  u_dut/n3_n2_mant_a_opt_inv[29]_i_1/O
                         net (fo=1, routed)           0.000     0.695    u_dut/n2__mant_a_opt_inv[29]
    SLICE_X8Y90          FDRE                                         r  u_dut/n3_n2_mant_a_opt_inv_reg[29]/D
  -------------------------------------------------------------------    -------------------

                         (clock clk rise edge)        0.000     0.000 r  
                                                      0.000     0.000 r  clk (IN)
                         net (fo=485, unset)          0.432     0.432    u_dut/clk
    SLICE_X8Y90          FDRE                                         r  u_dut/n3_n2_mant_a_opt_inv_reg[29]/C
                         clock pessimism              0.000     0.432    
    SLICE_X8Y90          FDRE (Hold_fdre_C_D)         0.120     0.552    u_dut/n3_n2_mant_a_opt_inv_reg[29]
  -------------------------------------------------------------------
                         required time                         -0.552    
                         arrival time                           0.695    
  -------------------------------------------------------------------
                         slack                                  0.144    

Slack (MET) :             0.144ns  (arrival time - required time)
  Source:                 u_dut/n2_n1_mant_a_adj_reg[28]/C
                            (rising edge-triggered cell FDRE clocked by clk  {rise@0.000ns fall@3.333ns period=6.667ns})
  Destination:            u_dut/n3_n2_mant_a_opt_inv_reg[29]/D
                            (rising edge-triggered cell FDRE clocked by clk  {rise@0.000ns fall@3.333ns period=6.667ns})
  Path Group:             clk
  Path Type:              Hold (Min at Fast Process Corner)
  Requirement:            0.000ns  (clk rise@0.000ns - clk rise@0.000ns)
  Data Path Delay:        0.285ns  (logic 0.186ns (65.194%)  route 0.099ns (34.806%))
  Logic Levels:           1  (LUT4=1)
  Clock Path Skew:        0.022ns (DCD - SCD - CPR)
    Destination Clock Delay (DCD):    0.432ns
    Source Clock Delay      (SCD):    0.410ns
    Clock Pessimism Removal (CPR):    -0.000ns

    Location             Delay type                Incr(ns)  Path(ns)    Netlist Resource(s)
  -------------------------------------------------------------------    -------------------
                         (clock clk rise edge)        0.000     0.000 r  
                                                      0.000     0.000 r  clk (IN)
                         net (fo=485, unset)          0.410     0.410    u_dut/clk
    SLICE_X9Y90          FDRE                                         r  u_dut/n2_n1_mant_a_adj_reg[28]/C
  -------------------------------------------------------------------    -------------------
    SLICE_X9Y90          FDRE (Prop_fdre_C_Q)         0.141     0.551 f  u_dut/n2_n1_mant_a_adj_reg[28]/Q
                         net (fo=3, routed)           0.099     0.650    u_dut/n2_n1_mant_a_adj[28]
    SLICE_X8Y90          LUT4 (Prop_lut4_I3_O)        0.045     0.695 r  u_dut/n3_n2_mant_a_opt_inv[29]_i_1/O
                         net (fo=1, routed)           0.000     0.695    u_dut/n2__mant_a_opt_inv[29]
    SLICE_X8Y90          FDRE                                         r  u_dut/n3_n2_mant_a_opt_inv_reg[29]/D
  -------------------------------------------------------------------    -------------------

                         (clock clk rise edge)        0.000     0.000 r  
                                                      0.000     0.000 r  clk (IN)
                         net (fo=485, unset)          0.432     0.432    u_dut/clk
    SLICE_X8Y90          FDRE                                         r  u_dut/n3_n2_mant_a_opt_inv_reg[29]/C
                         clock pessimism              0.000     0.432    
    SLICE_X8Y90          FDRE (Hold_fdre_C_D)         0.120     0.552    u_dut/n3_n2_mant_a_opt_inv_reg[29]
  -------------------------------------------------------------------
                         required time                         -0.552    
                         arrival time                           0.695    
  -------------------------------------------------------------------
                         slack                                  0.144    





Pulse Width Checks
--------------------------------------------------------------------------------------
Clock Name:         clk
Waveform(ns):       { 0.000 3.333 }
Period(ns):         6.667
Sources:            { clk }

Check Type        Corner  Lib Pin     Reference Pin  Required(ns)  Actual(ns)  Slack(ns)  Location      Pin
Min Period        n/a     FDRE/C      n/a            1.000         6.667       5.667      SLICE_X10Y79  a_r_reg[0]/C
Min Period        n/a     FDRE/C      n/a            1.000         6.667       5.667      SLICE_X13Y79  a_r_reg[10]/C
Min Period        n/a     FDRE/C      n/a            1.000         6.667       5.667      SLICE_X13Y79  a_r_reg[11]/C
Min Period        n/a     FDRE/C      n/a            1.000         6.667       5.667      SLICE_X13Y80  a_r_reg[12]/C
Min Period        n/a     FDRE/C      n/a            1.000         6.667       5.667      SLICE_X14Y83  a_r_reg[13]/C
Min Period        n/a     FDRE/C      n/a            1.000         6.667       5.667      SLICE_X13Y80  a_r_reg[14]/C
Min Period        n/a     FDRE/C      n/a            1.000         6.667       5.667      SLICE_X13Y80  a_r_reg[15]/C
Min Period        n/a     FDRE/C      n/a            1.000         6.667       5.667      SLICE_X12Y90  a_r_reg[16]/C
Min Period        n/a     FDRE/C      n/a            1.000         6.667       5.667      SLICE_X12Y91  a_r_reg[17]/C
Min Period        n/a     FDRE/C      n/a            1.000         6.667       5.667      SLICE_X13Y92  a_r_reg[18]/C
Low Pulse Width   Slow    SRL16E/CLK  n/a            0.980         3.333       2.353      SLICE_X8Y95   u_dut/n3_n0_exp_add_reg[0]_srl3/CLK
Low Pulse Width   Fast    SRL16E/CLK  n/a            0.980         3.334       2.354      SLICE_X8Y95   u_dut/n3_n0_exp_add_reg[0]_srl3/CLK
Low Pulse Width   Slow    SRL16E/CLK  n/a            0.980         3.333       2.353      SLICE_X8Y95   u_dut/n3_n0_exp_add_reg[1]_srl3/CLK
Low Pulse Width   Fast    SRL16E/CLK  n/a            0.980         3.334       2.354      SLICE_X8Y95   u_dut/n3_n0_exp_add_reg[1]_srl3/CLK
Low Pulse Width   Slow    SRL16E/CLK  n/a            0.980         3.333       2.353      SLICE_X8Y95   u_dut/n3_n0_exp_add_reg[2]_srl3/CLK
Low Pulse Width   Fast    SRL16E/CLK  n/a            0.980         3.334       2.354      SLICE_X8Y95   u_dut/n3_n0_exp_add_reg[2]_srl3/CLK
Low Pulse Width   Slow    SRL16E/CLK  n/a            0.980         3.333       2.353      SLICE_X8Y95   u_dut/n3_n0_exp_add_reg[3]_srl3/CLK
Low Pulse Width   Fast    SRL16E/CLK  n/a            0.980         3.334       2.354      SLICE_X8Y95   u_dut/n3_n0_exp_add_reg[3]_srl3/CLK
Low Pulse Width   Slow    SRL16E/CLK  n/a            0.980         3.333       2.353      SLICE_X8Y95   u_dut/n3_n0_exp_add_reg[4]_srl3/CLK
Low Pulse Width   Fast    SRL16E/CLK  n/a            0.980         3.334       2.354      SLICE_X8Y95   u_dut/n3_n0_exp_add_reg[4]_srl3/CLK
High Pulse Width  Slow    SRL16E/CLK  n/a            0.980         3.334       2.354      SLICE_X8Y95   u_dut/n3_n0_exp_add_reg[0]_srl3/CLK
High Pulse Width  Fast    SRL16E/CLK  n/a            0.980         3.333       2.353      SLICE_X8Y95   u_dut/n3_n0_exp_add_reg[0]_srl3/CLK
High Pulse Width  Slow    SRL16E/CLK  n/a            0.980         3.334       2.354      SLICE_X8Y95   u_dut/n3_n0_exp_add_reg[1]_srl3/CLK
High Pulse Width  Fast    SRL16E/CLK  n/a            0.980         3.333       2.353      SLICE_X8Y95   u_dut/n3_n0_exp_add_reg[1]_srl3/CLK
High Pulse Width  Slow    SRL16E/CLK  n/a            0.980         3.334       2.354      SLICE_X8Y95   u_dut/n3_n0_exp_add_reg[2]_srl3/CLK
High Pulse Width  Fast    SRL16E/CLK  n/a            0.980         3.333       2.353      SLICE_X8Y95   u_dut/n3_n0_exp_add_reg[2]_srl3/CLK
High Pulse Width  Slow    SRL16E/CLK  n/a            0.980         3.334       2.354      SLICE_X8Y95   u_dut/n3_n0_exp_add_reg[3]_srl3/CLK
High Pulse Width  Fast    SRL16E/CLK  n/a            0.980         3.333       2.353      SLICE_X8Y95   u_dut/n3_n0_exp_add_reg[3]_srl3/CLK
High Pulse Width  Slow    SRL16E/CLK  n/a            0.980         3.334       2.354      SLICE_X8Y95   u_dut/n3_n0_exp_add_reg[4]_srl3/CLK
High Pulse Width  Fast    SRL16E/CLK  n/a            0.980         3.333       2.353      SLICE_X8Y95   u_dut/n3_n0_exp_add_reg[4]_srl3/CLK



